txn_id,upi_ref,sender_vpa,sender_id,recv_vpa,recv_id,amount_inr,timestamp,sender_state,recv_state,sender_bank,recv_bank,is_fraud,layer
e9c87691-64bc-40,UPI0001002486,qzxebb9e@okaxis,8ebd5aae-250,so8w5038@okaxis,0a9225e3-208,144303,2024-03-17T19:15:08,West Bengal,Karnataka,Kotak,Axis,0,clean
c72e9a69-c146-4e,UPI0001000449,z09wftbg@upi,69681540-b97,ufm8zov7@paytm,713db7ca-950,185890,2024-03-15T14:06:40,Kerala,Tamil Nadu,Kotak,Kotak,0,clean
44c5ea94-2b06-4f,UPI0001001279,tkcd0rle@okaxis,ba81f20d-2be,4vssrura@upi,955c4234-bff,138609,2024-03-16T20:50:44,Gujarat,Gujarat,SBI,PNB,0,clean
186ecb46-3e28-42,UPI0001000074,1bcppvoh@icici,328ed257-23e,hgbmfbuv@upi,aab2c0e3-bcd,184822,2024-03-17T13:41:50,Karnataka,West Bengal,SBI,SBI,0,clean
570ac68b-10d5-43,UPI0001003946,w7kyhqin@upi,79bd47f7-d48,wsozctwj@paytm,06c76465-950,7706,2024-03-18T09:14:32,Telangana,Maharashtra,Kotak,SBI,0,clean
94362e50-4e0b-4d,UPI0001004094,jcn9j3gc@okaxis,59d7c029-a96,3dd03uvu@upi,cf3db828-3cc,98636,2024-03-16T19:25:08,Tamil Nadu,Tamil Nadu,Kotak,PNB,0,clean
c7d902ca-d21a-4b,UPI0001001511,2sds8b25@icici,bd9e7438-8f4,7azv2efu@ibl,68d7613a-6e9,173077,2024-03-16T10:00:08,Telangana,Telangana,ICICI,SBI,0,clean
b34f110e-029f-42,UPI0001002412,ftaxp0wf@apl,c8a9e7b7-950,7rb1s9dw@ibl,fdf65419-e86,2449,2024-03-17T03:25:29,Gujarat,Tamil Nadu,Kotak,PNB,0,clean
7e172a7c-49a8-4d,UPI0001003277,vpw232ut@icici,10888114-863,9mda9oek@upi,3941c113-d9b,40600,2024-03-15T21:06:32,Gujarat,Gujarat,HDFC,Kotak,0,clean
1ecc61e7-2bdd-4e,UPI0001004509,zbcgjc36@apl,a45a1f06-4cb,ng2igsb9@oksbi,b7684321-a5d,58898,2024-03-16T19:13:01,Telangana,Telangana,Axis,Kotak,0,clean
0aa67be9-c38d-43,UPI0001001172,wtg1m8xf@ibl,34f68cde-274,a3kkrzd5@oksbi,e9b226cc-92f,76464,2024-03-18T10:12:10,Kerala,Maharashtra,HDFC,ICICI,0,clean
c3a863b3-0777-49,UPI0001004223,wjeyub19@icici,2328b533-d95,n4regb1a@paytm,29d0cf3a-270,66716,2024-03-16T05:27:54,Karnataka,Gujarat,Axis,Axis,0,clean
a56d42fa-f643-4f,UPI0001003244,et8t63j3@axl,e4ac4b23-0d3,nfnvuprt@oksbi,1afaa772-d85,146255,2024-03-18T04:32:45,Karnataka,Karnataka,BOB,Kotak,0,clean
b59d9a02-2dd0-47,UPI0001001066,ytwbozd1@ybl,9637a7ac-2e7,b9w4uov5@paytm,1dff960e-c72,47850,2024-03-15T21:34:31,Tamil Nadu,West Bengal,Kotak,PNB,0,clean
e7613c2d-f97e-4a,UPI0001003116,rlf8a9ke@axl,0a10972f-813,fgzvrctl@icici,8e73c27c-e02,94480,2024-03-17T21:24:40,Kerala,Karnataka,PNB,BOB,0,clean
8b4d8a51-3d1a-4d,UPI0001003002,1g1r1dww@apl,2645ceb7-5d8,u7fbmenu@okaxis,2b0e6e2e-1f6,104016,2024-03-16T12:56:20,Karnataka,Kerala,Axis,ICICI,0,clean
dae88d90-b1d6-4b,UPI0001002585,likwe4bx@upi,9bb85d81-e50,1uu7zy6t@apl,d28e8866-080,132852,2024-03-18T02:18:20,Telangana,Tamil Nadu,BOB,BOB,0,clean
50d059d4-6113-48,UPI0001000030,fazz81sd@paytm,4e1490f5-c9d,8fsv871y@paytm,c75f720c-459,157821,2024-03-15T10:33:10,Rajasthan,Haryana,BOB,Axis,1,L1→L2
aa79dc79-cb87-45,UPI0001004782,sygjjfgj@paytm,333e6ba7-55b,xoq2vpgs@icici,3e35461b-eca,174408,2024-03-17T13:43:23,Kerala,Karnataka,Axis,BOB,0,clean
6793bc78-0dc4-4a,UPI0001001761,0w064w3u@okaxis,815a78a7-e61,uzpeal2w@upi,05950436-fc1,152377,2024-03-15T15:17:57,Maharashtra,Telangana,SBI,SBI,0,clean
e2474398-32d4-4d,UPI0001004831,xzamkygv@apl,32a05e88-18a,md270stl@apl,05beb72c-5c8,116905,2024-03-15T15:35:25,Telangana,West Bengal,BOB,Axis,0,clean
10948077-1fda-43,UPI0001001361,uflsehud@icici,168777e2-a06,ufm8zov7@paytm,713db7ca-950,31577,2024-03-16T22:47:31,Karnataka,Tamil Nadu,Axis,Kotak,0,clean
443ef72b-416b-41,UPI0001001486,x4sn6sm5@axl,b28fc016-34a,wviac2e4@axl,ef581a18-a36,83463,2024-03-16T08:27:37,Kerala,Kerala,BOB,PNB,0,clean
c46a0fd4-9cb3-49,UPI0001004575,5a5piskf@oksbi,2c0c791b-29d,mb1l6314@ibl,d40c7f91-9fe,194263,2024-03-16T15:03:17,Telangana,Kerala,ICICI,ICICI,0,clean
f9d705c5-5bed-47,UPI0001003490,tx63cfl0@paytm,ac541769-490,xorzpgu2@okaxis,150b1c69-9d5,94809,2024-03-18T07:44:34,Tamil Nadu,Kerala,Axis,ICICI,0,clean
b63bb5f0-4cbd-4e,UPI0001004498,gn1w1ht7@axl,61e9276c-1e5,gyw6zbnz@axl,9552ed81-97b,12354,2024-03-17T05:16:03,Tamil Nadu,Karnataka,PNB,Kotak,0,clean
bf33ccf8-23c3-4e,UPI0001003015,vqyiy1sy@oksbi,692618fb-a65,6befflzm@icici,db593e75-f7b,50907,2024-03-18T03:21:38,Gujarat,Kerala,ICICI,ICICI,0,clean
2148b4f0-358b-40,UPI0001001110,gh2m5zja@okaxis,835cb61e-36d,ch8jwwdx@oksbi,b6a72442-d1f,13039,2024-03-15T11:38:06,Maharashtra,West Bengal,SBI,HDFC,0,clean
ccee8c4f-d818-47,UPI0001002520,tx63cfl0@paytm,ac541769-490,3o1icns8@axl,d6c09182-2d4,159595,2024-03-18T08:26:04,Tamil Nadu,Maharashtra,Axis,Kotak,0,clean
7f92e917-bfac-4a,UPI0001003953,w2lm349e@upi,52515f9c-046,gu3obygh@oksbi,b3e30a41-88d,131703,2024-03-15T14:30:10,West Bengal,Tamil Nadu,Kotak,ICICI,0,clean
9de945ad-7c5c-48,UPI0001004069,k0ucc1m3@apl,18efcd83-447,qhkswva9@upi,93e3cdef-acd,7486,2024-03-17T07:06:47,Gujarat,Maharashtra,BOB,Kotak,0,clean
48026d46-7738-49,UPI0001001305,tahukwqv@axl,c57bb97d-993,c2ihoy7d@paytm,e4f996dd-100,5026,2024-03-17T18:30:29,Tamil Nadu,Tamil Nadu,BOB,BOB,0,clean
11eb57e1-9af0-44,UPI0001003274,c8bbi4wi@axl,72e6b18a-a53,t7txkdot@axl,b3d818db-f57,15147,2024-03-17T08:55:35,Gujarat,Gujarat,PNB,HDFC,0,clean
2e42ff92-8cd6-4a,UPI0001001424,zmuf8438@icici,62a8adae-998,oi0e0vgn@ybl,f2b82c08-c17,29060,2024-03-17T01:51:09,Tamil Nadu,West Bengal,ICICI,Axis,0,clean
82f9db29-fbf3-48,UPI0001003901,xivzk7a4@paytm,4fddfea1-8cf,7oxk8c1g@axl,46b23fe2-5eb,102061,2024-03-17T07:29:44,Maharashtra,Telangana,HDFC,Axis,0,clean
4f783079-6311-4b,UPI0001000080,b7l8v1zo@ibl,60eb54ed-9d1,r94sz2ku@ybl,3c8e10be-1ce,14868,2024-03-18T04:28:43,Gujarat,Telangana,ICICI,Axis,0,clean
852456f6-5f90-46,UPI0001001120,hzn4kgeu@okaxis,10818e5f-69f,8n7odkef@apl,91e08ce9-3ec,59700,2024-03-15T21:46:49,Telangana,Maharashtra,BOB,BOB,0,clean
781e2906-186f-4e,UPI0001001371,os6zle6k@okaxis,eafa0ae5-1d9,hzn4kgeu@okaxis,10818e5f-69f,175799,2024-03-16T00:52:51,Karnataka,Telangana,HDFC,BOB,0,clean
c71c5f78-ed81-4b,UPI0001002224,uzpeal2w@upi,05950436-fc1,1zxyvgiu@okaxis,855b24d8-016,159355,2024-03-15T19:46:07,Telangana,Gujarat,SBI,ICICI,0,clean
f2a02b21-9fa9-44,UPI0001004453,sc4e5hrd@apl,11c9ca6c-0cd,2jwoclyt@upi,92c5bab8-7ba,68051,2024-03-18T02:57:02,Tamil Nadu,Telangana,PNB,PNB,0,clean
f028e826-be87-47,UPI0001002932,9boq0iq2@oksbi,45a62da6-105,1eeurxhw@icici,8f237b1a-04e,142202,2024-03-16T07:36:05,West Bengal,Telangana,SBI,HDFC,0,clean
dcb90eac-8538-47,UPI0001000056,tnqfll7v@ybl,e3cbc039-81c,zb4ldims@paytm,37226f2a-c4f,189196,2024-03-16T11:10:22,Gujarat,Gujarat,HDFC,ICICI,0,clean
f3b02909-3463-4e,UPI0001000907,cqse3tv1@oksbi,3efd782c-6ec,aztkszp7@oksbi,bd9daf6b-41d,70962,2024-03-16T13:07:40,Gujarat,Tamil Nadu,Axis,SBI,0,clean
4bf1149d-caaa-42,UPI0001001568,5s4tl0th@okaxis,b194fbf8-08e,c01arxab@apl,a094d57c-0e5,190242,2024-03-15T22:54:32,Gujarat,Tamil Nadu,Kotak,ICICI,0,clean
0f892d0f-20a0-4f,UPI0001001610,hgbmfbuv@upi,aab2c0e3-bcd,ouhtcs1k@ibl,7eebd174-73c,46430,2024-03-17T23:29:45,West Bengal,Tamil Nadu,SBI,HDFC,0,clean
af19bfbd-091f-44,UPI0001003810,dr5xyfc4@paytm,172a1c93-d06,m92h3tv3@okaxis,56581c10-823,149785,2024-03-16T08:05:51,Telangana,West Bengal,SBI,ICICI,0,clean
fd584a33-dfe9-4d,UPI0001000149,0mqvindh@icici,d434bc72-c00,pd2tsxtv@upi,30954f8d-335,79424,2024-03-16T21:13:44,Karnataka,Gujarat,PNB,ICICI,0,clean
77a75b89-0f22-4d,UPI0001002111,d9fkxzuu@axl,1433fde1-1dd,md270stl@apl,05beb72c-5c8,20449,2024-03-16T21:56:41,Tamil Nadu,West Bengal,PNB,Axis,0,clean
6339e6c2-9f30-41,UPI0001001666,b7v1w4k2@icici,6a37d574-e6f,60plozjc@upi,d72284a1-243,29721,2024-03-16T10:01:00,Karnataka,West Bengal,ICICI,SBI,0,clean
8988f9f9-6e4b-4a,UPI0001000339,9xn4m41k@okaxis,cc2c3f3e-4c7,o57p6bkl@ibl,a0f35ea4-53a,179888,2024-03-17T01:23:15,Gujarat,Tamil Nadu,HDFC,Kotak,0,clean
3683b268-9738-4d,UPI0001003949,w83y0mah@ibl,9ca3624a-117,rkmby9ip@ybl,f5ed200a-714,32118,2024-03-18T06:42:31,Karnataka,Maharashtra,ICICI,HDFC,0,clean
091a5b2d-0cb2-49,UPI0001000496,b7v1w4k2@icici,6a37d574-e6f,7y2lofn1@axl,075bde03-879,188669,2024-03-16T14:44:31,Karnataka,Maharashtra,ICICI,HDFC,0,clean
1b1e72e8-0ee3-4a,UPI0001001647,udojen0j@apl,f8265746-bc4,kek4aegv@oksbi,6fca54c3-692,86880,2024-03-18T02:34:17,West Bengal,West Bengal,BOB,PNB,0,clean
79169e2c-f376-4c,UPI0001000041,c01arxab@apl,a094d57c-0e5,et8t63j3@axl,e4ac4b23-0d3,162746,2024-03-17T09:25:48,Tamil Nadu,Karnataka,ICICI,BOB,0,clean
b648a18c-d208-4a,UPI0001002831,gh2m5zja@okaxis,835cb61e-36d,k0ucc1m3@apl,18efcd83-447,177505,2024-03-15T22:38:50,Maharashtra,Gujarat,SBI,BOB,0,clean
f6a77a21-c151-49,UPI0001000888,g68a1arr@ybl,93972fa1-bff,q8ghgbcy@okaxis,d3047a7e-914,20157,2024-03-16T07:58:48,Gujarat,West Bengal,Kotak,BOB,0,clean
818fbfd3-f676-44,UPI0001001404,pb8z3v6d@okaxis,080f17ae-0d9,vaj2k8xp@apl,90f01618-4ff,52519,2024-03-16T07:23:34,Gujarat,Karnataka,PNB,BOB,0,clean
249164b1-d17d-42,UPI0001000013,9xuy41ib@upi,8a87cb9e-052,cotohp6v@ybl,6fc723ac-953,185441,2024-03-15T10:34:26,Rajasthan,Rajasthan,Axis,BOB,1,L1→L2
f4c61ec9-52a0-4e,UPI0001001065,yv3lxchf@ybl,05438732-9d3,nqdxamw2@icici,0ec40a2e-3f7,32660,2024-03-15T23:39:18,Tamil Nadu,Gujarat,BOB,Kotak,0,clean
0876ca33-72c1-40,UPI0001003097,w3zkwdee@paytm,0d7b14ce-3fb,sb5iqnf7@ybl,ffdb076f-e40,20038,2024-03-17T04:31:57,Telangana,Gujarat,SBI,Kotak,0,clean
af727e47-9b5e-41,UPI0001000606,z09wftbg@upi,69681540-b97,y8fv2bc2@upi,0b17743a-244,34560,2024-03-16T12:49:27,Kerala,Gujarat,Kotak,ICICI,0,clean
f6139465-a757-4f,UPI0001003601,2lhgcsot@ibl,f3952d16-235,u9n79gil@upi,388edc83-947,37913,2024-03-17T14:57:37,Tamil Nadu,Karnataka,ICICI,Kotak,0,clean
3c8cd01a-bc4b-46,UPI0001002379,rw6tm2o0@icici,7b3b2f4a-e30,wjeyub19@icici,2328b533-d95,10647,2024-03-16T16:12:57,Karnataka,Karnataka,ICICI,Axis,0,clean
8741edc6-2d59-46,UPI0001004240,cd81twhw@okaxis,215eaeac-210,ofas1ekt@axl,de630927-308,46435,2024-03-17T15:42:43,Kerala,Maharashtra,BOB,BOB,0,clean
deb11a10-64db-46,UPI0001000374,091c795r@upi,e21f0d08-204,lzse99f7@oksbi,ce4481c5-154,187985,2024-03-17T21:38:56,Karnataka,Karnataka,BOB,ICICI,0,clean
8ef34113-c515-4f,UPI0001001635,yxtxmgtt@okaxis,7c6e58d5-652,uswbkok3@axl,7f90cc04-8a6,101222,2024-03-16T19:10:14,Tamil Nadu,Tamil Nadu,BOB,HDFC,0,clean
6c7c3463-012b-4c,UPI0001000480,9ku8s63e@apl,c9b6fdb8-698,tjlmz04x@okaxis,2bd5d145-db0,32737,2024-03-16T04:16:35,Maharashtra,Kerala,SBI,Axis,0,clean
1fdcd988-3ede-45,UPI0001002055,mxb9yo18@apl,59117312-cf3,wviac2e4@axl,ef581a18-a36,15972,2024-03-17T22:45:14,Gujarat,Kerala,SBI,PNB,0,clean
dee13076-d205-45,UPI0001003555,8xg8y72i@oksbi,958464e8-619,xoq2vpgs@icici,3e35461b-eca,134476,2024-03-18T11:19:55,Gujarat,Karnataka,Axis,BOB,0,clean
fe61538b-742e-45,UPI0001002360,almjegqt@apl,5a7a5884-b49,xf7kzorq@axl,8a77df8c-2c4,13322,2024-03-15T15:23:54,Tamil Nadu,Tamil Nadu,SBI,Kotak,0,clean
78ddacdd-6213-4e,UPI0001001971,lfzkicwm@axl,de2ef3f1-ab7,lhlb50at@apl,0232feb6-0e5,153447,2024-03-17T20:00:21,Kerala,West Bengal,SBI,ICICI,0,clean
9fd0a439-f30f-45,UPI0001003849,jfvyb6li@axl,93910c55-ea9,239moft6@axl,0f7c79b6-edf,149431,2024-03-15T21:37:16,Karnataka,Karnataka,ICICI,ICICI,0,clean
9c452299-21ea-47,UPI0001001126,kqxlm5q2@axl,96141255-6de,f0onjpi1@paytm,f1306f21-cef,82243,2024-03-17T21:11:09,West Bengal,Karnataka,BOB,ICICI,0,clean
2f5352b0-56a9-42,UPI0001004511,8gl2zxjm@upi,dc036929-eff,9xn4m41k@okaxis,cc2c3f3e-4c7,113797,2024-03-15T10:40:45,Maharashtra,Gujarat,Axis,HDFC,0,clean
9038f233-e69e-47,UPI0001002884,zbcgjc36@apl,a45a1f06-4cb,wovcxek4@apl,be18dda5-608,97117,2024-03-17T17:27:50,Telangana,Karnataka,Axis,PNB,0,clean
e0f7febb-bc8a-4f,UPI0001004168,m41qesla@okaxis,f826568b-9f5,zh13cd5g@upi,227ab300-e54,22088,2024-03-18T08:18:28,Kerala,Tamil Nadu,Axis,HDFC,0,clean
2e8630ea-5556-4d,UPI0001000882,k12v2tg5@apl,3903da2e-a66,091c795r@upi,e21f0d08-204,147391,2024-03-17T07:27:23,Telangana,Karnataka,Axis,BOB,0,clean
66372ad5-7872-4a,UPI0001003698,3dd03uvu@upi,cf3db828-3cc,tuw6taq6@upi,409c06a8-91d,136372,2024-03-16T01:23:37,Tamil Nadu,Gujarat,PNB,Axis,0,clean
f1cd8838-2426-4f,UPI0001003915,p7r1m264@ibl,61dacc37-3af,jluujmiy@axl,77509db0-051,74701,2024-03-15T22:19:07,Kerala,West Bengal,Axis,ICICI,0,clean
a2582c7e-88d3-40,UPI0001002339,2muljavb@paytm,42174022-e10,kns832ej@axl,1d7f27e2-928,9068,2024-03-16T03:48:53,Kerala,West Bengal,SBI,BOB,0,clean
7d4a0dd2-2b5c-4c,UPI0001001208,9xn4m41k@okaxis,cc2c3f3e-4c7,ezqacj4t@icici,8eb3737e-59f,62084,2024-03-18T07:46:52,Gujarat,West Bengal,HDFC,Axis,0,clean
d28d200d-1e3a-4a,UPI0001003250,fvl03dut@paytm,4d39a635-f9c,1bcppvoh@icici,328ed257-23e,44572,2024-03-17T23:40:00,Gujarat,Karnataka,Kotak,SBI,0,clean
133d1a23-0abe-4f,UPI0001004811,08j3trp0@paytm,6434509b-398,b9w4uov5@paytm,1dff960e-c72,79169,2024-03-16T00:09:18,Karnataka,West Bengal,ICICI,PNB,0,clean
80e1beb1-355a-48,UPI0001002931,pkyrybov@ybl,4f1e5710-28e,i7kq1uym@axl,bdef7217-228,56688,2024-03-17T21:33:32,Maharashtra,West Bengal,HDFC,BOB,0,clean
03602bf5-6fb7-43,UPI0001001692,m92h3tv3@okaxis,56581c10-823,2muljavb@paytm,42174022-e10,35701,2024-03-15T19:50:49,West Bengal,Kerala,ICICI,SBI,0,clean
dcbc8e6a-a1e6-43,UPI0001002946,9t199dxj@ybl,95e891ca-aea,0q0mftg6@ybl,1c02f161-954,124566,2024-03-15T22:23:53,West Bengal,Gujarat,BOB,Kotak,0,clean
2cfcdc8c-f176-4a,UPI0001000691,1zxyvgiu@okaxis,855b24d8-016,9v20yar8@okaxis,d55a6885-690,158349,2024-03-16T06:30:07,Gujarat,Tamil Nadu,ICICI,PNB,0,clean
72442bde-f977-43,UPI0001000303,rq9nz612@okaxis,1b4f813a-e5e,ga0x7zcg@ibl,15bb3739-991,95027,2024-03-17T17:48:57,Karnataka,Karnataka,BOB,SBI,0,clean
9e73e089-cbb5-4e,UPI0001000432,8qoagsus@upi,701c0d10-59a,zb4ldims@paytm,37226f2a-c4f,34417,2024-03-18T04:25:33,Kerala,Gujarat,SBI,ICICI,0,clean
b33d7cbb-e926-48,UPI0001001460,t0mq8abk@ybl,9638e7a0-a3a,safyh1fk@paytm,7814c846-782,38901,2024-03-16T04:40:30,West Bengal,Tamil Nadu,Kotak,HDFC,0,clean
642970fd-6fc7-4b,UPI0001001318,aztkszp7@oksbi,bd9daf6b-41d,239moft6@axl,0f7c79b6-edf,97849,2024-03-17T15:34:41,Tamil Nadu,Karnataka,SBI,ICICI,0,clean
fa2a15f3-7198-4b,UPI0001002591,p3jpxgh3@axl,c8b30791-50e,urvqt3g8@ibl,7b0d2a9d-0f8,3939,2024-03-16T18:14:24,Gujarat,Gujarat,BOB,Kotak,0,clean
907754f1-64a5-40,UPI0001001294,j9rm7pyx@ibl,4a9e6a11-177,96khub2r@icici,8faab40b-0cf,163430,2024-03-17T18:25:27,Gujarat,Karnataka,BOB,SBI,0,clean
748ce3af-d7d6-4b,UPI0001002087,2zbppfo5@upi,c3f5b069-37e,08j3trp0@paytm,6434509b-398,176042,2024-03-17T16:05:04,Maharashtra,Karnataka,Kotak,ICICI,0,clean
a4dee2aa-4fc4-49,UPI0001004556,i6yuj7yk@icici,f03c391e-8f7,yc3rwqmm@icici,8b3a52b5-76e,23625,2024-03-18T09:26:51,Tamil Nadu,Tamil Nadu,Kotak,Kotak,0,clean
dd7248b9-a137-47,UPI0001000845,78imoe0s@okaxis,0248c411-18c,sb5iqnf7@ybl,ffdb076f-e40,42923,2024-03-16T03:52:47,Tamil Nadu,Gujarat,Axis,Kotak,0,clean
6cd4ba7d-5c81-4f,UPI0001003943,xlez896d@apl,1f77ec31-a37,nbhnal3g@ybl,b9a38cd2-91b,139039,2024-03-17T19:03:47,Telangana,Telangana,Kotak,PNB,0,clean
0d6efef3-f916-47,UPI0001004766,k7y6qxds@oksbi,368e12fa-90b,79flv1xx@paytm,dff63398-c9e,49657,2024-03-15T19:45:35,Telangana,Kerala,BOB,PNB,0,clean
8da8ebb5-4b44-46,UPI0001004277,fqjja26y@oksbi,51114166-54e,mcqbnkx9@ibl,8afc3470-686,33544,2024-03-17T13:30:01,Kerala,Tamil Nadu,SBI,Kotak,0,clean
009bf3fc-0941-43,UPI0001000484,j6txfo6v@paytm,8e5cd165-8cb,9xn4m41k@okaxis,cc2c3f3e-4c7,84815,2024-03-17T05:43:29,Kerala,Gujarat,HDFC,HDFC,0,clean
82e85382-1d11-4a,UPI0001003791,a5xin9dl@icici,ad258476-426,u83g47rr@ybl,043e14fa-255,182400,2024-03-16T13:41:26,Tamil Nadu,Gujarat,SBI,PNB,0,clean
d31fff09-fdb9-48,UPI0001000181,2zbppfo5@upi,c3f5b069-37e,2sds8b25@icici,bd9e7438-8f4,101368,2024-03-16T22:59:38,Maharashtra,Telangana,Kotak,ICICI,0,clean
0592699d-f4f3-4b,UPI0001002137,ay64yfds@ibl,05351dc8-a9a,pkyrybov@ybl,4f1e5710-28e,54452,2024-03-17T12:35:52,Karnataka,Maharashtra,ICICI,HDFC,0,clean
c63bb3e6-59fc-4d,UPI0001001513,q1rdxck3@icici,ca1e97cd-4e6,a7sqrf1l@upi,03564e58-3fd,9373,2024-03-17T04:14:06,Telangana,Tamil Nadu,HDFC,ICICI,0,clean
150ae7ea-bfb0-46,UPI0001003794,nfnvuprt@oksbi,1afaa772-d85,sehe2atn@icici,d6c059ff-a09,13675,2024-03-17T22:30:09,Karnataka,Maharashtra,Kotak,HDFC,0,clean
14233a33-2b2c-44,UPI0001000463,vqy5ibpt@ybl,6254431b-8f0,t9t11php@okaxis,cdc97255-ace,26385,2024-03-17T02:39:26,Tamil Nadu,West Bengal,HDFC,ICICI,0,clean
c4f8eace-e08d-4f,UPI0001000690,bfh024kw@paytm,4c7b95ce-541,4ivsolml@oksbi,3f8344dd-51d,69006,2024-03-17T21:13:09,Gujarat,Telangana,PNB,SBI,0,clean
7cf6acab-dbf7-4d,UPI0001003119,f0onjpi1@paytm,f1306f21-cef,2qc6dr08@ibl,edc4c65a-097,150351,2024-03-17T10:29:08,Karnataka,West Bengal,ICICI,PNB,0,clean
ced65169-d077-44,UPI0001001165,aacosym0@paytm,7cd0e4eb-ec5,sdygflij@okaxis,f4e28f71-353,164835,2024-03-18T08:27:58,Kerala,Telangana,HDFC,Axis,0,clean
4160e724-9dde-4f,UPI0001003318,hiuit7m1@axl,ac812895-0f0,q20hwobm@okaxis,1f7e151c-59a,81488,2024-03-16T14:15:51,Karnataka,Tamil Nadu,PNB,SBI,0,clean
2398519f-f339-4c,UPI0001002894,1n13jcat@upi,cb737bb3-638,7azv2efu@ibl,68d7613a-6e9,26040,2024-03-17T08:58:06,Maharashtra,Telangana,HDFC,SBI,0,clean
47190738-e4b3-42,UPI0001002473,i9kqdgbk@upi,feaf9f0b-cd9,pd2tsxtv@upi,30954f8d-335,139415,2024-03-16T10:10:31,Gujarat,Gujarat,Axis,ICICI,0,clean
bf1bdce2-6d9e-44,UPI0001004833,ch8jwwdx@oksbi,b6a72442-d1f,xivzk7a4@paytm,4fddfea1-8cf,174532,2024-03-18T09:34:19,West Bengal,Maharashtra,HDFC,HDFC,0,clean
b44793c0-c2dd-4d,UPI0001003617,nn8ztv05@ibl,b38f2bd8-1fb,e1i1p0bq@ibl,3130fc81-4e9,58549,2024-03-15T11:05:56,Karnataka,Tamil Nadu,BOB,Kotak,0,clean
df2e0556-ee98-43,UPI0001002913,fuu5f07b@axl,d7955ac1-ec5,qfwwxr5r@ibl,26cdf408-d84,33090,2024-03-16T18:32:01,Telangana,Maharashtra,HDFC,ICICI,0,clean
a1f7b381-6410-4a,UPI0001003856,lzse99f7@oksbi,ce4481c5-154,uuxk0are@ibl,7992b6ba-0fd,22048,2024-03-18T08:57:30,Karnataka,Telangana,ICICI,BOB,0,clean
08277c9c-598d-4b,UPI0001000441,sygjjfgj@paytm,333e6ba7-55b,n7s55j2o@icici,0c084f0a-36d,12213,2024-03-17T16:00:36,Kerala,Karnataka,Axis,ICICI,0,clean
84a641fa-5b44-4c,UPI0001002644,a83ru7my@apl,88c32907-0d3,uflsehud@icici,168777e2-a06,1305,2024-03-17T06:56:56,Karnataka,Karnataka,SBI,Axis,0,clean
19252ec7-1dba-44,UPI0001002509,jfvyb6li@axl,93910c55-ea9,sjt2jpnr@okaxis,d797c026-0e2,145989,2024-03-18T06:27:59,Karnataka,West Bengal,ICICI,BOB,0,clean
1e6626ba-f500-4e,UPI0001003838,b7v1w4k2@icici,6a37d574-e6f,o57p6bkl@ibl,a0f35ea4-53a,52242,2024-03-17T03:44:17,Karnataka,Tamil Nadu,ICICI,Kotak,0,clean
75a6a922-9380-4c,UPI0001001910,zmf8mdd4@paytm,d6a9a633-5ca,sxlul6lg@paytm,0d49bdb5-2c0,63516,2024-03-17T04:41:24,Tamil Nadu,Tamil Nadu,BOB,Kotak,0,clean
ca9b081e-c85e-43,UPI0001001343,f5gcl9lc@axl,07d8fa8c-cff,8qoagsus@upi,701c0d10-59a,123671,2024-03-15T22:38:55,Telangana,Kerala,ICICI,SBI,0,clean
81bee49e-7830-47,UPI0001002478,xzamkygv@apl,32a05e88-18a,ywp0rxxf@icici,536cc49c-7b9,52789,2024-03-17T14:12:53,Telangana,Kerala,BOB,Kotak,0,clean
48d5fab4-102c-4e,UPI0001002980,likwe4bx@upi,9bb85d81-e50,hkc856wp@axl,d4d7921f-c09,130416,2024-03-16T04:46:07,Telangana,Kerala,BOB,SBI,0,clean
0617fb7d-ce7e-4c,UPI0001003297,hx2kbvsi@oksbi,ebee6395-f0f,h8uzb7kr@oksbi,0dcc2242-7f7,96403,2024-03-18T06:01:25,Tamil Nadu,Karnataka,PNB,SBI,0,clean
b4cb9d8e-8b99-4b,UPI0001004398,gspk9p38@axl,b85df010-58f,0cdk36m8@paytm,e75380e3-936,98902,2024-03-16T20:16:47,West Bengal,Tamil Nadu,ICICI,HDFC,0,clean
7a23a858-6319-4c,UPI0001000527,ac6pe63l@ybl,fe6486c9-5e6,04chsdin@okaxis,7193a5d0-081,112725,2024-03-15T22:51:41,Tamil Nadu,Tamil Nadu,Axis,Kotak,0,clean
f27b3c7d-d426-4a,UPI0001000413,y4lmct64@oksbi,c2a29e5d-a8f,6xlpu0dk@apl,2966c875-264,134631,2024-03-18T08:49:33,West Bengal,Tamil Nadu,BOB,HDFC,0,clean
f2e02e44-d341-48,UPI0001004127,03o4gkww@paytm,a371a87c-ef1,9rr7s20c@oksbi,5df013ac-e29,141728,2024-03-16T08:38:10,Gujarat,Maharashtra,PNB,Kotak,0,clean
e92f01bb-3945-49,UPI0001001901,hx74d0gj@ybl,5db7e9f0-084,rw6tm2o0@icici,7b3b2f4a-e30,154501,2024-03-18T07:41:41,Maharashtra,Karnataka,BOB,ICICI,0,clean
a7a04a83-6d2c-47,UPI0001002531,x7pwo6cm@upi,2500e1a0-89a,u7fbmenu@okaxis,2b0e6e2e-1f6,167496,2024-03-15T20:35:44,Karnataka,Kerala,ICICI,ICICI,0,clean
6c8c663c-9f4b-4e,UPI0001002181,ytwbozd1@ybl,9637a7ac-2e7,mb1l6314@ibl,d40c7f91-9fe,174747,2024-03-17T08:00:25,Tamil Nadu,Kerala,Kotak,ICICI,0,clean
aace224f-3ecf-47,UPI0001001320,961j88qe@apl,08348a0c-8d8,xtnsrtwl@upi,320db857-eb5,94947,2024-03-17T04:56:57,Telangana,Tamil Nadu,Kotak,SBI,0,clean
014a51fa-2f01-41,UPI0001001535,03o4gkww@paytm,a371a87c-ef1,ophgft4m@apl,403938ca-605,35503,2024-03-17T14:19:20,Gujarat,Telangana,PNB,HDFC,0,clean
67817b6b-face-4d,UPI0001004778,gu3obygh@oksbi,b3e30a41-88d,nmby49e7@ibl,68a8ef6f-279,142792,2024-03-16T22:03:33,Tamil Nadu,Kerala,ICICI,Axis,0,clean
509a2821-4737-42,UPI0001001530,4vssrura@upi,955c4234-bff,x9l8lpqw@paytm,879bbcd2-e77,179993,2024-03-18T10:24:49,Gujarat,Kerala,PNB,Kotak,0,clean
024ef045-ad5a-49,UPI0001004409,9ln1p0vu@okaxis,a408bd71-981,hzn4kgeu@okaxis,10818e5f-69f,23752,2024-03-18T07:46:15,Kerala,Telangana,Axis,BOB,0,clean
7ed8e09c-874c-4a,UPI0001001088,u83g47rr@ybl,043e14fa-255,jeget1gh@axl,f0c058e9-79c,134549,2024-03-16T19:07:26,Gujarat,Maharashtra,PNB,ICICI,0,clean
32a1035b-3c4c-4e,UPI0001000649,oq2zdo74@ibl,c1cf6d05-d52,aztkszp7@oksbi,bd9daf6b-41d,165879,2024-03-17T12:13:59,West Bengal,Tamil Nadu,BOB,SBI,0,clean
5f73497a-ad9a-4d,UPI0001000049,gh2m5zja@okaxis,835cb61e-36d,8xg8y72i@oksbi,958464e8-619,135478,2024-03-16T00:34:57,Maharashtra,Gujarat,SBI,Axis,0,clean
ded25e0c-1952-48,UPI0001004065,61bw4a7f@axl,69e6f60e-2f1,ge094d6r@axl,323f67af-ede,132697,2024-03-18T09:21:35,Maharashtra,West Bengal,SBI,HDFC,0,clean
d44a1f4d-6a0d-48,UPI0001003671,hgbmfbuv@upi,aab2c0e3-bcd,xtnsrtwl@upi,320db857-eb5,18495,2024-03-16T11:45:52,West Bengal,Tamil Nadu,SBI,SBI,0,clean
df208b43-aa5a-4f,UPI0001000860,n0jbzutr@oksbi,4a3fb95b-e6e,kuuhclrr@ibl,9658742d-f26,27517,2024-03-18T03:09:11,Gujarat,West Bengal,Kotak,Kotak,0,clean
717aebb6-5eab-4c,UPI0001003020,7gu0env5@icici,f2e7fec2-ac8,5s4tl0th@okaxis,b194fbf8-08e,91470,2024-03-16T16:29:03,West Bengal,Gujarat,Axis,Kotak,0,clean
1641584f-8885-47,UPI0001001863,z6us7rp4@ibl,a8bc7367-673,so8w5038@okaxis,0a9225e3-208,154345,2024-03-17T03:25:00,Karnataka,Karnataka,Kotak,Axis,0,clean
63a17421-04ea-4d,UPI0001000576,td44k1j6@oksbi,e33499ff-738,ybisbo55@paytm,0adcc0b2-719,61786,2024-03-16T20:11:04,Maharashtra,Kerala,BOB,ICICI,0,clean
704dc0c2-b4dc-48,UPI0001001489,n14eb875@paytm,d2688e7f-3c2,f0onjpi1@paytm,f1306f21-cef,131971,2024-03-16T05:16:17,Gujarat,Karnataka,SBI,ICICI,0,clean
54c38634-1b56-44,UPI0001003674,12ii826g@axl,2a541c5a-adb,k0ucc1m3@apl,18efcd83-447,146466,2024-03-15T18:52:50,Maharashtra,Gujarat,Axis,BOB,0,clean
d5702a64-92d5-45,UPI0001002804,nbhds26f@upi,6cb62eb2-7f2,cjiwvhdk@apl,92a1d000-b37,126349,2024-03-17T21:50:16,Tamil Nadu,West Bengal,Axis,ICICI,0,clean
a4868144-dc67-4b,UPI0001004570,h61iaoim@ybl,e6db924d-173,1n13jcat@upi,cb737bb3-638,128121,2024-03-17T18:45:47,West Bengal,Maharashtra,ICICI,HDFC,0,clean
82b0188f-fe53-48,UPI0001002487,6befflzm@icici,db593e75-f7b,yc3rwqmm@icici,8b3a52b5-76e,56738,2024-03-16T13:53:06,Kerala,Tamil Nadu,ICICI,Kotak,0,clean
1d23b6e1-1257-49,UPI0001000044,f6a4fejg@ybl,0ab1b956-6ec,04chsdin@okaxis,7193a5d0-081,39616,2024-03-17T23:01:11,West Bengal,Tamil Nadu,HDFC,Kotak,0,clean
b0542b9e-5f3e-4a,UPI0001004443,k12v2tg5@apl,3903da2e-a66,dh0uyhnq@icici,ea03df36-47b,133233,2024-03-16T07:57:29,Telangana,Tamil Nadu,Axis,HDFC,0,clean
78471da8-bd62-45,UPI0001004655,xyjoa21a@oksbi,27c58270-7c1,rid3dnkn@oksbi,b8fa8960-47b,45282,2024-03-16T00:21:00,Karnataka,Karnataka,PNB,PNB,0,clean
34a09982-062c-48,UPI0001003380,ccprhvlz@upi,e917e480-79b,239moft6@axl,0f7c79b6-edf,189268,2024-03-17T23:12:23,Telangana,Karnataka,Axis,ICICI,0,clean
f04f1620-4bf1-4b,UPI0001000427,gq9cvah7@apl,9226d90b-2a1,hk2lslay@upi,ff015559-481,34595,2024-03-17T22:43:28,Gujarat,Gujarat,Kotak,Axis,0,clean
6c7fddba-aa0d-45,UPI0001003389,aji0y6dp@ybl,db6e078e-7f2,k0ucc1m3@apl,18efcd83-447,36436,2024-03-15T12:46:10,Tamil Nadu,Gujarat,SBI,BOB,0,clean
6e4613dd-37d8-48,UPI0001000437,md270stl@apl,05beb72c-5c8,i4fqcoot@apl,69d84931-b15,98662,2024-03-17T00:48:31,West Bengal,West Bengal,Axis,HDFC,0,clean
55c6c084-c4a4-43,UPI0001002088,pgb7r3oc@ybl,1ff47666-0e3,9rr7s20c@oksbi,5df013ac-e29,155078,2024-03-15T14:43:14,Telangana,Maharashtra,HDFC,Kotak,0,clean
f8eda2c0-4031-4d,UPI0001004792,reiyaz39@apl,75d4c470-c88,xxbw01pd@ibl,76fbf235-4af,142449,2024-03-15T18:13:17,Karnataka,Maharashtra,PNB,SBI,0,clean
4d3f058b-0226-48,UPI0001001598,3vg6v5t1@ibl,6109748c-75e,zrf5a7qy@icici,4b4c4d05-3db,166469,2024-03-17T03:02:34,Telangana,Gujarat,Axis,PNB,0,clean
31c062b5-64a4-4b,UPI0001000269,1eeurxhw@icici,8f237b1a-04e,7dia5u6h@ibl,cc9a4f84-3ff,42533,2024-03-16T20:02:04,Telangana,Gujarat,HDFC,PNB,0,clean
b763168d-aaa2-46,UPI0001001248,xb94pdzp@ibl,1f77595a-0f7,6zpxvpbl@okaxis,aadb54c8-2d0,60943,2024-03-15T17:08:34,Telangana,Kerala,ICICI,Axis,0,clean
e36e6c8d-759b-4b,UPI0001001690,zh13cd5g@upi,227ab300-e54,dje153a5@axl,ebe017d3-bb6,27091,2024-03-15T18:10:21,Tamil Nadu,Telangana,HDFC,Axis,0,clean
33afa951-a8f0-45,UPI0001000134,x1gm32wp@okaxis,56954669-560,yeqahths@paytm,38d6e582-cd0,79665,2024-03-17T01:01:35,Kerala,Maharashtra,HDFC,Kotak,0,clean
e5e5ffe7-ae53-46,UPI0001003507,gyw6zbnz@axl,9552ed81-97b,12ii826g@axl,2a541c5a-adb,37751,2024-03-18T01:54:47,Karnataka,Maharashtra,Kotak,Axis,0,clean
3b34f56c-29c7-44,UPI0001002849,hv1xg1r1@axl,3f7eef17-fe8,hzn4kgeu@okaxis,10818e5f-69f,40290,2024-03-16T00:43:10,Maharashtra,Telangana,PNB,BOB,0,clean
d13fe77e-cdcc-4d,UPI0001001945,almjegqt@apl,5a7a5884-b49,z6us7rp4@ibl,a8bc7367-673,167406,2024-03-17T21:00:58,Tamil Nadu,Karnataka,SBI,Kotak,0,clean
45a700b3-2aff-4b,UPI0001002232,ej31gymd@upi,213b8037-53d,vaj2k8xp@apl,90f01618-4ff,70863,2024-03-16T03:20:06,Telangana,Karnataka,HDFC,BOB,0,clean
c65758c6-9787-41,UPI0001002602,sdygflij@okaxis,f4e28f71-353,b7l8v1zo@ibl,60eb54ed-9d1,89024,2024-03-17T15:34:05,Telangana,Gujarat,Axis,ICICI,0,clean
e96c7a17-9c57-4e,UPI0001003532,ng2igsb9@oksbi,b7684321-a5d,d6357oon@apl,5cbf8094-1fa,11705,2024-03-17T17:54:04,Telangana,Telangana,Kotak,SBI,0,clean
1344ec80-3f95-43,UPI0001003936,2ei9212p@okaxis,bf8daac7-444,7rb1s9dw@ibl,fdf65419-e86,28015,2024-03-17T12:26:59,Kerala,Tamil Nadu,SBI,PNB,0,clean
08fff708-5248-48,UPI0001000672,xzamkygv@apl,32a05e88-18a,7zeoqgvz@okaxis,f7e163d4-403,126636,2024-03-15T20:53:25,Telangana,Kerala,BOB,Axis,0,clean
977deabf-c409-47,UPI0001000517,9v20yar8@okaxis,d55a6885-690,moge4qxx@ybl,686a9e6d-c61,124645,2024-03-16T16:51:53,Tamil Nadu,Gujarat,PNB,SBI,0,clean
96408a72-aa4a-4c,UPI0001004287,rflqbmae@apl,a2a8bd54-d6e,vqy5ibpt@ybl,6254431b-8f0,42382,2024-03-16T03:48:58,Karnataka,Tamil Nadu,Kotak,HDFC,0,clean
b9f113c2-7332-4f,UPI0001002527,wr7mkgxu@paytm,f8967d89-388,1zdfkblc@upi,58478899-90d,193894,2024-03-17T03:59:10,Kerala,Tamil Nadu,SBI,ICICI,0,clean
38a8adf6-c631-44,UPI0001002438,uhz1gv0e@oksbi,3097941d-05e,eh5sw229@upi,988a62ef-895,57756,2024-03-16T02:40:47,Tamil Nadu,Telangana,ICICI,Axis,0,clean
6dca60a8-1844-48,UPI0001000023,84azytjx@ibl,265d56de-027,u7eeqtul@axl,fc0b2843-c26,183684,2024-03-15T10:33:27,Rajasthan,Uttarakhand,ICICI,Kotak,1,L1→L2
b5dfa43b-429f-41,UPI0001000378,7rb1s9dw@ibl,fdf65419-e86,89k8yqk9@axl,5e7722a1-6f3,175364,2024-03-17T23:38:11,Tamil Nadu,Telangana,PNB,SBI,0,clean
b3523780-2f57-40,UPI0001003017,hrrpzlk3@ibl,8b84e2d0-e1e,t6om1fb8@ibl,593dec67-5f5,106520,2024-03-17T11:20:08,West Bengal,Gujarat,SBI,ICICI,0,clean
7145a000-b4cf-47,UPI0001004285,lzse99f7@oksbi,ce4481c5-154,9jpnbzug@okaxis,0fd97e8e-b69,123727,2024-03-16T02:32:37,Karnataka,Telangana,ICICI,PNB,0,clean
59962f9b-8c8b-4e,UPI0001002166,mpkxvhag@paytm,0a090c2a-c48,d6357oon@apl,5cbf8094-1fa,121919,2024-03-16T22:14:36,Tamil Nadu,Telangana,SBI,SBI,0,clean
a9452f43-fbc5-47,UPI0001001983,jng7l4lr@ibl,01fe3c1a-6f8,wtg1m8xf@ibl,34f68cde-274,29590,2024-03-16T12:10:20,Kerala,Kerala,Axis,HDFC,0,clean
ca132406-4295-41,UPI0001002002,bikcidkw@upi,f7982aa6-df8,8ra484nl@paytm,bb2eba83-a1c,4025,2024-03-17T06:25:58,Tamil Nadu,Gujarat,HDFC,Axis,0,clean
199ce63f-81dc-45,UPI0001003164,sc4e5hrd@apl,11c9ca6c-0cd,m41qesla@okaxis,f826568b-9f5,94856,2024-03-17T18:46:33,Tamil Nadu,Kerala,PNB,Axis,0,clean
c347e81b-a278-46,UPI0001001517,q57te8tv@axl,fbac67aa-dd8,xaprpn6q@oksbi,fc297e6e-aa8,115583,2024-03-17T21:07:36,Telangana,Kerala,PNB,Axis,0,clean
f9e2ea8d-5022-42,UPI0001003476,mxb9yo18@apl,59117312-cf3,au9dkbpv@upi,60186fb8-833,3306,2024-03-17T19:24:27,Gujarat,Tamil Nadu,SBI,PNB,0,clean
3f0cd05a-8b17-4e,UPI0001003598,kicjn2fo@upi,1c3c8bbe-fc6,aztkszp7@oksbi,bd9daf6b-41d,59093,2024-03-16T21:12:27,Kerala,Tamil Nadu,SBI,SBI,0,clean
08a09695-ca76-4c,UPI0001002738,erxdouad@paytm,3396a1f3-654,vpw232ut@icici,10888114-863,51908,2024-03-16T03:52:52,Maharashtra,Gujarat,Kotak,HDFC,0,clean
33c64b65-afdd-4b,UPI0001000507,x4sn6sm5@axl,b28fc016-34a,bbrnu8c0@icici,94acc6b0-f97,170901,2024-03-15T17:24:20,Kerala,Maharashtra,BOB,BOB,0,clean
2ebc10c5-ee4e-40,UPI0001001055,0cdk36m8@paytm,e75380e3-936,9ln1p0vu@okaxis,a408bd71-981,33616,2024-03-18T02:37:40,Tamil Nadu,Kerala,HDFC,Axis,0,clean
3ec9f013-eea5-44,UPI0001001575,sehe2atn@icici,d6c059ff-a09,f0onjpi1@paytm,f1306f21-cef,115042,2024-03-16T22:17:44,Maharashtra,Karnataka,HDFC,ICICI,0,clean
e86a8c4d-028d-4f,UPI0001004590,0q0mftg6@ybl,1c02f161-954,rdihsa7h@oksbi,ecf41fd7-09b,57812,2024-03-18T02:02:42,Gujarat,Karnataka,Kotak,ICICI,0,clean
24f8d982-a332-41,UPI0001000139,rlf8a9ke@axl,0a10972f-813,jluujmiy@axl,77509db0-051,129750,2024-03-15T19:08:47,Kerala,West Bengal,PNB,ICICI,0,clean
be92933a-59a3-49,UPI0001002401,9kkh4a3y@paytm,898ace33-3f3,asifpwio@ibl,66abea7e-d1b,143448,2024-03-16T19:16:01,Karnataka,Kerala,Kotak,Kotak,0,clean
1a4e6e3a-edc4-43,UPI0001002405,091c795r@upi,e21f0d08-204,t9t11php@okaxis,cdc97255-ace,198879,2024-03-17T17:36:51,Karnataka,West Bengal,BOB,ICICI,0,clean
35babcb3-f8a8-42,UPI0001000893,p3jpxgh3@axl,c8b30791-50e,t6om1fb8@ibl,593dec67-5f5,80037,2024-03-16T14:48:45,Gujarat,Gujarat,BOB,ICICI,0,clean
aae203d5-5a4b-45,UPI0001002522,qhkswva9@upi,93e3cdef-acd,6xlpu0dk@apl,2966c875-264,68567,2024-03-16T19:51:35,Maharashtra,Tamil Nadu,Kotak,HDFC,0,clean
fe70a325-679a-48,UPI0001004148,60plozjc@upi,d72284a1-243,14ve92mp@upi,3be433cf-adf,23186,2024-03-18T02:09:39,West Bengal,Gujarat,SBI,SBI,0,clean
fe5b40c2-b078-42,UPI0001001845,hk2lslay@upi,ff015559-481,5ll1d9s9@okaxis,4e8e9973-82f,101976,2024-03-16T20:15:50,Gujarat,Gujarat,Axis,PNB,0,clean
30d27128-ff8b-47,UPI0001003375,yeqahths@paytm,38d6e582-cd0,5rdoqivb@paytm,dfee9bf2-48b,2154,2024-03-18T01:12:20,Maharashtra,Telangana,Kotak,Axis,0,clean
00500df6-2ed0-4e,UPI0001003108,961j88qe@apl,08348a0c-8d8,9boq0iq2@oksbi,45a62da6-105,4543,2024-03-18T05:44:34,Telangana,West Bengal,Kotak,SBI,0,clean
700ce4b9-a13e-40,UPI0001000287,dr5xyfc4@paytm,172a1c93-d06,nfnvuprt@oksbi,1afaa772-d85,34630,2024-03-17T18:24:13,Telangana,Karnataka,SBI,Kotak,0,clean
65df71d3-09b8-42,UPI0001004745,w6lqwlvu@upi,dec88820-146,0cdk36m8@paytm,e75380e3-936,155247,2024-03-15T21:19:01,Maharashtra,Tamil Nadu,BOB,HDFC,0,clean
4b1fef0d-06c3-47,UPI0001002381,ccprhvlz@upi,e917e480-79b,pgb7r3oc@ybl,1ff47666-0e3,58643,2024-03-17T19:45:25,Telangana,Telangana,Axis,HDFC,0,clean
d4dbcbe9-63b9-42,UPI0001003372,cd81twhw@okaxis,215eaeac-210,sc4e5hrd@apl,11c9ca6c-0cd,189783,2024-03-18T00:25:51,Kerala,Tamil Nadu,BOB,PNB,0,clean
192fdfe1-45e9-48,UPI0001001634,mcqbnkx9@ibl,8afc3470-686,x7pwo6cm@upi,2500e1a0-89a,182711,2024-03-16T02:39:38,Tamil Nadu,Karnataka,Kotak,ICICI,0,clean
3d1cd727-0f1d-4b,UPI0001001181,pdtz91x7@oksbi,676d9892-38a,xorzpgu2@okaxis,150b1c69-9d5,111272,2024-03-17T14:27:06,Gujarat,Kerala,SBI,ICICI,0,clean
1914b259-ae20-43,UPI0001001051,o2m71hss@ybl,6cafa98d-8f3,1g1r1dww@apl,2645ceb7-5d8,103093,2024-03-16T11:09:41,Tamil Nadu,Karnataka,SBI,Axis,0,clean
b0dea210-39b2-42,UPI0001000351,2sds8b25@icici,bd9e7438-8f4,1n13jcat@upi,cb737bb3-638,45519,2024-03-17T23:59:44,Telangana,Maharashtra,ICICI,HDFC,0,clean
814db644-127f-46,UPI0001003588,52sq3b9s@apl,ec8fbf62-67f,tkcd0rle@okaxis,ba81f20d-2be,70335,2024-03-16T18:19:04,Gujarat,Gujarat,PNB,SBI,0,clean
b7dd8e6a-7fb3-42,UPI0001000914,asifpwio@ibl,66abea7e-d1b,a04ux5qr@upi,8029a269-faa,38123,2024-03-15T19:57:15,Kerala,West Bengal,Kotak,Kotak,0,clean
0f3f6786-21ff-43,UPI0001001956,q1rdxck3@icici,ca1e97cd-4e6,lq5v4ftq@paytm,15386809-9f2,162734,2024-03-17T09:27:29,Telangana,Maharashtra,HDFC,Kotak,0,clean
879bfcb2-6037-46,UPI0001000665,ildzmfb7@axl,9749e680-bdd,ybisbo55@paytm,0adcc0b2-719,165593,2024-03-15T10:34:55,Maharashtra,Kerala,PNB,ICICI,0,clean
15413254-dbe8-4f,UPI0001003533,b7l8v1zo@ibl,60eb54ed-9d1,j6txfo6v@paytm,8e5cd165-8cb,68450,2024-03-18T03:31:41,Gujarat,Kerala,ICICI,HDFC,0,clean
aecb17b7-d190-42,UPI0001004747,bbk7w1da@paytm,4f51dace-926,hv1xg1r1@axl,3f7eef17-fe8,139341,2024-03-18T10:23:56,Maharashtra,Maharashtra,Axis,PNB,0,clean
32fa1ae5-9444-4b,UPI0001002598,yxtxmgtt@okaxis,7c6e58d5-652,w6m7b5c8@paytm,6ac34a96-9d8,61146,2024-03-17T13:03:30,Tamil Nadu,Gujarat,BOB,PNB,0,clean
e629f857-eb49-41,UPI0001002092,2zdlx1q8@oksbi,bc5d6484-72a,2lhgcsot@ibl,f3952d16-235,195601,2024-03-16T22:47:35,West Bengal,Tamil Nadu,BOB,ICICI,0,clean
7e6eef43-226b-41,UPI0001000645,zb4ldims@paytm,37226f2a-c4f,cqse3tv1@oksbi,3efd782c-6ec,17805,2024-03-16T22:11:39,Gujarat,Gujarat,ICICI,Axis,0,clean
2e9d2aec-08ce-41,UPI0001004316,dtm4vxjj@ibl,52136084-c7a,8gl2zxjm@upi,dc036929-eff,44136,2024-03-18T07:07:22,Tamil Nadu,Maharashtra,ICICI,Axis,0,clean
8fa2eed0-9653-40,UPI0001002299,ophgft4m@apl,403938ca-605,a83ru7my@apl,88c32907-0d3,126187,2024-03-15T18:52:21,Telangana,Karnataka,HDFC,SBI,0,clean
a48c33bf-319e-4e,UPI0001002459,zzf8s2zg@oksbi,7844cc4a-374,ac6pe63l@ybl,fe6486c9-5e6,42077,2024-03-15T18:20:56,Tamil Nadu,Tamil Nadu,PNB,Axis,0,clean
598da730-6037-4b,UPI0001004254,hl88kzru@okaxis,2eca5bfe-dc2,6befflzm@icici,db593e75-f7b,183581,2024-03-17T16:46:32,Gujarat,Kerala,ICICI,ICICI,0,clean
e5c20ef4-8ba4-42,UPI0001002888,w7kyhqin@upi,79bd47f7-d48,1bcppvoh@icici,328ed257-23e,66324,2024-03-17T21:57:00,Telangana,Karnataka,Kotak,SBI,0,clean
40786817-b897-4d,UPI0001001806,ppohswq4@ybl,27cf6e96-b10,9xn4m41k@okaxis,cc2c3f3e-4c7,93996,2024-03-15T20:30:06,Tamil Nadu,Gujarat,PNB,HDFC,0,clean
a68ce01f-07af-42,UPI0001002446,7gu0env5@icici,f2e7fec2-ac8,jdm5fc79@upi,a083e671-4cd,880,2024-03-16T00:55:37,West Bengal,Maharashtra,Axis,Kotak,0,clean
2b3e25ba-1271-4f,UPI0001002843,c7d2kd1p@apl,044bb7dc-666,e46aexl6@paytm,cb20a360-856,44403,2024-03-17T07:12:01,West Bengal,Gujarat,BOB,PNB,0,clean
0b009ee4-062d-43,UPI0001001674,mcqbnkx9@ibl,8afc3470-686,snwywrra@icici,2981fe0d-fe0,41496,2024-03-16T11:19:25,Tamil Nadu,Karnataka,Kotak,Axis,0,clean
dc1364e2-d710-44,UPI0001003899,7rb1s9dw@ibl,fdf65419-e86,oieves6f@oksbi,4c26e044-3e8,33587,2024-03-17T21:12:11,Tamil Nadu,West Bengal,PNB,ICICI,0,clean
13980678-7961-49,UPI0001001617,hyexf7jx@paytm,855c736c-1a1,z09wftbg@upi,69681540-b97,136753,2024-03-17T23:25:24,Telangana,Kerala,SBI,Kotak,0,clean
4e493e49-b073-4a,UPI0001002859,d9fkxzuu@axl,1433fde1-1dd,sdnai89y@icici,66c63394-70b,79527,2024-03-18T04:36:09,Tamil Nadu,Telangana,PNB,HDFC,0,clean
44fd4a7d-9bc0-4e,UPI0001000253,x7pwo6cm@upi,2500e1a0-89a,5rdoqivb@paytm,dfee9bf2-48b,111352,2024-03-16T13:39:06,Karnataka,Telangana,ICICI,Axis,0,clean
087ed894-ddcc-45,UPI0001002171,gm25len6@axl,0b265512-1b8,g25cfzfd@icici,ad809e95-47e,127966,2024-03-16T17:30:24,Gujarat,Gujarat,Axis,BOB,0,clean
6eb143d7-ef04-43,UPI0001004502,x1gm32wp@okaxis,56954669-560,961j88qe@apl,08348a0c-8d8,125183,2024-03-18T01:25:54,Kerala,Telangana,HDFC,Kotak,0,clean
86542463-b5f1-44,UPI0001003038,dtv25ao2@icici,9e8d1dde-c69,tuw9ohtu@oksbi,16e55977-f2b,154835,2024-03-17T12:25:48,Tamil Nadu,West Bengal,HDFC,ICICI,0,clean
af57538b-1c8a-41,UPI0001002301,uzpeal2w@upi,05950436-fc1,kjxjq5nv@axl,e4a54308-6a3,186911,2024-03-18T09:47:03,Telangana,Gujarat,SBI,Axis,0,clean
3c2ea512-91b1-43,UPI0001001019,vaj2k8xp@apl,90f01618-4ff,ev361xsn@ybl,253a3b26-f4f,42623,2024-03-17T17:52:58,Karnataka,Gujarat,BOB,PNB,0,clean
4b372116-c82d-4b,UPI0001000142,fewvznvk@icici,93ff3503-d85,2wgxo05q@apl,c1eb9500-3af,134855,2024-03-15T13:24:16,Kerala,Karnataka,Kotak,Axis,0,clean
ff7b879f-ad9e-40,UPI0001002553,1g1r1dww@apl,2645ceb7-5d8,2zdlx1q8@oksbi,bc5d6484-72a,139250,2024-03-15T10:46:40,Karnataka,West Bengal,Axis,BOB,0,clean
92c562e6-b601-47,UPI0001002759,0ljch2vf@oksbi,cab331dd-0d9,moge4qxx@ybl,686a9e6d-c61,86160,2024-03-17T03:42:06,West Bengal,Gujarat,Axis,SBI,0,clean
70df3ad3-3f7a-49,UPI0001004289,ildzmfb7@axl,9749e680-bdd,p8637zgf@icici,6443ed3b-45a,88798,2024-03-16T15:31:36,Maharashtra,Kerala,PNB,Axis,0,clean
a810f6c2-ac19-42,UPI0001002973,f6a4fejg@ybl,0ab1b956-6ec,ywp0rxxf@icici,536cc49c-7b9,198861,2024-03-16T17:52:42,West Bengal,Kerala,HDFC,Kotak,0,clean
3ccef984-1862-48,UPI0001003498,7dia5u6h@ibl,cc9a4f84-3ff,hxid4n1u@apl,5830f07f-146,22660,2024-03-15T21:33:07,Gujarat,Kerala,PNB,BOB,0,clean
d79b8f66-1105-45,UPI0001000240,oq2zdo74@ibl,c1cf6d05-d52,5rdoqivb@paytm,dfee9bf2-48b,106895,2024-03-16T16:37:09,West Bengal,Telangana,BOB,Axis,0,clean
1430c3e9-9c3d-40,UPI0001000220,snwywrra@icici,2981fe0d-fe0,ay64yfds@ibl,05351dc8-a9a,26118,2024-03-18T00:36:44,Karnataka,Karnataka,Axis,ICICI,0,clean
ab5c688a-1c4e-4e,UPI0001001548,o57p6bkl@ibl,a0f35ea4-53a,i9kqdgbk@upi,feaf9f0b-cd9,133399,2024-03-17T12:13:29,Tamil Nadu,Gujarat,Kotak,Axis,0,clean
bdce330e-cb4e-41,UPI0001001783,uswbkok3@axl,7f90cc04-8a6,lcxlvpym@ybl,f3fd02cd-2f8,73486,2024-03-15T16:55:18,Tamil Nadu,Maharashtra,HDFC,PNB,0,clean
3d375874-f2cd-40,UPI0001004207,2wbxanj4@upi,bfa5558d-959,hx74d0gj@ybl,5db7e9f0-084,160603,2024-03-16T19:40:25,Karnataka,Maharashtra,BOB,BOB,0,clean
f40303bd-7888-4d,UPI0001001792,la100qxm@ibl,b9b04561-3db,3o0llj8y@axl,1c00950a-235,190811,2024-03-16T05:43:28,Telangana,Maharashtra,BOB,SBI,0,clean
29230a2c-6033-40,UPI0001002882,3o0llj8y@axl,1c00950a-235,uhz1gv0e@oksbi,3097941d-05e,162016,2024-03-17T09:28:57,Maharashtra,Tamil Nadu,SBI,ICICI,0,clean
aff8fbe5-2f4b-46,UPI0001002707,hgbmfbuv@upi,aab2c0e3-bcd,q1rdxck3@icici,ca1e97cd-4e6,96455,2024-03-15T12:19:21,West Bengal,Telangana,SBI,HDFC,0,clean
a9042577-0905-4d,UPI0001003014,gh2m5zja@okaxis,835cb61e-36d,239moft6@axl,0f7c79b6-edf,118627,2024-03-17T02:19:20,Maharashtra,Karnataka,SBI,ICICI,0,clean
0b01fc55-5430-47,UPI0001003836,6kvpuc8d@okaxis,09e9b54f-d22,tx63cfl0@paytm,ac541769-490,106318,2024-03-18T06:29:52,Telangana,Tamil Nadu,PNB,Axis,0,clean
cfac74e6-e6bd-43,UPI0001000732,8qqvaecw@okaxis,6ba34083-55e,gh2m5zja@okaxis,835cb61e-36d,42504,2024-03-17T04:27:24,Maharashtra,Maharashtra,PNB,SBI,0,clean
59110201-9f82-4f,UPI0001003483,70e3p15a@okaxis,d87ecdc6-34f,zb4ldims@paytm,37226f2a-c4f,18352,2024-03-15T12:35:29,Karnataka,Gujarat,SBI,ICICI,0,clean
18c49084-9570-4c,UPI0001003527,ceouuyla@paytm,c8d44d0a-2c5,2sds8b25@icici,bd9e7438-8f4,19200,2024-03-17T04:29:55,West Bengal,Telangana,BOB,ICICI,0,clean
4964b9f9-6319-4a,UPI0001003054,1n13jcat@upi,cb737bb3-638,w6lqwlvu@upi,dec88820-146,142818,2024-03-15T18:21:54,Maharashtra,Maharashtra,HDFC,BOB,0,clean
27f2d806-ee87-4d,UPI0001003867,nqdxamw2@icici,0ec40a2e-3f7,ppohswq4@ybl,27cf6e96-b10,74787,2024-03-16T21:25:25,Gujarat,Tamil Nadu,Kotak,PNB,0,clean
db206db5-a255-42,UPI0001004033,hk2lslay@upi,ff015559-481,k12v2tg5@apl,3903da2e-a66,5566,2024-03-16T14:21:05,Gujarat,Telangana,Axis,Axis,0,clean
7c82b78c-fa74-48,UPI0001004066,uflsehud@icici,168777e2-a06,eaxylnfx@paytm,17fca863-f60,55065,2024-03-16T11:18:49,Karnataka,Kerala,Axis,ICICI,0,clean
b859c371-686e-42,UPI0001002139,jfvyb6li@axl,93910c55-ea9,nn8ztv05@ibl,b38f2bd8-1fb,151354,2024-03-15T10:46:59,Karnataka,Karnataka,ICICI,BOB,0,clean
3b5a43ff-b2a9-49,UPI0001002622,3o0llj8y@axl,1c00950a-235,aiy4va13@ybl,143b620b-637,27363,2024-03-17T09:58:44,Maharashtra,Maharashtra,SBI,BOB,0,clean
8dcc999d-47b0-40,UPI0001002336,091c795r@upi,e21f0d08-204,ftu2gc5w@okaxis,5b67e48a-456,26887,2024-03-15T20:35:50,Karnataka,Telangana,BOB,Axis,0,clean
80c27c02-24f2-4d,UPI0001002614,ildzmfb7@axl,9749e680-bdd,sb4gf16y@ibl,b39346ac-8d2,150457,2024-03-16T00:01:40,Maharashtra,Telangana,PNB,HDFC,0,clean
eadbd27d-ec3d-4f,UPI0001002082,bfh024kw@paytm,4c7b95ce-541,95g3v23g@icici,87088df9-723,146693,2024-03-15T13:33:41,Gujarat,Kerala,PNB,ICICI,0,clean
66dd5d2d-3efb-4a,UPI0001003265,qxm0632c@paytm,fc67a622-d29,hy8nbiqu@axl,294c42d1-181,61005,2024-03-17T18:59:29,Tamil Nadu,Kerala,Kotak,PNB,0,clean
2dbd9db2-7a52-46,UPI0001001659,zbffzzdv@okaxis,7664c07f-020,0kgazu41@ybl,deda1626-f82,79132,2024-03-18T10:30:37,Maharashtra,Maharashtra,SBI,HDFC,0,clean
bf7d1161-0ccd-4f,UPI0001001844,1ieixwc4@axl,078dcd14-8a1,wviac2e4@axl,ef581a18-a36,136440,2024-03-17T14:10:36,Tamil Nadu,Kerala,Kotak,PNB,0,clean
a71cd17f-1890-41,UPI0001001787,z2t4h20r@ybl,d41e17b8-b9f,1uu7zy6t@apl,d28e8866-080,156209,2024-03-15T18:33:48,Tamil Nadu,Tamil Nadu,HDFC,BOB,0,clean
fa3114a9-781c-45,UPI0001002061,yv2stn7e@icici,659a844c-450,vgww4fyb@ibl,baf6a88b-8a5,99068,2024-03-17T17:14:52,Karnataka,Tamil Nadu,Kotak,HDFC,0,clean
c9433d00-1fcf-46,UPI0001003075,0cdk36m8@paytm,e75380e3-936,su9rn8qt@icici,7a8c6645-05a,46382,2024-03-16T20:38:57,Tamil Nadu,Karnataka,HDFC,ICICI,0,clean
b0eac764-0531-47,UPI0001003971,kuuhclrr@ibl,9658742d-f26,ld4d6af5@oksbi,c6d92344-f08,4555,2024-03-17T03:24:14,West Bengal,Kerala,Kotak,SBI,0,clean
1f3939d5-6a3d-47,UPI0001004541,ivrocvit@icici,40e259ef-b8c,pd2tsxtv@upi,30954f8d-335,187793,2024-03-18T08:10:40,Telangana,Gujarat,BOB,ICICI,0,clean
bf584b95-347b-4e,UPI0001003882,u7u6n7hv@okaxis,1c4fe2d7-dac,ceouuyla@paytm,c8d44d0a-2c5,174972,2024-03-17T12:37:56,Tamil Nadu,West Bengal,SBI,BOB,0,clean
79d2d01d-94c6-4e,UPI0001001368,wsozctwj@paytm,06c76465-950,hzn4kgeu@okaxis,10818e5f-69f,117108,2024-03-18T04:38:53,Maharashtra,Telangana,SBI,BOB,0,clean
9df1eb41-eabf-40,UPI0001002737,2g05kbkv@upi,95960706-af3,ppohswq4@ybl,27cf6e96-b10,48355,2024-03-18T05:55:29,Telangana,Tamil Nadu,ICICI,PNB,0,clean
4cae394f-2976-4d,UPI0001000489,xtnsrtwl@upi,320db857-eb5,d9fkxzuu@axl,1433fde1-1dd,170656,2024-03-15T20:04:01,Tamil Nadu,Tamil Nadu,SBI,PNB,0,clean
4595c7f8-dad2-41,UPI0001000601,gm25len6@axl,0b265512-1b8,a04ux5qr@upi,8029a269-faa,101659,2024-03-16T22:43:14,Gujarat,West Bengal,Axis,Kotak,0,clean
a5348e9b-de67-47,UPI0001002357,50e6mpsj@ibl,86246ac8-756,xxbw01pd@ibl,76fbf235-4af,32643,2024-03-18T09:16:37,West Bengal,Maharashtra,Axis,SBI,0,clean
f2d51b48-5e85-4e,UPI0001002568,dn5gjj8m@oksbi,daefad95-27b,xaprpn6q@oksbi,fc297e6e-aa8,175786,2024-03-15T21:00:24,Kerala,Kerala,Axis,Axis,0,clean
143568df-6e40-4c,UPI0001000379,9rr7s20c@oksbi,5df013ac-e29,sqt26q3x@upi,730141f1-80f,159293,2024-03-18T00:36:50,Maharashtra,Kerala,Kotak,Kotak,0,clean
335268aa-a97b-40,UPI0001000123,wsozctwj@paytm,06c76465-950,hrrpzlk3@ibl,8b84e2d0-e1e,101717,2024-03-17T09:30:18,Maharashtra,West Bengal,SBI,SBI,0,clean
9c798f87-c3e6-4e,UPI0001000986,wjeyub19@icici,2328b533-d95,a3kkrzd5@oksbi,e9b226cc-92f,89999,2024-03-17T20:20:08,Karnataka,Maharashtra,Axis,ICICI,0,clean
cef817e8-c28d-43,UPI0001003073,nn8ztv05@ibl,b38f2bd8-1fb,sdygflij@okaxis,f4e28f71-353,118311,2024-03-16T03:46:24,Karnataka,Telangana,BOB,Axis,0,clean
d0c25f5c-bd89-4b,UPI0001002999,xqkwqh5k@paytm,28070a63-70b,nfnvuprt@oksbi,1afaa772-d85,182628,2024-03-15T15:52:07,Karnataka,Karnataka,Axis,Kotak,0,clean
f3beb07f-8e4b-48,UPI0001002949,jiys2n75@ybl,ab332325-6cf,fqjja26y@oksbi,51114166-54e,41874,2024-03-18T04:27:31,Tamil Nadu,Kerala,PNB,SBI,0,clean
8ee878b4-a87b-4f,UPI0001000659,zbffzzdv@okaxis,7664c07f-020,tuw6taq6@upi,409c06a8-91d,116820,2024-03-17T04:38:17,Maharashtra,Gujarat,SBI,Axis,0,clean
7c8fdd27-caad-4b,UPI0001000360,xaprpn6q@oksbi,fc297e6e-aa8,2sds8b25@icici,bd9e7438-8f4,44043,2024-03-16T06:17:44,Kerala,Telangana,Axis,ICICI,0,clean
270fa893-3cba-49,UPI0001000488,tuw9ohtu@oksbi,16e55977-f2b,7oxk8c1g@axl,46b23fe2-5eb,128682,2024-03-17T13:04:05,West Bengal,Telangana,ICICI,Axis,0,clean
a8e13104-5ab7-48,UPI0001000446,0ebkjf4a@axl,9005bc5c-f39,sdnai89y@icici,66c63394-70b,163970,2024-03-17T14:54:14,Karnataka,Telangana,PNB,HDFC,0,clean
005cc3c4-983b-41,UPI0001000647,ifrml29q@ybl,7e962fc5-e68,zbffzzdv@okaxis,7664c07f-020,131460,2024-03-16T00:15:34,Tamil Nadu,Maharashtra,ICICI,SBI,0,clean
554dd2ad-2622-40,UPI0001002941,0lthy25m@oksbi,3c04574b-b03,x0h3jujd@okaxis,58d8b5c6-ef9,80221,2024-03-18T06:38:10,Kerala,Telangana,ICICI,HDFC,0,clean
497890c9-3a16-4e,UPI0001002365,ezqacj4t@icici,8eb3737e-59f,0t9nt3w5@okaxis,da315726-456,43538,2024-03-16T18:56:05,West Bengal,Tamil Nadu,Axis,PNB,0,clean
a3a68e85-e968-4c,UPI0001000368,gn1w1ht7@axl,61e9276c-1e5,5hcbbmhn@axl,d47e844a-967,5485,2024-03-17T17:06:20,Tamil Nadu,Karnataka,PNB,Kotak,0,clean
7554e31f-d17e-45,UPI0001000583,bikcidkw@upi,f7982aa6-df8,e1i1p0bq@ibl,3130fc81-4e9,79005,2024-03-16T23:22:22,Tamil Nadu,Tamil Nadu,HDFC,Kotak,0,clean
e78836d9-1aee-42,UPI0001000499,9xn4m41k@okaxis,cc2c3f3e-4c7,c1l7dypm@upi,cee17028-635,167862,2024-03-17T12:37:55,Gujarat,Karnataka,HDFC,ICICI,0,clean
a724bcae-e802-48,UPI0001000063,l3wxdrlc@upi,38c6e804-3e7,7zeoqgvz@okaxis,f7e163d4-403,57239,2024-03-17T23:23:29,Kerala,Kerala,ICICI,Axis,0,clean
1b2fc74a-e143-40,UPI0001002781,n4regb1a@paytm,29d0cf3a-270,0t9nt3w5@okaxis,da315726-456,10829,2024-03-15T15:39:51,Gujarat,Tamil Nadu,Axis,PNB,0,clean
292cab85-acaf-4c,UPI0001004151,tahukwqv@axl,c57bb97d-993,hx74d0gj@ybl,5db7e9f0-084,70389,2024-03-16T20:34:49,Tamil Nadu,Maharashtra,BOB,BOB,0,clean
55aed0de-7159-4e,UPI0001002451,jluujmiy@axl,77509db0-051,zrf5a7qy@icici,4b4c4d05-3db,30020,2024-03-15T11:11:13,West Bengal,Gujarat,ICICI,PNB,0,clean
c2d7192b-b562-4b,UPI0001001504,nmeoq4yr@apl,3730892d-042,mxb9yo18@apl,59117312-cf3,91951,2024-03-18T04:58:53,Tamil Nadu,Gujarat,PNB,SBI,0,clean
b667cd8d-ec15-45,UPI0001000043,b7v1w4k2@icici,6a37d574-e6f,q1rdxck3@icici,ca1e97cd-4e6,55054,2024-03-16T21:33:12,Karnataka,Telangana,ICICI,HDFC,0,clean
1ab0d4e8-581b-4e,UPI0001001627,r6n92xf8@oksbi,05a7b3f0-2b3,zb4ldims@paytm,37226f2a-c4f,186381,2024-03-18T01:18:15,Gujarat,Gujarat,Kotak,ICICI,0,clean
12b3a799-aead-49,UPI0001001415,a7sqrf1l@upi,03564e58-3fd,szjnvc7h@axl,e08eea9e-3fa,103030,2024-03-16T11:23:38,Tamil Nadu,Telangana,ICICI,BOB,0,clean
159a79e8-644b-49,UPI0001002926,i04b7p47@ybl,a3267200-292,vgww4fyb@ibl,baf6a88b-8a5,61657,2024-03-16T09:18:20,Kerala,Tamil Nadu,BOB,HDFC,0,clean
6dbb0b5d-7c1f-4f,UPI0001001583,9mda9oek@upi,3941c113-d9b,nbhnal3g@ybl,b9a38cd2-91b,3794,2024-03-17T05:51:20,Gujarat,Telangana,Kotak,PNB,0,clean
98a35c65-2b1e-49,UPI0001001720,ng2igsb9@oksbi,b7684321-a5d,a04ux5qr@upi,8029a269-faa,86341,2024-03-17T03:29:14,Telangana,West Bengal,Kotak,Kotak,0,clean
768e80f4-7060-4a,UPI0001004781,hrrpzlk3@ibl,8b84e2d0-e1e,w7kyhqin@upi,79bd47f7-d48,155387,2024-03-17T05:57:28,West Bengal,Telangana,SBI,Kotak,0,clean
14c7fb6d-5729-41,UPI0001003107,96khub2r@icici,8faab40b-0cf,ejzhyapd@icici,fc2bbd6e-bd4,148506,2024-03-17T13:40:24,Karnataka,Telangana,SBI,ICICI,0,clean
917bdf80-26ee-4c,UPI0001000591,e46aexl6@paytm,cb20a360-856,hgbmfbuv@upi,aab2c0e3-bcd,34145,2024-03-17T02:17:00,Gujarat,West Bengal,PNB,SBI,0,clean
2686b691-7618-4f,UPI0001003654,gq9cvah7@apl,9226d90b-2a1,9ryllwb7@icici,786ee19f-951,71462,2024-03-18T07:11:34,Gujarat,Gujarat,Kotak,SBI,0,clean
bb6b371d-2014-40,UPI0001004172,kuuhclrr@ibl,9658742d-f26,5ll1d9s9@okaxis,4e8e9973-82f,18101,2024-03-17T10:12:19,West Bengal,Gujarat,Kotak,PNB,0,clean
c9f434e6-146c-41,UPI0001004119,ay64yfds@ibl,05351dc8-a9a,12ii826g@axl,2a541c5a-adb,156219,2024-03-15T12:20:00,Karnataka,Maharashtra,ICICI,Axis,0,clean
2f9e1790-d318-4b,UPI0001000291,0mqvindh@icici,d434bc72-c00,5x8a5fbu@apl,a870d6ed-72c,120604,2024-03-15T20:30:30,Karnataka,West Bengal,PNB,Kotak,0,clean
e4784538-2b55-42,UPI0001001281,reiyaz39@apl,75d4c470-c88,hx2kbvsi@oksbi,ebee6395-f0f,163519,2024-03-18T00:47:05,Karnataka,Tamil Nadu,PNB,PNB,0,clean
4f944db6-c53b-42,UPI0001000613,mqg1ved3@ibl,9abe9954-38e,lem1qq4d@paytm,876e2b47-793,91406,2024-03-17T00:55:39,Tamil Nadu,Telangana,ICICI,BOB,0,clean
d6641e02-1385-44,UPI0001000239,i04b7p47@ybl,a3267200-292,x1gm32wp@okaxis,56954669-560,75747,2024-03-16T06:46:43,Kerala,Kerala,BOB,HDFC,0,clean
a923f95e-14df-42,UPI0001001628,ofas1ekt@axl,de630927-308,x0h3jujd@okaxis,58d8b5c6-ef9,90269,2024-03-17T00:14:28,Maharashtra,Telangana,BOB,HDFC,0,clean
79be32ae-fbc7-48,UPI0001000684,bbk7w1da@paytm,4f51dace-926,x2toowt9@apl,e738b31f-0c3,33131,2024-03-17T12:29:36,Maharashtra,Kerala,Axis,SBI,0,clean
9323bdf3-120c-49,UPI0001000428,2jwoclyt@upi,92c5bab8-7ba,hrrpzlk3@ibl,8b84e2d0-e1e,177924,2024-03-18T05:55:37,Telangana,West Bengal,PNB,SBI,0,clean
83f69174-5de0-47,UPI0001003930,lcxlvpym@ybl,f3fd02cd-2f8,xcdyk0x6@oksbi,952171cb-bbd,16879,2024-03-16T11:36:38,Maharashtra,Gujarat,PNB,ICICI,0,clean
b88e33d8-3fd1-49,UPI0001003967,adf7pchc@ybl,abb0956f-413,7rb1s9dw@ibl,fdf65419-e86,182647,2024-03-16T01:09:34,Gujarat,Tamil Nadu,PNB,PNB,0,clean
f2fb45fb-d729-4b,UPI0001002185,zmuf8438@icici,62a8adae-998,n7s55j2o@icici,0c084f0a-36d,172535,2024-03-16T10:07:26,Tamil Nadu,Karnataka,ICICI,ICICI,0,clean
c700b524-449c-48,UPI0001000319,stn3cpud@axl,4a22d1fb-5bc,xqkwqh5k@paytm,28070a63-70b,28305,2024-03-17T03:39:01,Tamil Nadu,Karnataka,Axis,Axis,0,clean
6c22dddc-b75e-4e,UPI0001004516,8e9rivh6@icici,ab4ef148-113,x9l8lpqw@paytm,879bbcd2-e77,11213,2024-03-16T15:36:36,Karnataka,Kerala,ICICI,Kotak,0,clean
4207e7c9-464f-43,UPI0001004421,ppohswq4@ybl,27cf6e96-b10,ev361xsn@ybl,253a3b26-f4f,534,2024-03-15T18:57:39,Tamil Nadu,Gujarat,PNB,PNB,0,clean
306b058f-dc78-4f,UPI0001000280,hyp9umyg@ibl,5327d76c-929,nbhnal3g@ybl,b9a38cd2-91b,170135,2024-03-16T16:28:05,Maharashtra,Telangana,PNB,PNB,0,clean
e981c04c-f509-42,UPI0001003053,al8m1g9f@paytm,f6b9e535-824,1eeurxhw@icici,8f237b1a-04e,19577,2024-03-17T22:52:45,Maharashtra,Telangana,BOB,HDFC,0,clean
9614fc93-55f5-43,UPI0001000652,g25cfzfd@icici,ad809e95-47e,n7s55j2o@icici,0c084f0a-36d,88345,2024-03-15T13:08:58,Gujarat,Karnataka,BOB,ICICI,0,clean
6bbce9f1-d023-41,UPI0001004011,i7kq1uym@axl,bdef7217-228,3vg6v5t1@ibl,6109748c-75e,138080,2024-03-16T05:00:12,West Bengal,Telangana,BOB,Axis,0,clean
93255919-b893-48,UPI0001002071,50e6mpsj@ibl,86246ac8-756,bfh024kw@paytm,4c7b95ce-541,85404,2024-03-17T12:41:20,West Bengal,Gujarat,Axis,PNB,0,clean
b781102b-749e-4a,UPI0001004311,rkmby9ip@ybl,f5ed200a-714,w6m7b5c8@paytm,6ac34a96-9d8,83131,2024-03-15T19:29:56,Maharashtra,Gujarat,HDFC,PNB,0,clean
ff44c127-5488-4e,UPI0001003546,kns832ej@axl,1d7f27e2-928,ve3dzeed@okaxis,e8f965a5-a64,132221,2024-03-18T01:58:40,West Bengal,Kerala,BOB,Kotak,0,clean
93b12cb4-3bc4-43,UPI0001000332,q8ghgbcy@okaxis,d3047a7e-914,9rr7s20c@oksbi,5df013ac-e29,128851,2024-03-17T20:26:24,West Bengal,Maharashtra,BOB,Kotak,0,clean
2ea9bd24-737b-43,UPI0001004089,ccprhvlz@upi,e917e480-79b,k7y6qxds@oksbi,368e12fa-90b,87496,2024-03-17T07:30:20,Telangana,Telangana,Axis,BOB,0,clean
5e69a5a5-d7d1-43,UPI0001000920,1n13jcat@upi,cb737bb3-638,szjnvc7h@axl,e08eea9e-3fa,2963,2024-03-16T00:04:47,Maharashtra,Telangana,HDFC,BOB,0,clean
e34919db-9ab9-4a,UPI0001000481,rq9nz612@okaxis,1b4f813a-e5e,mb1l6314@ibl,d40c7f91-9fe,113736,2024-03-16T13:09:32,Karnataka,Kerala,BOB,ICICI,0,clean
2af30a79-401e-43,UPI0001001809,yeqahths@paytm,38d6e582-cd0,mx9djoyo@okaxis,bb266567-4bb,128390,2024-03-18T10:08:53,Maharashtra,Tamil Nadu,Kotak,Kotak,0,clean
f7876bae-a4ec-4f,UPI0001002305,bjlzy1uu@upi,382cfba4-cfb,3o0llj8y@axl,1c00950a-235,115423,2024-03-18T00:57:48,Telangana,Maharashtra,Kotak,SBI,0,clean
15aadb7a-2026-46,UPI0001002383,sdygflij@okaxis,f4e28f71-353,vaj2k8xp@apl,90f01618-4ff,143773,2024-03-17T15:31:32,Telangana,Karnataka,Axis,BOB,0,clean
4f0dee02-d609-43,UPI0001001378,x4sn6sm5@axl,b28fc016-34a,h25llo3r@ybl,61c41a5e-2b8,70043,2024-03-17T22:39:31,Kerala,Maharashtra,BOB,BOB,0,clean
c4996552-5d95-46,UPI0001001402,r6k2vmww@oksbi,e85bb9a0-574,2ei9212p@okaxis,bf8daac7-444,185240,2024-03-17T05:28:22,Gujarat,Kerala,PNB,SBI,0,clean
414fcde1-539d-45,UPI0001001955,8qoagsus@upi,701c0d10-59a,css9toqw@upi,5ff36244-509,149499,2024-03-16T11:25:46,Kerala,Maharashtra,SBI,ICICI,0,clean
0dedb1d7-d704-48,UPI0001004615,sygjjfgj@paytm,333e6ba7-55b,vn1x2gdg@paytm,b8323e22-9c7,196872,2024-03-15T14:06:46,Kerala,West Bengal,Axis,Axis,0,clean
a020529d-3dde-40,UPI0001001938,0ui22kx7@apl,0cb4a777-b67,7rm6j8y6@axl,36890ab2-d16,45042,2024-03-17T03:53:02,Karnataka,Kerala,Axis,PNB,0,clean
275e2c44-60ef-4d,UPI0001004517,x7pwo6cm@upi,2500e1a0-89a,60plozjc@upi,d72284a1-243,174822,2024-03-17T21:00:18,Karnataka,West Bengal,ICICI,SBI,0,clean
9b32b1a6-7b20-41,UPI0001001417,xaprpn6q@oksbi,fc297e6e-aa8,hkc856wp@axl,d4d7921f-c09,72340,2024-03-17T20:42:06,Kerala,Kerala,Axis,SBI,0,clean
dc2471c5-dd37-40,UPI0001001689,hx2kbvsi@oksbi,ebee6395-f0f,0kgazu41@ybl,deda1626-f82,65995,2024-03-16T22:08:37,Tamil Nadu,Maharashtra,PNB,HDFC,0,clean
f047f41a-0b5b-46,UPI0001003969,5p1v3zo7@icici,5ec1cb78-2d9,yxtxmgtt@okaxis,7c6e58d5-652,132460,2024-03-15T18:44:01,Telangana,Tamil Nadu,Kotak,BOB,0,clean
5be1b37d-e54b-4a,UPI0001000994,0cdk36m8@paytm,e75380e3-936,9ryllwb7@icici,786ee19f-951,121280,2024-03-16T20:00:16,Tamil Nadu,Gujarat,HDFC,SBI,0,clean
4f395733-7ae7-47,UPI0001001477,su9rn8qt@icici,7a8c6645-05a,sdygflij@okaxis,f4e28f71-353,164410,2024-03-15T18:06:52,Karnataka,Telangana,ICICI,Axis,0,clean
c156632c-a28c-4d,UPI0001002968,wwnc21o0@upi,0d6872fa-a63,4j3dab42@okaxis,528a0fca-b7e,183132,2024-03-18T02:44:39,Kerala,Karnataka,Axis,BOB,0,clean
2527f78f-2428-41,UPI0001004676,et8t63j3@axl,e4ac4b23-0d3,zrf5a7qy@icici,4b4c4d05-3db,174368,2024-03-15T16:24:04,Karnataka,Gujarat,BOB,PNB,0,clean
ff429bad-b93f-41,UPI0001000172,n7s55j2o@icici,0c084f0a-36d,udojen0j@apl,f8265746-bc4,152054,2024-03-15T12:03:13,Karnataka,West Bengal,ICICI,BOB,0,clean
208b036f-6162-43,UPI0001002275,14ve92mp@upi,3be433cf-adf,t7txkdot@axl,b3d818db-f57,132754,2024-03-15T17:55:08,Gujarat,Gujarat,SBI,HDFC,0,clean
e1a1dae2-37c9-4b,UPI0001003974,sjt2jpnr@okaxis,d797c026-0e2,5p5nvqeb@ibl,ba39ac93-7b7,102247,2024-03-16T23:55:45,West Bengal,Gujarat,BOB,Axis,0,clean
a4d854b1-9b86-49,UPI0001002858,vaj2k8xp@apl,90f01618-4ff,1n13jcat@upi,cb737bb3-638,173603,2024-03-16T08:59:41,Karnataka,Maharashtra,BOB,HDFC,0,clean
25a61a81-3364-4f,UPI0001004288,myzycwti@axl,40c797bc-53e,9iy4x41d@apl,e541dc70-08b,163313,2024-03-16T05:33:33,Tamil Nadu,Karnataka,Axis,Axis,0,clean
719e065a-b333-48,UPI0001000639,0me8f840@apl,d2acd40e-25c,iwg0odwm@axl,b06871d7-817,174592,2024-03-16T08:16:10,Maharashtra,Gujarat,BOB,PNB,0,clean
9ebb74f0-e454-41,UPI0001004596,x2toowt9@apl,e738b31f-0c3,hx2kbvsi@oksbi,ebee6395-f0f,174010,2024-03-17T01:11:10,Kerala,Tamil Nadu,SBI,PNB,0,clean
3cf26342-11c1-40,UPI0001003877,uuxk0are@ibl,7992b6ba-0fd,9mda9oek@upi,3941c113-d9b,58766,2024-03-17T06:59:01,Telangana,Gujarat,BOB,Kotak,0,clean
24c71128-a925-4d,UPI0001000777,udojen0j@apl,f8265746-bc4,aztkszp7@oksbi,bd9daf6b-41d,17145,2024-03-18T06:41:25,West Bengal,Tamil Nadu,BOB,SBI,0,clean
f0ad77e1-1042-43,UPI0001001480,5x8a5fbu@apl,a870d6ed-72c,likwe4bx@upi,9bb85d81-e50,143522,2024-03-15T23:32:23,West Bengal,Telangana,Kotak,BOB,0,clean
d1d46c1e-db6a-45,UPI0001001611,x2toowt9@apl,e738b31f-0c3,9rr7s20c@oksbi,5df013ac-e29,85100,2024-03-16T02:48:04,Kerala,Maharashtra,SBI,Kotak,0,clean
c96fb836-69dd-43,UPI0001000624,kjxjq5nv@axl,e4a54308-6a3,wwnc21o0@upi,0d6872fa-a63,51461,2024-03-17T12:32:00,Gujarat,Kerala,Axis,Axis,0,clean
66096529-b7e2-4a,UPI0001003419,y8fv2bc2@upi,0b17743a-244,tx63cfl0@paytm,ac541769-490,182617,2024-03-17T10:07:29,Gujarat,Tamil Nadu,ICICI,Axis,0,clean
891aa7fa-dc6c-46,UPI0001004793,fgzvrctl@icici,8e73c27c-e02,7w7jp61l@oksbi,7f32ed98-3eb,199649,2024-03-15T23:01:08,Karnataka,Gujarat,BOB,BOB,0,clean
d3717c2d-4725-49,UPI0001001947,ch8jwwdx@oksbi,b6a72442-d1f,s43c5ba7@upi,6a3a3aa8-5af,75699,2024-03-16T08:54:16,West Bengal,Karnataka,HDFC,Kotak,0,clean
7e6ad3fc-59fc-42,UPI0001001636,gh2m5zja@okaxis,835cb61e-36d,n4regb1a@paytm,29d0cf3a-270,55985,2024-03-17T00:39:37,Maharashtra,Gujarat,SBI,Axis,0,clean
9e077e2e-0e6b-48,UPI0001003224,qzsa7yvd@axl,3c3a17d9-186,2sds8b25@icici,bd9e7438-8f4,23669,2024-03-17T11:55:28,Tamil Nadu,Telangana,SBI,ICICI,0,clean
e448472d-55b2-4d,UPI0001001840,eaxylnfx@paytm,17fca863-f60,9xn4m41k@okaxis,cc2c3f3e-4c7,57903,2024-03-16T18:26:14,Kerala,Gujarat,ICICI,HDFC,0,clean
4bdf8c49-b6dd-4f,UPI0001001718,4ivsolml@oksbi,3f8344dd-51d,y8fv2bc2@upi,0b17743a-244,81366,2024-03-16T09:36:01,Telangana,Gujarat,SBI,ICICI,0,clean
78aace2b-723f-4f,UPI0001003302,bbrnu8c0@icici,94acc6b0-f97,5ll1d9s9@okaxis,4e8e9973-82f,167152,2024-03-17T04:42:23,Maharashtra,Gujarat,BOB,PNB,0,clean
b881387f-e88a-4c,UPI0001000861,asifpwio@ibl,66abea7e-d1b,5p1v3zo7@icici,5ec1cb78-2d9,155478,2024-03-16T05:44:07,Kerala,Telangana,Kotak,Kotak,0,clean
f72c1ab6-834a-4d,UPI0001003441,2muljavb@paytm,42174022-e10,pd2tsxtv@upi,30954f8d-335,154012,2024-03-16T03:24:49,Kerala,Gujarat,SBI,ICICI,0,clean
208c64b0-edaf-48,UPI0001003330,ophgft4m@apl,403938ca-605,ulzfy981@icici,71106fca-bed,177894,2024-03-15T14:14:33,Telangana,Kerala,HDFC,SBI,0,clean
3419d2f7-f014-4e,UPI0001003109,zzf8s2zg@oksbi,7844cc4a-374,nbhnal3g@ybl,b9a38cd2-91b,146100,2024-03-18T05:27:40,Tamil Nadu,Telangana,PNB,PNB,0,clean
a245503f-2f3f-48,UPI0001002150,70e3p15a@okaxis,d87ecdc6-34f,fewvznvk@icici,93ff3503-d85,54786,2024-03-16T10:22:49,Karnataka,Kerala,SBI,Kotak,0,clean
51c87e81-5c28-4e,UPI0001002319,5ll1d9s9@okaxis,4e8e9973-82f,5ixva1nk@ybl,3f9ee135-4b0,195040,2024-03-17T05:10:42,Gujarat,Tamil Nadu,PNB,ICICI,0,clean
6a2c8d57-7bf1-4c,UPI0001002348,961j88qe@apl,08348a0c-8d8,ch8jwwdx@oksbi,b6a72442-d1f,181125,2024-03-16T22:32:25,Telangana,West Bengal,Kotak,HDFC,0,clean
0544ea85-d879-47,UPI0001002048,1g1r1dww@apl,2645ceb7-5d8,j9rm7pyx@ibl,4a9e6a11-177,151814,2024-03-17T05:14:12,Karnataka,Gujarat,Axis,BOB,0,clean
9f479f97-90fd-4d,UPI0001003127,b7l8v1zo@ibl,60eb54ed-9d1,q8ghgbcy@okaxis,d3047a7e-914,154544,2024-03-15T19:58:03,Gujarat,West Bengal,ICICI,BOB,0,clean
10022092-fcb4-45,UPI0001000060,kicjn2fo@upi,1c3c8bbe-fc6,cqse3tv1@oksbi,3efd782c-6ec,77874,2024-03-16T07:20:50,Kerala,Gujarat,SBI,Axis,0,clean
d0480668-e895-42,UPI0001001060,z2t4h20r@ybl,d41e17b8-b9f,hxid4n1u@apl,5830f07f-146,119436,2024-03-17T07:41:15,Tamil Nadu,Kerala,HDFC,BOB,0,clean
53ee368c-0d8c-4d,UPI0001004465,gyw6zbnz@axl,9552ed81-97b,yeqahths@paytm,38d6e582-cd0,167479,2024-03-16T06:51:25,Karnataka,Maharashtra,Kotak,Kotak,0,clean
4fab636a-6401-4a,UPI0001000153,b6bndoz6@axl,13339c2c-6a6,xcdyk0x6@oksbi,952171cb-bbd,27348,2024-03-16T13:39:32,Karnataka,Gujarat,Kotak,ICICI,0,clean
776fd09c-0b51-4d,UPI0001000367,1uu7zy6t@apl,d28e8866-080,ophgft4m@apl,403938ca-605,178408,2024-03-18T00:44:45,Tamil Nadu,Telangana,BOB,HDFC,0,clean
111ed8cb-2c84-48,UPI0001004584,d76szn9d@ibl,d020762f-d26,0ui22kx7@apl,0cb4a777-b67,117523,2024-03-18T06:33:55,Maharashtra,Karnataka,Kotak,Axis,0,clean
67ceffc9-5767-40,UPI0001001868,xqkwqh5k@paytm,28070a63-70b,dr5xyfc4@paytm,172a1c93-d06,191515,2024-03-16T01:51:05,Karnataka,Telangana,Axis,SBI,0,clean
aeed3c86-6e85-47,UPI0001003622,ftaxp0wf@apl,c8a9e7b7-950,9xn4m41k@okaxis,cc2c3f3e-4c7,62513,2024-03-15T11:39:59,Gujarat,Gujarat,Kotak,HDFC,0,clean
c5fe7671-be20-46,UPI0001004595,tnqfll7v@ybl,e3cbc039-81c,jtb9xxay@apl,893cdd77-540,23759,2024-03-17T05:05:23,Gujarat,Gujarat,HDFC,Axis,0,clean
6d8b136c-f158-42,UPI0001003005,w3zkwdee@paytm,0d7b14ce-3fb,8xg8y72i@oksbi,958464e8-619,2512,2024-03-15T16:31:38,Telangana,Gujarat,SBI,Axis,0,clean
0378ce7a-c5f8-4b,UPI0001001939,s43c5ba7@upi,6a3a3aa8-5af,5ll1d9s9@okaxis,4e8e9973-82f,27708,2024-03-16T15:30:24,Karnataka,Gujarat,Kotak,PNB,0,clean
82719381-ad59-49,UPI0001000247,z09wftbg@upi,69681540-b97,e9vifttd@ibl,afcf7781-db7,107194,2024-03-17T09:12:42,Kerala,Telangana,Kotak,Axis,0,clean
56134137-5deb-41,UPI0001000514,j3bqrr87@okaxis,f8adb759-ff2,ld4d6af5@oksbi,c6d92344-f08,66031,2024-03-16T11:40:21,Gujarat,Kerala,Axis,SBI,0,clean
054e8ff7-e763-4c,UPI0001003885,o57p6bkl@ibl,a0f35ea4-53a,0vm59m6m@okaxis,f9cbacae-054,64018,2024-03-18T04:39:29,Tamil Nadu,Telangana,Kotak,HDFC,0,clean
0ffd86a9-70ff-4a,UPI0001000878,h61iaoim@ybl,e6db924d-173,urvqt3g8@ibl,7b0d2a9d-0f8,26357,2024-03-15T20:04:39,West Bengal,Gujarat,ICICI,Kotak,0,clean
0a7b880e-f8e7-4f,UPI0001002699,likwe4bx@upi,9bb85d81-e50,d76szn9d@ibl,d020762f-d26,194168,2024-03-15T13:01:50,Telangana,Maharashtra,BOB,Kotak,0,clean
73ee557c-20a1-47,UPI0001004252,wusxlmt2@axl,cdd27bc1-dc1,19qzpniq@oksbi,10d15b04-d6f,64013,2024-03-17T10:50:08,Gujarat,Tamil Nadu,ICICI,ICICI,0,clean
0db31c50-5b81-43,UPI0001002221,sc4e5hrd@apl,11c9ca6c-0cd,tk63n2qb@okaxis,b1b0f143-ca6,88940,2024-03-16T10:26:41,Tamil Nadu,Maharashtra,PNB,ICICI,0,clean
7e416fec-d7d2-48,UPI0001003172,1bcppvoh@icici,328ed257-23e,vkyrmjlj@paytm,170acc6e-133,12934,2024-03-17T04:51:03,Karnataka,Gujarat,SBI,HDFC,0,clean
160f7aa5-94a8-41,UPI0001000956,ve3dzeed@okaxis,e8f965a5-a64,2wbxanj4@upi,bfa5558d-959,109681,2024-03-16T06:18:11,Kerala,Karnataka,Kotak,BOB,0,clean
ef6c3348-1fa3-4c,UPI0001001836,17mgfxc0@ybl,cf96bd32-f7f,x2toowt9@apl,e738b31f-0c3,101488,2024-03-16T00:24:47,Gujarat,Kerala,SBI,SBI,0,clean
56d8ec56-da25-4a,UPI0001001105,a04ux5qr@upi,8029a269-faa,eh5sw229@upi,988a62ef-895,25435,2024-03-17T16:16:19,West Bengal,Telangana,Kotak,Axis,0,clean
282d6af0-37c7-43,UPI0001001317,tahukwqv@axl,c57bb97d-993,f6a4fejg@ybl,0ab1b956-6ec,134464,2024-03-15T19:45:13,Tamil Nadu,West Bengal,BOB,HDFC,0,clean
bd994d9c-fd9e-49,UPI0001003937,mcqbnkx9@ibl,8afc3470-686,f0onjpi1@paytm,f1306f21-cef,93503,2024-03-15T17:16:32,Tamil Nadu,Karnataka,Kotak,ICICI,0,clean
3371eeaf-4606-4e,UPI0001004754,ld4d6af5@oksbi,c6d92344-f08,gq9cvah7@apl,9226d90b-2a1,16591,2024-03-18T00:06:42,Kerala,Gujarat,SBI,Kotak,0,clean
fe8f0bc8-ac7a-4e,UPI0001001419,79flv1xx@paytm,dff63398-c9e,6xlpu0dk@apl,2966c875-264,58762,2024-03-17T15:05:17,Kerala,Tamil Nadu,PNB,HDFC,0,clean
20fd7fd5-1c2a-41,UPI0001004093,c2ihoy7d@paytm,e4f996dd-100,pdtz91x7@oksbi,676d9892-38a,37110,2024-03-16T19:59:38,Tamil Nadu,Gujarat,BOB,SBI,0,clean
4c997a94-2ac5-41,UPI0001002847,xie0rnuj@paytm,7c49cd93-294,3vg6v5t1@ibl,6109748c-75e,156078,2024-03-18T01:35:38,Maharashtra,Telangana,PNB,Axis,0,clean
8c3e8d21-c7a5-41,UPI0001000816,ildzmfb7@axl,9749e680-bdd,sb5iqnf7@ybl,ffdb076f-e40,93299,2024-03-17T22:02:18,Maharashtra,Gujarat,PNB,Kotak,0,clean
da5989d8-9a22-4d,UPI0001004394,kuuhclrr@ibl,9658742d-f26,et8t63j3@axl,e4ac4b23-0d3,83346,2024-03-17T16:33:22,West Bengal,Karnataka,Kotak,BOB,0,clean
e1c174d4-f790-4e,UPI0001000277,3vg6v5t1@ibl,6109748c-75e,erxdouad@paytm,3396a1f3-654,86373,2024-03-16T22:42:05,Telangana,Maharashtra,Axis,Kotak,0,clean
6b73641b-af0c-40,UPI0001000775,kjxjq5nv@axl,e4a54308-6a3,et8t63j3@axl,e4ac4b23-0d3,155919,2024-03-16T09:54:30,Gujarat,Karnataka,Axis,BOB,0,clean
cb878407-15d8-49,UPI0001001979,ywp0rxxf@icici,536cc49c-7b9,ev361xsn@ybl,253a3b26-f4f,95496,2024-03-17T19:07:36,Kerala,Gujarat,Kotak,PNB,0,clean
e0f9b701-410c-4d,UPI0001004390,61bw4a7f@axl,69e6f60e-2f1,uhz1gv0e@oksbi,3097941d-05e,34862,2024-03-16T11:52:51,Maharashtra,Tamil Nadu,SBI,ICICI,0,clean
3d40524a-6d11-48,UPI0001000584,n0jbzutr@oksbi,4a3fb95b-e6e,o83rlkte@axl,d9bc569f-b59,106867,2024-03-15T12:00:41,Gujarat,Kerala,Kotak,BOB,0,clean
699763b8-b098-4b,UPI0001004146,grf1hx6z@ibl,40f8aee9-d31,jcitfoyq@ybl,56227fb1-a5a,73230,2024-03-17T17:21:04,Telangana,Karnataka,SBI,HDFC,0,clean
9c69eb1f-358e-4c,UPI0001001103,uflsehud@icici,168777e2-a06,93wxa73j@oksbi,dd8493a4-c29,106094,2024-03-15T15:27:34,Karnataka,Kerala,Axis,ICICI,0,clean
fe7360c5-cdcc-44,UPI0001002824,96khub2r@icici,8faab40b-0cf,2sds8b25@icici,bd9e7438-8f4,47806,2024-03-17T20:08:52,Karnataka,Telangana,SBI,ICICI,0,clean
0eea2d6a-04f7-46,UPI0001001429,su9rn8qt@icici,7a8c6645-05a,reiyaz39@apl,75d4c470-c88,82146,2024-03-17T06:23:09,Karnataka,Karnataka,ICICI,PNB,0,clean
d43da028-83e6-4d,UPI0001000773,ftu2gc5w@okaxis,5b67e48a-456,dz4x1zhq@okaxis,d5b7dcd0-c5f,128745,2024-03-18T03:44:01,Telangana,Telangana,Axis,Axis,0,clean
60346c0e-e969-4a,UPI0001002587,irym81cm@oksbi,4956140d-046,s5nkb4eh@apl,7ed57be9-1ec,189318,2024-03-18T06:27:00,Tamil Nadu,Karnataka,PNB,Kotak,0,clean
7b4b52e9-6d5d-46,UPI0001000371,sb4gf16y@ibl,b39346ac-8d2,14ve92mp@upi,3be433cf-adf,42792,2024-03-16T23:16:12,Telangana,Gujarat,HDFC,SBI,0,clean
18d0c7ba-0602-4a,UPI0001002362,ac6pe63l@ybl,fe6486c9-5e6,q1rdxck3@icici,ca1e97cd-4e6,104699,2024-03-17T03:58:08,Tamil Nadu,Telangana,Axis,HDFC,0,clean
6e1109d9-3340-46,UPI0001003603,0vm59m6m@okaxis,f9cbacae-054,ivuzzpqk@ybl,1175d2fb-cc9,145530,2024-03-17T20:49:43,Telangana,Tamil Nadu,HDFC,BOB,0,clean
3277e4a8-6e42-43,UPI0001000867,7y2lofn1@axl,075bde03-879,m92h3tv3@okaxis,56581c10-823,71081,2024-03-17T08:47:22,Maharashtra,West Bengal,HDFC,ICICI,0,clean
53f341b1-e813-4e,UPI0001002540,eh5sw229@upi,988a62ef-895,pgb7r3oc@ybl,1ff47666-0e3,133444,2024-03-17T17:59:01,Telangana,Telangana,Axis,HDFC,0,clean
8d6879a9-2f8d-4b,UPI0001000405,la100qxm@ibl,b9b04561-3db,q20hwobm@okaxis,1f7e151c-59a,178986,2024-03-18T09:25:19,Telangana,Tamil Nadu,BOB,SBI,0,clean
01afc629-9b32-43,UPI0001001651,wjeyub19@icici,2328b533-d95,uswbkok3@axl,7f90cc04-8a6,64748,2024-03-16T16:14:45,Karnataka,Tamil Nadu,Axis,HDFC,0,clean
5ffbb5d0-262b-42,UPI0001000135,jae58hux@oksbi,d23b9c8f-278,ac6pe63l@ybl,fe6486c9-5e6,59356,2024-03-15T14:20:00,West Bengal,Tamil Nadu,BOB,Axis,0,clean
0bc00b32-bd7d-42,UPI0001000529,ywp0rxxf@icici,536cc49c-7b9,a2m0w10l@ybl,956dfb24-447,28813,2024-03-15T23:30:38,Kerala,Gujarat,Kotak,ICICI,0,clean
ea52f58a-165a-4d,UPI0001003595,rlf8a9ke@axl,0a10972f-813,d145bm1e@apl,2174d2e7-76b,160836,2024-03-17T08:06:53,Kerala,West Bengal,PNB,HDFC,0,clean
bb6ea3d7-4ee0-4e,UPI0001000116,2sds8b25@icici,bd9e7438-8f4,hx74d0gj@ybl,5db7e9f0-084,7000,2024-03-17T14:09:53,Telangana,Maharashtra,ICICI,BOB,0,clean
b17ed053-b213-4b,UPI0001004141,8qqvaecw@okaxis,6ba34083-55e,udojen0j@apl,f8265746-bc4,102497,2024-03-17T06:47:57,Maharashtra,West Bengal,PNB,BOB,0,clean
e6e1fc34-c61f-4d,UPI0001000121,mx3y9rge@axl,10c50102-d01,w83y0mah@ibl,9ca3624a-117,83798,2024-03-18T03:33:58,Kerala,Karnataka,SBI,ICICI,0,clean
cb545639-c320-40,UPI0001003257,x4sn6sm5@axl,b28fc016-34a,3dd03uvu@upi,cf3db828-3cc,193364,2024-03-15T11:38:02,Kerala,Tamil Nadu,BOB,PNB,0,clean
05ab0263-f3b7-42,UPI0001001573,7y2lofn1@axl,075bde03-879,c2htmqwy@icici,f56a4c57-7ae,135252,2024-03-18T08:24:50,Maharashtra,West Bengal,HDFC,BOB,0,clean
44687413-3644-4a,UPI0001000390,38diuovw@icici,83febe55-d55,qjqijc1y@ibl,55a726c6-908,28132,2024-03-16T08:10:07,Karnataka,Karnataka,Axis,PNB,0,clean
ebe9871c-8403-4b,UPI0001004674,c01arxab@apl,a094d57c-0e5,ywp0rxxf@icici,536cc49c-7b9,34707,2024-03-16T10:12:11,Tamil Nadu,Kerala,ICICI,Kotak,0,clean
289dea82-5e37-4b,UPI0001000937,7zeoqgvz@okaxis,f7e163d4-403,au9dkbpv@upi,60186fb8-833,39465,2024-03-16T04:50:09,Kerala,Tamil Nadu,Axis,PNB,0,clean
14374308-600f-4f,UPI0001003719,48c1cqg4@apl,88ccb91c-dbb,ymk99jcj@apl,c716a5a8-fe4,175857,2024-03-17T02:42:08,Tamil Nadu,Maharashtra,BOB,BOB,0,clean
95e693d5-93f2-43,UPI0001003357,rlf8a9ke@axl,0a10972f-813,4lorxdtg@apl,65e2fb55-c36,42022,2024-03-16T11:54:02,Kerala,Telangana,PNB,ICICI,0,clean
21c35a3a-bb02-4c,UPI0001003146,q20hwobm@okaxis,1f7e151c-59a,u7fbmenu@okaxis,2b0e6e2e-1f6,29128,2024-03-15T21:50:11,Tamil Nadu,Kerala,SBI,ICICI,0,clean
04c3ea0c-33e2-4a,UPI0001004251,zh13cd5g@upi,227ab300-e54,8k06moxs@oksbi,116067d7-992,118165,2024-03-15T10:38:58,Tamil Nadu,Kerala,HDFC,HDFC,0,clean
548820d2-f5b8-46,UPI0001001239,50e6mpsj@ibl,86246ac8-756,5ixva1nk@ybl,3f9ee135-4b0,139050,2024-03-16T10:35:37,West Bengal,Tamil Nadu,Axis,ICICI,0,clean
e4fa0a34-98c9-47,UPI0001000540,j9rm7pyx@ibl,4a9e6a11-177,asifpwio@ibl,66abea7e-d1b,175575,2024-03-17T23:14:44,Gujarat,Kerala,BOB,Kotak,0,clean
742c1953-96b6-44,UPI0001002623,eaxylnfx@paytm,17fca863-f60,u7u6n7hv@okaxis,1c4fe2d7-dac,159275,2024-03-15T17:02:23,Kerala,Tamil Nadu,ICICI,SBI,0,clean
7dcb8255-c0eb-4c,UPI0001003990,7h23c42y@oksbi,dac36c42-184,xf7kzorq@axl,8a77df8c-2c4,116247,2024-03-15T23:31:29,Telangana,Tamil Nadu,PNB,Kotak,0,clean
d2eba483-a2b6-41,UPI0001002764,i04b7p47@ybl,a3267200-292,kek4aegv@oksbi,6fca54c3-692,39739,2024-03-15T23:48:49,Kerala,West Bengal,BOB,PNB,0,clean
fdbb14fc-db58-47,UPI0001001329,dz4x1zhq@okaxis,d5b7dcd0-c5f,p767j2dg@paytm,291be5ac-6df,138848,2024-03-15T17:08:30,Telangana,Maharashtra,Axis,Kotak,0,clean
e5620ed7-35a0-40,UPI0001000365,dr5xyfc4@paytm,172a1c93-d06,yc3rwqmm@icici,8b3a52b5-76e,152192,2024-03-18T08:48:02,Telangana,Tamil Nadu,SBI,Kotak,0,clean
5279f536-60ed-4b,UPI0001002688,wovcxek4@apl,be18dda5-608,6wpx2cyo@icici,8e6b6450-5a7,179294,2024-03-16T19:23:06,Karnataka,West Bengal,PNB,BOB,0,clean
5dbbb4f8-9d0f-4c,UPI0001002948,9i6uu13i@oksbi,8752282f-7ab,hy8nbiqu@axl,294c42d1-181,106204,2024-03-15T22:18:41,Kerala,Kerala,PNB,PNB,0,clean
1b89798d-476d-4c,UPI0001001784,t9t11php@okaxis,cdc97255-ace,5ll1d9s9@okaxis,4e8e9973-82f,137273,2024-03-17T16:27:30,West Bengal,Gujarat,ICICI,PNB,0,clean
11f1859a-0ace-40,UPI0001000158,8e9rivh6@icici,ab4ef148-113,p7r1m264@ibl,61dacc37-3af,95545,2024-03-16T04:22:28,Karnataka,Kerala,ICICI,Axis,0,clean
cb913071-151f-4b,UPI0001000114,dn5gjj8m@oksbi,daefad95-27b,1yjfe8ud@icici,54c54ed4-726,116395,2024-03-17T06:14:07,Kerala,Maharashtra,Axis,ICICI,0,clean
65886ada-3ca4-46,UPI0001002168,xb94pdzp@ibl,1f77595a-0f7,tjlmz04x@okaxis,2bd5d145-db0,135959,2024-03-18T00:41:57,Telangana,Kerala,ICICI,Axis,0,clean
1b86c516-475b-48,UPI0001003941,j3bqrr87@okaxis,f8adb759-ff2,sb5iqnf7@ybl,ffdb076f-e40,89819,2024-03-16T14:51:33,Gujarat,Gujarat,Axis,Kotak,0,clean
259e9c61-9fc5-47,UPI0001001580,w6m7b5c8@paytm,6ac34a96-9d8,u7u6n7hv@okaxis,1c4fe2d7-dac,186362,2024-03-17T03:44:04,Gujarat,Tamil Nadu,PNB,SBI,0,clean
8c9eb732-2b6d-4d,UPI0001003163,a04ux5qr@upi,8029a269-faa,qfwwxr5r@ibl,26cdf408-d84,78296,2024-03-16T14:26:50,West Bengal,Maharashtra,Kotak,ICICI,0,clean
058a5d3d-94af-42,UPI0001003312,u8el5015@apl,c881ee60-b74,h61iaoim@ybl,e6db924d-173,48137,2024-03-16T01:24:59,Tamil Nadu,West Bengal,Axis,ICICI,0,clean
239a61bf-a892-46,UPI0001000223,mxb9yo18@apl,59117312-cf3,vn1x2gdg@paytm,b8323e22-9c7,114792,2024-03-16T12:01:40,Gujarat,West Bengal,SBI,Axis,0,clean
196bc143-1d82-4a,UPI0001000761,ybisbo55@paytm,0adcc0b2-719,tuw9ohtu@oksbi,16e55977-f2b,126969,2024-03-17T00:27:09,Kerala,West Bengal,ICICI,ICICI,0,clean
2a55aba7-7f7e-40,UPI0001000443,u9n79gil@upi,388edc83-947,h8uzb7kr@oksbi,0dcc2242-7f7,189252,2024-03-16T03:18:08,Karnataka,Karnataka,Kotak,SBI,0,clean
db2455b1-238c-48,UPI0001003090,0q0mftg6@ybl,1c02f161-954,8k06moxs@oksbi,116067d7-992,64454,2024-03-15T21:07:32,Gujarat,Kerala,Kotak,HDFC,0,clean
89306444-b0ff-4a,UPI0001001012,z6us7rp4@ibl,a8bc7367-673,9t199dxj@ybl,95e891ca-aea,56446,2024-03-15T16:43:55,Karnataka,West Bengal,Kotak,BOB,0,clean
96866668-6ded-43,UPI0001003997,d8wj0uun@apl,5a53f848-ec8,d6357oon@apl,5cbf8094-1fa,100985,2024-03-15T16:40:36,Maharashtra,Telangana,ICICI,SBI,0,clean
a7c48e4f-d9bc-41,UPI0001004580,9yecazrp@oksbi,388259e0-08a,1oxrwk8r@apl,0051a9ea-fd9,170415,2024-03-17T04:24:03,Maharashtra,Karnataka,SBI,ICICI,0,clean
77333a4a-fc71-4b,UPI0001000745,stn3cpud@axl,4a22d1fb-5bc,6befflzm@icici,db593e75-f7b,28440,2024-03-17T12:30:34,Tamil Nadu,Kerala,Axis,ICICI,0,clean
c049da62-bebc-4c,UPI0001000843,9ku8s63e@apl,c9b6fdb8-698,2wgxo05q@apl,c1eb9500-3af,78955,2024-03-17T08:57:57,Maharashtra,Karnataka,SBI,Axis,0,clean
ffabe1f1-1b17-46,UPI0001002574,2wbxanj4@upi,bfa5558d-959,tuw9ohtu@oksbi,16e55977-f2b,16629,2024-03-17T05:32:18,Karnataka,West Bengal,BOB,ICICI,0,clean
de45809c-46f6-47,UPI0001001769,uu4ytn02@ibl,0dc94cab-d16,rw6tm2o0@icici,7b3b2f4a-e30,49342,2024-03-16T18:51:51,Karnataka,Karnataka,Kotak,ICICI,0,clean
834c680e-0c39-47,UPI0001004152,jdm5fc79@upi,a083e671-4cd,al8m1g9f@paytm,f6b9e535-824,57915,2024-03-16T20:52:27,Maharashtra,Maharashtra,Kotak,BOB,0,clean
37b0d138-2df9-4f,UPI0001003954,wjeyub19@icici,2328b533-d95,khzlm72j@ibl,d5592af3-889,175908,2024-03-16T23:42:51,Karnataka,West Bengal,Axis,Kotak,0,clean
dc412435-64c6-4b,UPI0001003781,gspk9p38@axl,b85df010-58f,mx9djoyo@okaxis,bb266567-4bb,181416,2024-03-18T02:14:37,West Bengal,Tamil Nadu,ICICI,Kotak,0,clean
a37a87ce-e120-4c,UPI0001000197,7w7jp61l@oksbi,7f32ed98-3eb,td44k1j6@oksbi,e33499ff-738,100804,2024-03-17T03:39:19,Gujarat,Maharashtra,BOB,BOB,0,clean
5e3631a2-6310-42,UPI0001003688,qkojtpv6@upi,9097f736-c0b,kmy9x8sy@upi,3a2ea2b9-ebe,154520,2024-03-15T14:14:02,Tamil Nadu,Gujarat,Kotak,PNB,0,clean
d297392c-ff63-49,UPI0001002038,0kgazu41@ybl,deda1626-f82,vn1x2gdg@paytm,b8323e22-9c7,175032,2024-03-15T17:52:06,Maharashtra,West Bengal,HDFC,Axis,0,clean
f8ac915f-1733-4c,UPI0001001043,s5nkb4eh@apl,7ed57be9-1ec,nfnvuprt@oksbi,1afaa772-d85,30515,2024-03-16T12:24:30,Karnataka,Karnataka,Kotak,Kotak,0,clean
0644f0f4-2dcc-4f,UPI0001003373,4vssrura@upi,955c4234-bff,n7s55j2o@icici,0c084f0a-36d,170304,2024-03-16T01:04:03,Gujarat,Karnataka,PNB,ICICI,0,clean
d86a75ae-a8ab-45,UPI0001004452,78imoe0s@okaxis,0248c411-18c,sic43olf@ybl,9553f767-1f2,186115,2024-03-16T22:23:38,Tamil Nadu,Karnataka,Axis,PNB,0,clean
1426fefa-777e-4d,UPI0001004673,os6zle6k@okaxis,eafa0ae5-1d9,bbk7w1da@paytm,4f51dace-926,8759,2024-03-17T02:44:55,Karnataka,Maharashtra,HDFC,Axis,0,clean
f842cfbb-6c66-48,UPI0001004678,xie0rnuj@paytm,7c49cd93-294,ch8jwwdx@oksbi,b6a72442-d1f,151462,2024-03-15T22:42:14,Maharashtra,West Bengal,PNB,HDFC,0,clean
e2b57ee6-61e3-4c,UPI0001002651,udojen0j@apl,f8265746-bc4,x4sn6sm5@axl,b28fc016-34a,180244,2024-03-16T05:19:12,West Bengal,Kerala,BOB,BOB,0,clean
b4de93d7-c9f6-4e,UPI0001000389,m92h3tv3@okaxis,56581c10-823,grf1hx6z@ibl,40f8aee9-d31,28258,2024-03-16T00:22:35,West Bengal,Telangana,ICICI,SBI,0,clean
f1bafe47-3f81-42,UPI0001001797,0ljch2vf@oksbi,cab331dd-0d9,x9l8lpqw@paytm,879bbcd2-e77,18955,2024-03-17T06:26:17,West Bengal,Kerala,Axis,Kotak,0,clean
d66bbd24-f031-49,UPI0001004326,8e9rivh6@icici,ab4ef148-113,xb94pdzp@ibl,1f77595a-0f7,141946,2024-03-16T21:31:48,Karnataka,Telangana,ICICI,ICICI,0,clean
8eab4186-9869-4a,UPI0001003880,w7kyhqin@upi,79bd47f7-d48,5p5nvqeb@ibl,ba39ac93-7b7,30959,2024-03-17T15:34:40,Telangana,Gujarat,Kotak,Axis,0,clean
246c82f9-a494-4b,UPI0001001184,9rr7s20c@oksbi,5df013ac-e29,ppohswq4@ybl,27cf6e96-b10,36070,2024-03-17T16:05:12,Maharashtra,Tamil Nadu,Kotak,PNB,0,clean
1c6d998f-4e2f-41,UPI0001001397,aiy4va13@ybl,143b620b-637,2g05kbkv@upi,95960706-af3,127772,2024-03-16T14:51:40,Maharashtra,Telangana,BOB,ICICI,0,clean
20c05a03-64cd-44,UPI0001001004,jiys2n75@ybl,ab332325-6cf,6xlpu0dk@apl,2966c875-264,91971,2024-03-17T21:59:41,Tamil Nadu,Tamil Nadu,PNB,HDFC,0,clean
5612bfa1-4160-46,UPI0001002890,iwg0odwm@axl,b06871d7-817,lq5v4ftq@paytm,15386809-9f2,135289,2024-03-16T01:32:13,Gujarat,Maharashtra,PNB,Kotak,0,clean
447f2b20-f081-45,UPI0001002860,rlf8a9ke@axl,0a10972f-813,lq5v4ftq@paytm,15386809-9f2,74436,2024-03-16T08:36:05,Kerala,Maharashtra,PNB,Kotak,0,clean
18930144-72ac-4e,UPI0001000951,yeqahths@paytm,38d6e582-cd0,ch8jwwdx@oksbi,b6a72442-d1f,15144,2024-03-16T03:37:44,Maharashtra,West Bengal,Kotak,HDFC,0,clean
729e28ff-e4c0-43,UPI0001000970,moge4qxx@ybl,686a9e6d-c61,nn8ztv05@ibl,b38f2bd8-1fb,20897,2024-03-17T09:08:49,Gujarat,Karnataka,SBI,BOB,0,clean
f8d34521-e28a-48,UPI0001001412,myr06nkw@oksbi,9b3bd143-106,d9fkxzuu@axl,1433fde1-1dd,71278,2024-03-15T20:34:04,Maharashtra,Tamil Nadu,BOB,PNB,0,clean
6eb22632-a466-4e,UPI0001002430,8gl2zxjm@upi,dc036929-eff,vqy5ibpt@ybl,6254431b-8f0,26828,2024-03-17T14:18:59,Maharashtra,Tamil Nadu,Axis,HDFC,0,clean
31be8872-6802-4e,UPI0001003766,xtnsrtwl@upi,320db857-eb5,w7kyhqin@upi,79bd47f7-d48,199089,2024-03-17T12:23:53,Tamil Nadu,Telangana,SBI,Kotak,0,clean
4056bd5f-17b5-43,UPI0001004262,nfnvuprt@oksbi,1afaa772-d85,o83rlkte@axl,d9bc569f-b59,122028,2024-03-18T05:56:18,Karnataka,Kerala,Kotak,BOB,0,clean
9f238ba9-e830-4d,UPI0001004081,7dia5u6h@ibl,cc9a4f84-3ff,g25cfzfd@icici,ad809e95-47e,98116,2024-03-16T16:16:25,Gujarat,Gujarat,PNB,BOB,0,clean
ebbddfcf-52d5-45,UPI0001004122,wwnc21o0@upi,0d6872fa-a63,aji0y6dp@ybl,db6e078e-7f2,69254,2024-03-17T06:22:53,Kerala,Tamil Nadu,Axis,SBI,0,clean
d177b1d3-ae15-4e,UPI0001002809,8gl2zxjm@upi,dc036929-eff,f5gcl9lc@axl,07d8fa8c-cff,63700,2024-03-15T23:55:03,Maharashtra,Telangana,Axis,ICICI,0,clean
981f8824-bff4-4c,UPI0001002214,sygjjfgj@paytm,333e6ba7-55b,7w7jp61l@oksbi,7f32ed98-3eb,80807,2024-03-16T11:22:21,Kerala,Gujarat,Axis,BOB,0,clean
03ab3de9-66f2-43,UPI0001002875,ppsfnkom@ybl,ac7006a0-31d,rdihsa7h@oksbi,ecf41fd7-09b,61004,2024-03-18T10:01:17,Gujarat,Karnataka,BOB,ICICI,0,clean
7dd428c3-29c1-48,UPI0001000835,mix7ib5n@ibl,4590ba2b-076,ve3dzeed@okaxis,e8f965a5-a64,103685,2024-03-16T14:29:19,Gujarat,Kerala,Axis,Kotak,0,clean
807b039f-5f05-4b,UPI0001002366,0kgazu41@ybl,deda1626-f82,d9fkxzuu@axl,1433fde1-1dd,88201,2024-03-16T04:32:56,Maharashtra,Tamil Nadu,HDFC,PNB,0,clean
45b051ac-8475-40,UPI0001002204,ph6fe0mp@oksbi,a9ee26ae-49a,xf7kzorq@axl,8a77df8c-2c4,147742,2024-03-15T21:15:57,Gujarat,Tamil Nadu,HDFC,Kotak,0,clean
10bea905-defe-4b,UPI0001001639,mcqbnkx9@ibl,8afc3470-686,ywp0rxxf@icici,536cc49c-7b9,131859,2024-03-17T03:03:23,Tamil Nadu,Kerala,Kotak,Kotak,0,clean
ea8edcb2-058f-47,UPI0001002960,zbcgjc36@apl,a45a1f06-4cb,jcitfoyq@ybl,56227fb1-a5a,159030,2024-03-17T16:14:40,Telangana,Karnataka,Axis,HDFC,0,clean
8e27777a-3cac-48,UPI0001001230,sdnai89y@icici,66c63394-70b,w7kyhqin@upi,79bd47f7-d48,131423,2024-03-17T22:50:48,Telangana,Telangana,HDFC,Kotak,0,clean
0328aa33-7423-44,UPI0001004460,b6bndoz6@axl,13339c2c-6a6,nn8ztv05@ibl,b38f2bd8-1fb,86888,2024-03-16T23:05:59,Karnataka,Karnataka,Kotak,BOB,0,clean
4296bcb5-193b-42,UPI0001000027,fazz81sd@paytm,4e1490f5-c9d,pseimvih@ibl,c6d317fa-e88,91683,2024-03-15T10:33:10,Rajasthan,Delhi,BOB,PNB,1,L1→L2
0ea5bf56-452f-4a,UPI0001003945,gspk9p38@axl,b85df010-58f,8qqvaecw@okaxis,6ba34083-55e,59927,2024-03-17T21:37:26,West Bengal,Maharashtra,ICICI,PNB,0,clean
a1230633-adfd-41,UPI0001002064,gu3obygh@oksbi,b3e30a41-88d,je2ab2rv@upi,8cc02af2-3b1,39196,2024-03-17T20:10:24,Tamil Nadu,West Bengal,ICICI,BOB,0,clean
fc032d60-f479-45,UPI0001004708,ej31gymd@upi,213b8037-53d,9mda9oek@upi,3941c113-d9b,59378,2024-03-17T03:47:13,Telangana,Gujarat,HDFC,Kotak,0,clean
edb5146e-91dc-4e,UPI0001004700,hiuit7m1@axl,ac812895-0f0,fuu5f07b@axl,d7955ac1-ec5,61664,2024-03-17T05:43:35,Karnataka,Telangana,PNB,HDFC,0,clean
359f0d5f-9814-4a,UPI0001000905,ev361xsn@ybl,253a3b26-f4f,nfnvuprt@oksbi,1afaa772-d85,171896,2024-03-16T19:25:40,Gujarat,Karnataka,PNB,Kotak,0,clean
dab428a6-4c23-4c,UPI0001000464,0lthy25m@oksbi,3c04574b-b03,snwywrra@icici,2981fe0d-fe0,68115,2024-03-17T11:22:57,Kerala,Karnataka,ICICI,Axis,0,clean
d995b86a-15bf-46,UPI0001000347,8ra484nl@paytm,bb2eba83-a1c,0ljch2vf@oksbi,cab331dd-0d9,199035,2024-03-17T20:09:51,Gujarat,West Bengal,Axis,Axis,0,clean
63cc6a58-82e3-4f,UPI0001001264,i7kq1uym@axl,bdef7217-228,rkmby9ip@ybl,f5ed200a-714,51925,2024-03-18T07:08:55,West Bengal,Maharashtra,BOB,HDFC,0,clean
f5ca2c5f-0dfa-4c,UPI0001002770,52sq3b9s@apl,ec8fbf62-67f,ifrml29q@ybl,7e962fc5-e68,91809,2024-03-17T13:40:56,Gujarat,Tamil Nadu,PNB,ICICI,0,clean
145adde5-558c-41,UPI0001004520,nbhds26f@upi,6cb62eb2-7f2,gq9cvah7@apl,9226d90b-2a1,193913,2024-03-16T21:28:43,Tamil Nadu,Gujarat,Axis,Kotak,0,clean
ebe7489f-a0ce-4a,UPI0001003817,811kerpe@icici,c1a2cc6d-cfd,ng2igsb9@oksbi,b7684321-a5d,192538,2024-03-15T13:07:17,Maharashtra,Telangana,PNB,Kotak,0,clean
47bb2711-e419-4e,UPI0001001894,oi0e0vgn@ybl,f2b82c08-c17,i9kqdgbk@upi,feaf9f0b-cd9,184579,2024-03-18T07:03:25,West Bengal,Gujarat,Axis,Axis,0,clean
a4d24f35-3ee8-46,UPI0001002335,ufm8zov7@paytm,713db7ca-950,uu4ytn02@ibl,0dc94cab-d16,42231,2024-03-17T04:07:24,Tamil Nadu,Karnataka,Kotak,Kotak,0,clean
9ed066e4-59ec-4f,UPI0001003630,ve3dzeed@okaxis,e8f965a5-a64,qkojtpv6@upi,9097f736-c0b,132267,2024-03-18T00:28:46,Kerala,Tamil Nadu,Kotak,Kotak,0,clean
e19a6509-7bbe-4f,UPI0001001790,bfh024kw@paytm,4c7b95ce-541,xivzk7a4@paytm,4fddfea1-8cf,102998,2024-03-16T10:45:53,Gujarat,Maharashtra,PNB,HDFC,0,clean
0de5fd93-f679-40,UPI0001002307,jtb9xxay@apl,893cdd77-540,qjqijc1y@ibl,55a726c6-908,18139,2024-03-16T06:29:52,Gujarat,Karnataka,Axis,PNB,0,clean
e5ccebbd-bb3c-46,UPI0001001633,i4fqcoot@apl,69d84931-b15,u9n79gil@upi,388edc83-947,187429,2024-03-17T19:13:18,West Bengal,Karnataka,HDFC,Kotak,0,clean
7710eea2-64b1-4f,UPI0001000852,myr06nkw@oksbi,9b3bd143-106,lzse99f7@oksbi,ce4481c5-154,102434,2024-03-16T02:37:06,Maharashtra,Karnataka,BOB,ICICI,0,clean
05faa82a-5f41-43,UPI0001002125,h8uzb7kr@oksbi,0dcc2242-7f7,52sq3b9s@apl,ec8fbf62-67f,114622,2024-03-18T10:14:31,Karnataka,Gujarat,SBI,PNB,0,clean
4de23820-ea8d-47,UPI0001001202,5a5piskf@oksbi,2c0c791b-29d,zbcgjc36@apl,a45a1f06-4cb,41073,2024-03-17T01:10:19,Telangana,Telangana,ICICI,Axis,0,clean
aaf01ffb-870a-44,UPI0001002196,q57te8tv@axl,fbac67aa-dd8,rid3dnkn@oksbi,b8fa8960-47b,164503,2024-03-17T08:44:52,Telangana,Karnataka,PNB,PNB,0,clean
eb6c5fe5-e08a-47,UPI0001002642,j6txfo6v@paytm,8e5cd165-8cb,qvs8a0tp@axl,964a35db-404,95344,2024-03-16T18:27:33,Kerala,Telangana,HDFC,Kotak,0,clean
2d7ee33a-434d-4b,UPI0001003661,jng7l4lr@ibl,01fe3c1a-6f8,qkojtpv6@upi,9097f736-c0b,139198,2024-03-15T16:53:19,Kerala,Tamil Nadu,Axis,Kotak,0,clean
5d251fe3-6a0a-45,UPI0001000862,93wxa73j@oksbi,dd8493a4-c29,la100qxm@ibl,b9b04561-3db,10557,2024-03-16T21:42:59,Kerala,Telangana,ICICI,BOB,0,clean
f8921845-9cad-46,UPI0001000222,rlf8a9ke@axl,0a10972f-813,fuu5f07b@axl,d7955ac1-ec5,89508,2024-03-16T08:09:19,Kerala,Telangana,PNB,HDFC,0,clean
cbc05e65-fdae-41,UPI0001003344,jeget1gh@axl,f0c058e9-79c,gm25len6@axl,0b265512-1b8,32382,2024-03-16T11:54:39,Maharashtra,Gujarat,ICICI,Axis,0,clean
5e41121e-1b7c-4e,UPI0001003412,lcxlvpym@ybl,f3fd02cd-2f8,xorzpgu2@okaxis,150b1c69-9d5,91610,2024-03-17T17:14:02,Maharashtra,Kerala,PNB,ICICI,0,clean
9da25e33-8129-45,UPI0001000793,s5nkb4eh@apl,7ed57be9-1ec,sehe2atn@icici,d6c059ff-a09,155632,2024-03-17T07:47:08,Karnataka,Maharashtra,Kotak,HDFC,0,clean
0c7ae8a6-e0fb-42,UPI0001001023,xoq2vpgs@icici,3e35461b-eca,z2t4h20r@ybl,d41e17b8-b9f,195230,2024-03-17T02:30:09,Karnataka,Tamil Nadu,BOB,HDFC,0,clean
ecc824ca-c5a1-4e,UPI0001003583,1ieixwc4@axl,078dcd14-8a1,c2ihoy7d@paytm,e4f996dd-100,193745,2024-03-15T19:03:30,Tamil Nadu,Tamil Nadu,Kotak,BOB,0,clean
b08fd503-6099-42,UPI0001000086,f0onjpi1@paytm,f1306f21-cef,w6m7b5c8@paytm,6ac34a96-9d8,84507,2024-03-17T08:27:17,Karnataka,Gujarat,ICICI,PNB,0,clean
401e2b31-5bcf-43,UPI0001000334,vt997e4u@upi,6ffdcb98-a38,k0ucc1m3@apl,18efcd83-447,97030,2024-03-16T09:57:40,Gujarat,Gujarat,Kotak,BOB,0,clean
65467ced-e0a8-47,UPI0001002775,7zeoqgvz@okaxis,f7e163d4-403,xlez896d@apl,1f77ec31-a37,36733,2024-03-18T02:15:21,Kerala,Telangana,Axis,Kotak,0,clean
6eb21c2a-160f-43,UPI0001004456,ph6fe0mp@oksbi,a9ee26ae-49a,rkmby9ip@ybl,f5ed200a-714,114930,2024-03-16T23:43:08,Gujarat,Maharashtra,HDFC,HDFC,0,clean
04c66f53-e07c-4a,UPI0001003195,l3zyt91q@oksbi,8cf20348-4b6,1sdieqfb@apl,98401e57-609,175199,2024-03-15T18:33:00,Maharashtra,Karnataka,SBI,BOB,0,clean
010541f1-5961-4b,UPI0001001487,iiji44m2@ibl,333ff240-187,2qc6dr08@ibl,edc4c65a-097,96511,2024-03-18T04:30:42,Karnataka,West Bengal,SBI,PNB,0,clean
362d4634-79b5-46,UPI0001003069,q8ghgbcy@okaxis,d3047a7e-914,0w064w3u@okaxis,815a78a7-e61,67466,2024-03-18T07:17:24,West Bengal,Maharashtra,BOB,SBI,0,clean
4603154b-a684-47,UPI0001002374,uuxk0are@ibl,7992b6ba-0fd,hzn4kgeu@okaxis,10818e5f-69f,10835,2024-03-17T21:16:37,Telangana,Telangana,BOB,BOB,0,clean
0c137358-40da-46,UPI0001001132,0lthy25m@oksbi,3c04574b-b03,9boq0iq2@oksbi,45a62da6-105,49528,2024-03-16T20:31:30,Kerala,West Bengal,ICICI,SBI,0,clean
84a8a01b-7345-44,UPI0001001841,60plozjc@upi,d72284a1-243,5x8a5fbu@apl,a870d6ed-72c,57114,2024-03-16T04:30:18,West Bengal,West Bengal,SBI,Kotak,0,clean
55b9f843-5ceb-41,UPI0001000515,8e9rivh6@icici,ab4ef148-113,e9vifttd@ibl,afcf7781-db7,164600,2024-03-15T22:31:30,Karnataka,Telangana,ICICI,Axis,0,clean
51307bc2-ce2a-4a,UPI0001004560,ulzfy981@icici,71106fca-bed,u7fbmenu@okaxis,2b0e6e2e-1f6,7460,2024-03-18T00:30:58,Kerala,Kerala,SBI,ICICI,0,clean
84c6481e-3c8e-42,UPI0001001819,9ln1p0vu@okaxis,a408bd71-981,gh2m5zja@okaxis,835cb61e-36d,191618,2024-03-17T21:24:57,Kerala,Maharashtra,Axis,SBI,0,clean
f74d5371-7696-4c,UPI0001002970,rdihsa7h@oksbi,ecf41fd7-09b,hv1xg1r1@axl,3f7eef17-fe8,197866,2024-03-18T05:58:38,Karnataka,Maharashtra,ICICI,PNB,0,clean
3ef07139-0578-47,UPI0001000237,rlf8a9ke@axl,0a10972f-813,9i6uu13i@oksbi,8752282f-7ab,114634,2024-03-17T14:50:55,Kerala,Kerala,PNB,PNB,0,clean
8c0decc5-aeb0-43,UPI0001001169,jfvyb6li@axl,93910c55-ea9,adf7pchc@ybl,abb0956f-413,90487,2024-03-16T01:57:50,Karnataka,Gujarat,ICICI,PNB,0,clean
667de44c-cf48-41,UPI0001001212,wr7mkgxu@paytm,f8967d89-388,9rr7s20c@oksbi,5df013ac-e29,125322,2024-03-17T23:48:18,Kerala,Maharashtra,SBI,Kotak,0,clean
df138455-eea3-41,UPI0001001292,lfzkicwm@axl,de2ef3f1-ab7,5s4tl0th@okaxis,b194fbf8-08e,198281,2024-03-17T06:29:53,Kerala,Gujarat,SBI,Kotak,0,clean
bdb661c6-f7be-46,UPI0001002033,tuw6taq6@upi,409c06a8-91d,ezqacj4t@icici,8eb3737e-59f,57383,2024-03-15T22:31:25,Gujarat,West Bengal,Axis,Axis,0,clean
751f9d20-6d82-49,UPI0001004086,239moft6@axl,0f7c79b6-edf,erxdouad@paytm,3396a1f3-654,42007,2024-03-18T07:27:17,Karnataka,Maharashtra,ICICI,Kotak,0,clean
f1d8dfcd-03b4-46,UPI0001002633,t7txkdot@axl,b3d818db-f57,hk2lslay@upi,ff015559-481,81658,2024-03-18T11:09:50,Gujarat,Gujarat,HDFC,Axis,0,clean
3569e09e-641c-4f,UPI0001000522,eaxylnfx@paytm,17fca863-f60,xf7kzorq@axl,8a77df8c-2c4,33932,2024-03-15T18:28:51,Kerala,Tamil Nadu,ICICI,Kotak,0,clean
dc86a4a9-044c-44,UPI0001000563,ad7x48wz@ibl,f694d29f-aad,bjlzy1uu@upi,382cfba4-cfb,128685,2024-03-16T13:16:05,Tamil Nadu,Telangana,SBI,Kotak,0,clean
38f21450-7198-41,UPI0001002126,szjnvc7h@axl,e08eea9e-3fa,1sdieqfb@apl,98401e57-609,188082,2024-03-15T16:48:23,Telangana,Karnataka,BOB,BOB,0,clean
17646b86-42ef-4b,UPI0001002577,53sflse4@ybl,35771e25-0a2,khzlm72j@ibl,d5592af3-889,154410,2024-03-17T03:26:45,Kerala,West Bengal,HDFC,Kotak,0,clean
e9491712-9046-4d,UPI0001002593,uflsehud@icici,168777e2-a06,x1gm32wp@okaxis,56954669-560,156756,2024-03-16T02:16:58,Karnataka,Kerala,Axis,HDFC,0,clean
14187e40-ce24-4f,UPI0001001490,ftu2gc5w@okaxis,5b67e48a-456,gyw6zbnz@axl,9552ed81-97b,116734,2024-03-15T15:47:38,Telangana,Karnataka,Axis,Kotak,0,clean
059b1fb0-5e45-45,UPI0001004544,tqlgzui1@ybl,109f1976-af5,2lhgcsot@ibl,f3952d16-235,117198,2024-03-17T16:01:20,West Bengal,Tamil Nadu,ICICI,ICICI,0,clean
ad8c3d4d-52f1-4c,UPI0001002059,k0ucc1m3@apl,18efcd83-447,bfh024kw@paytm,4c7b95ce-541,49834,2024-03-16T01:48:46,Gujarat,Gujarat,BOB,PNB,0,clean
606fa824-5dc0-40,UPI0001001357,p3jpxgh3@axl,c8b30791-50e,nmeoq4yr@apl,3730892d-042,133728,2024-03-17T16:48:20,Gujarat,Tamil Nadu,BOB,PNB,0,clean
a960c772-06d4-4c,UPI0001002465,jluujmiy@axl,77509db0-051,78imoe0s@okaxis,0248c411-18c,125499,2024-03-17T11:47:10,West Bengal,Tamil Nadu,ICICI,Axis,0,clean
b8f183fd-010f-43,UPI0001001332,9iy4x41d@apl,e541dc70-08b,z2sf6f7l@apl,f4ac893c-cd3,95386,2024-03-16T15:59:20,Karnataka,Karnataka,Axis,Kotak,0,clean
fce0e916-3058-4e,UPI0001000141,t6om1fb8@ibl,593dec67-5f5,2lhgcsot@ibl,f3952d16-235,180307,2024-03-17T23:14:52,Gujarat,Tamil Nadu,ICICI,ICICI,0,clean
09b86684-402e-4b,UPI0001000912,bbrnu8c0@icici,94acc6b0-f97,dn5gjj8m@oksbi,daefad95-27b,47792,2024-03-16T22:31:19,Maharashtra,Kerala,BOB,Axis,0,clean
7ce9181f-87c4-4e,UPI0001000254,12ii826g@axl,2a541c5a-adb,y4lmct64@oksbi,c2a29e5d-a8f,72470,2024-03-17T18:56:16,Maharashtra,West Bengal,Axis,BOB,0,clean
b59dd6e4-5b3e-44,UPI0001003064,wsozctwj@paytm,06c76465-950,aiy4va13@ybl,143b620b-637,139891,2024-03-16T13:22:34,Maharashtra,Maharashtra,SBI,BOB,0,clean
0ae938cd-10c2-43,UPI0001001074,myr06nkw@oksbi,9b3bd143-106,1zxyvgiu@okaxis,855b24d8-016,32375,2024-03-16T11:08:01,Maharashtra,Gujarat,BOB,ICICI,0,clean
31b4162a-23c0-40,UPI0001001864,7w7jp61l@oksbi,7f32ed98-3eb,kmy9x8sy@upi,3a2ea2b9-ebe,14386,2024-03-17T08:07:07,Gujarat,Gujarat,BOB,PNB,0,clean
a554ad8f-2e85-4b,UPI0001003285,1zxyvgiu@okaxis,855b24d8-016,sehe2atn@icici,d6c059ff-a09,108224,2024-03-16T04:28:53,Gujarat,Maharashtra,ICICI,HDFC,0,clean
1989286a-483b-47,UPI0001000179,m92h3tv3@okaxis,56581c10-823,jfvyb6li@axl,93910c55-ea9,36128,2024-03-18T02:18:23,West Bengal,Karnataka,ICICI,ICICI,0,clean
8b761626-52f5-46,UPI0001000283,wtg1m8xf@ibl,34f68cde-274,nmkza3oa@ybl,e74929a0-019,96948,2024-03-16T08:06:07,Kerala,Karnataka,HDFC,Kotak,0,clean
a68e8b98-4bdb-4a,UPI0001002241,3o0llj8y@axl,1c00950a-235,et8t63j3@axl,e4ac4b23-0d3,65038,2024-03-17T14:44:15,Maharashtra,Karnataka,SBI,BOB,0,clean
4c6615e5-9ca1-4f,UPI0001001382,nbhnal3g@ybl,b9a38cd2-91b,kmy9x8sy@upi,3a2ea2b9-ebe,55169,2024-03-16T08:32:26,Telangana,Gujarat,PNB,PNB,0,clean
38fe22d0-71cd-4e,UPI0001000475,aji0y6dp@ybl,db6e078e-7f2,5ixva1nk@ybl,3f9ee135-4b0,122305,2024-03-17T00:11:10,Tamil Nadu,Tamil Nadu,SBI,ICICI,0,clean
c89043d5-ac38-43,UPI0001001703,2wbxanj4@upi,bfa5558d-959,5hcbbmhn@axl,d47e844a-967,16303,2024-03-18T03:53:01,Karnataka,Karnataka,BOB,Kotak,0,clean
0e0aae98-254e-40,UPI0001000145,xzamkygv@apl,32a05e88-18a,ixz2c9ro@icici,9e2471db-695,110473,2024-03-17T07:33:18,Telangana,Maharashtra,BOB,BOB,0,clean
cd121259-067e-43,UPI0001001117,0q0mftg6@ybl,1c02f161-954,7zeoqgvz@okaxis,f7e163d4-403,39297,2024-03-17T15:10:28,Gujarat,Kerala,Kotak,Axis,0,clean
56c0a2ba-4e73-4d,UPI0001000406,iiji44m2@ibl,333ff240-187,x7pwo6cm@upi,2500e1a0-89a,82733,2024-03-17T06:30:52,Karnataka,Karnataka,SBI,ICICI,0,clean
c452a313-1be2-43,UPI0001001286,ymk99jcj@apl,c716a5a8-fe4,jeget1gh@axl,f0c058e9-79c,71357,2024-03-16T22:07:24,Maharashtra,Maharashtra,BOB,ICICI,0,clean
5da70c93-12f6-44,UPI0001001591,jtb9xxay@apl,893cdd77-540,04cdpqvl@oksbi,35f93717-d6d,109392,2024-03-15T13:18:18,Gujarat,Telangana,Axis,SBI,0,clean
6ea4a3fa-1baa-4b,UPI0001000587,ywp0rxxf@icici,536cc49c-7b9,q1s05wnw@upi,8ed524ee-6d2,145364,2024-03-17T22:16:52,Kerala,Maharashtra,Kotak,PNB,0,clean
5d96fa15-dff7-48,UPI0001001867,rkmby9ip@ybl,f5ed200a-714,k12v2tg5@apl,3903da2e-a66,47513,2024-03-16T09:31:41,Maharashtra,Telangana,HDFC,Axis,0,clean
af5b1eb5-e494-47,UPI0001001826,ymk99jcj@apl,c716a5a8-fe4,aacosym0@paytm,7cd0e4eb-ec5,60156,2024-03-17T03:23:19,Maharashtra,Kerala,BOB,HDFC,0,clean
50f3aa72-7196-44,UPI0001004205,6wpx2cyo@icici,8e6b6450-5a7,9ryllwb7@icici,786ee19f-951,61679,2024-03-17T21:35:29,West Bengal,Gujarat,BOB,SBI,0,clean
d44f062c-14e7-4f,UPI0001001600,ac6pe63l@ybl,fe6486c9-5e6,ceouuyla@paytm,c8d44d0a-2c5,118322,2024-03-16T07:29:55,Tamil Nadu,West Bengal,Axis,BOB,0,clean
b736c043-bd26-46,UPI0001002462,rq9nz612@okaxis,1b4f813a-e5e,kns832ej@axl,1d7f27e2-928,112213,2024-03-15T12:00:50,Karnataka,West Bengal,BOB,BOB,0,clean
aa93cee6-bba9-4b,UPI0001004555,d6357oon@apl,5cbf8094-1fa,m2vajepe@ibl,242b4c68-da5,166069,2024-03-15T14:10:54,Telangana,Tamil Nadu,SBI,Axis,0,clean
328f8ec3-1da6-47,UPI0001002796,w7kyhqin@upi,79bd47f7-d48,yc3rwqmm@icici,8b3a52b5-76e,35555,2024-03-16T11:23:04,Telangana,Tamil Nadu,Kotak,Kotak,0,clean
88c35de2-653a-4a,UPI0001002499,a2m0w10l@ybl,956dfb24-447,gyw6zbnz@axl,9552ed81-97b,41644,2024-03-16T16:17:02,Gujarat,Karnataka,ICICI,Kotak,0,clean
806b7583-a5a4-43,UPI0001002184,h61iaoim@ybl,e6db924d-173,q1rdxck3@icici,ca1e97cd-4e6,143609,2024-03-17T10:05:16,West Bengal,Telangana,ICICI,HDFC,0,clean
a7eec9fe-6c07-42,UPI0001003220,yc3rwqmm@icici,8b3a52b5-76e,xtnsrtwl@upi,320db857-eb5,8875,2024-03-15T16:11:57,Tamil Nadu,Tamil Nadu,Kotak,SBI,0,clean
831810eb-5f49-48,UPI0001003585,g25cfzfd@icici,ad809e95-47e,2zbppfo5@upi,c3f5b069-37e,101593,2024-03-15T23:11:02,Gujarat,Maharashtra,BOB,Kotak,0,clean
2e18fa8d-9297-4c,UPI0001003190,dtv25ao2@icici,9e8d1dde-c69,aacosym0@paytm,7cd0e4eb-ec5,172119,2024-03-16T19:58:40,Tamil Nadu,Kerala,HDFC,HDFC,0,clean
4741879b-9582-41,UPI0001003895,x7pwo6cm@upi,2500e1a0-89a,iwg0odwm@axl,b06871d7-817,164581,2024-03-16T13:16:19,Karnataka,Gujarat,ICICI,PNB,0,clean
d1151d33-6752-4e,UPI0001002901,h25llo3r@ybl,61c41a5e-2b8,08j3trp0@paytm,6434509b-398,5069,2024-03-18T10:57:11,Maharashtra,Karnataka,BOB,ICICI,0,clean
54e3d945-b185-41,UPI0001003699,qkojtpv6@upi,9097f736-c0b,td44k1j6@oksbi,e33499ff-738,38106,2024-03-15T19:58:47,Tamil Nadu,Maharashtra,Kotak,BOB,0,clean
b6f2ca39-9731-4b,UPI0001002327,rid3dnkn@oksbi,b8fa8960-47b,x7pwo6cm@upi,2500e1a0-89a,105318,2024-03-17T16:06:21,Karnataka,Karnataka,PNB,ICICI,0,clean
1f63aee9-949f-46,UPI0001003618,vkyrmjlj@paytm,170acc6e-133,ay64yfds@ibl,05351dc8-a9a,146132,2024-03-16T11:25:42,Gujarat,Karnataka,HDFC,ICICI,0,clean
406584c2-6800-41,UPI0001000256,zfhomtzz@oksbi,a65a521d-a01,82kb700u@ybl,dcd27afa-05a,30112,2024-03-17T03:04:27,West Bengal,Maharashtra,Axis,PNB,0,clean
e3f72bbe-7c15-4e,UPI0001002317,jiys2n75@ybl,ab332325-6cf,9boq0iq2@oksbi,45a62da6-105,90346,2024-03-17T10:24:30,Tamil Nadu,West Bengal,PNB,SBI,0,clean
bb233701-1460-4e,UPI0001004699,mb1l6314@ibl,d40c7f91-9fe,ybisbo55@paytm,0adcc0b2-719,71487,2024-03-17T12:57:46,Kerala,Kerala,ICICI,ICICI,0,clean
eb6b38ba-0564-41,UPI0001001917,b7v1w4k2@icici,6a37d574-e6f,j16dvtja@ybl,404bee3c-794,104169,2024-03-15T16:14:49,Karnataka,Karnataka,ICICI,Kotak,0,clean
f8ed138c-cd25-4f,UPI0001002625,ceouuyla@paytm,c8d44d0a-2c5,ay64yfds@ibl,05351dc8-a9a,48152,2024-03-15T13:15:28,West Bengal,Karnataka,BOB,ICICI,0,clean
a3465d7c-f76a-47,UPI0001003010,04cdpqvl@oksbi,35f93717-d6d,jdm5fc79@upi,a083e671-4cd,108099,2024-03-15T16:50:50,Telangana,Maharashtra,SBI,Kotak,0,clean
49120e6c-b71f-44,UPI0001004163,ixntm9tm@axl,2474cb36-956,ge094d6r@axl,323f67af-ede,58269,2024-03-18T00:04:04,Gujarat,West Bengal,ICICI,HDFC,0,clean
a82d51b0-833b-47,UPI0001002239,rflqbmae@apl,a2a8bd54-d6e,6wpx2cyo@icici,8e6b6450-5a7,142506,2024-03-15T12:40:05,Karnataka,West Bengal,Kotak,BOB,0,clean
e06fe447-8b43-46,UPI0001004412,o2m71hss@ybl,6cafa98d-8f3,5cozroou@oksbi,1731ed06-891,50216,2024-03-16T05:14:45,Tamil Nadu,Kerala,SBI,ICICI,0,clean
647e75db-41c8-4b,UPI0001000664,tuw9ohtu@oksbi,16e55977-f2b,7rm6j8y6@axl,36890ab2-d16,58812,2024-03-17T11:03:20,West Bengal,Kerala,ICICI,PNB,0,clean
37a9e85e-901f-4c,UPI0001002270,u7fbmenu@okaxis,2b0e6e2e-1f6,dtm4vxjj@ibl,52136084-c7a,51719,2024-03-15T19:34:49,Kerala,Tamil Nadu,ICICI,ICICI,0,clean
7124f2ce-b203-45,UPI0001004662,kuuhclrr@ibl,9658742d-f26,iiji44m2@ibl,333ff240-187,19401,2024-03-17T09:46:11,West Bengal,Karnataka,Kotak,SBI,0,clean
a604c046-5131-4a,UPI0001001154,1eeurxhw@icici,8f237b1a-04e,uhz1gv0e@oksbi,3097941d-05e,149205,2024-03-17T00:23:14,Telangana,Tamil Nadu,HDFC,ICICI,0,clean
29b7b8e7-e35f-49,UPI0001002879,k7y6qxds@oksbi,368e12fa-90b,yv2stn7e@icici,659a844c-450,139710,2024-03-15T23:51:20,Telangana,Karnataka,BOB,Kotak,0,clean
f1fa140f-599a-4e,UPI0001001951,b7v1w4k2@icici,6a37d574-e6f,w2lm349e@upi,52515f9c-046,55052,2024-03-17T13:56:56,Karnataka,West Bengal,ICICI,Kotak,0,clean
b3aa8220-9774-48,UPI0001001942,r6n92xf8@oksbi,05a7b3f0-2b3,14ve92mp@upi,3be433cf-adf,170595,2024-03-17T23:29:36,Gujarat,Gujarat,Kotak,SBI,0,clean
933cae41-5ba7-49,UPI0001004133,gspk9p38@axl,b85df010-58f,9t199dxj@ybl,95e891ca-aea,114775,2024-03-16T02:55:18,West Bengal,West Bengal,ICICI,BOB,0,clean
b813c7ac-8936-4f,UPI0001001585,x7pwo6cm@upi,2500e1a0-89a,6zpxvpbl@okaxis,aadb54c8-2d0,55717,2024-03-18T07:14:10,Karnataka,Kerala,ICICI,Axis,0,clean
4a29c575-8ccb-4a,UPI0001004780,yv2stn7e@icici,659a844c-450,qjqijc1y@ibl,55a726c6-908,149977,2024-03-16T14:33:01,Karnataka,Karnataka,Kotak,PNB,0,clean
a0f8c9a8-7c08-41,UPI0001003057,5s4tl0th@okaxis,b194fbf8-08e,szjnvc7h@axl,e08eea9e-3fa,60673,2024-03-17T04:16:34,Gujarat,Telangana,Kotak,BOB,0,clean
c0e9e92c-412f-4c,UPI0001002626,1zxyvgiu@okaxis,855b24d8-016,nmby49e7@ibl,68a8ef6f-279,43911,2024-03-17T14:18:38,Gujarat,Kerala,ICICI,Axis,0,clean
7f44588e-f3cb-4b,UPI0001000227,xzamkygv@apl,32a05e88-18a,n7s55j2o@icici,0c084f0a-36d,148985,2024-03-18T06:00:27,Telangana,Karnataka,BOB,ICICI,0,clean
f94d3861-b82d-47,UPI0001000925,n14eb875@paytm,d2688e7f-3c2,6kvpuc8d@okaxis,09e9b54f-d22,27452,2024-03-18T07:48:06,Gujarat,Telangana,SBI,PNB,0,clean
c13f361f-db50-45,UPI0001003869,5p5nvqeb@ibl,ba39ac93-7b7,1bcppvoh@icici,328ed257-23e,70491,2024-03-15T13:21:08,Gujarat,Karnataka,Axis,SBI,0,clean
6780bf4f-c157-42,UPI0001003827,uplvqexu@okaxis,33e404df-c0a,r6k2vmww@oksbi,e85bb9a0-574,45255,2024-03-17T18:04:56,Karnataka,Gujarat,BOB,PNB,0,clean
8140771c-8fa7-4e,UPI0001004675,zzqy72wx@okaxis,5d610321-34c,md270stl@apl,05beb72c-5c8,99532,2024-03-16T04:11:01,Maharashtra,West Bengal,Axis,Axis,0,clean
073b365f-a0c3-4d,UPI0001000306,rlf8a9ke@axl,0a10972f-813,uuxk0are@ibl,7992b6ba-0fd,40153,2024-03-18T10:24:59,Kerala,Telangana,PNB,BOB,0,clean
dd6f0dc5-35b7-49,UPI0001000050,5rdoqivb@paytm,dfee9bf2-48b,iiji44m2@ibl,333ff240-187,117107,2024-03-17T03:56:12,Telangana,Karnataka,Axis,SBI,0,clean
19f7b40c-6eee-41,UPI0001000808,zfhomtzz@oksbi,a65a521d-a01,239moft6@axl,0f7c79b6-edf,74423,2024-03-18T08:47:38,West Bengal,Karnataka,Axis,ICICI,0,clean
cf887a1a-d470-46,UPI0001004043,tjlmz04x@okaxis,2bd5d145-db0,7gu0env5@icici,f2e7fec2-ac8,57905,2024-03-16T14:38:29,Kerala,West Bengal,Axis,Axis,0,clean
2dd385b6-4b11-40,UPI0001003371,w6lqwlvu@upi,dec88820-146,tx63cfl0@paytm,ac541769-490,102634,2024-03-16T18:23:57,Maharashtra,Tamil Nadu,BOB,Axis,0,clean
0f5f4e27-fddf-48,UPI0001001615,ymk99jcj@apl,c716a5a8-fe4,rwzc4xl9@ibl,fa697d18-cd8,42250,2024-03-16T17:59:46,Maharashtra,Kerala,BOB,Kotak,0,clean
5b386c29-615b-4a,UPI0001004110,urvqt3g8@ibl,7b0d2a9d-0f8,sehe2atn@icici,d6c059ff-a09,167655,2024-03-17T03:17:23,Gujarat,Maharashtra,Kotak,HDFC,0,clean
72dcd56e-076a-48,UPI0001001092,md270stl@apl,05beb72c-5c8,uzpeal2w@upi,05950436-fc1,82931,2024-03-16T01:30:20,West Bengal,Telangana,Axis,SBI,0,clean
095a3612-e847-47,UPI0001000965,eyr8lnoe@upi,ae9b4688-14f,c01arxab@apl,a094d57c-0e5,33302,2024-03-16T13:55:39,Telangana,Tamil Nadu,BOB,ICICI,0,clean
03714589-d60f-4e,UPI0001004020,y8fv2bc2@upi,0b17743a-244,d6357oon@apl,5cbf8094-1fa,16133,2024-03-16T08:41:41,Gujarat,Telangana,ICICI,SBI,0,clean
99a4d4ee-e226-4c,UPI0001004585,0v2zp4ju@upi,32db899d-85a,811kerpe@icici,c1a2cc6d-cfd,61349,2024-03-17T01:21:49,Telangana,Maharashtra,HDFC,PNB,0,clean
570ea122-da9c-41,UPI0001004448,ytwbozd1@ybl,9637a7ac-2e7,tuw6taq6@upi,409c06a8-91d,108404,2024-03-15T19:48:36,Tamil Nadu,Gujarat,Kotak,Axis,0,clean
960568b5-fda7-47,UPI0001000800,x9l8lpqw@paytm,879bbcd2-e77,lhlb50at@apl,0232feb6-0e5,114172,2024-03-17T10:31:38,Kerala,West Bengal,Kotak,ICICI,0,clean
ae2f3bba-5bca-4c,UPI0001002903,7oxk8c1g@axl,46b23fe2-5eb,79flv1xx@paytm,dff63398-c9e,156779,2024-03-16T19:01:01,Telangana,Kerala,Axis,PNB,0,clean
123a5cce-37c1-44,UPI0001002543,nmkza3oa@ybl,e74929a0-019,pb8z3v6d@okaxis,080f17ae-0d9,190265,2024-03-18T04:47:33,Karnataka,Gujarat,Kotak,PNB,0,clean
409d3b1c-a181-4c,UPI0001003328,u8el5015@apl,c881ee60-b74,so8w5038@okaxis,0a9225e3-208,171021,2024-03-18T01:33:07,Tamil Nadu,Karnataka,Axis,Axis,0,clean
db738705-85cc-4d,UPI0001001394,n4regb1a@paytm,29d0cf3a-270,n0jbzutr@oksbi,4a3fb95b-e6e,107718,2024-03-15T18:05:49,Gujarat,Gujarat,Axis,Kotak,0,clean
86a08d64-6696-45,UPI0001002373,9qm3p91i@upi,292ebd50-376,u83g47rr@ybl,043e14fa-255,139104,2024-03-16T11:57:49,West Bengal,Gujarat,BOB,PNB,0,clean
02ea73c3-1f32-4f,UPI0001001970,j3bqrr87@okaxis,f8adb759-ff2,y4lmct64@oksbi,c2a29e5d-a8f,81125,2024-03-15T18:53:39,Gujarat,West Bengal,Axis,BOB,0,clean
d810db47-0257-48,UPI0001003763,ifrml29q@ybl,7e962fc5-e68,9iy4x41d@apl,e541dc70-08b,141438,2024-03-17T20:38:54,Tamil Nadu,Karnataka,ICICI,Axis,0,clean
e1ffb380-40d4-45,UPI0001004431,bngz6wmd@axl,de032811-f29,4vssrura@upi,955c4234-bff,56453,2024-03-16T05:41:49,Kerala,Gujarat,PNB,PNB,0,clean
2e325004-87f1-41,UPI0001002076,xcdyk0x6@oksbi,952171cb-bbd,nipar0zj@icici,1e76c35b-bdc,187632,2024-03-16T16:35:48,Gujarat,Telangana,ICICI,Kotak,0,clean
7cdfc996-21fe-41,UPI0001002346,uflsehud@icici,168777e2-a06,1bcppvoh@icici,328ed257-23e,17524,2024-03-17T22:08:54,Karnataka,Karnataka,Axis,SBI,0,clean
fffc05c5-f71f-4a,UPI0001001037,q1rdxck3@icici,ca1e97cd-4e6,ev361xsn@ybl,253a3b26-f4f,178831,2024-03-17T18:10:18,Telangana,Gujarat,HDFC,PNB,0,clean
f0c7ef0a-0ecf-42,UPI0001003031,iymenvg3@paytm,3151edf4-e43,o57p6bkl@ibl,a0f35ea4-53a,51849,2024-03-15T20:41:36,Gujarat,Tamil Nadu,ICICI,Kotak,0,clean
5375b140-0a5b-47,UPI0001000798,bfh024kw@paytm,4c7b95ce-541,a2m0w10l@ybl,956dfb24-447,187787,2024-03-17T10:06:42,Gujarat,Gujarat,PNB,ICICI,0,clean
230fb793-7657-4f,UPI0001000922,rdihsa7h@oksbi,ecf41fd7-09b,k12v2tg5@apl,3903da2e-a66,148048,2024-03-17T19:22:10,Karnataka,Telangana,ICICI,Axis,0,clean
0cb6420c-dc47-42,UPI0001002419,ulzfy981@icici,71106fca-bed,w3zkwdee@paytm,0d7b14ce-3fb,40617,2024-03-16T21:51:54,Kerala,Telangana,SBI,SBI,0,clean
5ec864f5-14da-45,UPI0001001157,r94sz2ku@ybl,3c8e10be-1ce,cjiwvhdk@apl,92a1d000-b37,143555,2024-03-16T19:12:31,Telangana,West Bengal,Axis,ICICI,0,clean
0998b889-9142-40,UPI0001002279,m92h3tv3@okaxis,56581c10-823,sjt2jpnr@okaxis,d797c026-0e2,65568,2024-03-16T07:10:38,West Bengal,West Bengal,ICICI,BOB,0,clean
f68de7d5-2382-41,UPI0001004026,s5nkb4eh@apl,7ed57be9-1ec,o83rlkte@axl,d9bc569f-b59,151789,2024-03-18T08:44:02,Karnataka,Kerala,Kotak,BOB,0,clean
cc7ad1bf-eb0b-44,UPI0001003144,q57te8tv@axl,fbac67aa-dd8,82kb700u@ybl,dcd27afa-05a,15966,2024-03-15T21:37:36,Telangana,Maharashtra,PNB,PNB,0,clean
624a294b-32ac-4b,UPI0001002042,9bp4m18o@upi,2e0f0c6a-2ee,5xlk8wru@ybl,4c2dd6a9-8c7,81925,2024-03-17T17:09:07,Gujarat,Karnataka,SBI,SBI,0,clean
499abe90-7ef1-49,UPI0001001453,ifrml29q@ybl,7e962fc5-e68,o83rlkte@axl,d9bc569f-b59,67281,2024-03-18T10:04:41,Tamil Nadu,Kerala,ICICI,BOB,0,clean
47b81900-9adf-42,UPI0001000494,x7pwo6cm@upi,2500e1a0-89a,14ve92mp@upi,3be433cf-adf,199315,2024-03-16T22:13:58,Karnataka,Gujarat,ICICI,SBI,0,clean
6c0b440d-ddee-4c,UPI0001002647,03o4gkww@paytm,a371a87c-ef1,7h23c42y@oksbi,dac36c42-184,143237,2024-03-16T04:57:42,Gujarat,Telangana,PNB,PNB,0,clean
faedfb32-26e1-42,UPI0001003471,17mgfxc0@ybl,cf96bd32-f7f,jfvyb6li@axl,93910c55-ea9,40691,2024-03-16T15:30:08,Gujarat,Karnataka,SBI,ICICI,0,clean
cdbd9b39-ba62-40,UPI0001000404,ly4lyk83@icici,d20ed545-b8a,c01arxab@apl,a094d57c-0e5,166072,2024-03-18T04:48:26,Telangana,Tamil Nadu,SBI,ICICI,0,clean
cf52ab5f-ab26-40,UPI0001001185,hkc856wp@axl,d4d7921f-c09,i4fqcoot@apl,69d84931-b15,22938,2024-03-17T01:06:59,Kerala,West Bengal,SBI,HDFC,0,clean
2672780c-9214-4b,UPI0001001237,1g1r1dww@apl,2645ceb7-5d8,9rr7s20c@oksbi,5df013ac-e29,51806,2024-03-16T19:01:28,Karnataka,Maharashtra,Axis,Kotak,0,clean
b64033aa-a466-47,UPI0001004158,7azv2efu@ibl,68d7613a-6e9,50e6mpsj@ibl,86246ac8-756,192898,2024-03-16T20:34:41,Telangana,West Bengal,SBI,Axis,0,clean
c8f01fe2-991a-45,UPI0001002067,hx2kbvsi@oksbi,ebee6395-f0f,961j88qe@apl,08348a0c-8d8,119338,2024-03-16T22:40:37,Tamil Nadu,Telangana,PNB,Kotak,0,clean
f29a839d-7bfc-4c,UPI0001002439,j3bqrr87@okaxis,f8adb759-ff2,c1l7dypm@upi,cee17028-635,179399,2024-03-18T03:45:26,Gujarat,Karnataka,Axis,ICICI,0,clean
847e1b77-7abe-4a,UPI0001000398,q57te8tv@axl,fbac67aa-dd8,webnvg5v@upi,e2bf96c9-371,111051,2024-03-16T15:38:51,Telangana,Telangana,PNB,ICICI,0,clean
acbeca45-2aac-49,UPI0001003599,2lhgcsot@ibl,f3952d16-235,cd81twhw@okaxis,215eaeac-210,2867,2024-03-17T19:17:19,Tamil Nadu,Kerala,ICICI,BOB,0,clean
2e1d71bf-192c-4a,UPI0001002328,9i6uu13i@oksbi,8752282f-7ab,1zdfkblc@upi,58478899-90d,64068,2024-03-16T07:09:30,Kerala,Tamil Nadu,PNB,ICICI,0,clean
61999cdd-3ba6-4c,UPI0001000173,8qqvaecw@okaxis,6ba34083-55e,a2m0w10l@ybl,956dfb24-447,74387,2024-03-16T08:27:48,Maharashtra,Gujarat,PNB,ICICI,0,clean
4c5a8ccf-4bac-4f,UPI0001000453,asifpwio@ibl,66abea7e-d1b,likwe4bx@upi,9bb85d81-e50,125237,2024-03-18T03:27:01,Kerala,Telangana,Kotak,BOB,0,clean
a40ddca8-412f-42,UPI0001003329,jdm5fc79@upi,a083e671-4cd,mx3y9rge@axl,10c50102-d01,169010,2024-03-16T07:25:41,Maharashtra,Kerala,Kotak,SBI,0,clean
0b791142-8177-4b,UPI0001002529,myzycwti@axl,40c797bc-53e,2ei9212p@okaxis,bf8daac7-444,7662,2024-03-15T14:25:51,Tamil Nadu,Kerala,Axis,SBI,0,clean
5f994389-75c4-48,UPI0001000815,vgww4fyb@ibl,baf6a88b-8a5,oieves6f@oksbi,4c26e044-3e8,160067,2024-03-17T16:15:29,Tamil Nadu,West Bengal,HDFC,ICICI,0,clean
08388b33-2004-4b,UPI0001000061,pdtz91x7@oksbi,676d9892-38a,kek4aegv@oksbi,6fca54c3-692,160808,2024-03-16T08:06:35,Gujarat,West Bengal,SBI,PNB,0,clean
fd00f608-4f39-40,UPI0001003080,7azv2efu@ibl,68d7613a-6e9,z09wftbg@upi,69681540-b97,135421,2024-03-15T17:15:36,Telangana,Kerala,SBI,Kotak,0,clean
ab91595c-bd84-4b,UPI0001004248,bjlzy1uu@upi,382cfba4-cfb,r6k2vmww@oksbi,e85bb9a0-574,41449,2024-03-16T14:59:23,Telangana,Gujarat,Kotak,PNB,0,clean
59d79ec3-7139-4b,UPI0001003666,sc4e5hrd@apl,11c9ca6c-0cd,u8el5015@apl,c881ee60-b74,121412,2024-03-16T01:52:37,Tamil Nadu,Tamil Nadu,PNB,Axis,0,clean
98d71327-e781-4e,UPI0001003560,gm25len6@axl,0b265512-1b8,m92h3tv3@okaxis,56581c10-823,193269,2024-03-18T08:31:03,Gujarat,West Bengal,Axis,ICICI,0,clean
5c697340-038a-49,UPI0001003665,5hcbbmhn@axl,d47e844a-967,hzn4kgeu@okaxis,10818e5f-69f,195364,2024-03-16T23:37:53,Karnataka,Telangana,Kotak,BOB,0,clean
c2af6603-6f9d-4f,UPI0001001454,q1rdxck3@icici,ca1e97cd-4e6,lcxlvpym@ybl,f3fd02cd-2f8,20809,2024-03-16T05:36:46,Telangana,Maharashtra,HDFC,PNB,0,clean
5e75fd7f-5052-43,UPI0001000677,m41qesla@okaxis,f826568b-9f5,12ii826g@axl,2a541c5a-adb,67947,2024-03-17T10:59:19,Kerala,Maharashtra,Axis,Axis,0,clean
6e2ac56e-f5a6-45,UPI0001003568,ophgft4m@apl,403938ca-605,hl88kzru@okaxis,2eca5bfe-dc2,145505,2024-03-16T07:29:26,Telangana,Gujarat,HDFC,ICICI,0,clean
3de257e6-ab58-40,UPI0001004670,jtb9xxay@apl,893cdd77-540,811kerpe@icici,c1a2cc6d-cfd,5505,2024-03-15T23:25:25,Gujarat,Maharashtra,Axis,PNB,0,clean
26ad52e7-9f71-46,UPI0001000028,fazz81sd@paytm,4e1490f5-c9d,cotohp6v@ybl,6fc723ac-953,172633,2024-03-15T10:33:10,Rajasthan,Rajasthan,BOB,BOB,1,L1→L2
ae934e41-a9e8-4e,UPI0001002136,vkyrmjlj@paytm,170acc6e-133,mix7ib5n@ibl,4590ba2b-076,195743,2024-03-16T07:24:51,Gujarat,Gujarat,HDFC,Axis,0,clean
6e9637d1-40a5-4e,UPI0001001909,nfnvuprt@oksbi,1afaa772-d85,y8fv2bc2@upi,0b17743a-244,181219,2024-03-16T01:29:18,Karnataka,Gujarat,Kotak,ICICI,0,clean
ac94c8fc-4253-4d,UPI0001002750,22555jxu@axl,db40ef7b-9eb,ytwbozd1@ybl,9637a7ac-2e7,101760,2024-03-18T09:50:01,Kerala,Tamil Nadu,SBI,Kotak,0,clean
a372eb3a-3e2f-4c,UPI0001000969,ufm8zov7@paytm,713db7ca-950,aiy4va13@ybl,143b620b-637,97880,2024-03-17T16:42:17,Tamil Nadu,Maharashtra,Kotak,BOB,0,clean
950644c7-363b-46,UPI0001002435,w7kyhqin@upi,79bd47f7-d48,o75rh8lx@ibl,08de2ce8-4d4,42130,2024-03-18T10:27:50,Telangana,Karnataka,Kotak,PNB,0,clean
9d528e21-1478-44,UPI0001004447,3o1icns8@axl,d6c09182-2d4,j6txfo6v@paytm,8e5cd165-8cb,94040,2024-03-17T14:26:50,Maharashtra,Kerala,Kotak,HDFC,0,clean
f9fc526d-5643-4e,UPI0001002138,xivzk7a4@paytm,4fddfea1-8cf,ezjsszwd@icici,4d45d924-039,29828,2024-03-18T03:04:02,Maharashtra,Telangana,HDFC,SBI,0,clean
5737fa7b-b7d7-40,UPI0001000743,jtgq01te@ibl,f43f6c1a-19d,z6us7rp4@ibl,a8bc7367-673,111570,2024-03-17T03:19:23,Tamil Nadu,Karnataka,ICICI,Kotak,0,clean
4d41203d-0527-4d,UPI0001004225,nipar0zj@icici,1e76c35b-bdc,1n0lh9p8@oksbi,3e215a9e-0c6,12658,2024-03-16T01:00:03,Telangana,Tamil Nadu,Kotak,PNB,0,clean
dc0a56e2-d559-45,UPI0001000749,g10ur5l8@ybl,d0c45167-d84,mpkxvhag@paytm,0a090c2a-c48,181012,2024-03-16T01:47:54,Tamil Nadu,Tamil Nadu,HDFC,SBI,0,clean
a532cc95-45e6-4b,UPI0001000308,aiy4va13@ybl,143b620b-637,ccprhvlz@upi,e917e480-79b,48509,2024-03-15T15:00:16,Maharashtra,Telangana,BOB,Axis,0,clean
2123a4da-15a6-4c,UPI0001002274,aztkszp7@oksbi,bd9daf6b-41d,5p1v3zo7@icici,5ec1cb78-2d9,45534,2024-03-16T21:02:52,Tamil Nadu,Telangana,SBI,Kotak,0,clean
9eaee873-5059-47,UPI0001001712,2ei9212p@okaxis,bf8daac7-444,j16dvtja@ybl,404bee3c-794,194344,2024-03-17T18:26:01,Kerala,Karnataka,SBI,Kotak,0,clean
6f1d5b70-191c-47,UPI0001003959,14ve92mp@upi,3be433cf-adf,t9t11php@okaxis,cdc97255-ace,116494,2024-03-17T07:34:27,Gujarat,West Bengal,SBI,ICICI,0,clean
63bfc2ae-d6bc-48,UPI0001002974,wusxlmt2@axl,cdd27bc1-dc1,fgzvrctl@icici,8e73c27c-e02,157705,2024-03-16T07:22:55,Gujarat,Karnataka,ICICI,BOB,0,clean
d5f866a5-0aeb-4a,UPI0001002887,lzse99f7@oksbi,ce4481c5-154,gyw6zbnz@axl,9552ed81-97b,65012,2024-03-16T19:00:53,Karnataka,Karnataka,ICICI,Kotak,0,clean
59db0476-4d2b-46,UPI0001004486,qkojtpv6@upi,9097f736-c0b,xorzpgu2@okaxis,150b1c69-9d5,137804,2024-03-17T19:51:33,Tamil Nadu,Kerala,Kotak,ICICI,0,clean
246b25e3-ca89-42,UPI0001002283,gu3obygh@oksbi,b3e30a41-88d,dtm4vxjj@ibl,52136084-c7a,170199,2024-03-18T04:52:50,Tamil Nadu,Tamil Nadu,ICICI,ICICI,0,clean
eb39e809-f168-44,UPI0001003394,o83rlkte@axl,d9bc569f-b59,c2ihoy7d@paytm,e4f996dd-100,139955,2024-03-18T11:11:29,Kerala,Tamil Nadu,BOB,BOB,0,clean
745364b3-f7e3-4b,UPI0001000658,6wpx2cyo@icici,8e6b6450-5a7,wpaytxw1@ybl,a9a1d8cd-197,10437,2024-03-16T17:29:46,West Bengal,Telangana,BOB,PNB,0,clean
788a266f-7937-46,UPI0001004561,la100qxm@ibl,b9b04561-3db,jtgq01te@ibl,f43f6c1a-19d,188003,2024-03-15T15:25:07,Telangana,Tamil Nadu,BOB,ICICI,0,clean
f6d2621e-f412-46,UPI0001003644,zr1yxr2d@okaxis,c1059074-ebc,t6om1fb8@ibl,593dec67-5f5,131284,2024-03-17T02:00:57,Karnataka,Gujarat,Axis,ICICI,0,clean
62ff5b63-3e7b-4f,UPI0001002916,uswbkok3@axl,7f90cc04-8a6,mx9djoyo@okaxis,bb266567-4bb,165932,2024-03-16T21:06:00,Tamil Nadu,Tamil Nadu,HDFC,Kotak,0,clean
efe9d8fb-979a-48,UPI0001003110,jtb9xxay@apl,893cdd77-540,xb94pdzp@ibl,1f77595a-0f7,124357,2024-03-18T06:13:42,Gujarat,Telangana,Axis,ICICI,0,clean
ff8efcd0-ef22-46,UPI0001002156,0q0mftg6@ybl,1c02f161-954,cjiwvhdk@apl,92a1d000-b37,8637,2024-03-16T19:14:30,Gujarat,West Bengal,Kotak,ICICI,0,clean
cd6b2131-c2cd-44,UPI0001002191,9ln1p0vu@okaxis,a408bd71-981,y4lmct64@oksbi,c2a29e5d-a8f,49957,2024-03-17T23:00:30,Kerala,West Bengal,Axis,BOB,0,clean
c0041e7f-bbda-46,UPI0001004779,2zdlx1q8@oksbi,bc5d6484-72a,lfzkicwm@axl,de2ef3f1-ab7,94580,2024-03-17T16:54:38,West Bengal,Kerala,BOB,SBI,0,clean
654827b8-2717-4f,UPI0001004016,ac6pe63l@ybl,fe6486c9-5e6,6zpxvpbl@okaxis,aadb54c8-2d0,186800,2024-03-17T05:52:16,Tamil Nadu,Kerala,Axis,Axis,0,clean
ed310514-82d9-4e,UPI0001001389,aztkszp7@oksbi,bd9daf6b-41d,9v20yar8@okaxis,d55a6885-690,174148,2024-03-17T16:37:11,Tamil Nadu,Tamil Nadu,SBI,PNB,0,clean
c93c6f36-27ef-43,UPI0001004812,lfzkicwm@axl,de2ef3f1-ab7,z09wftbg@upi,69681540-b97,187223,2024-03-17T04:45:19,Kerala,Kerala,SBI,Kotak,0,clean
65c01780-391e-4c,UPI0001000460,s43c5ba7@upi,6a3a3aa8-5af,ildzmfb7@axl,9749e680-bdd,67492,2024-03-15T21:39:19,Karnataka,Maharashtra,Kotak,PNB,0,clean
771665f1-4438-43,UPI0001003816,d6357oon@apl,5cbf8094-1fa,y4lmct64@oksbi,c2a29e5d-a8f,154565,2024-03-16T21:18:05,Telangana,West Bengal,SBI,BOB,0,clean
e98d9e59-efb0-47,UPI0001002342,bbk7w1da@paytm,4f51dace-926,nmby49e7@ibl,68a8ef6f-279,22086,2024-03-15T16:09:00,Maharashtra,Kerala,Axis,Axis,0,clean
04e23a0a-403e-4a,UPI0001003609,y8fv2bc2@upi,0b17743a-244,wwnc21o0@upi,0d6872fa-a63,192671,2024-03-18T07:21:34,Gujarat,Kerala,ICICI,Axis,0,clean
d1fa697e-7e0c-4b,UPI0001004041,myr06nkw@oksbi,9b3bd143-106,5e5iz31y@axl,9bc82871-9c1,198741,2024-03-17T03:46:03,Maharashtra,Maharashtra,BOB,HDFC,0,clean
39e8dc2d-887a-44,UPI0001004764,ld4d6af5@oksbi,c6d92344-f08,9ryllwb7@icici,786ee19f-951,159771,2024-03-16T13:57:30,Kerala,Gujarat,SBI,SBI,0,clean
5cae7a02-6c3d-4f,UPI0001003761,0ljch2vf@oksbi,cab331dd-0d9,rlf8a9ke@axl,0a10972f-813,71179,2024-03-17T03:18:22,West Bengal,Kerala,Axis,PNB,0,clean
badef257-9286-46,UPI0001004266,jtgq01te@ibl,f43f6c1a-19d,ezqacj4t@icici,8eb3737e-59f,43959,2024-03-17T15:06:39,Tamil Nadu,West Bengal,ICICI,Axis,0,clean
1280e391-e617-4b,UPI0001004569,jy62zeeq@upi,2197e198-4e7,w6m7b5c8@paytm,6ac34a96-9d8,50571,2024-03-17T05:52:44,Tamil Nadu,Gujarat,SBI,PNB,0,clean
5b215489-d0cc-4d,UPI0001003268,zbffzzdv@okaxis,7664c07f-020,nmkza3oa@ybl,e74929a0-019,109476,2024-03-15T20:00:19,Maharashtra,Karnataka,SBI,Kotak,0,clean
de7c66ad-fe58-4e,UPI0001002921,ch8jwwdx@oksbi,b6a72442-d1f,5x8a5fbu@apl,a870d6ed-72c,17570,2024-03-16T11:59:37,West Bengal,West Bengal,HDFC,Kotak,0,clean
98ad3687-f977-48,UPI0001000909,1sdieqfb@apl,98401e57-609,dn5gjj8m@oksbi,daefad95-27b,190891,2024-03-17T17:53:09,Karnataka,Kerala,BOB,Axis,0,clean
c661faf9-af90-48,UPI0001000078,q57te8tv@axl,fbac67aa-dd8,9tr74qge@oksbi,2dc01c43-46d,183490,2024-03-18T08:06:50,Telangana,Telangana,PNB,PNB,0,clean
d0d827d8-1955-4f,UPI0001002811,eh5sw229@upi,988a62ef-895,12ii826g@axl,2a541c5a-adb,17099,2024-03-17T21:13:13,Telangana,Maharashtra,Axis,Axis,0,clean
ee0a7ce0-0bb1-42,UPI0001003710,wviac2e4@axl,ef581a18-a36,vaj2k8xp@apl,90f01618-4ff,30404,2024-03-15T21:06:15,Kerala,Karnataka,PNB,BOB,0,clean
29749620-01ee-4c,UPI0001004098,vn1x2gdg@paytm,b8323e22-9c7,0t9nt3w5@okaxis,da315726-456,79801,2024-03-18T08:00:31,West Bengal,Tamil Nadu,Axis,PNB,0,clean
2b2e217f-caca-4d,UPI0001004462,r6n92xf8@oksbi,05a7b3f0-2b3,ildzmfb7@axl,9749e680-bdd,180083,2024-03-17T19:57:47,Gujarat,Maharashtra,Kotak,PNB,0,clean
aa0fdf26-90a4-40,UPI0001000383,0lthy25m@oksbi,3c04574b-b03,mpkxvhag@paytm,0a090c2a-c48,8880,2024-03-15T18:51:27,Kerala,Tamil Nadu,ICICI,SBI,0,clean
6880231c-1b72-44,UPI0001002839,os6zle6k@okaxis,eafa0ae5-1d9,c01arxab@apl,a094d57c-0e5,79694,2024-03-16T17:29:24,Karnataka,Tamil Nadu,HDFC,ICICI,0,clean
b8e5a698-e0b1-49,UPI0001003000,tqlgzui1@ybl,109f1976-af5,9t199dxj@ybl,95e891ca-aea,21106,2024-03-17T17:13:46,West Bengal,West Bengal,ICICI,BOB,0,clean
f32db250-f193-4a,UPI0001003200,sic43olf@ybl,9553f767-1f2,9i6uu13i@oksbi,8752282f-7ab,164827,2024-03-15T22:44:41,Karnataka,Kerala,PNB,PNB,0,clean
8d0b45ef-1917-45,UPI0001001791,cjiwvhdk@apl,92a1d000-b37,tqlgzui1@ybl,109f1976-af5,59824,2024-03-16T21:38:57,West Bengal,West Bengal,ICICI,ICICI,0,clean
6d7fb96b-1818-4c,UPI0001002524,n4regb1a@paytm,29d0cf3a-270,78imoe0s@okaxis,0248c411-18c,54318,2024-03-16T04:21:50,Gujarat,Tamil Nadu,Axis,Axis,0,clean
50f107f5-219d-43,UPI0001000279,2qc6dr08@ibl,edc4c65a-097,h8uzb7kr@oksbi,0dcc2242-7f7,150024,2024-03-16T14:31:01,West Bengal,Karnataka,PNB,SBI,0,clean
edd86c62-cd90-4e,UPI0001004540,04chsdin@okaxis,7193a5d0-081,03o4gkww@paytm,a371a87c-ef1,112805,2024-03-17T03:22:17,Tamil Nadu,Gujarat,Kotak,PNB,0,clean
0cb3ca4d-1c0b-4c,UPI0001003072,g25cfzfd@icici,ad809e95-47e,nmeoq4yr@apl,3730892d-042,184807,2024-03-16T04:23:30,Gujarat,Tamil Nadu,BOB,PNB,0,clean
7cc495dd-198b-42,UPI0001003091,wusxlmt2@axl,cdd27bc1-dc1,zzqy72wx@okaxis,5d610321-34c,127007,2024-03-16T21:56:50,Gujarat,Maharashtra,ICICI,Axis,0,clean
8340be0d-48f2-49,UPI0001002873,x7pwo6cm@upi,2500e1a0-89a,irym81cm@oksbi,4956140d-046,41439,2024-03-15T13:39:30,Karnataka,Tamil Nadu,ICICI,PNB,0,clean
097e5676-d1af-44,UPI0001000326,6xlpu0dk@apl,2966c875-264,wwnc21o0@upi,0d6872fa-a63,67389,2024-03-16T08:45:49,Tamil Nadu,Kerala,HDFC,Axis,0,clean
7d94ffa2-74a9-45,UPI0001002840,bfh024kw@paytm,4c7b95ce-541,1zdfkblc@upi,58478899-90d,150620,2024-03-17T03:37:29,Gujarat,Tamil Nadu,PNB,ICICI,0,clean
90a81467-5a49-41,UPI0001001135,hv1xg1r1@axl,3f7eef17-fe8,5e5iz31y@axl,9bc82871-9c1,132146,2024-03-17T18:02:21,Maharashtra,Maharashtra,PNB,HDFC,0,clean
78a3b2af-cb7c-4e,UPI0001000633,4j3dab42@okaxis,528a0fca-b7e,sehe2atn@icici,d6c059ff-a09,116382,2024-03-15T17:23:40,Karnataka,Maharashtra,BOB,HDFC,0,clean
d2ca95a2-d237-47,UPI0001003567,webnvg5v@upi,e2bf96c9-371,nbhds26f@upi,6cb62eb2-7f2,62088,2024-03-18T09:15:00,Telangana,Tamil Nadu,ICICI,Axis,0,clean
2d272053-7807-47,UPI0001004827,ejzhyapd@icici,fc2bbd6e-bd4,pdtz91x7@oksbi,676d9892-38a,13302,2024-03-17T00:52:57,Telangana,Gujarat,ICICI,SBI,0,clean
f10839f3-fe7c-4f,UPI0001003016,gh2m5zja@okaxis,835cb61e-36d,gq9cvah7@apl,9226d90b-2a1,34803,2024-03-16T18:24:50,Maharashtra,Gujarat,SBI,Kotak,0,clean
1e3ff609-a4f0-4a,UPI0001000559,79flv1xx@paytm,dff63398-c9e,c01arxab@apl,a094d57c-0e5,167261,2024-03-16T18:28:02,Kerala,Tamil Nadu,PNB,ICICI,0,clean
04603abc-6219-4c,UPI0001002180,nbhnal3g@ybl,b9a38cd2-91b,adf7pchc@ybl,abb0956f-413,111191,2024-03-15T18:34:05,Telangana,Gujarat,PNB,PNB,0,clean
362a9f15-3731-4f,UPI0001000876,89k8yqk9@axl,5e7722a1-6f3,hk2lslay@upi,ff015559-481,28383,2024-03-16T03:10:47,Telangana,Gujarat,SBI,Axis,0,clean
2ec595a1-14ef-48,UPI0001000897,sc4e5hrd@apl,11c9ca6c-0cd,qkojtpv6@upi,9097f736-c0b,168904,2024-03-16T18:22:13,Tamil Nadu,Tamil Nadu,PNB,Kotak,0,clean
739a7ab2-2f2e-41,UPI0001001905,p3jpxgh3@axl,c8b30791-50e,wviac2e4@axl,ef581a18-a36,47237,2024-03-18T03:53:43,Gujarat,Kerala,BOB,PNB,0,clean
50691125-7d59-4f,UPI0001003516,ac6pe63l@ybl,fe6486c9-5e6,14ve92mp@upi,3be433cf-adf,44070,2024-03-15T12:25:23,Tamil Nadu,Gujarat,Axis,SBI,0,clean
099a468a-4fd7-44,UPI0001000386,e1i1p0bq@ibl,3130fc81-4e9,mb1l6314@ibl,d40c7f91-9fe,146520,2024-03-16T21:27:09,Tamil Nadu,Kerala,Kotak,ICICI,0,clean
e26377ca-144f-49,UPI0001004804,dtv25ao2@icici,9e8d1dde-c69,fuu5f07b@axl,d7955ac1-ec5,8286,2024-03-17T02:42:20,Tamil Nadu,Telangana,HDFC,HDFC,0,clean
e8de546a-67cd-47,UPI0001003205,ve3dzeed@okaxis,e8f965a5-a64,nipar0zj@icici,1e76c35b-bdc,151916,2024-03-15T12:11:01,Kerala,Telangana,Kotak,Kotak,0,clean
609deacf-5fb7-40,UPI0001003896,w83y0mah@ibl,9ca3624a-117,u8el5015@apl,c881ee60-b74,39533,2024-03-16T19:45:22,Karnataka,Tamil Nadu,ICICI,Axis,0,clean
6cfd2646-e439-4e,UPI0001001388,vqyiy1sy@oksbi,692618fb-a65,0v2zp4ju@upi,32db899d-85a,198408,2024-03-16T22:56:28,Gujarat,Telangana,ICICI,HDFC,0,clean
c56433da-cd52-43,UPI0001004278,zmf8mdd4@paytm,d6a9a633-5ca,lboriq8h@paytm,d1aedf8e-b07,17932,2024-03-16T23:49:03,Tamil Nadu,West Bengal,BOB,HDFC,0,clean
eeddb785-7637-4f,UPI0001003955,48c1cqg4@apl,88ccb91c-dbb,tnqfll7v@ybl,e3cbc039-81c,56411,2024-03-17T12:41:10,Tamil Nadu,Gujarat,BOB,HDFC,0,clean
1e6e5b66-e3af-47,UPI0001001629,rwzc4xl9@ibl,fa697d18-cd8,xtnsrtwl@upi,320db857-eb5,118563,2024-03-16T20:06:17,Kerala,Tamil Nadu,Kotak,SBI,0,clean
41551193-3650-43,UPI0001001498,8ra484nl@paytm,bb2eba83-a1c,bbrnu8c0@icici,94acc6b0-f97,65179,2024-03-17T02:23:43,Gujarat,Maharashtra,Axis,BOB,0,clean
ac5aeee5-8bf5-4d,UPI0001002947,d6357oon@apl,5cbf8094-1fa,lzse99f7@oksbi,ce4481c5-154,50022,2024-03-17T11:06:05,Telangana,Karnataka,SBI,ICICI,0,clean
11163a9f-9b53-4d,UPI0001004149,jtb9xxay@apl,893cdd77-540,asifpwio@ibl,66abea7e-d1b,45702,2024-03-17T01:14:11,Gujarat,Kerala,Axis,Kotak,0,clean
c0bdedbe-0ee7-4a,UPI0001004759,g10ur5l8@ybl,d0c45167-d84,yv3lxchf@ybl,05438732-9d3,4752,2024-03-16T03:49:57,Tamil Nadu,Tamil Nadu,HDFC,BOB,0,clean
4b2bbd10-83ab-4e,UPI0001004193,myr06nkw@oksbi,9b3bd143-106,u8el5015@apl,c881ee60-b74,83052,2024-03-17T04:24:01,Maharashtra,Tamil Nadu,BOB,Axis,0,clean
3139fe26-c208-4c,UPI0001003383,pd2tsxtv@upi,30954f8d-335,12ii826g@axl,2a541c5a-adb,164656,2024-03-15T18:53:05,Gujarat,Maharashtra,ICICI,Axis,0,clean
faa1625a-7c60-4b,UPI0001003854,m41qesla@okaxis,f826568b-9f5,9boq0iq2@oksbi,45a62da6-105,194489,2024-03-15T15:54:00,Kerala,West Bengal,Axis,SBI,0,clean
4b7eadc2-02c7-4b,UPI0001004494,p8637zgf@icici,6443ed3b-45a,ymk99jcj@apl,c716a5a8-fe4,83934,2024-03-17T23:25:02,Kerala,Maharashtra,Axis,BOB,0,clean
9c827d71-dfb8-4d,UPI0001003126,i04b7p47@ybl,a3267200-292,kns832ej@axl,1d7f27e2-928,43155,2024-03-16T05:08:30,Kerala,West Bengal,BOB,BOB,0,clean
77112a3e-db2d-47,UPI0001001660,04cdpqvl@oksbi,35f93717-d6d,k7y6qxds@oksbi,368e12fa-90b,29735,2024-03-17T19:19:41,Telangana,Telangana,SBI,BOB,0,clean
d5cd8717-ecdc-48,UPI0001000535,q20hwobm@okaxis,1f7e151c-59a,sic43olf@ybl,9553f767-1f2,38674,2024-03-16T05:00:19,Tamil Nadu,Karnataka,SBI,PNB,0,clean
9953087f-6119-43,UPI0001001549,myzycwti@axl,40c797bc-53e,8xg8y72i@oksbi,958464e8-619,171894,2024-03-17T13:57:49,Tamil Nadu,Gujarat,Axis,Axis,0,clean
a7060fc7-9f8d-41,UPI0001004118,4vssrura@upi,955c4234-bff,hyp9umyg@ibl,5327d76c-929,72203,2024-03-15T21:48:36,Gujarat,Maharashtra,PNB,PNB,0,clean
6e20db84-898c-44,UPI0001002410,38diuovw@icici,83febe55-d55,v1v93kmk@icici,10199d03-28f,119227,2024-03-16T10:30:36,Karnataka,Gujarat,Axis,HDFC,0,clean
7aea562a-a4d2-4d,UPI0001000069,o2m71hss@ybl,6cafa98d-8f3,ftu2gc5w@okaxis,5b67e48a-456,146904,2024-03-15T12:14:46,Tamil Nadu,Telangana,SBI,Axis,0,clean
6e268a40-fb65-4d,UPI0001000724,qxm0632c@paytm,fc67a622-d29,1zdfkblc@upi,58478899-90d,91813,2024-03-17T17:29:59,Tamil Nadu,Tamil Nadu,Kotak,ICICI,0,clean
ac326d3c-3866-4b,UPI0001003977,1eeurxhw@icici,8f237b1a-04e,xb94pdzp@ibl,1f77595a-0f7,72887,2024-03-18T01:56:16,Telangana,Telangana,HDFC,ICICI,0,clean
0a323a5f-6493-4b,UPI0001003631,l3zyt91q@oksbi,8cf20348-4b6,u7u6n7hv@okaxis,1c4fe2d7-dac,171844,2024-03-16T02:03:30,Maharashtra,Tamil Nadu,SBI,SBI,0,clean
8f8e9c8d-99e5-42,UPI0001000482,j3bqrr87@okaxis,f8adb759-ff2,9ln1p0vu@okaxis,a408bd71-981,83941,2024-03-17T06:10:16,Gujarat,Kerala,Axis,Axis,0,clean
b2b463cc-44b6-4d,UPI0001003591,xivzk7a4@paytm,4fddfea1-8cf,nmeoq4yr@apl,3730892d-042,140285,2024-03-16T18:04:44,Maharashtra,Tamil Nadu,HDFC,PNB,0,clean
7aa42c64-207f-45,UPI0001001277,r94sz2ku@ybl,3c8e10be-1ce,5ixva1nk@ybl,3f9ee135-4b0,94074,2024-03-16T14:58:45,Telangana,Tamil Nadu,Axis,ICICI,0,clean
31103eca-3db7-49,UPI0001003842,zzf8s2zg@oksbi,7844cc4a-374,1ieixwc4@axl,078dcd14-8a1,39306,2024-03-15T11:40:04,Tamil Nadu,Tamil Nadu,PNB,Kotak,0,clean
26fd1d91-36f3-46,UPI0001004672,22555jxu@axl,db40ef7b-9eb,811kerpe@icici,c1a2cc6d-cfd,34244,2024-03-16T04:24:08,Kerala,Maharashtra,SBI,PNB,0,clean
95d4f65f-fb18-47,UPI0001001856,b9w4uov5@paytm,1dff960e-c72,dtv25ao2@icici,9e8d1dde-c69,125444,2024-03-16T04:34:43,West Bengal,Tamil Nadu,PNB,HDFC,0,clean
5b73042f-e68c-45,UPI0001003778,p767j2dg@paytm,291be5ac-6df,d145bm1e@apl,2174d2e7-76b,61486,2024-03-15T21:09:02,Maharashtra,West Bengal,Kotak,HDFC,0,clean
68a6435f-840e-44,UPI0001004802,7gu0env5@icici,f2e7fec2-ac8,9ln1p0vu@okaxis,a408bd71-981,30862,2024-03-16T15:53:56,West Bengal,Kerala,Axis,Axis,0,clean
44222662-9b7e-4b,UPI0001001430,v1v93kmk@icici,10199d03-28f,4c3baewc@oksbi,165a3feb-cd2,181116,2024-03-18T11:08:26,Gujarat,Tamil Nadu,HDFC,SBI,0,clean
816af22b-1416-41,UPI0001000025,84azytjx@ibl,265d56de-027,i64ciyhe@axl,3c438fde-668,162863,2024-03-15T10:33:27,Rajasthan,Uttarakhand,ICICI,HDFC,1,L1→L2
61d315f6-71ad-4b,UPI0001004380,nbhnal3g@ybl,b9a38cd2-91b,uhz1gv0e@oksbi,3097941d-05e,165813,2024-03-18T09:37:45,Telangana,Tamil Nadu,PNB,ICICI,0,clean
ad6995ff-9425-49,UPI0001003199,qjqijc1y@ibl,55a726c6-908,1uu7zy6t@apl,d28e8866-080,183667,2024-03-16T22:34:04,Karnataka,Tamil Nadu,PNB,BOB,0,clean
1175dff7-9394-4a,UPI0001001335,iymenvg3@paytm,3151edf4-e43,4lorxdtg@apl,65e2fb55-c36,20539,2024-03-17T09:11:30,Gujarat,Telangana,ICICI,ICICI,0,clean
0f36f601-7d06-44,UPI0001003851,n4regb1a@paytm,29d0cf3a-270,6xlpu0dk@apl,2966c875-264,101289,2024-03-18T11:18:47,Gujarat,Tamil Nadu,Axis,HDFC,0,clean
c9b3b78b-e88c-46,UPI0001002117,xaprpn6q@oksbi,fc297e6e-aa8,adf7pchc@ybl,abb0956f-413,148147,2024-03-17T23:34:46,Kerala,Gujarat,Axis,PNB,0,clean
91006732-58a8-42,UPI0001003495,k12v2tg5@apl,3903da2e-a66,xyjoa21a@oksbi,27c58270-7c1,74358,2024-03-16T19:28:32,Telangana,Karnataka,Axis,PNB,0,clean
d3665381-a67e-45,UPI0001000792,asifpwio@ibl,66abea7e-d1b,811kerpe@icici,c1a2cc6d-cfd,79066,2024-03-16T13:38:38,Kerala,Maharashtra,Kotak,PNB,0,clean
93ed3c17-d1dd-4e,UPI0001001682,9kkh4a3y@paytm,898ace33-3f3,pkyrybov@ybl,4f1e5710-28e,120270,2024-03-16T21:31:52,Karnataka,Maharashtra,Kotak,HDFC,0,clean
977026fb-27df-49,UPI0001004013,nqdxamw2@icici,0ec40a2e-3f7,5p1v3zo7@icici,5ec1cb78-2d9,118300,2024-03-17T16:46:49,Gujarat,Telangana,Kotak,Kotak,0,clean
702cc0de-4778-4d,UPI0001001680,gq9cvah7@apl,9226d90b-2a1,oi0e0vgn@ybl,f2b82c08-c17,103664,2024-03-17T15:30:48,Gujarat,West Bengal,Kotak,Axis,0,clean
fd7f3f97-3dec-4c,UPI0001004006,5hcbbmhn@axl,d47e844a-967,04cdpqvl@oksbi,35f93717-d6d,189777,2024-03-18T03:23:30,Karnataka,Telangana,Kotak,SBI,0,clean
4a3f15fd-5051-41,UPI0001002719,kmy9x8sy@upi,3a2ea2b9-ebe,q8ghgbcy@okaxis,d3047a7e-914,145607,2024-03-15T19:11:05,Gujarat,West Bengal,PNB,BOB,0,clean
90840d8e-3260-4a,UPI0001004721,u7u6n7hv@okaxis,1c4fe2d7-dac,1g1r1dww@apl,2645ceb7-5d8,37183,2024-03-17T12:16:17,Tamil Nadu,Karnataka,SBI,Axis,0,clean
8d74781a-12c6-4e,UPI0001002115,au9dkbpv@upi,60186fb8-833,u9n79gil@upi,388edc83-947,46265,2024-03-15T11:37:05,Tamil Nadu,Karnataka,PNB,Kotak,0,clean
e716e1bb-946c-47,UPI0001002976,u9n79gil@upi,388edc83-947,7rm6j8y6@axl,36890ab2-d16,107358,2024-03-15T10:51:11,Karnataka,Kerala,Kotak,PNB,0,clean
49e05fd9-b339-47,UPI0001001796,vqy5ibpt@ybl,6254431b-8f0,c1l7dypm@upi,cee17028-635,33232,2024-03-18T08:17:39,Tamil Nadu,Karnataka,HDFC,ICICI,0,clean
e1b9ac8e-7d08-48,UPI0001002502,17mgfxc0@ybl,cf96bd32-f7f,ixntm9tm@axl,2474cb36-956,31400,2024-03-16T12:53:40,Gujarat,Gujarat,SBI,ICICI,0,clean
3a4abba6-64fb-46,UPI0001004386,hyexf7jx@paytm,855c736c-1a1,w3zkwdee@paytm,0d7b14ce-3fb,3664,2024-03-16T17:21:26,Telangana,Telangana,SBI,SBI,0,clean
1291d41f-cd03-4d,UPI0001001345,r6n92xf8@oksbi,05a7b3f0-2b3,93wxa73j@oksbi,dd8493a4-c29,135477,2024-03-18T06:28:24,Gujarat,Kerala,Kotak,ICICI,0,clean
de85c68c-b58d-46,UPI0001001822,cd81twhw@okaxis,215eaeac-210,ytwbozd1@ybl,9637a7ac-2e7,42598,2024-03-16T13:05:49,Kerala,Tamil Nadu,BOB,Kotak,0,clean
62d04010-5aae-46,UPI0001001270,a7sqrf1l@upi,03564e58-3fd,myzycwti@axl,40c797bc-53e,60039,2024-03-17T15:17:48,Tamil Nadu,Tamil Nadu,ICICI,Axis,0,clean
3692d16a-d0a8-41,UPI0001001616,dtm4vxjj@ibl,52136084-c7a,a04ux5qr@upi,8029a269-faa,2304,2024-03-15T15:13:43,Tamil Nadu,West Bengal,ICICI,Kotak,0,clean
274b9559-413c-43,UPI0001004503,mqg1ved3@ibl,9abe9954-38e,c1l7dypm@upi,cee17028-635,151457,2024-03-18T00:38:53,Tamil Nadu,Karnataka,ICICI,ICICI,0,clean
bbaa2bea-0f87-4e,UPI0001004338,7gu0env5@icici,f2e7fec2-ac8,bngz6wmd@axl,de032811-f29,123294,2024-03-17T00:46:54,West Bengal,Kerala,Axis,PNB,0,clean
df6d1683-8363-47,UPI0001004132,hyp9umyg@ibl,5327d76c-929,0mqvindh@icici,d434bc72-c00,196678,2024-03-17T16:23:53,Maharashtra,Karnataka,PNB,PNB,0,clean
17ee365f-9fb0-43,UPI0001004159,1n13jcat@upi,cb737bb3-638,z6us7rp4@ibl,a8bc7367-673,1342,2024-03-17T05:44:32,Maharashtra,Karnataka,HDFC,Kotak,0,clean
f34d50ed-744c-4a,UPI0001002868,o57p6bkl@ibl,a0f35ea4-53a,irym81cm@oksbi,4956140d-046,182574,2024-03-18T02:22:01,Tamil Nadu,Tamil Nadu,Kotak,PNB,0,clean
327f7e4c-40d3-4e,UPI0001003426,9v20yar8@okaxis,d55a6885-690,vqy5ibpt@ybl,6254431b-8f0,87114,2024-03-16T20:25:57,Tamil Nadu,Tamil Nadu,PNB,HDFC,0,clean
ab1a085e-7019-41,UPI0001000744,iwg0odwm@axl,b06871d7-817,oieves6f@oksbi,4c26e044-3e8,33610,2024-03-18T05:12:38,Gujarat,West Bengal,PNB,ICICI,0,clean
2e2738ce-3993-4e,UPI0001001621,5e5iz31y@axl,9bc82871-9c1,w9zyn6sj@ybl,3c3c1190-4fb,190593,2024-03-15T15:53:25,Maharashtra,Telangana,HDFC,ICICI,0,clean
6529887a-bcad-4e,UPI0001002765,szjnvc7h@axl,e08eea9e-3fa,89k8yqk9@axl,5e7722a1-6f3,9725,2024-03-17T07:41:29,Telangana,Telangana,BOB,SBI,0,clean
9829da74-0e98-4c,UPI0001004381,ej31gymd@upi,213b8037-53d,hy8nbiqu@axl,294c42d1-181,102549,2024-03-17T07:10:22,Telangana,Kerala,HDFC,PNB,0,clean
a0042aee-ec88-4a,UPI0001001441,ezjsszwd@icici,4d45d924-039,zei3zrrh@oksbi,8a34eeb1-73d,71569,2024-03-18T04:50:39,Telangana,Kerala,SBI,PNB,0,clean
92d3807f-5dc1-4f,UPI0001001465,78imoe0s@okaxis,0248c411-18c,a3kkrzd5@oksbi,e9b226cc-92f,83592,2024-03-18T05:35:56,Tamil Nadu,Maharashtra,Axis,ICICI,0,clean
65a0013c-fdd8-41,UPI0001001373,qjqijc1y@ibl,55a726c6-908,b7l8v1zo@ibl,60eb54ed-9d1,72880,2024-03-17T21:10:47,Karnataka,Gujarat,PNB,ICICI,0,clean
40eedcca-9613-47,UPI0001000414,j9rm7pyx@ibl,4a9e6a11-177,ofas1ekt@axl,de630927-308,167141,2024-03-16T06:31:01,Gujarat,Maharashtra,BOB,BOB,0,clean
76e5ec1f-d139-45,UPI0001001691,jluujmiy@axl,77509db0-051,qhkswva9@upi,93e3cdef-acd,97348,2024-03-17T19:29:18,West Bengal,Maharashtra,ICICI,Kotak,0,clean
18f3f438-2fa2-4d,UPI0001002697,m2vajepe@ibl,242b4c68-da5,wviac2e4@axl,ef581a18-a36,135582,2024-03-16T09:04:43,Tamil Nadu,Kerala,Axis,PNB,0,clean
2337259d-1d9b-46,UPI0001001878,pd2tsxtv@upi,30954f8d-335,sxlul6lg@paytm,0d49bdb5-2c0,149418,2024-03-18T10:53:54,Gujarat,Tamil Nadu,ICICI,Kotak,0,clean
6b4d46ea-863a-44,UPI0001003539,n0jbzutr@oksbi,4a3fb95b-e6e,2jwoclyt@upi,92c5bab8-7ba,98047,2024-03-17T00:02:42,Gujarat,Telangana,Kotak,PNB,0,clean
d5dfa1da-cb8d-47,UPI0001003820,vgox22in@okaxis,9d6a6b21-955,wpaytxw1@ybl,a9a1d8cd-197,164473,2024-03-17T07:50:06,Kerala,Telangana,Axis,PNB,0,clean
f427bda1-6f3e-45,UPI0001002102,08j3trp0@paytm,6434509b-398,g10ur5l8@ybl,d0c45167-d84,3740,2024-03-16T14:23:11,Karnataka,Tamil Nadu,ICICI,HDFC,0,clean
c6509086-d43e-4f,UPI0001001476,wpaytxw1@ybl,a9a1d8cd-197,rdihsa7h@oksbi,ecf41fd7-09b,104910,2024-03-15T16:14:45,Telangana,Karnataka,PNB,ICICI,0,clean
a7174f7f-277d-43,UPI0001004606,ybisbo55@paytm,0adcc0b2-719,ivuzzpqk@ybl,1175d2fb-cc9,88756,2024-03-15T11:40:57,Kerala,Tamil Nadu,ICICI,BOB,0,clean
eea23117-fef9-40,UPI0001000479,jae58hux@oksbi,d23b9c8f-278,xyjoa21a@oksbi,27c58270-7c1,148108,2024-03-15T18:49:05,West Bengal,Karnataka,BOB,PNB,0,clean
b3732dcf-531c-43,UPI0001004684,t0mq8abk@ybl,9638e7a0-a3a,vqy5ibpt@ybl,6254431b-8f0,160253,2024-03-17T18:57:50,West Bengal,Tamil Nadu,Kotak,HDFC,0,clean
4648ea1e-f34b-48,UPI0001000048,myr06nkw@oksbi,9b3bd143-106,qkojtpv6@upi,9097f736-c0b,141365,2024-03-16T08:40:50,Maharashtra,Tamil Nadu,BOB,Kotak,0,clean
b0f96ced-c7a6-46,UPI0001003023,vqyiy1sy@oksbi,692618fb-a65,03o4gkww@paytm,a371a87c-ef1,118969,2024-03-17T17:26:30,Gujarat,Gujarat,ICICI,PNB,0,clean
67e86434-b158-45,UPI0001002930,b6bndoz6@axl,13339c2c-6a6,o75rh8lx@ibl,08de2ce8-4d4,43791,2024-03-17T18:24:42,Karnataka,Karnataka,Kotak,PNB,0,clean
100b5266-c8de-47,UPI0001004829,eyr8lnoe@upi,ae9b4688-14f,n7s55j2o@icici,0c084f0a-36d,191311,2024-03-15T16:54:21,Telangana,Karnataka,BOB,ICICI,0,clean
5d50041a-c696-4d,UPI0001001582,cd81twhw@okaxis,215eaeac-210,hy8nbiqu@axl,294c42d1-181,86680,2024-03-18T07:54:30,Kerala,Kerala,BOB,PNB,0,clean
d3e8cff1-10a1-4d,UPI0001003450,5rtwiyki@ibl,58346645-d7d,hyp9umyg@ibl,5327d76c-929,150882,2024-03-16T13:34:16,Gujarat,Maharashtra,Axis,PNB,0,clean
d560a033-8e20-45,UPI0001001011,rkmby9ip@ybl,f5ed200a-714,w3zkwdee@paytm,0d7b14ce-3fb,16857,2024-03-17T09:20:27,Maharashtra,Telangana,HDFC,SBI,0,clean
8272d784-e5a4-4f,UPI0001003350,4ivsolml@oksbi,3f8344dd-51d,al8m1g9f@paytm,f6b9e535-824,40025,2024-03-17T18:44:44,Telangana,Maharashtra,SBI,BOB,0,clean
b9bd4f33-0efa-4e,UPI0001000109,vkyrmjlj@paytm,170acc6e-133,grf1hx6z@ibl,40f8aee9-d31,43123,2024-03-18T06:49:07,Gujarat,Telangana,HDFC,SBI,0,clean
0afc628a-a0b2-47,UPI0001000839,w7kyhqin@upi,79bd47f7-d48,zmf8mdd4@paytm,d6a9a633-5ca,92177,2024-03-16T09:55:22,Telangana,Tamil Nadu,Kotak,BOB,0,clean
95c7c950-c187-46,UPI0001001288,kmy9x8sy@upi,3a2ea2b9-ebe,rflqbmae@apl,a2a8bd54-d6e,130354,2024-03-15T13:25:24,Gujarat,Karnataka,PNB,Kotak,0,clean
f2d9b58d-d3b6-47,UPI0001002053,w83y0mah@ibl,9ca3624a-117,c2ihoy7d@paytm,e4f996dd-100,158467,2024-03-16T20:34:28,Karnataka,Tamil Nadu,ICICI,BOB,0,clean
556ad1be-85a6-4c,UPI0001004178,o119xp9n@apl,84e5cbf1-b6a,grf1hx6z@ibl,40f8aee9-d31,62415,2024-03-17T08:56:48,Maharashtra,Telangana,Axis,SBI,0,clean
2c266ced-b12b-4d,UPI0001004334,sqt26q3x@upi,730141f1-80f,5s4tl0th@okaxis,b194fbf8-08e,183427,2024-03-17T05:35:57,Kerala,Gujarat,Kotak,Kotak,0,clean
92b94c22-e5f4-42,UPI0001001258,r6n92xf8@oksbi,05a7b3f0-2b3,9kkh4a3y@paytm,898ace33-3f3,148311,2024-03-15T14:52:04,Gujarat,Karnataka,Kotak,Kotak,0,clean
8e9edd14-4fe0-4d,UPI0001001461,hgbmfbuv@upi,aab2c0e3-bcd,aji0y6dp@ybl,db6e078e-7f2,85261,2024-03-15T20:27:03,West Bengal,Tamil Nadu,SBI,SBI,0,clean
54310b3c-207f-4d,UPI0001000926,rc6zs62y@oksbi,f17ab0c6-4a0,q20hwobm@okaxis,1f7e151c-59a,109364,2024-03-16T04:30:58,Karnataka,Tamil Nadu,SBI,SBI,0,clean
a8e416ce-9c35-40,UPI0001001187,d9fkxzuu@axl,1433fde1-1dd,a5xin9dl@icici,ad258476-426,115028,2024-03-15T22:38:33,Tamil Nadu,Tamil Nadu,PNB,SBI,0,clean
9c3243e9-b1fa-4f,UPI0001004437,pb8z3v6d@okaxis,080f17ae-0d9,qkojtpv6@upi,9097f736-c0b,62900,2024-03-17T11:21:02,Gujarat,Tamil Nadu,PNB,Kotak,0,clean
bacf7ccd-0a8b-45,UPI0001003920,jy62zeeq@upi,2197e198-4e7,mpkxvhag@paytm,0a090c2a-c48,47363,2024-03-15T19:03:33,Tamil Nadu,Tamil Nadu,SBI,SBI,0,clean
abfb08af-0ddd-4c,UPI0001002403,uzpeal2w@upi,05950436-fc1,kicjn2fo@upi,1c3c8bbe-fc6,42532,2024-03-18T05:22:44,Telangana,Kerala,SBI,SBI,0,clean
bfdded82-f698-40,UPI0001003459,j16dvtja@ybl,404bee3c-794,5a5piskf@oksbi,2c0c791b-29d,172999,2024-03-17T13:20:52,Karnataka,Telangana,Kotak,ICICI,0,clean
8cd7be0c-8e6f-45,UPI0001003378,q1rdxck3@icici,ca1e97cd-4e6,tqlgzui1@ybl,109f1976-af5,58106,2024-03-17T11:41:25,Telangana,West Bengal,HDFC,ICICI,0,clean
11034e0c-9e41-4b,UPI0001002044,2wgxo05q@apl,c1eb9500-3af,u7fbmenu@okaxis,2b0e6e2e-1f6,180989,2024-03-16T02:53:36,Karnataka,Kerala,Axis,ICICI,0,clean
5ae6f41e-ddd3-49,UPI0001004839,d9fkxzuu@axl,1433fde1-1dd,k0ucc1m3@apl,18efcd83-447,2898,2024-03-18T06:48:43,Tamil Nadu,Gujarat,PNB,BOB,0,clean
236298d1-9802-4c,UPI0001004115,uswrgvz9@ybl,c0de6a5e-0b9,9i6uu13i@oksbi,8752282f-7ab,117736,2024-03-16T09:05:26,Kerala,Kerala,SBI,PNB,0,clean
e8f7ea2c-58d3-47,UPI0001003306,04cdpqvl@oksbi,35f93717-d6d,8bfqnpce@upi,96c75168-b52,73993,2024-03-16T02:35:11,Telangana,Telangana,SBI,Axis,0,clean
ffabb26e-5f7e-42,UPI0001000608,i9kqdgbk@upi,feaf9f0b-cd9,xoq2vpgs@icici,3e35461b-eca,81846,2024-03-16T12:02:45,Gujarat,Karnataka,Axis,BOB,0,clean
6e8e7c25-8a16-40,UPI0001004505,xie0rnuj@paytm,7c49cd93-294,pb8z3v6d@okaxis,080f17ae-0d9,102537,2024-03-16T21:03:00,Maharashtra,Gujarat,PNB,PNB,0,clean
ba667e1a-bc57-47,UPI0001003152,w9zyn6sj@ybl,3c3c1190-4fb,fgzvrctl@icici,8e73c27c-e02,171849,2024-03-15T22:26:32,Telangana,Karnataka,ICICI,BOB,0,clean
17451ae6-6b87-42,UPI0001001123,ld4d6af5@oksbi,c6d92344-f08,7w7jp61l@oksbi,7f32ed98-3eb,130157,2024-03-15T17:43:00,Kerala,Gujarat,SBI,BOB,0,clean
00cf2644-9bdc-4f,UPI0001002212,ophgft4m@apl,403938ca-605,9tr74qge@oksbi,2dc01c43-46d,76245,2024-03-18T03:44:20,Telangana,Telangana,HDFC,PNB,0,clean
198ea99d-326b-43,UPI0001003140,ev361xsn@ybl,253a3b26-f4f,ytwbozd1@ybl,9637a7ac-2e7,188477,2024-03-17T19:45:05,Gujarat,Tamil Nadu,PNB,Kotak,0,clean
49f816ba-7dc0-44,UPI0001003114,eyr8lnoe@upi,ae9b4688-14f,xaprpn6q@oksbi,fc297e6e-aa8,182221,2024-03-16T16:38:01,Telangana,Kerala,BOB,Axis,0,clean
ba85fb9e-e3fa-40,UPI0001003841,ch8jwwdx@oksbi,b6a72442-d1f,ay64yfds@ibl,05351dc8-a9a,138855,2024-03-17T14:50:17,West Bengal,Karnataka,HDFC,ICICI,0,clean
b168ab3f-80d7-47,UPI0001004336,y8fv2bc2@upi,0b17743a-244,z09wftbg@upi,69681540-b97,53904,2024-03-16T16:51:46,Gujarat,Kerala,ICICI,Kotak,0,clean
ab8916e5-1217-46,UPI0001001435,gq9cvah7@apl,9226d90b-2a1,zfhomtzz@oksbi,a65a521d-a01,20817,2024-03-17T10:38:48,Gujarat,West Bengal,Kotak,Axis,0,clean
37480cbf-b146-4e,UPI0001003944,ivuzzpqk@ybl,1175d2fb-cc9,2muljavb@paytm,42174022-e10,36571,2024-03-17T22:08:48,Tamil Nadu,Kerala,BOB,SBI,0,clean
7226dd4e-c0ac-45,UPI0001003939,gu3obygh@oksbi,b3e30a41-88d,c1l7dypm@upi,cee17028-635,137832,2024-03-17T05:25:23,Tamil Nadu,Karnataka,ICICI,ICICI,0,clean
1f1aa4d1-3e3b-48,UPI0001002508,50e6mpsj@ibl,86246ac8-756,ccprhvlz@upi,e917e480-79b,183918,2024-03-16T07:47:45,West Bengal,Telangana,Axis,Axis,0,clean
c6fa7c00-c6fb-4c,UPI0001004275,82kb700u@ybl,dcd27afa-05a,z09wftbg@upi,69681540-b97,66421,2024-03-16T17:36:20,Maharashtra,Kerala,PNB,Kotak,0,clean
ca42a988-ce37-4b,UPI0001000693,ywp0rxxf@icici,536cc49c-7b9,jcn9j3gc@okaxis,59d7c029-a96,21562,2024-03-18T05:28:12,Kerala,Tamil Nadu,Kotak,Kotak,0,clean
77440189-e5d2-4c,UPI0001002981,c2htmqwy@icici,f56a4c57-7ae,0me8f840@apl,d2acd40e-25c,112938,2024-03-17T03:11:02,West Bengal,Maharashtra,BOB,BOB,0,clean
5cfa2119-65b5-4a,UPI0001001390,ac6pe63l@ybl,fe6486c9-5e6,fr91ipwh@upi,0e051c39-642,84099,2024-03-16T00:52:44,Tamil Nadu,West Bengal,Axis,SBI,0,clean
fab3eb57-9685-4b,UPI0001003753,xivzk7a4@paytm,4fddfea1-8cf,8bfqnpce@upi,96c75168-b52,111182,2024-03-16T04:29:54,Maharashtra,Telangana,HDFC,Axis,0,clean
55ecfffd-9c13-41,UPI0001004074,1uu7zy6t@apl,d28e8866-080,oq2zdo74@ibl,c1cf6d05-d52,161663,2024-03-16T03:33:07,Tamil Nadu,West Bengal,BOB,BOB,0,clean
021ca642-648f-4e,UPI0001000810,t9t11php@okaxis,cdc97255-ace,d6357oon@apl,5cbf8094-1fa,90985,2024-03-18T07:05:38,West Bengal,Telangana,ICICI,SBI,0,clean
b19b7862-20f9-4e,UPI0001000789,e46aexl6@paytm,cb20a360-856,w83y0mah@ibl,9ca3624a-117,182716,2024-03-17T03:03:58,Gujarat,Karnataka,PNB,ICICI,0,clean
c4fb677a-4991-44,UPI0001002558,811kerpe@icici,c1a2cc6d-cfd,tuw9ohtu@oksbi,16e55977-f2b,105379,2024-03-17T00:16:10,Maharashtra,West Bengal,PNB,ICICI,0,clean
7190e843-7fcc-4b,UPI0001002268,6xlpu0dk@apl,2966c875-264,9ltajw25@okaxis,2443c8c7-7e8,14169,2024-03-16T08:48:35,Tamil Nadu,West Bengal,HDFC,PNB,0,clean
6222f959-179a-4b,UPI0001003669,1sdieqfb@apl,98401e57-609,l3wxdrlc@upi,38c6e804-3e7,134336,2024-03-18T06:31:14,Karnataka,Kerala,BOB,ICICI,0,clean
e60d7017-421a-44,UPI0001000799,5x8a5fbu@apl,a870d6ed-72c,c1l7dypm@upi,cee17028-635,134567,2024-03-16T06:56:52,West Bengal,Karnataka,Kotak,ICICI,0,clean
500cba1f-d28e-4d,UPI0001001474,9iy4x41d@apl,e541dc70-08b,et8t63j3@axl,e4ac4b23-0d3,97196,2024-03-16T19:02:58,Karnataka,Karnataka,Axis,BOB,0,clean
08116f56-2939-4b,UPI0001003180,c2ihoy7d@paytm,e4f996dd-100,irym81cm@oksbi,4956140d-046,133540,2024-03-17T11:36:38,Tamil Nadu,Tamil Nadu,BOB,PNB,0,clean
97220284-f41d-46,UPI0001004681,z2t4h20r@ybl,d41e17b8-b9f,zbffzzdv@okaxis,7664c07f-020,67127,2024-03-17T05:23:55,Tamil Nadu,Maharashtra,HDFC,SBI,0,clean
edee7032-7c8c-4e,UPI0001002823,i6yuj7yk@icici,f03c391e-8f7,x0h3jujd@okaxis,58d8b5c6-ef9,67057,2024-03-18T02:09:45,Tamil Nadu,Telangana,Kotak,HDFC,0,clean
0ccc0d2b-b354-47,UPI0001002406,q8ghgbcy@okaxis,d3047a7e-914,je2ab2rv@upi,8cc02af2-3b1,106002,2024-03-16T13:40:12,West Bengal,West Bengal,BOB,BOB,0,clean
aef04f43-6e9d-45,UPI0001003480,gyw6zbnz@axl,9552ed81-97b,b6bndoz6@axl,13339c2c-6a6,61010,2024-03-18T10:19:16,Karnataka,Karnataka,Kotak,Kotak,0,clean
c893afd3-3f34-41,UPI0001002032,c8bbi4wi@axl,72e6b18a-a53,50e6mpsj@ibl,86246ac8-756,173979,2024-03-16T08:39:37,Gujarat,West Bengal,PNB,Axis,0,clean
6fc7549f-3bef-4d,UPI0001002259,sygjjfgj@paytm,333e6ba7-55b,ccprhvlz@upi,e917e480-79b,71048,2024-03-17T09:28:16,Kerala,Telangana,Axis,Axis,0,clean
35ff5bb1-1462-4d,UPI0001000407,rq9nz612@okaxis,1b4f813a-e5e,nbhds26f@upi,6cb62eb2-7f2,138857,2024-03-16T05:14:25,Karnataka,Tamil Nadu,BOB,Axis,0,clean
2752ab9a-b1ad-43,UPI0001001235,961j88qe@apl,08348a0c-8d8,mix7ib5n@ibl,4590ba2b-076,8222,2024-03-16T08:50:06,Telangana,Gujarat,Kotak,Axis,0,clean
adce8449-ca7b-46,UPI0001003192,6kvpuc8d@okaxis,09e9b54f-d22,fr91ipwh@upi,0e051c39-642,129556,2024-03-15T23:18:28,Telangana,West Bengal,PNB,SBI,0,clean
71a5d10c-d8e0-44,UPI0001004423,1bcppvoh@icici,328ed257-23e,hwy9hecg@axl,4c9f3ceb-6e3,78336,2024-03-18T02:12:04,Karnataka,Telangana,SBI,SBI,0,clean
79e642b5-bcfc-48,UPI0001001968,fqjja26y@oksbi,51114166-54e,14ve92mp@upi,3be433cf-adf,2772,2024-03-15T16:51:54,Kerala,Gujarat,SBI,SBI,0,clean
4f5eed7a-82d4-45,UPI0001004542,1n0lh9p8@oksbi,3e215a9e-0c6,gspk9p38@axl,b85df010-58f,176424,2024-03-18T08:47:51,Tamil Nadu,West Bengal,PNB,ICICI,0,clean
9fe691a5-c40b-45,UPI0001002249,d9fkxzuu@axl,1433fde1-1dd,p3jpxgh3@axl,c8b30791-50e,90228,2024-03-17T03:31:31,Tamil Nadu,Gujarat,PNB,BOB,0,clean
a4413456-d30c-48,UPI0001002203,0ubmc97c@axl,43852731-753,jdm5fc79@upi,a083e671-4cd,20175,2024-03-17T18:08:01,Tamil Nadu,Maharashtra,SBI,Kotak,0,clean
26911f89-d9aa-47,UPI0001001113,qhkswva9@upi,93e3cdef-acd,zmf8mdd4@paytm,d6a9a633-5ca,180918,2024-03-15T16:46:56,Maharashtra,Tamil Nadu,Kotak,BOB,0,clean
9d1428ec-a7de-42,UPI0001002938,lboriq8h@paytm,d1aedf8e-b07,f6a4fejg@ybl,0ab1b956-6ec,22389,2024-03-17T18:31:46,West Bengal,West Bengal,HDFC,HDFC,0,clean
e1ba775b-422d-48,UPI0001002128,9jpnbzug@okaxis,0fd97e8e-b69,xcdyk0x6@oksbi,952171cb-bbd,98349,2024-03-17T10:16:35,Telangana,Gujarat,PNB,ICICI,0,clean
a5e0a3a3-7756-4a,UPI0001002597,g68a1arr@ybl,93972fa1-bff,53sflse4@ybl,35771e25-0a2,168085,2024-03-16T22:36:34,Gujarat,Kerala,Kotak,HDFC,0,clean
5b9138a0-a223-40,UPI0001003577,likwe4bx@upi,9bb85d81-e50,yeqahths@paytm,38d6e582-cd0,106010,2024-03-16T08:55:29,Telangana,Maharashtra,BOB,Kotak,0,clean
64003911-e9ce-46,UPI0001000588,c2ihoy7d@paytm,e4f996dd-100,j9rm7pyx@ibl,4a9e6a11-177,23011,2024-03-17T03:24:12,Tamil Nadu,Gujarat,BOB,BOB,0,clean
6cc69323-31da-4a,UPI0001000276,wovcxek4@apl,be18dda5-608,zmuf8438@icici,62a8adae-998,193220,2024-03-16T03:46:11,Karnataka,Tamil Nadu,PNB,ICICI,0,clean
47a3f08a-f55b-4f,UPI0001001497,5cozroou@oksbi,1731ed06-891,pdtz91x7@oksbi,676d9892-38a,98680,2024-03-17T20:35:56,Kerala,Gujarat,ICICI,SBI,0,clean
fe0e673f-ffe8-41,UPI0001002727,4j3dab42@okaxis,528a0fca-b7e,2zbppfo5@upi,c3f5b069-37e,101287,2024-03-18T07:39:54,Karnataka,Maharashtra,BOB,Kotak,0,clean
7764ef58-1807-4e,UPI0001004022,h8uzb7kr@oksbi,0dcc2242-7f7,ac6pe63l@ybl,fe6486c9-5e6,97753,2024-03-18T00:57:38,Karnataka,Tamil Nadu,SBI,Axis,0,clean
b9af6215-038a-42,UPI0001002385,j6txfo6v@paytm,8e5cd165-8cb,qkojtpv6@upi,9097f736-c0b,130690,2024-03-16T14:04:42,Kerala,Tamil Nadu,HDFC,Kotak,0,clean
0adfd9ca-75cf-4f,UPI0001003272,n7s55j2o@icici,0c084f0a-36d,9ltajw25@okaxis,2443c8c7-7e8,101975,2024-03-17T12:40:09,Karnataka,West Bengal,ICICI,PNB,0,clean
e2de2431-f19f-49,UPI0001004154,ay64yfds@ibl,05351dc8-a9a,1zxyvgiu@okaxis,855b24d8-016,118107,2024-03-18T11:18:00,Karnataka,Gujarat,ICICI,ICICI,0,clean
2a432876-53cb-44,UPI0001004077,xf7kzorq@axl,8a77df8c-2c4,1yjfe8ud@icici,54c54ed4-726,4402,2024-03-17T11:41:38,Tamil Nadu,Maharashtra,Kotak,ICICI,0,clean
a4c8efba-bbb8-4e,UPI0001001222,w6lqwlvu@upi,dec88820-146,hv1xg1r1@axl,3f7eef17-fe8,92739,2024-03-18T10:51:29,Maharashtra,Maharashtra,BOB,PNB,0,clean
12a4ffba-9ae8-4f,UPI0001001459,ivuzzpqk@ybl,1175d2fb-cc9,lq5v4ftq@paytm,15386809-9f2,61273,2024-03-16T13:35:59,Tamil Nadu,Maharashtra,BOB,Kotak,0,clean
77eec0dd-09b7-49,UPI0001001112,nmkza3oa@ybl,e74929a0-019,css9toqw@upi,5ff36244-509,190320,2024-03-17T10:22:57,Karnataka,Maharashtra,Kotak,ICICI,0,clean
39bcaca5-f397-4f,UPI0001001170,0ljch2vf@oksbi,cab331dd-0d9,ejzhyapd@icici,fc2bbd6e-bd4,91463,2024-03-16T22:37:00,West Bengal,Telangana,Axis,ICICI,0,clean
0208d0a3-8035-49,UPI0001000866,rdihsa7h@oksbi,ecf41fd7-09b,gn1w1ht7@axl,61e9276c-1e5,134157,2024-03-17T17:11:03,Karnataka,Tamil Nadu,ICICI,PNB,0,clean
3110c286-9270-40,UPI0001003576,cd81twhw@okaxis,215eaeac-210,m2vajepe@ibl,242b4c68-da5,165940,2024-03-18T08:28:51,Kerala,Tamil Nadu,BOB,Axis,0,clean
c1688e28-6ad4-43,UPI0001002453,j9rm7pyx@ibl,4a9e6a11-177,y8fv2bc2@upi,0b17743a-244,117697,2024-03-16T04:39:46,Gujarat,Gujarat,BOB,ICICI,0,clean
fc4081d4-1dd5-42,UPI0001001339,04chsdin@okaxis,7193a5d0-081,ceouuyla@paytm,c8d44d0a-2c5,90040,2024-03-17T02:37:05,Tamil Nadu,West Bengal,Kotak,BOB,0,clean
b088aee0-59ea-4e,UPI0001001738,mcqbnkx9@ibl,8afc3470-686,pkyrybov@ybl,4f1e5710-28e,182708,2024-03-17T23:18:02,Tamil Nadu,Maharashtra,Kotak,HDFC,0,clean
caa58465-45ea-41,UPI0001000356,ulzfy981@icici,71106fca-bed,uhz1gv0e@oksbi,3097941d-05e,182960,2024-03-16T11:24:01,Kerala,Tamil Nadu,SBI,ICICI,0,clean
4df93481-a2e2-48,UPI0001004429,5s4tl0th@okaxis,b194fbf8-08e,znv0h0gq@ibl,2b7b25ce-4e9,18703,2024-03-16T12:05:14,Gujarat,Gujarat,Kotak,HDFC,0,clean
11a694f9-2410-49,UPI0001004294,ezjsszwd@icici,4d45d924-039,zmf8mdd4@paytm,d6a9a633-5ca,22828,2024-03-17T23:12:23,Telangana,Tamil Nadu,SBI,BOB,0,clean
7f5c7bf8-0f6e-4e,UPI0001003398,wjeyub19@icici,2328b533-d95,t9t11php@okaxis,cdc97255-ace,177434,2024-03-15T13:59:21,Karnataka,West Bengal,Axis,ICICI,0,clean
402cc0d7-b225-45,UPI0001002846,x1gm32wp@okaxis,56954669-560,h25llo3r@ybl,61c41a5e-2b8,1787,2024-03-17T16:00:05,Kerala,Maharashtra,HDFC,BOB,0,clean
2ad9bb76-13b5-4b,UPI0001000397,wusxlmt2@axl,cdd27bc1-dc1,ftaxp0wf@apl,c8a9e7b7-950,95040,2024-03-16T17:39:48,Gujarat,Gujarat,ICICI,Kotak,0,clean
34e58a74-32fd-43,UPI0001002505,d145bm1e@apl,2174d2e7-76b,2wgxo05q@apl,c1eb9500-3af,9708,2024-03-18T06:41:43,West Bengal,Karnataka,HDFC,Axis,0,clean
74b812a0-4848-4f,UPI0001003191,u83g47rr@ybl,043e14fa-255,0ui22kx7@apl,0cb4a777-b67,89572,2024-03-15T14:58:18,Gujarat,Karnataka,PNB,Axis,0,clean
55c2a163-0448-4e,UPI0001003561,cqse3tv1@oksbi,3efd782c-6ec,d9fkxzuu@axl,1433fde1-1dd,113743,2024-03-17T16:56:01,Gujarat,Tamil Nadu,Axis,PNB,0,clean
e8c884e9-2df4-43,UPI0001001514,5xlk8wru@ybl,4c2dd6a9-8c7,7h23c42y@oksbi,dac36c42-184,2570,2024-03-16T06:56:30,Karnataka,Telangana,SBI,PNB,0,clean
4927ef1f-703d-4e,UPI0001000472,h61iaoim@ybl,e6db924d-173,ftu2gc5w@okaxis,5b67e48a-456,167170,2024-03-18T02:43:50,West Bengal,Telangana,ICICI,Axis,0,clean
93fc51ff-3408-4a,UPI0001000125,89k8yqk9@axl,5e7722a1-6f3,sehe2atn@icici,d6c059ff-a09,191302,2024-03-17T19:17:26,Telangana,Maharashtra,SBI,HDFC,0,clean
d19b6797-43a0-4f,UPI0001003771,hzn4kgeu@okaxis,10818e5f-69f,p8637zgf@icici,6443ed3b-45a,56716,2024-03-17T13:48:48,Telangana,Kerala,BOB,Axis,0,clean
dde78d86-a77f-46,UPI0001002163,g10ur5l8@ybl,d0c45167-d84,s5nkb4eh@apl,7ed57be9-1ec,185059,2024-03-17T19:43:39,Tamil Nadu,Karnataka,HDFC,Kotak,0,clean
0a4f8160-4b56-43,UPI0001000784,y8fv2bc2@upi,0b17743a-244,tkcd0rle@okaxis,ba81f20d-2be,42760,2024-03-15T22:05:16,Gujarat,Gujarat,ICICI,SBI,0,clean
8a8e88e2-5ce0-4f,UPI0001001175,erxdouad@paytm,3396a1f3-654,3o0llj8y@axl,1c00950a-235,14444,2024-03-18T00:49:00,Maharashtra,Maharashtra,Kotak,SBI,0,clean
501d2cba-9b55-45,UPI0001001536,lboriq8h@paytm,d1aedf8e-b07,yv2stn7e@icici,659a844c-450,177381,2024-03-17T17:08:25,West Bengal,Karnataka,HDFC,Kotak,0,clean
f95c714a-b1ef-4e,UPI0001003048,qhkswva9@upi,93e3cdef-acd,safyh1fk@paytm,7814c846-782,193563,2024-03-18T01:13:39,Maharashtra,Tamil Nadu,Kotak,HDFC,0,clean
44eec6b1-d4aa-4c,UPI0001003723,bngz6wmd@axl,de032811-f29,9t199dxj@ybl,95e891ca-aea,81076,2024-03-16T04:11:55,Kerala,West Bengal,PNB,BOB,0,clean
dd4b7be0-0898-4d,UPI0001004434,xoq2vpgs@icici,3e35461b-eca,ld4d6af5@oksbi,c6d92344-f08,109071,2024-03-18T03:14:02,Karnataka,Kerala,BOB,SBI,0,clean
e3dffa65-7ce2-46,UPI0001003512,lfzkicwm@axl,de2ef3f1-ab7,mx3y9rge@axl,10c50102-d01,194496,2024-03-15T11:14:34,Kerala,Kerala,SBI,SBI,0,clean
4fe92a5b-15ba-41,UPI0001001747,03o4gkww@paytm,a371a87c-ef1,zbffzzdv@okaxis,7664c07f-020,189904,2024-03-18T05:40:10,Gujarat,Maharashtra,PNB,SBI,0,clean
8bbfd807-9d04-4a,UPI0001003052,zr1yxr2d@okaxis,c1059074-ebc,a2m0w10l@ybl,956dfb24-447,146013,2024-03-18T06:54:43,Karnataka,Gujarat,Axis,ICICI,0,clean
c55e16b2-8153-47,UPI0001004116,asifpwio@ibl,66abea7e-d1b,a7sqrf1l@upi,03564e58-3fd,199855,2024-03-16T19:26:11,Kerala,Tamil Nadu,Kotak,ICICI,0,clean
f6244ac2-15f2-41,UPI0001001928,48c1cqg4@apl,88ccb91c-dbb,38diuovw@icici,83febe55-d55,174269,2024-03-18T03:19:12,Tamil Nadu,Karnataka,BOB,Axis,0,clean
9feebe45-b095-4c,UPI0001002880,x0h3jujd@okaxis,58d8b5c6-ef9,kek4aegv@oksbi,6fca54c3-692,42075,2024-03-15T10:44:44,Telangana,West Bengal,HDFC,PNB,0,clean
90031358-5a54-47,UPI0001000730,ng2igsb9@oksbi,b7684321-a5d,2sds8b25@icici,bd9e7438-8f4,126897,2024-03-18T07:45:15,Telangana,Telangana,Kotak,ICICI,0,clean
d62a6594-2b92-4a,UPI0001001093,ev361xsn@ybl,253a3b26-f4f,myzycwti@axl,40c797bc-53e,188405,2024-03-17T04:43:29,Gujarat,Tamil Nadu,PNB,Axis,0,clean
863c0755-af6c-4b,UPI0001001924,jdm5fc79@upi,a083e671-4cd,9rr7s20c@oksbi,5df013ac-e29,33822,2024-03-18T04:32:30,Maharashtra,Maharashtra,Kotak,Kotak,0,clean
85fa652d-ba3c-45,UPI0001000127,vn1x2gdg@paytm,b8323e22-9c7,lboriq8h@paytm,d1aedf8e-b07,111605,2024-03-17T15:38:53,West Bengal,West Bengal,Axis,HDFC,0,clean
73e71088-3eda-4d,UPI0001000297,4lorxdtg@apl,65e2fb55-c36,9ltajw25@okaxis,2443c8c7-7e8,100360,2024-03-17T00:55:42,Telangana,West Bengal,ICICI,PNB,0,clean
8a2bd246-825a-4f,UPI0001002482,o2m71hss@ybl,6cafa98d-8f3,4j3dab42@okaxis,528a0fca-b7e,87906,2024-03-18T01:44:27,Tamil Nadu,Karnataka,SBI,BOB,0,clean
626a9e64-684b-4f,UPI0001004322,9ltajw25@okaxis,2443c8c7-7e8,9qm3p91i@upi,292ebd50-376,175894,2024-03-17T08:45:38,West Bengal,West Bengal,PNB,BOB,0,clean
d30d48be-1398-44,UPI0001002724,vkyrmjlj@paytm,170acc6e-133,48c1cqg4@apl,88ccb91c-dbb,172656,2024-03-16T09:31:59,Gujarat,Tamil Nadu,HDFC,BOB,0,clean
00a57cb5-9b4d-4a,UPI0001003462,lboriq8h@paytm,d1aedf8e-b07,811kerpe@icici,c1a2cc6d-cfd,149681,2024-03-16T21:54:48,West Bengal,Maharashtra,HDFC,PNB,0,clean
3fb3dad8-67cb-49,UPI0001003926,zr1yxr2d@okaxis,c1059074-ebc,xb94pdzp@ibl,1f77595a-0f7,186159,2024-03-17T13:33:19,Karnataka,Telangana,Axis,ICICI,0,clean
5a07bc84-c622-4c,UPI0001004643,su9rn8qt@icici,7a8c6645-05a,urvqt3g8@ibl,7b0d2a9d-0f8,95185,2024-03-16T21:54:46,Karnataka,Gujarat,ICICI,Kotak,0,clean
ba1ec467-a40d-43,UPI0001004293,jeget1gh@axl,f0c058e9-79c,8k06moxs@oksbi,116067d7-992,97498,2024-03-17T14:04:08,Maharashtra,Kerala,ICICI,HDFC,0,clean
d317184c-e57f-4e,UPI0001004399,dh0uyhnq@icici,ea03df36-47b,y4lmct64@oksbi,c2a29e5d-a8f,25947,2024-03-17T03:14:58,Tamil Nadu,West Bengal,HDFC,BOB,0,clean
87b169ac-7a0c-4b,UPI0001001291,i4fqcoot@apl,69d84931-b15,ixntm9tm@axl,2474cb36-956,142463,2024-03-17T07:29:01,West Bengal,Gujarat,HDFC,ICICI,0,clean
471238d9-b0aa-41,UPI0001000504,52sq3b9s@apl,ec8fbf62-67f,1oxrwk8r@apl,0051a9ea-fd9,137622,2024-03-16T21:42:54,Gujarat,Karnataka,PNB,ICICI,0,clean
26239c59-ee73-4f,UPI0001004101,a7sqrf1l@upi,03564e58-3fd,bngz6wmd@axl,de032811-f29,146826,2024-03-17T17:52:06,Tamil Nadu,Kerala,ICICI,PNB,0,clean
cdaca458-7321-4d,UPI0001001746,s43c5ba7@upi,6a3a3aa8-5af,l3zyt91q@oksbi,8cf20348-4b6,107364,2024-03-15T16:04:24,Karnataka,Maharashtra,Kotak,SBI,0,clean
1da50ee8-d2a5-49,UPI0001001194,mb1l6314@ibl,d40c7f91-9fe,19qzpniq@oksbi,10d15b04-d6f,14534,2024-03-17T12:38:25,Kerala,Tamil Nadu,ICICI,ICICI,0,clean
007ad490-e86d-40,UPI0001001385,ng2igsb9@oksbi,b7684321-a5d,d6357oon@apl,5cbf8094-1fa,79169,2024-03-16T16:26:18,Telangana,Telangana,Kotak,SBI,0,clean
c92a25b1-cbdd-48,UPI0001000648,szjnvc7h@axl,e08eea9e-3fa,hyp9umyg@ibl,5327d76c-929,149713,2024-03-16T07:46:06,Telangana,Maharashtra,BOB,PNB,0,clean
4ba3df30-a60d-4b,UPI0001003818,i4fqcoot@apl,69d84931-b15,myr06nkw@oksbi,9b3bd143-106,117436,2024-03-17T23:26:11,West Bengal,Maharashtra,HDFC,BOB,0,clean
eb09df62-1df6-45,UPI0001003911,hx74d0gj@ybl,5db7e9f0-084,96khub2r@icici,8faab40b-0cf,110410,2024-03-17T11:05:09,Maharashtra,Karnataka,BOB,SBI,0,clean
e081e927-958b-4c,UPI0001000826,c2htmqwy@icici,f56a4c57-7ae,css9toqw@upi,5ff36244-509,196037,2024-03-15T11:15:27,West Bengal,Maharashtra,BOB,ICICI,0,clean
c4742fb6-5e2e-49,UPI0001003751,jiys2n75@ybl,ab332325-6cf,iymenvg3@paytm,3151edf4-e43,143856,2024-03-15T10:38:31,Tamil Nadu,Gujarat,PNB,ICICI,0,clean
0220d0a7-507c-42,UPI0001001608,uswrgvz9@ybl,c0de6a5e-0b9,sc4e5hrd@apl,11c9ca6c-0cd,171972,2024-03-17T12:05:32,Kerala,Tamil Nadu,SBI,PNB,0,clean
7df0f268-d2bf-42,UPI0001001077,zr1yxr2d@okaxis,c1059074-ebc,siwjm2c8@axl,76415f9b-a77,36823,2024-03-16T14:35:46,Karnataka,Tamil Nadu,Axis,Kotak,0,clean
18fc2d82-53b8-41,UPI0001001940,ivuzzpqk@ybl,1175d2fb-cc9,oi0e0vgn@ybl,f2b82c08-c17,15813,2024-03-17T12:19:36,Tamil Nadu,West Bengal,BOB,Axis,0,clean
d8081a64-304a-42,UPI0001001447,td44k1j6@oksbi,e33499ff-738,wtg1m8xf@ibl,34f68cde-274,123837,2024-03-15T18:30:19,Maharashtra,Kerala,BOB,HDFC,0,clean
b172fcbf-3ef6-4a,UPI0001000307,8gl2zxjm@upi,dc036929-eff,cd81twhw@okaxis,215eaeac-210,115840,2024-03-15T16:42:09,Maharashtra,Kerala,Axis,BOB,0,clean
613a09f6-51d4-4b,UPI0001000001,aji0y6dp@ybl,db6e078e-7f2,iiuc039t@oksbi,33371112-6be,547252,2024-03-15T10:31:26,Tamil Nadu,Rajasthan,SBI,HDFC,1,L0→L1
b0311b29-3421-4b,UPI0001003339,td44k1j6@oksbi,e33499ff-738,dn5gjj8m@oksbi,daefad95-27b,34060,2024-03-15T18:49:11,Maharashtra,Kerala,BOB,Axis,0,clean
c7dfa26d-8ba6-4f,UPI0001002997,safyh1fk@paytm,7814c846-782,tnqfll7v@ybl,e3cbc039-81c,189867,2024-03-16T09:33:54,Tamil Nadu,Gujarat,HDFC,HDFC,0,clean
b1c357d6-8f32-4f,UPI0001001111,snwywrra@icici,2981fe0d-fe0,7zeoqgvz@okaxis,f7e163d4-403,180749,2024-03-17T17:44:10,Karnataka,Kerala,Axis,Axis,0,clean
348e77cd-02dd-44,UPI0001004628,19qzpniq@oksbi,10d15b04-d6f,i7kq1uym@axl,bdef7217-228,162185,2024-03-16T07:43:15,Tamil Nadu,West Bengal,ICICI,BOB,0,clean
570f77e4-cf4b-45,UPI0001003079,9qm3p91i@upi,292ebd50-376,x2toowt9@apl,e738b31f-0c3,41687,2024-03-18T10:43:11,West Bengal,Kerala,BOB,SBI,0,clean
0c20467a-a3f2-41,UPI0001001259,uuxk0are@ibl,7992b6ba-0fd,ph6fe0mp@oksbi,a9ee26ae-49a,157300,2024-03-15T21:26:35,Telangana,Gujarat,BOB,HDFC,0,clean
5d1711c8-6f84-45,UPI0001003795,wr7mkgxu@paytm,f8967d89-388,wwnc21o0@upi,0d6872fa-a63,118111,2024-03-16T07:33:59,Kerala,Kerala,SBI,Axis,0,clean
7ead7dd4-534c-48,UPI0001001156,7dia5u6h@ibl,cc9a4f84-3ff,7y2lofn1@axl,075bde03-879,193486,2024-03-17T04:58:31,Gujarat,Maharashtra,PNB,HDFC,0,clean
17ef6542-a02c-49,UPI0001003537,ch8jwwdx@oksbi,b6a72442-d1f,7oxk8c1g@axl,46b23fe2-5eb,41665,2024-03-15T19:22:41,West Bengal,Telangana,HDFC,Axis,0,clean
ddafecd2-b73a-41,UPI0001003457,o75rh8lx@ibl,08de2ce8-4d4,hyexf7jx@paytm,855c736c-1a1,55002,2024-03-15T23:31:19,Karnataka,Telangana,PNB,SBI,0,clean
ff1ac616-287b-43,UPI0001002751,kmy9x8sy@upi,3a2ea2b9-ebe,4c3baewc@oksbi,165a3feb-cd2,198677,2024-03-18T01:19:43,Gujarat,Tamil Nadu,PNB,SBI,0,clean
11396bfa-4a08-48,UPI0001002292,hkc856wp@axl,d4d7921f-c09,9ku8s63e@apl,c9b6fdb8-698,64592,2024-03-16T04:31:57,Kerala,Maharashtra,SBI,SBI,0,clean
65cba9e5-ca58-40,UPI0001001768,kjxjq5nv@axl,e4a54308-6a3,rq9nz612@okaxis,1b4f813a-e5e,172325,2024-03-18T04:29:21,Gujarat,Karnataka,Axis,BOB,0,clean
e1de9e04-e6f4-4d,UPI0001003746,7oxk8c1g@axl,46b23fe2-5eb,95g3v23g@icici,87088df9-723,108558,2024-03-15T19:32:57,Telangana,Kerala,Axis,ICICI,0,clean
03966fbf-e64d-4f,UPI0001003088,asifpwio@ibl,66abea7e-d1b,md270stl@apl,05beb72c-5c8,101088,2024-03-15T21:48:03,Kerala,West Bengal,Kotak,Axis,0,clean
7da968ad-fbc6-4c,UPI0001003893,9i6uu13i@oksbi,8752282f-7ab,rflqbmae@apl,a2a8bd54-d6e,7093,2024-03-16T00:09:05,Kerala,Karnataka,PNB,Kotak,0,clean
ace7befd-c3f6-46,UPI0001001473,ixz2c9ro@icici,9e2471db-695,53sflse4@ybl,35771e25-0a2,51588,2024-03-15T11:07:19,Maharashtra,Kerala,BOB,HDFC,0,clean
9a8e0058-c203-41,UPI0001003544,ly4lyk83@icici,d20ed545-b8a,t9t11php@okaxis,cdc97255-ace,81582,2024-03-17T02:18:08,Telangana,West Bengal,SBI,ICICI,0,clean
2f36c997-1607-4f,UPI0001003429,9ku8s63e@apl,c9b6fdb8-698,ve3dzeed@okaxis,e8f965a5-a64,158698,2024-03-16T18:18:38,Maharashtra,Kerala,SBI,Kotak,0,clean
d39ea29e-f61d-46,UPI0001001161,3vg6v5t1@ibl,6109748c-75e,22555jxu@axl,db40ef7b-9eb,191397,2024-03-15T12:39:26,Telangana,Kerala,Axis,SBI,0,clean
ffd544fa-d44d-4c,UPI0001003187,5ll1d9s9@okaxis,4e8e9973-82f,kqxlm5q2@axl,96141255-6de,148844,2024-03-17T08:25:03,Gujarat,West Bengal,PNB,BOB,0,clean
af96e0ac-1755-47,UPI0001001794,xb94pdzp@ibl,1f77595a-0f7,jfvyb6li@axl,93910c55-ea9,82068,2024-03-18T05:36:49,Telangana,Karnataka,ICICI,ICICI,0,clean
4748d4d9-6cd8-44,UPI0001000919,e1i1p0bq@ibl,3130fc81-4e9,ftu2gc5w@okaxis,5b67e48a-456,70664,2024-03-16T05:10:38,Tamil Nadu,Telangana,Kotak,Axis,0,clean
b4842dad-2eba-43,UPI0001004170,ftaxp0wf@apl,c8a9e7b7-950,wviac2e4@axl,ef581a18-a36,123014,2024-03-16T03:13:56,Gujarat,Kerala,Kotak,PNB,0,clean
80496ab0-e855-41,UPI0001002433,82kb700u@ybl,dcd27afa-05a,2qc6dr08@ibl,edc4c65a-097,154720,2024-03-15T10:36:57,Maharashtra,West Bengal,PNB,PNB,0,clean
e8b944d4-be2c-4b,UPI0001000090,4j3dab42@okaxis,528a0fca-b7e,nbhds26f@upi,6cb62eb2-7f2,77115,2024-03-17T20:09:23,Karnataka,Tamil Nadu,BOB,Axis,0,clean
37dc9fc6-89e1-48,UPI0001002309,cd81twhw@okaxis,215eaeac-210,i04b7p47@ybl,a3267200-292,38236,2024-03-16T05:18:58,Kerala,Kerala,BOB,BOB,0,clean
81c77878-7ab5-47,UPI0001004551,yeqahths@paytm,38d6e582-cd0,5p5nvqeb@ibl,ba39ac93-7b7,55575,2024-03-18T02:46:35,Maharashtra,Gujarat,Kotak,Axis,0,clean
615654a9-0efd-4a,UPI0001003400,8k06moxs@oksbi,116067d7-992,9jpnbzug@okaxis,0fd97e8e-b69,110693,2024-03-17T07:45:53,Kerala,Telangana,HDFC,PNB,0,clean
bcf888d8-b2f0-42,UPI0001003638,la100qxm@ibl,b9b04561-3db,1eeurxhw@icici,8f237b1a-04e,98600,2024-03-16T07:49:02,Telangana,Telangana,BOB,HDFC,0,clean
c9ef05f1-2199-42,UPI0001002756,gm25len6@axl,0b265512-1b8,a3kkrzd5@oksbi,e9b226cc-92f,185229,2024-03-17T05:07:15,Gujarat,Maharashtra,Axis,ICICI,0,clean
a7663e98-12c3-42,UPI0001001049,x9l8lpqw@paytm,879bbcd2-e77,sc4e5hrd@apl,11c9ca6c-0cd,98648,2024-03-18T05:22:47,Kerala,Tamil Nadu,Kotak,PNB,0,clean
e09c5880-9337-4a,UPI0001000617,tjlmz04x@okaxis,2bd5d145-db0,tuw6taq6@upi,409c06a8-91d,11946,2024-03-16T17:26:55,Kerala,Gujarat,Axis,Axis,0,clean
f6332f2d-a2ba-4f,UPI0001002814,gyw6zbnz@axl,9552ed81-97b,mcqbnkx9@ibl,8afc3470-686,151664,2024-03-18T11:28:39,Karnataka,Tamil Nadu,Kotak,Kotak,0,clean
3155eebd-46a6-4b,UPI0001004477,52sq3b9s@apl,ec8fbf62-67f,9ltajw25@okaxis,2443c8c7-7e8,117094,2024-03-16T05:42:25,Gujarat,West Bengal,PNB,PNB,0,clean
5de7b82e-cbab-4e,UPI0001003225,cqse3tv1@oksbi,3efd782c-6ec,qxm0632c@paytm,fc67a622-d29,36172,2024-03-15T10:48:57,Gujarat,Tamil Nadu,Axis,Kotak,0,clean
4dab1cb3-56ff-47,UPI0001001817,i7kq1uym@axl,bdef7217-228,sehe2atn@icici,d6c059ff-a09,149117,2024-03-16T09:31:40,West Bengal,Maharashtra,BOB,HDFC,0,clean
2fd5b770-4fb4-45,UPI0001003481,ulzfy981@icici,71106fca-bed,0kgazu41@ybl,deda1626-f82,45228,2024-03-16T16:31:13,Kerala,Maharashtra,SBI,HDFC,0,clean
aa12abf0-91c7-48,UPI0001000751,7oxk8c1g@axl,46b23fe2-5eb,aacosym0@paytm,7cd0e4eb-ec5,99251,2024-03-15T18:21:21,Telangana,Kerala,Axis,HDFC,0,clean
3caa2693-5912-49,UPI0001001253,0ui22kx7@apl,0cb4a777-b67,ly4lyk83@icici,d20ed545-b8a,143615,2024-03-16T01:07:30,Karnataka,Telangana,Axis,SBI,0,clean
1b9964dc-da4b-40,UPI0001004796,g68a1arr@ybl,93972fa1-bff,szjnvc7h@axl,e08eea9e-3fa,173410,2024-03-16T06:38:14,Gujarat,Telangana,Kotak,BOB,0,clean
6d19576a-922e-4a,UPI0001000310,yv3lxchf@ybl,05438732-9d3,dr5xyfc4@paytm,172a1c93-d06,11193,2024-03-17T18:52:45,Tamil Nadu,Telangana,BOB,SBI,0,clean
d96f085f-98ab-48,UPI0001002324,9i6uu13i@oksbi,8752282f-7ab,9ln1p0vu@okaxis,a408bd71-981,68039,2024-03-16T00:22:09,Kerala,Kerala,PNB,Axis,0,clean
764d4032-d0e8-44,UPI0001004306,7azv2efu@ibl,68d7613a-6e9,8n7odkef@apl,91e08ce9-3ec,51192,2024-03-16T12:59:02,Telangana,Maharashtra,SBI,BOB,0,clean
904a95c3-0063-4f,UPI0001004788,x2toowt9@apl,e738b31f-0c3,sdygflij@okaxis,f4e28f71-353,29658,2024-03-16T14:30:52,Kerala,Telangana,SBI,Axis,0,clean
e510f3e3-a4f9-4b,UPI0001004395,53sflse4@ybl,35771e25-0a2,60plozjc@upi,d72284a1-243,150467,2024-03-15T17:53:08,Kerala,West Bengal,HDFC,SBI,0,clean
656a4b35-69c2-4a,UPI0001000673,eyr8lnoe@upi,ae9b4688-14f,xlez896d@apl,1f77ec31-a37,123894,2024-03-17T18:57:32,Telangana,Telangana,BOB,Kotak,0,clean
7fe82ae5-1998-46,UPI0001004566,5s4tl0th@okaxis,b194fbf8-08e,5ll1d9s9@okaxis,4e8e9973-82f,119545,2024-03-15T15:45:45,Gujarat,Gujarat,Kotak,PNB,0,clean
9b1b2d8f-b618-41,UPI0001001839,fuu5f07b@axl,d7955ac1-ec5,sdygflij@okaxis,f4e28f71-353,7409,2024-03-18T01:44:53,Telangana,Telangana,HDFC,Axis,0,clean
849b86f7-2ef7-4e,UPI0001000632,td44k1j6@oksbi,e33499ff-738,sehe2atn@icici,d6c059ff-a09,187778,2024-03-15T15:27:43,Maharashtra,Maharashtra,BOB,HDFC,0,clean
6f56f524-09fc-49,UPI0001003044,2qc6dr08@ibl,edc4c65a-097,79flv1xx@paytm,dff63398-c9e,67206,2024-03-17T02:11:23,West Bengal,Kerala,PNB,PNB,0,clean
8e71e139-e23d-4e,UPI0001000553,14ve92mp@upi,3be433cf-adf,2wbxanj4@upi,bfa5558d-959,178090,2024-03-16T03:54:41,Gujarat,Karnataka,SBI,BOB,0,clean
07629835-0a8d-4b,UPI0001000701,w6lqwlvu@upi,dec88820-146,0ubmc97c@axl,43852731-753,192662,2024-03-17T17:40:11,Maharashtra,Tamil Nadu,BOB,SBI,0,clean
699917ef-5005-40,UPI0001002898,8qoagsus@upi,701c0d10-59a,ccprhvlz@upi,e917e480-79b,87568,2024-03-15T20:33:52,Kerala,Telangana,SBI,Axis,0,clean
ca20f71a-5c58-4f,UPI0001003855,sic43olf@ybl,9553f767-1f2,04chsdin@okaxis,7193a5d0-081,192666,2024-03-17T05:49:34,Karnataka,Tamil Nadu,PNB,Kotak,0,clean
fbfb11c2-c4dd-42,UPI0001004552,q8ghgbcy@okaxis,d3047a7e-914,ybisbo55@paytm,0adcc0b2-719,108247,2024-03-16T13:03:01,West Bengal,Kerala,BOB,ICICI,0,clean
8c50d6c6-74ef-4c,UPI0001000821,ouhtcs1k@ibl,7eebd174-73c,2qc6dr08@ibl,edc4c65a-097,25045,2024-03-16T08:06:03,Tamil Nadu,West Bengal,HDFC,PNB,0,clean
a5cfd694-f356-41,UPI0001000689,jeget1gh@axl,f0c058e9-79c,x2toowt9@apl,e738b31f-0c3,95242,2024-03-15T14:14:42,Maharashtra,Kerala,ICICI,SBI,0,clean
36411556-702b-4f,UPI0001004181,gq9cvah7@apl,9226d90b-2a1,erxdouad@paytm,3396a1f3-654,133982,2024-03-16T17:43:01,Gujarat,Maharashtra,Kotak,Kotak,0,clean
fefaf67f-6de5-4c,UPI0001000959,bfh024kw@paytm,4c7b95ce-541,eaxylnfx@paytm,17fca863-f60,3962,2024-03-16T22:37:09,Gujarat,Kerala,PNB,ICICI,0,clean
16528456-40b0-4e,UPI0001000748,uflsehud@icici,168777e2-a06,uzpeal2w@upi,05950436-fc1,196337,2024-03-15T15:08:20,Karnataka,Telangana,Axis,SBI,0,clean
624a7168-4d11-4a,UPI0001000721,asifpwio@ibl,66abea7e-d1b,ivuzzpqk@ybl,1175d2fb-cc9,167767,2024-03-17T03:31:40,Kerala,Tamil Nadu,Kotak,BOB,0,clean
cb315b93-a486-43,UPI0001003267,ch8jwwdx@oksbi,b6a72442-d1f,93wxa73j@oksbi,dd8493a4-c29,19122,2024-03-15T13:11:10,West Bengal,Kerala,HDFC,ICICI,0,clean
049805ab-124d-45,UPI0001002569,hx74d0gj@ybl,5db7e9f0-084,reiyaz39@apl,75d4c470-c88,73844,2024-03-17T00:02:36,Maharashtra,Karnataka,BOB,PNB,0,clean
1d456065-5824-47,UPI0001002408,h8uzb7kr@oksbi,0dcc2242-7f7,8gl2zxjm@upi,dc036929-eff,130097,2024-03-18T10:19:29,Karnataka,Maharashtra,SBI,Axis,0,clean
a74d6677-1fa3-45,UPI0001002810,5p5nvqeb@ibl,ba39ac93-7b7,xf5gzpl1@axl,2fa2cb90-de4,48119,2024-03-17T18:37:41,Gujarat,West Bengal,Axis,ICICI,0,clean
faf7efa8-3992-49,UPI0001000146,yxtxmgtt@okaxis,7c6e58d5-652,webnvg5v@upi,e2bf96c9-371,167995,2024-03-15T20:02:12,Tamil Nadu,Telangana,BOB,ICICI,0,clean
92616b7b-8fae-47,UPI0001000492,78imoe0s@okaxis,0248c411-18c,48c1cqg4@apl,88ccb91c-dbb,183222,2024-03-15T11:37:29,Tamil Nadu,Tamil Nadu,Axis,BOB,0,clean
4547644e-6593-41,UPI0001000538,qjqijc1y@ibl,55a726c6-908,1eeurxhw@icici,8f237b1a-04e,147156,2024-03-15T16:57:22,Karnataka,Telangana,PNB,HDFC,0,clean
5ebc979c-bf95-44,UPI0001002897,xxbw01pd@ibl,76fbf235-4af,wovcxek4@apl,be18dda5-608,27151,2024-03-16T17:33:29,Maharashtra,Karnataka,SBI,PNB,0,clean
e1b0460c-a88b-44,UPI0001000468,ac6pe63l@ybl,fe6486c9-5e6,f5gcl9lc@axl,07d8fa8c-cff,107212,2024-03-15T19:00:01,Tamil Nadu,Telangana,Axis,ICICI,0,clean
1fbc294b-0066-44,UPI0001004400,qfwwxr5r@ibl,26cdf408-d84,nmby49e7@ibl,68a8ef6f-279,14764,2024-03-17T03:16:29,Maharashtra,Kerala,ICICI,Axis,0,clean
6da5d62f-240b-41,UPI0001000946,5rdoqivb@paytm,dfee9bf2-48b,pb8z3v6d@okaxis,080f17ae-0d9,1251,2024-03-16T13:24:01,Telangana,Gujarat,Axis,PNB,0,clean
91c982f9-1d4e-48,UPI0001000516,zzf8s2zg@oksbi,7844cc4a-374,u7fbmenu@okaxis,2b0e6e2e-1f6,6797,2024-03-17T05:23:16,Tamil Nadu,Kerala,PNB,ICICI,0,clean
d258657e-34fc-4e,UPI0001003067,wpaytxw1@ybl,a9a1d8cd-197,3vg6v5t1@ibl,6109748c-75e,171132,2024-03-17T03:45:41,Telangana,Telangana,PNB,Axis,0,clean
b3986697-895f-46,UPI0001004345,eyr8lnoe@upi,ae9b4688-14f,7dia5u6h@ibl,cc9a4f84-3ff,25730,2024-03-17T05:04:17,Telangana,Gujarat,BOB,PNB,0,clean
93843a0f-108a-4d,UPI0001000224,p767j2dg@paytm,291be5ac-6df,jcn9j3gc@okaxis,59d7c029-a96,20244,2024-03-18T06:43:18,Maharashtra,Tamil Nadu,Kotak,Kotak,0,clean
a30cd350-af2d-41,UPI0001003420,7rm6j8y6@axl,36890ab2-d16,bikcidkw@upi,f7982aa6-df8,47488,2024-03-17T09:52:07,Kerala,Tamil Nadu,PNB,HDFC,0,clean
f08363c7-f9cc-4e,UPI0001000104,fr91ipwh@upi,0e051c39-642,xlez896d@apl,1f77ec31-a37,162670,2024-03-16T07:15:34,West Bengal,Telangana,SBI,Kotak,0,clean
e2bc2380-11e1-42,UPI0001000255,7zeoqgvz@okaxis,f7e163d4-403,a7sqrf1l@upi,03564e58-3fd,15160,2024-03-18T01:04:23,Kerala,Tamil Nadu,Axis,ICICI,0,clean
796ad850-b906-40,UPI0001002045,vn1x2gdg@paytm,b8323e22-9c7,9t199dxj@ybl,95e891ca-aea,17047,2024-03-15T12:58:23,West Bengal,West Bengal,Axis,BOB,0,clean
4a73017c-edc5-4c,UPI0001004215,t6om1fb8@ibl,593dec67-5f5,961j88qe@apl,08348a0c-8d8,139567,2024-03-16T06:47:14,Gujarat,Telangana,ICICI,Kotak,0,clean
da992092-5ff5-47,UPI0001000737,eyr8lnoe@upi,ae9b4688-14f,b6bndoz6@axl,13339c2c-6a6,188573,2024-03-17T11:11:41,Telangana,Karnataka,BOB,Kotak,0,clean
d4f0e3e0-2c43-4b,UPI0001000431,x1gm32wp@okaxis,56954669-560,xcdyk0x6@oksbi,952171cb-bbd,38339,2024-03-18T02:38:31,Kerala,Gujarat,HDFC,ICICI,0,clean
d916e501-5337-4d,UPI0001003738,0kgazu41@ybl,deda1626-f82,ejzhyapd@icici,fc2bbd6e-bd4,49242,2024-03-17T07:52:50,Maharashtra,Telangana,HDFC,ICICI,0,clean
ee8077b0-1ab8-4f,UPI0001004247,d9fkxzuu@axl,1433fde1-1dd,2wgxo05q@apl,c1eb9500-3af,56847,2024-03-17T15:08:01,Tamil Nadu,Karnataka,PNB,Axis,0,clean
66e79cd1-34f2-42,UPI0001003627,uhz1gv0e@oksbi,3097941d-05e,b6bndoz6@axl,13339c2c-6a6,94199,2024-03-17T11:48:06,Tamil Nadu,Karnataka,ICICI,Kotak,0,clean
386d5d3f-d21d-4b,UPI0001002618,b9w4uov5@paytm,1dff960e-c72,f5gcl9lc@axl,07d8fa8c-cff,1799,2024-03-18T05:58:49,West Bengal,Telangana,PNB,ICICI,0,clean
a00d4f4e-827b-41,UPI0001000829,vqyiy1sy@oksbi,692618fb-a65,al8m1g9f@paytm,f6b9e535-824,177321,2024-03-18T06:27:14,Gujarat,Maharashtra,ICICI,BOB,0,clean
514677b5-41b9-4c,UPI0001003130,md270stl@apl,05beb72c-5c8,8xg8y72i@oksbi,958464e8-619,12393,2024-03-17T02:57:49,West Bengal,Gujarat,Axis,Axis,0,clean
be1197f4-6f20-44,UPI0001002790,p7r1m264@ibl,61dacc37-3af,9yecazrp@oksbi,388259e0-08a,58718,2024-03-17T16:58:57,Kerala,Maharashtra,Axis,SBI,0,clean
ebbd047f-a5e3-47,UPI0001000544,x2toowt9@apl,e738b31f-0c3,ivuzzpqk@ybl,1175d2fb-cc9,167948,2024-03-16T15:14:14,Kerala,Tamil Nadu,SBI,BOB,0,clean
284a0ae0-f41a-4d,UPI0001003907,zbcgjc36@apl,a45a1f06-4cb,8bfqnpce@upi,96c75168-b52,95292,2024-03-15T11:32:26,Telangana,Telangana,Axis,Axis,0,clean
cb8b1a86-13bf-4f,UPI0001000288,oq2zdo74@ibl,c1cf6d05-d52,sehe2atn@icici,d6c059ff-a09,74678,2024-03-16T10:56:11,West Bengal,Maharashtra,BOB,HDFC,0,clean
7c1d37f2-428f-43,UPI0001001916,5ll1d9s9@okaxis,4e8e9973-82f,css9toqw@upi,5ff36244-509,128483,2024-03-16T19:08:00,Gujarat,Maharashtra,PNB,ICICI,0,clean
0330e057-12b8-47,UPI0001002449,93wxa73j@oksbi,dd8493a4-c29,8qoagsus@upi,701c0d10-59a,11039,2024-03-16T15:45:47,Kerala,Kerala,ICICI,SBI,0,clean
eb61f6e9-5ad7-42,UPI0001004691,2muljavb@paytm,42174022-e10,2wbxanj4@upi,bfa5558d-959,61331,2024-03-17T07:55:53,Kerala,Karnataka,SBI,BOB,0,clean
e82ec5c6-9057-4f,UPI0001002937,q20hwobm@okaxis,1f7e151c-59a,2ei9212p@okaxis,bf8daac7-444,153778,2024-03-17T20:27:09,Tamil Nadu,Kerala,SBI,SBI,0,clean
79acf11a-0468-40,UPI0001002345,c2htmqwy@icici,f56a4c57-7ae,ymk99jcj@apl,c716a5a8-fe4,138410,2024-03-15T20:23:39,West Bengal,Maharashtra,BOB,BOB,0,clean
6be4bd2c-d2f7-4d,UPI0001000964,1oxrwk8r@apl,0051a9ea-fd9,vt997e4u@upi,6ffdcb98-a38,41604,2024-03-16T20:35:33,Karnataka,Gujarat,ICICI,Kotak,0,clean
59707703-9e3e-43,UPI0001002468,3o1icns8@axl,d6c09182-2d4,wpaytxw1@ybl,a9a1d8cd-197,38430,2024-03-16T00:47:46,Maharashtra,Telangana,Kotak,PNB,0,clean
7508a7e2-1310-4b,UPI0001003509,xcdyk0x6@oksbi,952171cb-bbd,14ve92mp@upi,3be433cf-adf,95059,2024-03-16T23:39:09,Gujarat,Gujarat,ICICI,SBI,0,clean
8cc62770-88e0-46,UPI0001000455,q1s05wnw@upi,8ed524ee-6d2,y8fv2bc2@upi,0b17743a-244,64800,2024-03-17T18:35:51,Maharashtra,Gujarat,PNB,ICICI,0,clean
de4e1098-b1a3-47,UPI0001000626,7rb1s9dw@ibl,fdf65419-e86,ac6pe63l@ybl,fe6486c9-5e6,127576,2024-03-17T21:34:05,Tamil Nadu,Tamil Nadu,PNB,Axis,0,clean
59aea3e9-708c-40,UPI0001004078,rkmby9ip@ybl,f5ed200a-714,z09wftbg@upi,69681540-b97,70807,2024-03-15T22:06:13,Maharashtra,Kerala,HDFC,Kotak,0,clean
650e693f-4a72-48,UPI0001002871,vkyrmjlj@paytm,170acc6e-133,dh0uyhnq@icici,ea03df36-47b,102046,2024-03-17T02:18:59,Gujarat,Tamil Nadu,HDFC,HDFC,0,clean
d1ba527f-4554-4d,UPI0001003141,tnqfll7v@ybl,e3cbc039-81c,xivzk7a4@paytm,4fddfea1-8cf,19502,2024-03-17T12:29:34,Gujarat,Maharashtra,HDFC,HDFC,0,clean
78f3edb8-ee9a-4f,UPI0001000667,xoq2vpgs@icici,3e35461b-eca,6wpx2cyo@icici,8e6b6450-5a7,33415,2024-03-15T21:41:37,Karnataka,West Bengal,BOB,BOB,0,clean
a51ba288-2606-44,UPI0001003830,79flv1xx@paytm,dff63398-c9e,szjnvc7h@axl,e08eea9e-3fa,135162,2024-03-17T15:38:13,Kerala,Telangana,PNB,BOB,0,clean
9fecd018-dd9e-4a,UPI0001002677,9mda9oek@upi,3941c113-d9b,d145bm1e@apl,2174d2e7-76b,53615,2024-03-17T07:28:25,Gujarat,West Bengal,Kotak,HDFC,0,clean
42b5c64b-d394-4a,UPI0001001922,uflsehud@icici,168777e2-a06,52sq3b9s@apl,ec8fbf62-67f,149950,2024-03-16T19:36:48,Karnataka,Gujarat,Axis,PNB,0,clean
dc2dd946-28d8-48,UPI0001000075,ivrocvit@icici,40e259ef-b8c,hrrpzlk3@ibl,8b84e2d0-e1e,164814,2024-03-17T22:15:40,Telangana,West Bengal,BOB,SBI,0,clean
d170bd38-7821-46,UPI0001000653,bjlzy1uu@upi,382cfba4-cfb,1n0lh9p8@oksbi,3e215a9e-0c6,100736,2024-03-18T04:10:47,Telangana,Tamil Nadu,Kotak,PNB,0,clean
3f42a451-7504-40,UPI0001000776,bfh024kw@paytm,4c7b95ce-541,adf7pchc@ybl,abb0956f-413,114180,2024-03-17T01:06:08,Gujarat,Gujarat,PNB,PNB,0,clean
005ed5ba-345d-46,UPI0001000717,tjlmz04x@okaxis,2bd5d145-db0,la100qxm@ibl,b9b04561-3db,190612,2024-03-16T03:31:38,Kerala,Telangana,Axis,BOB,0,clean
8da0fe5d-e3a2-48,UPI0001004000,7azv2efu@ibl,68d7613a-6e9,a5xin9dl@icici,ad258476-426,79210,2024-03-15T15:58:26,Telangana,Tamil Nadu,SBI,SBI,0,clean
9689f563-c046-49,UPI0001000911,ezqacj4t@icici,8eb3737e-59f,ulzfy981@icici,71106fca-bed,46666,2024-03-16T11:06:31,West Bengal,Kerala,Axis,SBI,0,clean
fe8495c1-d032-4e,UPI0001004335,nfnvuprt@oksbi,1afaa772-d85,yv2stn7e@icici,659a844c-450,181916,2024-03-17T18:15:38,Karnataka,Karnataka,Kotak,Kotak,0,clean
735ead9c-9281-40,UPI0001003162,j6txfo6v@paytm,8e5cd165-8cb,kmy9x8sy@upi,3a2ea2b9-ebe,106217,2024-03-16T15:13:11,Kerala,Gujarat,HDFC,PNB,0,clean
0895e0f8-5b7e-44,UPI0001000974,pdtz91x7@oksbi,676d9892-38a,xqkwqh5k@paytm,28070a63-70b,8984,2024-03-16T16:47:05,Gujarat,Karnataka,SBI,Axis,0,clean
8d34071a-72ee-48,UPI0001004491,e1i1p0bq@ibl,3130fc81-4e9,q8ghgbcy@okaxis,d3047a7e-914,154831,2024-03-17T23:29:18,Tamil Nadu,West Bengal,Kotak,BOB,0,clean
4b6dc224-8055-4f,UPI0001002314,1zxyvgiu@okaxis,855b24d8-016,jng7l4lr@ibl,01fe3c1a-6f8,55711,2024-03-15T10:34:10,Gujarat,Kerala,ICICI,Axis,0,clean
b8abf677-a05e-4f,UPI0001000500,os6zle6k@okaxis,eafa0ae5-1d9,ve3dzeed@okaxis,e8f965a5-a64,131657,2024-03-18T01:40:35,Karnataka,Kerala,HDFC,Kotak,0,clean
920ba911-7eb6-48,UPI0001004627,cd81twhw@okaxis,215eaeac-210,7y2lofn1@axl,075bde03-879,72872,2024-03-17T13:37:17,Kerala,Maharashtra,BOB,HDFC,0,clean
da504140-43f3-4e,UPI0001001773,et8t63j3@axl,e4ac4b23-0d3,1oxrwk8r@apl,0051a9ea-fd9,120413,2024-03-16T00:37:35,Karnataka,Karnataka,BOB,ICICI,0,clean
68642429-6d26-42,UPI0001004455,c8bbi4wi@axl,72e6b18a-a53,z09wftbg@upi,69681540-b97,74449,2024-03-16T12:39:52,Gujarat,Kerala,PNB,Kotak,0,clean
b8f546b6-6ee5-44,UPI0001003995,je2ab2rv@upi,8cc02af2-3b1,1ieixwc4@axl,078dcd14-8a1,116446,2024-03-17T00:22:04,West Bengal,Tamil Nadu,BOB,Kotak,0,clean
47e020b1-1c56-41,UPI0001000879,kicjn2fo@upi,1c3c8bbe-fc6,hkc856wp@axl,d4d7921f-c09,190646,2024-03-17T23:18:12,Kerala,Kerala,SBI,SBI,0,clean
9bc7dc53-f3c8-4a,UPI0001000205,ufm8zov7@paytm,713db7ca-950,w83y0mah@ibl,9ca3624a-117,113400,2024-03-16T03:49:45,Tamil Nadu,Karnataka,Kotak,ICICI,0,clean
8048e702-6bd6-4c,UPI0001002066,moge4qxx@ybl,686a9e6d-c61,9yecazrp@oksbi,388259e0-08a,72210,2024-03-17T20:47:12,Gujarat,Maharashtra,SBI,SBI,0,clean
7c3b07c8-9cc8-44,UPI0001004720,safyh1fk@paytm,7814c846-782,vt997e4u@upi,6ffdcb98-a38,126846,2024-03-18T09:27:45,Tamil Nadu,Gujarat,HDFC,Kotak,0,clean
f92d2ca5-e511-4e,UPI0001000338,qfwwxr5r@ibl,26cdf408-d84,sb4gf16y@ibl,b39346ac-8d2,21257,2024-03-17T23:49:09,Maharashtra,Telangana,ICICI,HDFC,0,clean
cd57948f-cb9e-4c,UPI0001002761,y4lmct64@oksbi,c2a29e5d-a8f,p2fmr0tj@apl,e15d55b9-ba9,110465,2024-03-17T23:16:54,West Bengal,Karnataka,BOB,Kotak,0,clean
d668a7e0-31dc-4e,UPI0001004787,j6txfo6v@paytm,8e5cd165-8cb,38diuovw@icici,83febe55-d55,22258,2024-03-17T00:24:41,Kerala,Karnataka,HDFC,Axis,0,clean
6676c6ba-97f5-4e,UPI0001003489,znv0h0gq@ibl,2b7b25ce-4e9,q1s05wnw@upi,8ed524ee-6d2,157975,2024-03-16T10:29:16,Gujarat,Maharashtra,HDFC,PNB,0,clean
0f760249-9c45-4a,UPI0001002660,a2m0w10l@ybl,956dfb24-447,5ixva1nk@ybl,3f9ee135-4b0,160903,2024-03-17T05:22:52,Gujarat,Tamil Nadu,ICICI,ICICI,0,clean
237a3efe-88a4-4b,UPI0001002133,q20hwobm@okaxis,1f7e151c-59a,1bcppvoh@icici,328ed257-23e,87742,2024-03-17T08:11:29,Tamil Nadu,Karnataka,SBI,SBI,0,clean
2154264b-40e3-44,UPI0001003731,5rtwiyki@ibl,58346645-d7d,5cozroou@oksbi,1731ed06-891,181433,2024-03-17T07:02:46,Gujarat,Kerala,Axis,ICICI,0,clean
923ace0d-cab1-4b,UPI0001000758,hyp9umyg@ibl,5327d76c-929,mx3y9rge@axl,10c50102-d01,184291,2024-03-18T08:55:06,Maharashtra,Kerala,PNB,SBI,0,clean
11515b46-8e43-48,UPI0001003184,9ltajw25@okaxis,2443c8c7-7e8,hrrpzlk3@ibl,8b84e2d0-e1e,61791,2024-03-17T03:22:58,West Bengal,West Bengal,PNB,SBI,0,clean
83a90eae-0fba-49,UPI0001003415,bbk7w1da@paytm,4f51dace-926,a7sqrf1l@upi,03564e58-3fd,194254,2024-03-17T11:47:36,Maharashtra,Tamil Nadu,Axis,ICICI,0,clean
2dd70f15-6c81-42,UPI0001004139,9yecazrp@oksbi,388259e0-08a,szjnvc7h@axl,e08eea9e-3fa,162300,2024-03-16T19:48:45,Maharashtra,Telangana,SBI,BOB,0,clean
34b5064c-7173-4a,UPI0001004426,4c3baewc@oksbi,165a3feb-cd2,7zeoqgvz@okaxis,f7e163d4-403,22547,2024-03-17T05:23:17,Tamil Nadu,Kerala,SBI,Axis,0,clean
eb9ce663-a1d7-46,UPI0001002078,kicjn2fo@upi,1c3c8bbe-fc6,likwe4bx@upi,9bb85d81-e50,18739,2024-03-18T01:55:34,Kerala,Telangana,SBI,BOB,0,clean
ddefbca8-1fc8-4c,UPI0001002051,u83g47rr@ybl,043e14fa-255,u7u6n7hv@okaxis,1c4fe2d7-dac,82671,2024-03-18T04:26:06,Gujarat,Tamil Nadu,PNB,SBI,0,clean
3fb32856-6f65-46,UPI0001003354,qjqijc1y@ibl,55a726c6-908,cjiwvhdk@apl,92a1d000-b37,9611,2024-03-17T22:55:05,Karnataka,West Bengal,PNB,ICICI,0,clean
0fab7aa0-b337-4b,UPI0001001802,zrf5a7qy@icici,4b4c4d05-3db,zbffzzdv@okaxis,7664c07f-020,95540,2024-03-16T17:25:54,Gujarat,Maharashtra,PNB,SBI,0,clean
ee67dc13-d995-46,UPI0001001859,w83y0mah@ibl,9ca3624a-117,04cdpqvl@oksbi,35f93717-d6d,185106,2024-03-16T03:55:13,Karnataka,Telangana,ICICI,SBI,0,clean
f3938697-8744-4d,UPI0001002492,xoq2vpgs@icici,3e35461b-eca,f0onjpi1@paytm,f1306f21-cef,63731,2024-03-15T16:00:44,Karnataka,Karnataka,BOB,ICICI,0,clean
2a9dbae5-6c30-4d,UPI0001002744,f0onjpi1@paytm,f1306f21-cef,uu4ytn02@ibl,0dc94cab-d16,189878,2024-03-17T23:41:58,Karnataka,Karnataka,ICICI,Kotak,0,clean
4df697a5-d692-4e,UPI0001001876,95g3v23g@icici,87088df9-723,2wgxo05q@apl,c1eb9500-3af,25532,2024-03-16T07:30:33,Kerala,Karnataka,ICICI,Axis,0,clean
dc882ae3-42e8-49,UPI0001003724,lhlb50at@apl,0232feb6-0e5,sygjjfgj@paytm,333e6ba7-55b,32288,2024-03-16T18:16:27,West Bengal,Kerala,ICICI,Axis,0,clean
9a54bd0d-89f8-4f,UPI0001000590,d76szn9d@ibl,d020762f-d26,091c795r@upi,e21f0d08-204,146893,2024-03-15T13:53:08,Maharashtra,Karnataka,Kotak,BOB,0,clean
8f802ac5-e686-44,UPI0001001649,vn1x2gdg@paytm,b8323e22-9c7,iwg0odwm@axl,b06871d7-817,15173,2024-03-17T20:06:33,West Bengal,Gujarat,Axis,PNB,0,clean
6747db90-1277-40,UPI0001001852,il8sa3id@upi,0ff28a1c-817,adf7pchc@ybl,abb0956f-413,169573,2024-03-18T09:22:14,Gujarat,Gujarat,SBI,PNB,0,clean
851edaba-1500-4a,UPI0001004162,os6zle6k@okaxis,eafa0ae5-1d9,5rdoqivb@paytm,dfee9bf2-48b,84723,2024-03-15T13:23:51,Karnataka,Telangana,HDFC,Axis,0,clean
719d46b6-59ad-40,UPI0001004712,4ivsolml@oksbi,3f8344dd-51d,70e3p15a@okaxis,d87ecdc6-34f,148744,2024-03-17T23:07:40,Telangana,Karnataka,SBI,SBI,0,clean
ccf155bb-b1e0-4f,UPI0001000759,93wxa73j@oksbi,dd8493a4-c29,snwywrra@icici,2981fe0d-fe0,197702,2024-03-15T17:24:59,Kerala,Karnataka,ICICI,Axis,0,clean
8ae4d74c-0b40-4f,UPI0001002169,wovcxek4@apl,be18dda5-608,19qzpniq@oksbi,10d15b04-d6f,43162,2024-03-15T15:48:38,Karnataka,Tamil Nadu,PNB,ICICI,0,clean
c7968cd4-5a39-44,UPI0001004651,tjlmz04x@okaxis,2bd5d145-db0,5hcbbmhn@axl,d47e844a-967,98535,2024-03-18T02:33:03,Kerala,Karnataka,Axis,Kotak,0,clean
660578c6-f865-4c,UPI0001001893,r6k2vmww@oksbi,e85bb9a0-574,j6txfo6v@paytm,8e5cd165-8cb,172152,2024-03-17T04:28:33,Gujarat,Kerala,PNB,HDFC,0,clean
5d25ccd9-3c4e-4e,UPI0001000373,ywp0rxxf@icici,536cc49c-7b9,lfzkicwm@axl,de2ef3f1-ab7,180061,2024-03-17T06:28:38,Kerala,Kerala,Kotak,SBI,0,clean
f927c9e6-bb14-47,UPI0001000791,ev361xsn@ybl,253a3b26-f4f,udojen0j@apl,f8265746-bc4,174201,2024-03-15T15:45:02,Gujarat,West Bengal,PNB,BOB,0,clean
d382daba-39ae-47,UPI0001002712,xyjoa21a@oksbi,27c58270-7c1,9ryllwb7@icici,786ee19f-951,179246,2024-03-16T20:45:27,Karnataka,Gujarat,PNB,SBI,0,clean
6ec514db-9ddb-44,UPI0001002998,3vg6v5t1@ibl,6109748c-75e,2ei9212p@okaxis,bf8daac7-444,125741,2024-03-17T08:45:44,Telangana,Kerala,Axis,SBI,0,clean
1b213aa4-ccf1-4b,UPI0001004605,au9dkbpv@upi,60186fb8-833,hyp9umyg@ibl,5327d76c-929,160344,2024-03-16T00:57:04,Tamil Nadu,Maharashtra,PNB,PNB,0,clean
28c5c3c9-098f-4d,UPI0001001678,h8uzb7kr@oksbi,0dcc2242-7f7,7y2lofn1@axl,075bde03-879,97700,2024-03-16T04:49:21,Karnataka,Maharashtra,SBI,HDFC,0,clean
eea4e939-e96f-45,UPI0001003514,ybisbo55@paytm,0adcc0b2-719,mb1l6314@ibl,d40c7f91-9fe,5355,2024-03-17T02:02:53,Kerala,Kerala,ICICI,ICICI,0,clean
e119fafd-8880-42,UPI0001003063,os6zle6k@okaxis,eafa0ae5-1d9,1zxyvgiu@okaxis,855b24d8-016,67187,2024-03-17T08:46:16,Karnataka,Gujarat,HDFC,ICICI,0,clean
aab0d31b-42a6-4c,UPI0001004743,sehe2atn@icici,d6c059ff-a09,bbk7w1da@paytm,4f51dace-926,19875,2024-03-16T19:28:34,Maharashtra,Maharashtra,HDFC,Axis,0,clean
654c39ac-f5d2-44,UPI0001002326,x9l8lpqw@paytm,879bbcd2-e77,yv3lxchf@ybl,05438732-9d3,26346,2024-03-18T08:02:23,Kerala,Tamil Nadu,Kotak,BOB,0,clean
18a01f33-5e60-43,UPI0001004751,ng2igsb9@oksbi,b7684321-a5d,u8el5015@apl,c881ee60-b74,53078,2024-03-16T20:02:57,Telangana,Tamil Nadu,Kotak,Axis,0,clean
bc40df19-2de8-43,UPI0001004809,a83ru7my@apl,88c32907-0d3,pgb7r3oc@ybl,1ff47666-0e3,157470,2024-03-17T22:03:15,Karnataka,Telangana,SBI,HDFC,0,clean
658648dc-f88f-40,UPI0001002584,hyexf7jx@paytm,855c736c-1a1,5p1v3zo7@icici,5ec1cb78-2d9,9611,2024-03-15T19:35:58,Telangana,Telangana,SBI,Kotak,0,clean
1b447e80-32ee-41,UPI0001000445,wtg1m8xf@ibl,34f68cde-274,z09wftbg@upi,69681540-b97,191305,2024-03-17T03:35:51,Kerala,Kerala,HDFC,Kotak,0,clean
5020fe22-31d9-42,UPI0001004669,lhlb50at@apl,0232feb6-0e5,ld4d6af5@oksbi,c6d92344-f08,67633,2024-03-17T03:17:37,West Bengal,Kerala,ICICI,SBI,0,clean
e2fdaf3a-8b78-4b,UPI0001002235,uu4ytn02@ibl,0dc94cab-d16,c01arxab@apl,a094d57c-0e5,164172,2024-03-16T21:48:27,Karnataka,Tamil Nadu,Kotak,ICICI,0,clean
6e11887a-167f-45,UPI0001004283,9i6uu13i@oksbi,8752282f-7ab,xb94pdzp@ibl,1f77595a-0f7,4873,2024-03-16T13:03:51,Kerala,Telangana,PNB,ICICI,0,clean
fc27b98b-b518-4e,UPI0001001599,4j3dab42@okaxis,528a0fca-b7e,9qm3p91i@upi,292ebd50-376,59508,2024-03-17T14:01:48,Karnataka,West Bengal,BOB,BOB,0,clean
a0d95315-d54c-49,UPI0001000087,mpkxvhag@paytm,0a090c2a-c48,so8w5038@okaxis,0a9225e3-208,111368,2024-03-16T21:33:04,Tamil Nadu,Karnataka,SBI,Axis,0,clean
46281446-b106-47,UPI0001003284,0v2zp4ju@upi,32db899d-85a,h8uzb7kr@oksbi,0dcc2242-7f7,31294,2024-03-15T21:48:09,Telangana,Karnataka,HDFC,SBI,0,clean
f657ce12-9bea-48,UPI0001001026,iiji44m2@ibl,333ff240-187,ivuzzpqk@ybl,1175d2fb-cc9,118611,2024-03-16T03:10:28,Karnataka,Tamil Nadu,SBI,BOB,0,clean
df6b702d-d431-48,UPI0001002616,s43c5ba7@upi,6a3a3aa8-5af,znv0h0gq@ibl,2b7b25ce-4e9,55775,2024-03-18T06:23:16,Karnataka,Gujarat,Kotak,HDFC,0,clean
f696f21c-2cc5-4a,UPI0001003825,nfnvuprt@oksbi,1afaa772-d85,v1v93kmk@icici,10199d03-28f,34949,2024-03-15T23:36:36,Karnataka,Gujarat,Kotak,HDFC,0,clean
6faa5d15-0909-4a,UPI0001001403,ifrml29q@ybl,7e962fc5-e68,f5gcl9lc@axl,07d8fa8c-cff,17136,2024-03-15T17:03:13,Tamil Nadu,Telangana,ICICI,ICICI,0,clean
63146c69-ce30-49,UPI0001002409,jtgq01te@ibl,f43f6c1a-19d,4c3baewc@oksbi,165a3feb-cd2,168934,2024-03-17T09:42:57,Tamil Nadu,Tamil Nadu,ICICI,SBI,0,clean
e6b6a801-e289-43,UPI0001004420,ouhtcs1k@ibl,7eebd174-73c,3vg6v5t1@ibl,6109748c-75e,48304,2024-03-15T13:06:06,Tamil Nadu,Telangana,HDFC,Axis,0,clean
144e456f-4bbb-4d,UPI0001002261,bfh024kw@paytm,4c7b95ce-541,7azv2efu@ibl,68d7613a-6e9,157551,2024-03-18T06:21:12,Gujarat,Telangana,PNB,SBI,0,clean
e26318bb-f06a-4e,UPI0001002638,xaprpn6q@oksbi,fc297e6e-aa8,nbhnal3g@ybl,b9a38cd2-91b,124488,2024-03-16T05:55:40,Kerala,Telangana,Axis,PNB,0,clean
d49875d5-f2be-4c,UPI0001002954,a7sqrf1l@upi,03564e58-3fd,hl88kzru@okaxis,2eca5bfe-dc2,60619,2024-03-16T01:46:57,Tamil Nadu,Gujarat,ICICI,ICICI,0,clean
79a76116-bf56-45,UPI0001003043,q57te8tv@axl,fbac67aa-dd8,z6us7rp4@ibl,a8bc7367-673,70847,2024-03-15T16:32:43,Telangana,Karnataka,PNB,Kotak,0,clean
ad54cd7d-ecee-40,UPI0001003013,l3wxdrlc@upi,38c6e804-3e7,ofas1ekt@axl,de630927-308,116654,2024-03-17T06:04:57,Kerala,Maharashtra,ICICI,BOB,0,clean
73668020-ada0-42,UPI0001000809,udojen0j@apl,f8265746-bc4,lboriq8h@paytm,d1aedf8e-b07,13073,2024-03-16T07:50:48,West Bengal,West Bengal,BOB,HDFC,0,clean
6a8d4d63-81ab-41,UPI0001002441,dn5gjj8m@oksbi,daefad95-27b,je2ab2rv@upi,8cc02af2-3b1,49665,2024-03-18T02:05:15,Kerala,West Bengal,Axis,BOB,0,clean
dbc7a06a-9aa7-4d,UPI0001004061,0t9nt3w5@okaxis,da315726-456,j3bqrr87@okaxis,f8adb759-ff2,44480,2024-03-16T17:52:04,Tamil Nadu,Gujarat,PNB,Axis,0,clean
40616ec2-5b08-47,UPI0001004029,d6357oon@apl,5cbf8094-1fa,ga0x7zcg@ibl,15bb3739-991,108820,2024-03-18T11:20:35,Telangana,Karnataka,SBI,SBI,0,clean
218b0c00-0e15-40,UPI0001000278,ftaxp0wf@apl,c8a9e7b7-950,9rk7d30m@upi,c9d13a46-21b,48181,2024-03-17T13:26:24,Gujarat,Maharashtra,Kotak,Axis,0,clean
73c27de9-aa35-42,UPI0001001015,61bw4a7f@axl,69e6f60e-2f1,1zdfkblc@upi,58478899-90d,78707,2024-03-17T20:25:26,Maharashtra,Tamil Nadu,SBI,ICICI,0,clean
92f1834c-bb28-4b,UPI0001001455,sehe2atn@icici,d6c059ff-a09,rq9nz612@okaxis,1b4f813a-e5e,47246,2024-03-16T20:06:06,Maharashtra,Karnataka,HDFC,BOB,0,clean
3e20c0e2-eb86-4c,UPI0001004457,93wxa73j@oksbi,dd8493a4-c29,kjxjq5nv@axl,e4a54308-6a3,58809,2024-03-16T19:27:24,Kerala,Gujarat,ICICI,Axis,0,clean
8c547a41-6c60-42,UPI0001001554,g68a1arr@ybl,93972fa1-bff,5a5piskf@oksbi,2c0c791b-29d,21473,2024-03-16T05:30:21,Gujarat,Telangana,Kotak,ICICI,0,clean
edc544bc-85b8-48,UPI0001004097,vkyrmjlj@paytm,170acc6e-133,szjnvc7h@axl,e08eea9e-3fa,29194,2024-03-16T10:17:59,Gujarat,Telangana,HDFC,BOB,0,clean
64de1152-37d1-47,UPI0001000895,xyjoa21a@oksbi,27c58270-7c1,5xqt4p50@apl,23c3bfdf-dc6,77004,2024-03-15T16:10:09,Karnataka,Kerala,PNB,ICICI,0,clean
7ca22f9d-db0c-44,UPI0001002722,60plozjc@upi,d72284a1-243,r6k2vmww@oksbi,e85bb9a0-574,94069,2024-03-16T08:45:57,West Bengal,Gujarat,SBI,PNB,0,clean
e2702ff1-f885-43,UPI0001003058,mpkxvhag@paytm,0a090c2a-c48,w9zyn6sj@ybl,3c3c1190-4fb,38465,2024-03-16T21:09:57,Tamil Nadu,Telangana,SBI,ICICI,0,clean
b2880b7d-620f-40,UPI0001001933,4lorxdtg@apl,65e2fb55-c36,e9vifttd@ibl,afcf7781-db7,59544,2024-03-16T10:10:12,Telangana,Telangana,ICICI,Axis,0,clean
872704cf-2f5e-4e,UPI0001004308,091c795r@upi,e21f0d08-204,g10ur5l8@ybl,d0c45167-d84,72605,2024-03-17T19:48:35,Karnataka,Tamil Nadu,BOB,HDFC,0,clean
cce6244d-49ee-49,UPI0001004241,5ll1d9s9@okaxis,4e8e9973-82f,0v2zp4ju@upi,32db899d-85a,69853,2024-03-16T21:47:13,Gujarat,Telangana,PNB,HDFC,0,clean
78a9a4ab-4c4f-47,UPI0001001897,o83rlkte@axl,d9bc569f-b59,50e6mpsj@ibl,86246ac8-756,99345,2024-03-15T21:01:01,Kerala,West Bengal,BOB,Axis,0,clean
d8e5059f-7886-4d,UPI0001001523,xcdyk0x6@oksbi,952171cb-bbd,q8ghgbcy@okaxis,d3047a7e-914,44116,2024-03-17T01:26:38,Gujarat,West Bengal,ICICI,BOB,0,clean
9a07e8b7-21f9-4b,UPI0001002481,aztkszp7@oksbi,bd9daf6b-41d,jcitfoyq@ybl,56227fb1-a5a,88619,2024-03-17T08:00:48,Tamil Nadu,Karnataka,SBI,HDFC,0,clean
501f2011-fa79-4d,UPI0001002304,siwjm2c8@axl,76415f9b-a77,uflsehud@icici,168777e2-a06,96960,2024-03-15T17:21:33,Tamil Nadu,Karnataka,Kotak,Axis,0,clean
40548a6b-6b7f-4a,UPI0001004762,fewvznvk@icici,93ff3503-d85,93wxa73j@oksbi,dd8493a4-c29,140384,2024-03-17T21:24:40,Kerala,Kerala,Kotak,ICICI,0,clean
72593833-eaa4-44,UPI0001004683,7y2lofn1@axl,075bde03-879,1ieixwc4@axl,078dcd14-8a1,131728,2024-03-17T13:49:49,Maharashtra,Tamil Nadu,HDFC,Kotak,0,clean
4aed7a98-f0c4-4b,UPI0001002130,ge094d6r@axl,323f67af-ede,la100qxm@ibl,b9b04561-3db,98046,2024-03-17T21:52:49,West Bengal,Telangana,HDFC,BOB,0,clean
00e4d591-d3ab-45,UPI0001000213,79flv1xx@paytm,dff63398-c9e,almjegqt@apl,5a7a5884-b49,94181,2024-03-17T14:52:03,Kerala,Tamil Nadu,PNB,SBI,0,clean
8dd7f0f5-a457-41,UPI0001000995,03o4gkww@paytm,a371a87c-ef1,d9fkxzuu@axl,1433fde1-1dd,116379,2024-03-16T03:37:36,Gujarat,Tamil Nadu,PNB,PNB,0,clean
902c1206-9534-46,UPI0001002666,tx63cfl0@paytm,ac541769-490,dn5gjj8m@oksbi,daefad95-27b,97063,2024-03-16T15:10:17,Tamil Nadu,Kerala,Axis,Axis,0,clean
802d9112-33d6-4c,UPI0001002244,50e6mpsj@ibl,86246ac8-756,nmeoq4yr@apl,3730892d-042,157712,2024-03-17T11:58:13,West Bengal,Tamil Nadu,Axis,PNB,0,clean
e1058afe-6a63-40,UPI0001004067,4vssrura@upi,955c4234-bff,a2m0w10l@ybl,956dfb24-447,43020,2024-03-17T00:24:15,Gujarat,Gujarat,PNB,ICICI,0,clean
102ac6c2-92f8-40,UPI0001002101,b7v1w4k2@icici,6a37d574-e6f,ccprhvlz@upi,e917e480-79b,149095,2024-03-16T18:43:32,Karnataka,Telangana,ICICI,Axis,0,clean
7fac8999-816f-45,UPI0001002058,bngz6wmd@axl,de032811-f29,kqxlm5q2@axl,96141255-6de,159037,2024-03-18T06:42:52,Kerala,West Bengal,PNB,BOB,0,clean
f829cbee-5a7b-48,UPI0001004582,2lhgcsot@ibl,f3952d16-235,likwe4bx@upi,9bb85d81-e50,103665,2024-03-18T07:08:04,Tamil Nadu,Telangana,ICICI,BOB,0,clean
13a2ed71-a39a-4e,UPI0001002322,50e6mpsj@ibl,86246ac8-756,8n7odkef@apl,91e08ce9-3ec,71852,2024-03-17T05:02:19,West Bengal,Maharashtra,Axis,BOB,0,clean
ce7497c5-1368-40,UPI0001003317,lboriq8h@paytm,d1aedf8e-b07,sqt26q3x@upi,730141f1-80f,109409,2024-03-16T00:49:49,West Bengal,Kerala,HDFC,Kotak,0,clean
1792fb60-0499-41,UPI0001001713,la100qxm@ibl,b9b04561-3db,i9kqdgbk@upi,feaf9f0b-cd9,77521,2024-03-15T11:09:53,Telangana,Gujarat,BOB,Axis,0,clean
7a4368cf-063a-43,UPI0001004054,rid3dnkn@oksbi,b8fa8960-47b,p767j2dg@paytm,291be5ac-6df,6188,2024-03-16T07:32:34,Karnataka,Maharashtra,PNB,Kotak,0,clean
47ea861d-dfae-4e,UPI0001003904,091c795r@upi,e21f0d08-204,wr7mkgxu@paytm,f8967d89-388,116367,2024-03-18T04:24:54,Karnataka,Kerala,BOB,SBI,0,clean
781edffd-f402-4a,UPI0001004100,gm25len6@axl,0b265512-1b8,dtm4vxjj@ibl,52136084-c7a,55280,2024-03-16T17:18:10,Gujarat,Tamil Nadu,Axis,ICICI,0,clean
f13cf301-7008-46,UPI0001002685,96khub2r@icici,8faab40b-0cf,dtm4vxjj@ibl,52136084-c7a,44722,2024-03-17T03:33:09,Karnataka,Tamil Nadu,SBI,ICICI,0,clean
5932dd54-3638-4c,UPI0001002700,adf7pchc@ybl,abb0956f-413,a7sqrf1l@upi,03564e58-3fd,143263,2024-03-17T16:55:43,Gujarat,Tamil Nadu,PNB,ICICI,0,clean
340060a7-0f87-48,UPI0001003228,jtb9xxay@apl,893cdd77-540,k7y6qxds@oksbi,368e12fa-90b,49276,2024-03-15T21:40:37,Gujarat,Telangana,Axis,BOB,0,clean
640088aa-433a-49,UPI0001001632,yxtxmgtt@okaxis,7c6e58d5-652,hx74d0gj@ybl,5db7e9f0-084,188152,2024-03-16T07:06:40,Tamil Nadu,Maharashtra,BOB,BOB,0,clean
a61394fc-2a24-4d,UPI0001004728,7rb1s9dw@ibl,fdf65419-e86,9mda9oek@upi,3941c113-d9b,153875,2024-03-17T00:30:13,Tamil Nadu,Gujarat,PNB,Kotak,0,clean
ca994ebe-c6b5-4b,UPI0001003835,p767j2dg@paytm,291be5ac-6df,ejzhyapd@icici,fc2bbd6e-bd4,34743,2024-03-15T20:57:19,Maharashtra,Telangana,Kotak,ICICI,0,clean
1feff158-9571-4e,UPI0001000169,cjiwvhdk@apl,92a1d000-b37,gh2m5zja@okaxis,835cb61e-36d,24297,2024-03-16T05:24:47,West Bengal,Maharashtra,ICICI,SBI,0,clean
0a1b6f91-b046-42,UPI0001001985,dr5xyfc4@paytm,172a1c93-d06,uhz1gv0e@oksbi,3097941d-05e,163517,2024-03-17T15:40:23,Telangana,Tamil Nadu,SBI,ICICI,0,clean
0f708dc0-e77c-49,UPI0001004072,ezjsszwd@icici,4d45d924-039,nmeoq4yr@apl,3730892d-042,15581,2024-03-17T19:19:21,Telangana,Tamil Nadu,SBI,PNB,0,clean
9f68705a-6eee-40,UPI0001001547,7dia5u6h@ibl,cc9a4f84-3ff,w6lqwlvu@upi,dec88820-146,106530,2024-03-15T11:40:20,Gujarat,Maharashtra,PNB,BOB,0,clean
10baad89-4209-46,UPI0001001064,2lhgcsot@ibl,f3952d16-235,xaprpn6q@oksbi,fc297e6e-aa8,167849,2024-03-15T23:37:29,Tamil Nadu,Kerala,ICICI,Axis,0,clean
6a3b3b33-e669-48,UPI0001003556,zfhomtzz@oksbi,a65a521d-a01,z09wftbg@upi,69681540-b97,29838,2024-03-15T22:00:55,West Bengal,Kerala,Axis,Kotak,0,clean
58c9f0d3-4a0f-40,UPI0001003928,tuw6taq6@upi,409c06a8-91d,ouhtcs1k@ibl,7eebd174-73c,130699,2024-03-16T04:36:45,Gujarat,Tamil Nadu,Axis,HDFC,0,clean
03c145ee-84ec-4d,UPI0001004160,hgbmfbuv@upi,aab2c0e3-bcd,uu4ytn02@ibl,0dc94cab-d16,164555,2024-03-17T03:00:47,West Bengal,Karnataka,SBI,Kotak,0,clean
4f9128e0-312a-4d,UPI0001000840,bikcidkw@upi,f7982aa6-df8,7dia5u6h@ibl,cc9a4f84-3ff,113432,2024-03-18T00:42:05,Tamil Nadu,Gujarat,HDFC,PNB,0,clean
d94c0734-7b18-42,UPI0001002100,p2fmr0tj@apl,e15d55b9-ba9,7y2lofn1@axl,075bde03-879,95117,2024-03-17T21:33:41,Karnataka,Maharashtra,Kotak,HDFC,0,clean
3e615b02-b9be-4c,UPI0001003579,moge4qxx@ybl,686a9e6d-c61,aji0y6dp@ybl,db6e078e-7f2,19999,2024-03-16T10:39:42,Gujarat,Tamil Nadu,SBI,SBI,0,clean
a3396302-783f-44,UPI0001000342,gq9cvah7@apl,9226d90b-2a1,rid3dnkn@oksbi,b8fa8960-47b,25268,2024-03-17T22:12:46,Gujarat,Karnataka,Kotak,PNB,0,clean
ce5ad61e-8d34-43,UPI0001002310,h25llo3r@ybl,61c41a5e-2b8,6xlpu0dk@apl,2966c875-264,162209,2024-03-17T11:47:25,Maharashtra,Tamil Nadu,BOB,HDFC,0,clean
1d2842e3-b264-4b,UPI0001004185,ildzmfb7@axl,9749e680-bdd,r94sz2ku@ybl,3c8e10be-1ce,48579,2024-03-17T15:56:56,Maharashtra,Telangana,PNB,Axis,0,clean
c8c958dc-17d8-4f,UPI0001001643,ch8jwwdx@oksbi,b6a72442-d1f,wtg1m8xf@ibl,34f68cde-274,73458,2024-03-16T02:11:12,West Bengal,Kerala,HDFC,HDFC,0,clean
f5249f32-4152-40,UPI0001002464,c7d2kd1p@apl,044bb7dc-666,ch8jwwdx@oksbi,b6a72442-d1f,118292,2024-03-16T12:14:55,West Bengal,West Bengal,BOB,HDFC,0,clean
eeb958f5-e414-47,UPI0001004109,g25cfzfd@icici,ad809e95-47e,3dd03uvu@upi,cf3db828-3cc,173111,2024-03-16T07:53:19,Gujarat,Tamil Nadu,BOB,PNB,0,clean
a96d46a8-c3e0-48,UPI0001004493,l3zyt91q@oksbi,8cf20348-4b6,xyjoa21a@oksbi,27c58270-7c1,112121,2024-03-15T13:02:49,Maharashtra,Karnataka,SBI,PNB,0,clean
c5cabe67-8a25-44,UPI0001001395,snwywrra@icici,2981fe0d-fe0,x0h3jujd@okaxis,58d8b5c6-ef9,177444,2024-03-17T02:56:25,Karnataka,Telangana,Axis,HDFC,0,clean
94915140-be1b-46,UPI0001001542,hwy9hecg@axl,4c9f3ceb-6e3,hkc856wp@axl,d4d7921f-c09,114637,2024-03-15T21:51:24,Telangana,Kerala,SBI,SBI,0,clean
3bd6bde2-58ea-42,UPI0001003280,60plozjc@upi,d72284a1-243,aacosym0@paytm,7cd0e4eb-ec5,113611,2024-03-17T12:42:43,West Bengal,Kerala,SBI,HDFC,0,clean
f8cdbebe-9a30-41,UPI0001004039,os6zle6k@okaxis,eafa0ae5-1d9,n0jbzutr@oksbi,4a3fb95b-e6e,116787,2024-03-17T17:45:58,Karnataka,Gujarat,HDFC,Kotak,0,clean
ae28eb9d-a5ba-47,UPI0001000317,6zpxvpbl@okaxis,aadb54c8-2d0,zei3zrrh@oksbi,8a34eeb1-73d,25221,2024-03-17T04:31:18,Kerala,Kerala,Axis,PNB,0,clean
e6f97d14-8fbb-40,UPI0001003455,hyexf7jx@paytm,855c736c-1a1,sqt26q3x@upi,730141f1-80f,176332,2024-03-16T03:32:54,Telangana,Kerala,SBI,Kotak,0,clean
c3289461-172c-4a,UPI0001001178,0vm59m6m@okaxis,f9cbacae-054,mcqbnkx9@ibl,8afc3470-686,23045,2024-03-16T20:39:46,Telangana,Tamil Nadu,HDFC,Kotak,0,clean
f4834746-d8f8-45,UPI0001002285,p3jpxgh3@axl,c8b30791-50e,9yecazrp@oksbi,388259e0-08a,107370,2024-03-16T08:02:54,Gujarat,Maharashtra,BOB,SBI,0,clean
48bf1874-2766-4f,UPI0001002927,sb4gf16y@ibl,b39346ac-8d2,ildzmfb7@axl,9749e680-bdd,55795,2024-03-18T04:12:37,Telangana,Maharashtra,HDFC,PNB,0,clean
70783c5d-7dfa-40,UPI0001004264,ejzhyapd@icici,fc2bbd6e-bd4,p2fmr0tj@apl,e15d55b9-ba9,127535,2024-03-16T08:38:47,Telangana,Karnataka,ICICI,Kotak,0,clean
c8ea64c6-7556-4d,UPI0001002256,tjlmz04x@okaxis,2bd5d145-db0,xf7kzorq@axl,8a77df8c-2c4,119053,2024-03-15T12:54:36,Kerala,Tamil Nadu,Axis,Kotak,0,clean
de15624a-b93d-43,UPI0001004008,7azv2efu@ibl,68d7613a-6e9,mqg1ved3@ibl,9abe9954-38e,137684,2024-03-17T13:07:43,Telangana,Tamil Nadu,SBI,ICICI,0,clean
df00223b-cf1e-49,UPI0001000225,o75rh8lx@ibl,08de2ce8-4d4,zzqy72wx@okaxis,5d610321-34c,78440,2024-03-17T14:21:14,Karnataka,Maharashtra,PNB,Axis,0,clean
c89895e3-90c7-4f,UPI0001000124,almjegqt@apl,5a7a5884-b49,cjiwvhdk@apl,92a1d000-b37,81262,2024-03-17T20:25:35,Tamil Nadu,West Bengal,SBI,ICICI,0,clean
f18c7027-0e4e-46,UPI0001001657,r6n92xf8@oksbi,05a7b3f0-2b3,h25llo3r@ybl,61c41a5e-2b8,125883,2024-03-16T00:58:05,Gujarat,Maharashtra,Kotak,BOB,0,clean
b6ff9bbf-8bb3-4b,UPI0001002706,siwjm2c8@axl,76415f9b-a77,5a5piskf@oksbi,2c0c791b-29d,42237,2024-03-15T21:55:43,Tamil Nadu,Telangana,Kotak,ICICI,0,clean
c8737f60-5af0-47,UPI0001003979,bjlzy1uu@upi,382cfba4-cfb,xtnsrtwl@upi,320db857-eb5,111776,2024-03-16T01:50:30,Telangana,Tamil Nadu,Kotak,SBI,0,clean
77673df2-f930-4e,UPI0001003273,ejzhyapd@icici,fc2bbd6e-bd4,1zdfkblc@upi,58478899-90d,53721,2024-03-16T01:56:31,Telangana,Tamil Nadu,ICICI,ICICI,0,clean
1e555238-30c9-45,UPI0001001158,su9rn8qt@icici,7a8c6645-05a,mxb9yo18@apl,59117312-cf3,120758,2024-03-15T12:22:22,Karnataka,Gujarat,ICICI,SBI,0,clean
9adc19b5-07b7-48,UPI0001002095,lboriq8h@paytm,d1aedf8e-b07,x0h3jujd@okaxis,58d8b5c6-ef9,103426,2024-03-16T02:11:18,West Bengal,Telangana,HDFC,HDFC,0,clean
20d16344-1aaf-43,UPI0001004587,ytwbozd1@ybl,9637a7ac-2e7,reiyaz39@apl,75d4c470-c88,124501,2024-03-16T23:31:58,Tamil Nadu,Karnataka,Kotak,PNB,0,clean
142dd083-1810-44,UPI0001003574,t7txkdot@axl,b3d818db-f57,kmy9x8sy@upi,3a2ea2b9-ebe,101520,2024-03-16T12:43:52,Gujarat,Gujarat,HDFC,PNB,0,clean
69df6eee-3b51-4a,UPI0001001832,zfhomtzz@oksbi,a65a521d-a01,wpaytxw1@ybl,a9a1d8cd-197,147427,2024-03-17T00:18:35,West Bengal,Telangana,Axis,PNB,0,clean
e61bd87d-077c-44,UPI0001001226,d6357oon@apl,5cbf8094-1fa,i9kqdgbk@upi,feaf9f0b-cd9,186229,2024-03-18T03:19:42,Telangana,Gujarat,SBI,Axis,0,clean
eea5cf36-3226-46,UPI0001002891,i7kq1uym@axl,bdef7217-228,9kkh4a3y@paytm,898ace33-3f3,193617,2024-03-17T15:05:14,West Bengal,Karnataka,BOB,Kotak,0,clean
bdc7a05e-9ee4-4a,UPI0001001410,08j3trp0@paytm,6434509b-398,ccprhvlz@upi,e917e480-79b,166058,2024-03-16T17:32:17,Karnataka,Telangana,ICICI,Axis,0,clean
2d238fdd-0070-42,UPI0001002370,md270stl@apl,05beb72c-5c8,uu4ytn02@ibl,0dc94cab-d16,1217,2024-03-16T00:00:49,West Bengal,Karnataka,Axis,Kotak,0,clean
84d34349-9280-4f,UPI0001002528,so8w5038@okaxis,0a9225e3-208,jluujmiy@axl,77509db0-051,89021,2024-03-15T13:32:48,Karnataka,West Bengal,Axis,ICICI,0,clean
5f233486-cbad-4d,UPI0001002216,gq9cvah7@apl,9226d90b-2a1,jiys2n75@ybl,ab332325-6cf,173282,2024-03-16T11:19:39,Gujarat,Tamil Nadu,Kotak,PNB,0,clean
8e96b714-fc92-4f,UPI0001003584,aztkszp7@oksbi,bd9daf6b-41d,mx9djoyo@okaxis,bb266567-4bb,193512,2024-03-15T12:55:57,Tamil Nadu,Tamil Nadu,SBI,Kotak,0,clean
43941868-6ef5-4f,UPI0001001491,gm25len6@axl,0b265512-1b8,ev361xsn@ybl,253a3b26-f4f,133004,2024-03-17T14:41:40,Gujarat,Gujarat,Axis,PNB,0,clean
c12239b4-8770-44,UPI0001002423,6xlpu0dk@apl,2966c875-264,g68a1arr@ybl,93972fa1-bff,36525,2024-03-18T06:08:38,Tamil Nadu,Gujarat,HDFC,Kotak,0,clean
53eda5a3-db10-43,UPI0001003639,eyr8lnoe@upi,ae9b4688-14f,811kerpe@icici,c1a2cc6d-cfd,33542,2024-03-16T00:50:58,Telangana,Maharashtra,BOB,PNB,0,clean
848326a7-0203-43,UPI0001001821,jluujmiy@axl,77509db0-051,h61iaoim@ybl,e6db924d-173,13030,2024-03-17T03:59:44,West Bengal,West Bengal,ICICI,ICICI,0,clean
152cf4d2-d937-42,UPI0001004483,yv3lxchf@ybl,05438732-9d3,a3kkrzd5@oksbi,e9b226cc-92f,104989,2024-03-17T03:50:48,Tamil Nadu,Maharashtra,BOB,ICICI,0,clean
5bd168f1-71d4-49,UPI0001002187,9i6uu13i@oksbi,8752282f-7ab,17mgfxc0@ybl,cf96bd32-f7f,196227,2024-03-17T12:30:23,Kerala,Gujarat,PNB,SBI,0,clean
ba7d6a6c-a886-4b,UPI0001001255,vgox22in@okaxis,9d6a6b21-955,x0h3jujd@okaxis,58d8b5c6-ef9,53062,2024-03-17T05:26:48,Kerala,Telangana,Axis,HDFC,0,clean
292dba21-7f01-4f,UPI0001002779,o57p6bkl@ibl,a0f35ea4-53a,7y2lofn1@axl,075bde03-879,161556,2024-03-16T01:35:51,Tamil Nadu,Maharashtra,Kotak,HDFC,0,clean
45a74a88-a035-41,UPI0001000458,ftaxp0wf@apl,c8a9e7b7-950,08j3trp0@paytm,6434509b-398,138886,2024-03-17T02:54:16,Gujarat,Karnataka,Kotak,ICICI,0,clean
3e611146-a9ec-4c,UPI0001002427,8e9rivh6@icici,ab4ef148-113,uplvqexu@okaxis,33e404df-c0a,199895,2024-03-18T09:18:34,Karnataka,Karnataka,ICICI,BOB,0,clean
44d4b5a9-d438-4d,UPI0001002501,70e3p15a@okaxis,d87ecdc6-34f,9boq0iq2@oksbi,45a62da6-105,16562,2024-03-17T19:44:39,Karnataka,West Bengal,SBI,SBI,0,clean
3e0a77b7-4362-41,UPI0001004713,5xqt4p50@apl,23c3bfdf-dc6,c2htmqwy@icici,f56a4c57-7ae,159993,2024-03-18T08:20:42,Kerala,West Bengal,ICICI,BOB,0,clean
56e83afb-61e8-4b,UPI0001001009,0ljch2vf@oksbi,cab331dd-0d9,bbk7w1da@paytm,4f51dace-926,143389,2024-03-16T06:00:09,West Bengal,Maharashtra,Axis,Axis,0,clean
60d7f75c-145d-48,UPI0001002195,fgzvrctl@icici,8e73c27c-e02,r6n92xf8@oksbi,05a7b3f0-2b3,148914,2024-03-16T07:45:40,Karnataka,Gujarat,BOB,Kotak,0,clean
ecddaf39-4b8e-4f,UPI0001002475,48c1cqg4@apl,88ccb91c-dbb,p7r1m264@ibl,61dacc37-3af,145694,2024-03-17T16:06:21,Tamil Nadu,Kerala,BOB,Axis,0,clean
3761c8b4-bb40-48,UPI0001000241,a2m0w10l@ybl,956dfb24-447,gh2m5zja@okaxis,835cb61e-36d,64879,2024-03-17T01:59:31,Gujarat,Maharashtra,ICICI,SBI,0,clean
f6cbbc36-5d63-46,UPI0001002982,ivrocvit@icici,40e259ef-b8c,a2m0w10l@ybl,956dfb24-447,183218,2024-03-16T23:47:01,Telangana,Gujarat,BOB,ICICI,0,clean
32c60a0b-0ebb-4a,UPI0001003802,oi0e0vgn@ybl,f2b82c08-c17,aacosym0@paytm,7cd0e4eb-ec5,3730,2024-03-15T14:21:29,West Bengal,Kerala,Axis,HDFC,0,clean
764d186c-f71a-42,UPI0001002621,jcitfoyq@ybl,56227fb1-a5a,hwy9hecg@axl,4c9f3ceb-6e3,61775,2024-03-17T10:09:46,Karnataka,Telangana,HDFC,SBI,0,clean
796299eb-7ded-49,UPI0001000877,qvs8a0tp@axl,964a35db-404,fewvznvk@icici,93ff3503-d85,11258,2024-03-16T10:42:45,Telangana,Kerala,Kotak,Kotak,0,clean
797c1219-d294-46,UPI0001002870,jluujmiy@axl,77509db0-051,css9toqw@upi,5ff36244-509,111612,2024-03-17T08:05:20,West Bengal,Maharashtra,ICICI,ICICI,0,clean
6a592200-9435-48,UPI0001000790,bngz6wmd@axl,de032811-f29,w2lm349e@upi,52515f9c-046,159404,2024-03-18T07:02:13,Kerala,West Bengal,PNB,Kotak,0,clean
0e1b71ad-eea5-4d,UPI0001001622,8qqvaecw@okaxis,6ba34083-55e,yv3lxchf@ybl,05438732-9d3,134602,2024-03-17T18:57:50,Maharashtra,Tamil Nadu,PNB,BOB,0,clean
ea9a200c-513c-44,UPI0001000596,ejzhyapd@icici,fc2bbd6e-bd4,5xlk8wru@ybl,4c2dd6a9-8c7,158573,2024-03-17T12:54:13,Telangana,Karnataka,ICICI,SBI,0,clean
15dc866c-553a-4f,UPI0001004546,mb1l6314@ibl,d40c7f91-9fe,jy62zeeq@upi,2197e198-4e7,143275,2024-03-18T08:09:43,Kerala,Tamil Nadu,ICICI,SBI,0,clean
895a1efb-74f0-47,UPI0001003222,zmf8mdd4@paytm,d6a9a633-5ca,pdtz91x7@oksbi,676d9892-38a,142323,2024-03-18T10:28:26,Tamil Nadu,Gujarat,BOB,SBI,0,clean
0b5e48d5-bbcf-40,UPI0001002266,uswbkok3@axl,7f90cc04-8a6,sb4gf16y@ibl,b39346ac-8d2,73510,2024-03-16T09:44:26,Tamil Nadu,Telangana,HDFC,HDFC,0,clean
c3ed22c0-8d30-4f,UPI0001001999,b9w4uov5@paytm,1dff960e-c72,m2vajepe@ibl,242b4c68-da5,6531,2024-03-16T03:21:48,West Bengal,Tamil Nadu,PNB,Axis,0,clean
0244bbf9-c83b-4d,UPI0001003947,m92h3tv3@okaxis,56581c10-823,irym81cm@oksbi,4956140d-046,161867,2024-03-17T23:23:09,West Bengal,Tamil Nadu,ICICI,PNB,0,clean
c0ee2d5d-2982-4d,UPI0001003028,7azv2efu@ibl,68d7613a-6e9,zbcgjc36@apl,a45a1f06-4cb,102276,2024-03-15T17:30:48,Telangana,Telangana,SBI,Axis,0,clean
32033974-93da-44,UPI0001000562,5xlk8wru@ybl,4c2dd6a9-8c7,04chsdin@okaxis,7193a5d0-081,73919,2024-03-16T03:24:32,Karnataka,Tamil Nadu,SBI,Kotak,0,clean
794ac2a7-baf7-41,UPI0001003030,a7sqrf1l@upi,03564e58-3fd,7azv2efu@ibl,68d7613a-6e9,104330,2024-03-18T00:15:31,Tamil Nadu,Telangana,ICICI,SBI,0,clean
273441e9-07b9-4b,UPI0001001800,al8m1g9f@paytm,f6b9e535-824,d9fkxzuu@axl,1433fde1-1dd,186559,2024-03-18T01:18:18,Maharashtra,Tamil Nadu,BOB,PNB,0,clean
f1e6dac4-c5ec-45,UPI0001002547,d145bm1e@apl,2174d2e7-76b,lq5v4ftq@paytm,15386809-9f2,151711,2024-03-17T11:16:02,West Bengal,Maharashtra,HDFC,Kotak,0,clean
c1104784-5f6d-4e,UPI0001000324,zzqy72wx@okaxis,5d610321-34c,9ln1p0vu@okaxis,a408bd71-981,169227,2024-03-16T22:50:51,Maharashtra,Kerala,Axis,Axis,0,clean
01998434-67af-43,UPI0001001287,9i6uu13i@oksbi,8752282f-7ab,yeqahths@paytm,38d6e582-cd0,22649,2024-03-15T17:47:54,Kerala,Maharashtra,PNB,Kotak,0,clean
d7c660b2-54c1-46,UPI0001004693,hrrpzlk3@ibl,8b84e2d0-e1e,5ixva1nk@ybl,3f9ee135-4b0,87666,2024-03-18T11:24:04,West Bengal,Tamil Nadu,SBI,ICICI,0,clean
aeeb4ac6-9317-46,UPI0001000675,g25cfzfd@icici,ad809e95-47e,14ve92mp@upi,3be433cf-adf,100486,2024-03-17T17:24:05,Gujarat,Gujarat,BOB,SBI,0,clean
49ecd440-ef8d-4e,UPI0001003439,rdihsa7h@oksbi,ecf41fd7-09b,siwjm2c8@axl,76415f9b-a77,79499,2024-03-18T04:52:12,Karnataka,Tamil Nadu,ICICI,Kotak,0,clean
45cd5e6f-a2fc-48,UPI0001001759,jiys2n75@ybl,ab332325-6cf,stn3cpud@axl,4a22d1fb-5bc,136793,2024-03-18T05:06:56,Tamil Nadu,Tamil Nadu,PNB,Axis,0,clean
ce11e205-a588-45,UPI0001003981,2zdlx1q8@oksbi,bc5d6484-72a,jy62zeeq@upi,2197e198-4e7,29641,2024-03-16T04:04:49,West Bengal,Tamil Nadu,BOB,SBI,0,clean
29d86aa4-776c-44,UPI0001000166,eh5sw229@upi,988a62ef-895,xb94pdzp@ibl,1f77595a-0f7,66825,2024-03-15T15:34:19,Telangana,Telangana,Axis,ICICI,0,clean
01a7053a-9a1a-46,UPI0001004281,myr06nkw@oksbi,9b3bd143-106,wjeyub19@icici,2328b533-d95,173864,2024-03-16T16:24:02,Maharashtra,Karnataka,BOB,Axis,0,clean
d4b3e00d-47e2-4d,UPI0001004814,rc6zs62y@oksbi,f17ab0c6-4a0,f0onjpi1@paytm,f1306f21-cef,25562,2024-03-16T19:48:30,Karnataka,Karnataka,SBI,ICICI,0,clean
9b0e08ff-6c47-46,UPI0001001855,xaprpn6q@oksbi,fc297e6e-aa8,iymenvg3@paytm,3151edf4-e43,118063,2024-03-18T10:11:03,Kerala,Gujarat,Axis,ICICI,0,clean
2d41c02b-f7ba-4a,UPI0001000473,ad7x48wz@ibl,f694d29f-aad,811kerpe@icici,c1a2cc6d-cfd,98359,2024-03-18T07:40:50,Tamil Nadu,Maharashtra,SBI,PNB,0,clean
58dee7b3-b738-45,UPI0001000162,hx74d0gj@ybl,5db7e9f0-084,3dd03uvu@upi,cf3db828-3cc,55508,2024-03-16T02:35:27,Maharashtra,Tamil Nadu,BOB,PNB,0,clean
42a0218b-b0ef-45,UPI0001000300,mb1l6314@ibl,d40c7f91-9fe,qfwwxr5r@ibl,26cdf408-d84,35081,2024-03-15T21:50:45,Kerala,Maharashtra,ICICI,ICICI,0,clean
9b6234f3-e5cf-4b,UPI0001004220,yv3lxchf@ybl,05438732-9d3,zmf8mdd4@paytm,d6a9a633-5ca,101783,2024-03-17T11:11:17,Tamil Nadu,Tamil Nadu,BOB,BOB,0,clean
995f001f-f673-40,UPI0001003203,3vg6v5t1@ibl,6109748c-75e,ejzhyapd@icici,fc2bbd6e-bd4,89751,2024-03-16T04:32:23,Telangana,Telangana,Axis,ICICI,0,clean
021cb247-b796-49,UPI0001003765,14ve92mp@upi,3be433cf-adf,wpaytxw1@ybl,a9a1d8cd-197,111863,2024-03-18T09:05:07,Gujarat,Telangana,SBI,PNB,0,clean
820a8127-6190-41,UPI0001001663,kns832ej@axl,1d7f27e2-928,9iy4x41d@apl,e541dc70-08b,133483,2024-03-18T00:02:18,West Bengal,Karnataka,BOB,Axis,0,clean
0d30a978-4cdf-4f,UPI0001001735,kuuhclrr@ibl,9658742d-f26,t9t11php@okaxis,cdc97255-ace,124064,2024-03-15T12:47:46,West Bengal,West Bengal,Kotak,ICICI,0,clean
0fdf24c7-62b6-4c,UPI0001003128,k0ucc1m3@apl,18efcd83-447,mx9djoyo@okaxis,bb266567-4bb,69793,2024-03-17T08:47:58,Gujarat,Tamil Nadu,BOB,Kotak,0,clean
8f16f48a-e270-4c,UPI0001002852,e1i1p0bq@ibl,3130fc81-4e9,kjxjq5nv@axl,e4a54308-6a3,177037,2024-03-15T21:37:07,Tamil Nadu,Gujarat,Kotak,Axis,0,clean
650df407-359f-4c,UPI0001000982,xf5gzpl1@axl,2fa2cb90-de4,091c795r@upi,e21f0d08-204,10306,2024-03-16T23:40:09,West Bengal,Karnataka,ICICI,BOB,0,clean
ef9b3c7b-3981-41,UPI0001000448,u83g47rr@ybl,043e14fa-255,ybisbo55@paytm,0adcc0b2-719,193415,2024-03-16T22:11:05,Gujarat,Kerala,PNB,ICICI,0,clean
6729e51a-5fcd-4d,UPI0001001129,wwnc21o0@upi,0d6872fa-a63,asifpwio@ibl,66abea7e-d1b,18493,2024-03-16T21:57:10,Kerala,Kerala,Axis,Kotak,0,clean
71255b3a-95a5-41,UPI0001004204,x9l8lpqw@paytm,879bbcd2-e77,xivzk7a4@paytm,4fddfea1-8cf,184637,2024-03-17T04:26:49,Kerala,Maharashtra,Kotak,HDFC,0,clean
aad4f738-cc4f-40,UPI0001004518,4j3dab42@okaxis,528a0fca-b7e,sb4gf16y@ibl,b39346ac-8d2,121158,2024-03-17T09:09:23,Karnataka,Telangana,BOB,HDFC,0,clean
090aadb8-db18-4e,UPI0001002247,likwe4bx@upi,9bb85d81-e50,w3zkwdee@paytm,0d7b14ce-3fb,6536,2024-03-18T08:18:17,Telangana,Telangana,BOB,SBI,0,clean
e2d7c579-82de-4f,UPI0001001250,ppohswq4@ybl,27cf6e96-b10,t9t11php@okaxis,cdc97255-ace,184858,2024-03-17T07:34:55,Tamil Nadu,West Bengal,PNB,ICICI,0,clean
386515c4-0f4e-45,UPI0001003223,rc6zs62y@oksbi,f17ab0c6-4a0,su9rn8qt@icici,7a8c6645-05a,64194,2024-03-15T11:39:56,Karnataka,Karnataka,SBI,ICICI,0,clean
30e89e09-263c-49,UPI0001002006,yv3lxchf@ybl,05438732-9d3,1zdfkblc@upi,58478899-90d,49147,2024-03-15T22:15:05,Tamil Nadu,Tamil Nadu,BOB,ICICI,0,clean
b748b26e-36a8-47,UPI0001001014,cd81twhw@okaxis,215eaeac-210,kns832ej@axl,1d7f27e2-928,22412,2024-03-16T04:34:17,Kerala,West Bengal,BOB,BOB,0,clean
bd6d543b-dc8d-49,UPI0001003656,8qoagsus@upi,701c0d10-59a,5a5piskf@oksbi,2c0c791b-29d,84708,2024-03-18T08:50:10,Kerala,Telangana,SBI,ICICI,0,clean
8d018c03-d402-4f,UPI0001003783,s8q349dx@ybl,f92d00fe-76e,9tr74qge@oksbi,2dc01c43-46d,97816,2024-03-16T17:23:35,Telangana,Telangana,HDFC,PNB,0,clean
614760bf-3e41-45,UPI0001002604,vaj2k8xp@apl,90f01618-4ff,hyexf7jx@paytm,855c736c-1a1,196359,2024-03-15T16:23:23,Karnataka,Telangana,BOB,SBI,0,clean
bca0c78c-3885-42,UPI0001003171,nfnvuprt@oksbi,1afaa772-d85,x2toowt9@apl,e738b31f-0c3,165813,2024-03-17T00:55:58,Karnataka,Kerala,Kotak,SBI,0,clean
494e008b-25d0-40,UPI0001003348,almjegqt@apl,5a7a5884-b49,o57p6bkl@ibl,a0f35ea4-53a,189017,2024-03-17T10:09:22,Tamil Nadu,Tamil Nadu,SBI,Kotak,0,clean
f551d9da-0524-4a,UPI0001002001,x9l8lpqw@paytm,879bbcd2-e77,239moft6@axl,0f7c79b6-edf,62613,2024-03-15T22:25:04,Kerala,Karnataka,Kotak,ICICI,0,clean
dfda87a8-59ee-46,UPI0001004324,c1l7dypm@upi,cee17028-635,9t199dxj@ybl,95e891ca-aea,1205,2024-03-15T16:48:00,Karnataka,West Bengal,ICICI,BOB,0,clean
baa4f674-96b0-4f,UPI0001001953,ac6pe63l@ybl,fe6486c9-5e6,mxb9yo18@apl,59117312-cf3,89052,2024-03-17T04:12:25,Tamil Nadu,Gujarat,Axis,SBI,0,clean
102467aa-91ea-4a,UPI0001001053,t9t11php@okaxis,cdc97255-ace,c01arxab@apl,a094d57c-0e5,191370,2024-03-16T08:55:57,West Bengal,Tamil Nadu,ICICI,ICICI,0,clean
b94db9c8-a04f-44,UPI0001001044,uuxk0are@ibl,7992b6ba-0fd,3o0llj8y@axl,1c00950a-235,92411,2024-03-17T21:56:58,Telangana,Maharashtra,BOB,SBI,0,clean
4d9794c0-48e8-47,UPI0001002816,wsozctwj@paytm,06c76465-950,pd2tsxtv@upi,30954f8d-335,86209,2024-03-15T20:10:19,Maharashtra,Gujarat,SBI,ICICI,0,clean
54dd3ef1-bf4c-43,UPI0001001503,tjlmz04x@okaxis,2bd5d145-db0,60plozjc@upi,d72284a1-243,69848,2024-03-15T22:01:22,Kerala,West Bengal,Axis,SBI,0,clean
215662f2-2e95-47,UPI0001002905,d8wj0uun@apl,5a53f848-ec8,t0mq8abk@ybl,9638e7a0-a3a,53024,2024-03-17T13:40:52,Maharashtra,West Bengal,ICICI,Kotak,0,clean
29846dce-847a-4e,UPI0001000764,uswbkok3@axl,7f90cc04-8a6,4ivsolml@oksbi,3f8344dd-51d,99211,2024-03-17T17:13:53,Tamil Nadu,Telangana,HDFC,SBI,0,clean
434ac7db-a027-49,UPI0001003871,hv1xg1r1@axl,3f7eef17-fe8,x2toowt9@apl,e738b31f-0c3,36616,2024-03-16T15:02:28,Maharashtra,Kerala,PNB,SBI,0,clean
75bf6253-2eee-4f,UPI0001003135,uuxk0are@ibl,7992b6ba-0fd,aiy4va13@ybl,143b620b-637,120917,2024-03-16T07:43:52,Telangana,Maharashtra,BOB,BOB,0,clean
daad17c2-1c48-45,UPI0001003720,x4sn6sm5@axl,b28fc016-34a,9ku8s63e@apl,c9b6fdb8-698,5736,2024-03-16T01:37:36,Kerala,Maharashtra,BOB,SBI,0,clean
7e17d70f-44ba-4a,UPI0001001814,il8sa3id@upi,0ff28a1c-817,kjxjq5nv@axl,e4a54308-6a3,10950,2024-03-17T07:11:50,Gujarat,Gujarat,SBI,Axis,0,clean
35851da6-6cea-43,UPI0001004353,oieves6f@oksbi,4c26e044-3e8,rw6tm2o0@icici,7b3b2f4a-e30,178472,2024-03-16T04:28:40,West Bengal,Karnataka,ICICI,ICICI,0,clean
eac0f951-5eaa-47,UPI0001003788,9xn4m41k@okaxis,cc2c3f3e-4c7,1zxyvgiu@okaxis,855b24d8-016,151058,2024-03-17T14:43:11,Gujarat,Gujarat,HDFC,ICICI,0,clean
9b4cdb05-35fc-43,UPI0001001098,0q0mftg6@ybl,1c02f161-954,gm25len6@axl,0b265512-1b8,52174,2024-03-15T17:21:31,Gujarat,Gujarat,Kotak,Axis,0,clean
99f84b4e-4b90-42,UPI0001004143,ac6pe63l@ybl,fe6486c9-5e6,eh5sw229@upi,988a62ef-895,173119,2024-03-17T12:03:23,Tamil Nadu,Telangana,Axis,Axis,0,clean
ff21caee-04b5-4c,UPI0001001076,sehe2atn@icici,d6c059ff-a09,z09wftbg@upi,69681540-b97,96153,2024-03-16T01:27:13,Maharashtra,Kerala,HDFC,Kotak,0,clean
823d63ff-0f98-4c,UPI0001002908,bjlzy1uu@upi,382cfba4-cfb,e9vifttd@ibl,afcf7781-db7,138024,2024-03-16T17:23:08,Telangana,Telangana,Kotak,Axis,0,clean
b1c5ddbb-5b32-4f,UPI0001001932,c7d2kd1p@apl,044bb7dc-666,gspk9p38@axl,b85df010-58f,103080,2024-03-17T10:39:18,West Bengal,West Bengal,BOB,ICICI,0,clean
b150d72b-9bd2-48,UPI0001001687,z2sf6f7l@apl,f4ac893c-cd3,ppsfnkom@ybl,ac7006a0-31d,85823,2024-03-18T00:16:37,Karnataka,Gujarat,Kotak,BOB,0,clean
f6006135-813f-48,UPI0001001918,1n0lh9p8@oksbi,3e215a9e-0c6,o57p6bkl@ibl,a0f35ea4-53a,174291,2024-03-16T14:34:40,Tamil Nadu,Tamil Nadu,PNB,Kotak,0,clean
cd2010de-ff09-40,UPI0001002260,rdihsa7h@oksbi,ecf41fd7-09b,sqt26q3x@upi,730141f1-80f,44682,2024-03-16T15:24:37,Karnataka,Kerala,ICICI,Kotak,0,clean
94b94e19-3e08-41,UPI0001001358,rflqbmae@apl,a2a8bd54-d6e,0q0mftg6@ybl,1c02f161-954,199021,2024-03-16T08:39:02,Karnataka,Gujarat,Kotak,Kotak,0,clean
d36cd667-c31a-4c,UPI0001003679,hwy9hecg@axl,4c9f3ceb-6e3,yv3lxchf@ybl,05438732-9d3,86335,2024-03-16T15:00:51,Telangana,Tamil Nadu,SBI,BOB,0,clean
63121b20-ce50-4f,UPI0001004538,a83ru7my@apl,88c32907-0d3,hv1xg1r1@axl,3f7eef17-fe8,45395,2024-03-16T16:00:43,Karnataka,Maharashtra,SBI,PNB,0,clean
759f9ab6-9800-49,UPI0001002606,9ku8s63e@apl,c9b6fdb8-698,79flv1xx@paytm,dff63398-c9e,114629,2024-03-15T16:03:44,Maharashtra,Kerala,SBI,PNB,0,clean
d5d1de73-c4ce-4c,UPI0001000305,sb4gf16y@ibl,b39346ac-8d2,0lthy25m@oksbi,3c04574b-b03,43749,2024-03-17T03:17:31,Telangana,Kerala,HDFC,ICICI,0,clean
ebc53e68-74c2-4b,UPI0001001569,z6us7rp4@ibl,a8bc7367-673,96khub2r@icici,8faab40b-0cf,21147,2024-03-17T06:29:40,Karnataka,Karnataka,Kotak,SBI,0,clean
e12a1036-b79a-49,UPI0001001522,rkmby9ip@ybl,f5ed200a-714,2g05kbkv@upi,95960706-af3,151885,2024-03-17T14:07:01,Maharashtra,Telangana,HDFC,ICICI,0,clean
14aaa235-fdb3-42,UPI0001002833,gyw6zbnz@axl,9552ed81-97b,bbk7w1da@paytm,4f51dace-926,12156,2024-03-16T20:18:35,Karnataka,Maharashtra,Kotak,Axis,0,clean
90969f28-b73f-43,UPI0001001846,a83ru7my@apl,88c32907-0d3,mxb9yo18@apl,59117312-cf3,69589,2024-03-17T17:53:23,Karnataka,Gujarat,SBI,SBI,0,clean
17e87721-d720-4a,UPI0001002838,gn1w1ht7@axl,61e9276c-1e5,iwg0odwm@axl,b06871d7-817,197267,2024-03-15T15:42:01,Tamil Nadu,Gujarat,PNB,PNB,0,clean
dadcc928-357c-46,UPI0001002671,1g1r1dww@apl,2645ceb7-5d8,iwg0odwm@axl,b06871d7-817,24635,2024-03-18T01:16:40,Karnataka,Gujarat,Axis,PNB,0,clean
e0d96d46-4013-49,UPI0001004359,k12v2tg5@apl,3903da2e-a66,e46aexl6@paytm,cb20a360-856,99046,2024-03-15T10:53:14,Telangana,Gujarat,Axis,PNB,0,clean
6f275c1e-0ad9-49,UPI0001001058,i7kq1uym@axl,bdef7217-228,sb4gf16y@ibl,b39346ac-8d2,3524,2024-03-16T05:31:39,West Bengal,Telangana,BOB,HDFC,0,clean
cf774463-0f01-49,UPI0001001472,td44k1j6@oksbi,e33499ff-738,au9dkbpv@upi,60186fb8-833,196486,2024-03-15T11:42:28,Maharashtra,Tamil Nadu,BOB,PNB,0,clean
105272bc-5451-4b,UPI0001004367,79flv1xx@paytm,dff63398-c9e,i04b7p47@ybl,a3267200-292,2600,2024-03-18T08:07:07,Kerala,Kerala,PNB,BOB,0,clean
df9aa440-b637-42,UPI0001001849,yeqahths@paytm,38d6e582-cd0,bngz6wmd@axl,de032811-f29,184639,2024-03-16T18:20:34,Maharashtra,Kerala,Kotak,PNB,0,clean
c40389bf-c8ec-44,UPI0001004718,8bfqnpce@upi,96c75168-b52,9t199dxj@ybl,95e891ca-aea,34788,2024-03-17T10:33:30,Telangana,West Bengal,Axis,BOB,0,clean
adfb03f3-03dd-4b,UPI0001002640,12ii826g@axl,2a541c5a-adb,7rb1s9dw@ibl,fdf65419-e86,57098,2024-03-17T02:05:46,Maharashtra,Tamil Nadu,Axis,PNB,0,clean
1ff6ddb9-2f6a-4e,UPI0001004145,j16dvtja@ybl,404bee3c-794,8bfqnpce@upi,96c75168-b52,66300,2024-03-16T23:41:39,Karnataka,Telangana,Kotak,Axis,0,clean
e8b19064-b8e1-45,UPI0001002512,sehe2atn@icici,d6c059ff-a09,ng2igsb9@oksbi,b7684321-a5d,118218,2024-03-17T16:41:39,Maharashtra,Telangana,HDFC,Kotak,0,clean
c00e4466-d6d2-45,UPI0001000258,9yecazrp@oksbi,388259e0-08a,uzpeal2w@upi,05950436-fc1,95657,2024-03-17T23:15:23,Maharashtra,Telangana,SBI,SBI,0,clean
f613e35f-40ee-46,UPI0001003360,dtm4vxjj@ibl,52136084-c7a,nbhnal3g@ybl,b9a38cd2-91b,178173,2024-03-18T10:10:11,Tamil Nadu,Telangana,ICICI,PNB,0,clean
7d91a51d-47ec-4b,UPI0001002004,rwzc4xl9@ibl,fa697d18-cd8,q1s05wnw@upi,8ed524ee-6d2,174809,2024-03-16T00:09:07,Kerala,Maharashtra,Kotak,PNB,0,clean
74284958-76c9-42,UPI0001001155,p3jpxgh3@axl,c8b30791-50e,mpkxvhag@paytm,0a090c2a-c48,44357,2024-03-16T05:19:06,Gujarat,Tamil Nadu,BOB,SBI,0,clean
5ecf4c31-1c98-4a,UPI0001004816,2lhgcsot@ibl,f3952d16-235,o57p6bkl@ibl,a0f35ea4-53a,144837,2024-03-15T14:41:05,Tamil Nadu,Tamil Nadu,ICICI,Kotak,0,clean
1eef4b2f-df51-46,UPI0001004504,xzamkygv@apl,32a05e88-18a,uu4ytn02@ibl,0dc94cab-d16,40570,2024-03-18T09:47:07,Telangana,Karnataka,BOB,Kotak,0,clean
5f71002e-5972-49,UPI0001002228,gm25len6@axl,0b265512-1b8,i04b7p47@ybl,a3267200-292,13867,2024-03-17T17:10:31,Gujarat,Kerala,Axis,BOB,0,clean
cd72f9de-46db-48,UPI0001000971,p767j2dg@paytm,291be5ac-6df,b7l8v1zo@ibl,60eb54ed-9d1,7852,2024-03-16T16:48:10,Maharashtra,Gujarat,Kotak,ICICI,0,clean
18951c31-e5f4-4e,UPI0001002311,cqse3tv1@oksbi,3efd782c-6ec,38diuovw@icici,83febe55-d55,12037,2024-03-17T00:30:08,Gujarat,Karnataka,Axis,Axis,0,clean
85d8d662-16c6-45,UPI0001001988,xlez896d@apl,1f77ec31-a37,qkojtpv6@upi,9097f736-c0b,170737,2024-03-16T17:14:19,Telangana,Tamil Nadu,Kotak,Kotak,0,clean
0b3dc04b-2622-4c,UPI0001004315,grf1hx6z@ibl,40f8aee9-d31,k2n7h9g1@ybl,917fb905-ca8,24047,2024-03-18T00:14:15,Telangana,Telangana,SBI,PNB,0,clean
73a0c2ea-fbad-4b,UPI0001001205,ezjsszwd@icici,4d45d924-039,fewvznvk@icici,93ff3503-d85,136768,2024-03-15T22:45:13,Telangana,Kerala,SBI,Kotak,0,clean
2b9fe19a-3493-4e,UPI0001004645,yxtxmgtt@okaxis,7c6e58d5-652,ge094d6r@axl,323f67af-ede,52397,2024-03-16T05:52:05,Tamil Nadu,West Bengal,BOB,HDFC,0,clean
2b050870-0202-47,UPI0001002702,o83rlkte@axl,d9bc569f-b59,k7y6qxds@oksbi,368e12fa-90b,130645,2024-03-16T17:27:25,Kerala,Telangana,BOB,BOB,0,clean
57f775f7-9c40-4e,UPI0001001456,3dd03uvu@upi,cf3db828-3cc,iwg0odwm@axl,b06871d7-817,137422,2024-03-17T11:51:36,Tamil Nadu,Gujarat,PNB,PNB,0,clean
6553a9c0-9157-49,UPI0001004083,hv1xg1r1@axl,3f7eef17-fe8,fuu5f07b@axl,d7955ac1-ec5,133851,2024-03-17T13:46:24,Maharashtra,Telangana,PNB,HDFC,0,clean
c11f5bd1-28e7-43,UPI0001004558,vkyrmjlj@paytm,170acc6e-133,a3kkrzd5@oksbi,e9b226cc-92f,169209,2024-03-17T12:24:41,Gujarat,Maharashtra,HDFC,ICICI,0,clean
5a1cf0a7-dda0-43,UPI0001000477,78imoe0s@okaxis,0248c411-18c,so8w5038@okaxis,0a9225e3-208,100154,2024-03-17T07:23:40,Tamil Nadu,Karnataka,Axis,Axis,0,clean
11eb3f2a-44a9-48,UPI0001004579,8n7odkef@apl,91e08ce9-3ec,uuxk0are@ibl,7992b6ba-0fd,13975,2024-03-16T00:18:09,Maharashtra,Telangana,BOB,BOB,0,clean
158556f9-a9f7-4a,UPI0001002525,cqse3tv1@oksbi,3efd782c-6ec,tjlmz04x@okaxis,2bd5d145-db0,167288,2024-03-15T22:03:09,Gujarat,Kerala,Axis,Axis,0,clean
8741a5e8-e35e-44,UPI0001004197,rlf8a9ke@axl,0a10972f-813,2jwoclyt@upi,92c5bab8-7ba,143385,2024-03-17T14:13:46,Kerala,Telangana,PNB,PNB,0,clean
59db320a-d02c-4e,UPI0001000941,dr5xyfc4@paytm,172a1c93-d06,gq9cvah7@apl,9226d90b-2a1,126666,2024-03-17T15:08:50,Telangana,Gujarat,SBI,Kotak,0,clean
a7a1b43c-db98-48,UPI0001003703,1yjfe8ud@icici,54c54ed4-726,k7y6qxds@oksbi,368e12fa-90b,118950,2024-03-15T20:59:00,Maharashtra,Telangana,ICICI,BOB,0,clean
a77810f3-f045-48,UPI0001000249,239moft6@axl,0f7c79b6-edf,r94sz2ku@ybl,3c8e10be-1ce,131637,2024-03-16T02:03:42,Karnataka,Telangana,ICICI,Axis,0,clean
d29e74e4-4cf8-43,UPI0001003359,7dia5u6h@ibl,cc9a4f84-3ff,hl88kzru@okaxis,2eca5bfe-dc2,169532,2024-03-18T08:44:57,Gujarat,Gujarat,PNB,ICICI,0,clean
fd133fad-403d-45,UPI0001002047,lfzkicwm@axl,de2ef3f1-ab7,ivrocvit@icici,40e259ef-b8c,82429,2024-03-17T23:20:17,Kerala,Telangana,SBI,BOB,0,clean
c2aaa21a-15f1-43,UPI0001002034,2muljavb@paytm,42174022-e10,wtg1m8xf@ibl,34f68cde-274,71512,2024-03-17T05:42:01,Kerala,Kerala,SBI,HDFC,0,clean
c3c0b043-89ed-4e,UPI0001002755,f6a4fejg@ybl,0ab1b956-6ec,l3zyt91q@oksbi,8cf20348-4b6,126648,2024-03-17T23:40:03,West Bengal,Maharashtra,HDFC,SBI,0,clean
2e4a4106-6b34-45,UPI0001003670,mx3y9rge@axl,10c50102-d01,3o0llj8y@axl,1c00950a-235,139397,2024-03-16T13:56:05,Kerala,Maharashtra,SBI,SBI,0,clean
806ebab1-9513-43,UPI0001000345,0w064w3u@okaxis,815a78a7-e61,c2ihoy7d@paytm,e4f996dd-100,47568,2024-03-16T10:23:25,Maharashtra,Tamil Nadu,SBI,BOB,0,clean
b3f9963e-36ab-4a,UPI0001004057,9ryllwb7@icici,786ee19f-951,2jwoclyt@upi,92c5bab8-7ba,97861,2024-03-17T01:26:52,Gujarat,Telangana,SBI,PNB,0,clean
66abfaa0-e518-4f,UPI0001004206,yc3rwqmm@icici,8b3a52b5-76e,2zdlx1q8@oksbi,bc5d6484-72a,2092,2024-03-18T06:57:52,Tamil Nadu,West Bengal,Kotak,BOB,0,clean
230c096d-5626-47,UPI0001004231,wjeyub19@icici,2328b533-d95,g68a1arr@ybl,93972fa1-bff,78090,2024-03-17T01:23:33,Karnataka,Gujarat,Axis,Kotak,0,clean
cc746c16-5124-45,UPI0001001201,myr06nkw@oksbi,9b3bd143-106,ad7x48wz@ibl,f694d29f-aad,130341,2024-03-16T03:44:57,Maharashtra,Tamil Nadu,BOB,SBI,0,clean
5a6c88b4-1a42-49,UPI0001004489,nfnvuprt@oksbi,1afaa772-d85,w2lm349e@upi,52515f9c-046,67439,2024-03-17T03:36:09,Karnataka,West Bengal,Kotak,Kotak,0,clean
497c462b-6053-49,UPI0001004137,q1rdxck3@icici,ca1e97cd-4e6,4ivsolml@oksbi,3f8344dd-51d,58940,2024-03-16T00:43:55,Telangana,Telangana,HDFC,SBI,0,clean
239e1e9e-b382-4d,UPI0001004564,f5gcl9lc@axl,07d8fa8c-cff,961j88qe@apl,08348a0c-8d8,61046,2024-03-16T14:47:57,Telangana,Telangana,ICICI,Kotak,0,clean
d66f0d71-56f7-40,UPI0001001483,p767j2dg@paytm,291be5ac-6df,fewvznvk@icici,93ff3503-d85,15192,2024-03-17T19:10:45,Maharashtra,Kerala,Kotak,Kotak,0,clean
cb94f9a7-5a92-45,UPI0001004191,so8w5038@okaxis,0a9225e3-208,5ixva1nk@ybl,3f9ee135-4b0,44844,2024-03-18T04:14:39,Karnataka,Tamil Nadu,Axis,ICICI,0,clean
f2c919bf-d4ad-4f,UPI0001001869,et8t63j3@axl,e4ac4b23-0d3,tuw6taq6@upi,409c06a8-91d,106289,2024-03-17T12:21:26,Karnataka,Gujarat,BOB,Axis,0,clean
6b510077-cf72-48,UPI0001002356,i6yuj7yk@icici,f03c391e-8f7,ev361xsn@ybl,253a3b26-f4f,84373,2024-03-16T17:15:30,Tamil Nadu,Gujarat,Kotak,PNB,0,clean
0c0bd26f-c6d6-4f,UPI0001003175,mxb9yo18@apl,59117312-cf3,zrf5a7qy@icici,4b4c4d05-3db,104588,2024-03-16T06:43:36,Gujarat,Gujarat,SBI,PNB,0,clean
712c228e-dafa-44,UPI0001000031,f1t2tala@upi,f0016135-2e5,ir4cowgz@axl,dd7ccb45-d3a,163863,2024-03-15T10:33:28,Uttarakhand,Uttarakhand,BOB,Axis,1,L1→L2
b6441970-6a8b-44,UPI0001001551,2sds8b25@icici,bd9e7438-8f4,7gu0env5@icici,f2e7fec2-ac8,118535,2024-03-18T02:53:49,Telangana,West Bengal,ICICI,Axis,0,clean
b84740d2-d426-4c,UPI0001002145,c7d2kd1p@apl,044bb7dc-666,0ljch2vf@oksbi,cab331dd-0d9,41316,2024-03-16T11:15:00,West Bengal,West Bengal,BOB,Axis,0,clean
fe988a70-0a60-4e,UPI0001000163,p7r1m264@ibl,61dacc37-3af,03o4gkww@paytm,a371a87c-ef1,29787,2024-03-15T19:31:49,Kerala,Gujarat,Axis,PNB,0,clean
eaa8b73b-b38e-45,UPI0001003333,wwnc21o0@upi,0d6872fa-a63,95g3v23g@icici,87088df9-723,85412,2024-03-17T14:42:12,Kerala,Kerala,Axis,ICICI,0,clean
ad722379-7dd5-4e,UPI0001001362,sb5iqnf7@ybl,ffdb076f-e40,ch8jwwdx@oksbi,b6a72442-d1f,44886,2024-03-16T23:28:16,Gujarat,West Bengal,Kotak,HDFC,0,clean
0f4b4c62-41b0-45,UPI0001004130,au9dkbpv@upi,60186fb8-833,5hcbbmhn@axl,d47e844a-967,38135,2024-03-17T22:01:42,Tamil Nadu,Karnataka,PNB,Kotak,0,clean
9cd77cb7-f244-49,UPI0001001206,nn8ztv05@ibl,b38f2bd8-1fb,9t199dxj@ybl,95e891ca-aea,6963,2024-03-18T02:58:25,Karnataka,West Bengal,BOB,BOB,0,clean
22ac4fe0-b69b-4f,UPI0001000987,9bp4m18o@upi,2e0f0c6a-2ee,o119xp9n@apl,84e5cbf1-b6a,94954,2024-03-17T17:32:57,Gujarat,Maharashtra,SBI,Axis,0,clean
330ce2a1-7a5e-46,UPI0001002832,mxb9yo18@apl,59117312-cf3,5e5iz31y@axl,9bc82871-9c1,191656,2024-03-15T17:05:12,Gujarat,Maharashtra,SBI,HDFC,0,clean
cdda9de8-7f3b-49,UPI0001004337,ph6fe0mp@oksbi,a9ee26ae-49a,93wxa73j@oksbi,dd8493a4-c29,52951,2024-03-15T18:29:12,Gujarat,Kerala,HDFC,ICICI,0,clean
f0db4da6-bae4-4b,UPI0001000782,zbffzzdv@okaxis,7664c07f-020,eaxylnfx@paytm,17fca863-f60,47669,2024-03-15T11:05:28,Maharashtra,Kerala,SBI,ICICI,0,clean
ec9ded0b-60ea-48,UPI0001001138,asifpwio@ibl,66abea7e-d1b,o83rlkte@axl,d9bc569f-b59,46806,2024-03-16T22:03:38,Kerala,Kerala,Kotak,BOB,0,clean
2a392cf2-5270-4e,UPI0001002813,w6lqwlvu@upi,dec88820-146,nmby49e7@ibl,68a8ef6f-279,49297,2024-03-15T13:50:11,Maharashtra,Kerala,BOB,Axis,0,clean
e5ee76b2-11b5-41,UPI0001000200,0w064w3u@okaxis,815a78a7-e61,jdm5fc79@upi,a083e671-4cd,129016,2024-03-18T02:46:34,Maharashtra,Maharashtra,SBI,Kotak,0,clean
9444f092-6ec6-43,UPI0001001539,td44k1j6@oksbi,e33499ff-738,48c1cqg4@apl,88ccb91c-dbb,62145,2024-03-17T09:53:21,Maharashtra,Tamil Nadu,BOB,BOB,0,clean
9d51aad6-b5af-4e,UPI0001003183,adf7pchc@ybl,abb0956f-413,kns832ej@axl,1d7f27e2-928,44590,2024-03-15T13:55:45,Gujarat,West Bengal,PNB,BOB,0,clean
79b6d609-aae9-43,UPI0001002018,ad7x48wz@ibl,f694d29f-aad,95g3v23g@icici,87088df9-723,66473,2024-03-16T23:18:10,Tamil Nadu,Kerala,SBI,ICICI,0,clean
b1e2381c-c575-40,UPI0001000282,al8m1g9f@paytm,f6b9e535-824,tx63cfl0@paytm,ac541769-490,105628,2024-03-17T17:08:16,Maharashtra,Tamil Nadu,BOB,Axis,0,clean
b67f02eb-c4aa-44,UPI0001001877,1n13jcat@upi,cb737bb3-638,zmf8mdd4@paytm,d6a9a633-5ca,86184,2024-03-17T11:49:01,Maharashtra,Tamil Nadu,HDFC,BOB,0,clean
be8df552-dbad-41,UPI0001002213,yv3lxchf@ybl,05438732-9d3,sxlul6lg@paytm,0d49bdb5-2c0,85477,2024-03-16T17:06:12,Tamil Nadu,Tamil Nadu,BOB,Kotak,0,clean
f5cddd19-c968-4d,UPI0001004010,irym81cm@oksbi,4956140d-046,5rdoqivb@paytm,dfee9bf2-48b,68580,2024-03-15T10:52:50,Tamil Nadu,Telangana,PNB,Axis,0,clean
c2b9e421-1ff9-4c,UPI0001002276,xlez896d@apl,1f77ec31-a37,zzqy72wx@okaxis,5d610321-34c,123463,2024-03-16T06:24:08,Telangana,Maharashtra,Kotak,Axis,0,clean
91629d14-22a2-4c,UPI0001002612,7dia5u6h@ibl,cc9a4f84-3ff,kek4aegv@oksbi,6fca54c3-692,46508,2024-03-16T13:46:57,Gujarat,West Bengal,PNB,PNB,0,clean
b4aac765-0c58-41,UPI0001004703,ga0x7zcg@ibl,15bb3739-991,vgww4fyb@ibl,baf6a88b-8a5,40895,2024-03-16T23:42:56,Karnataka,Tamil Nadu,SBI,HDFC,0,clean
3945fa5b-8092-4d,UPI0001000421,xoq2vpgs@icici,3e35461b-eca,2lhgcsot@ibl,f3952d16-235,174962,2024-03-18T07:24:38,Karnataka,Tamil Nadu,BOB,ICICI,0,clean
01583da2-527f-44,UPI0001000151,x1gm32wp@okaxis,56954669-560,s43c5ba7@upi,6a3a3aa8-5af,3881,2024-03-16T04:03:18,Kerala,Karnataka,HDFC,Kotak,0,clean
ebcecc14-b626-49,UPI0001002395,dz4x1zhq@okaxis,d5b7dcd0-c5f,091c795r@upi,e21f0d08-204,1372,2024-03-16T16:34:49,Telangana,Karnataka,Axis,BOB,0,clean
264f0439-9fb1-41,UPI0001004690,5p5nvqeb@ibl,ba39ac93-7b7,pdtz91x7@oksbi,676d9892-38a,164362,2024-03-17T08:41:39,Gujarat,Gujarat,Axis,SBI,0,clean
542ece91-9b7f-45,UPI0001001256,dje153a5@axl,ebe017d3-bb6,pkyrybov@ybl,4f1e5710-28e,54038,2024-03-18T09:22:46,Telangana,Maharashtra,Axis,HDFC,0,clean
2da03853-650c-45,UPI0001004755,0me8f840@apl,d2acd40e-25c,8xg8y72i@oksbi,958464e8-619,155604,2024-03-15T22:43:58,Maharashtra,Gujarat,BOB,Axis,0,clean
f4e73276-6b4a-4d,UPI0001000871,961j88qe@apl,08348a0c-8d8,7dia5u6h@ibl,cc9a4f84-3ff,113459,2024-03-16T09:46:31,Telangana,Gujarat,Kotak,PNB,0,clean
bcef8300-160f-4c,UPI0001003545,ymk99jcj@apl,c716a5a8-fe4,x4sn6sm5@axl,b28fc016-34a,751,2024-03-15T16:20:24,Maharashtra,Kerala,BOB,BOB,0,clean
a2fe4639-1fae-4a,UPI0001001597,os6zle6k@okaxis,eafa0ae5-1d9,0q0mftg6@ybl,1c02f161-954,95704,2024-03-16T00:12:56,Karnataka,Gujarat,HDFC,Kotak,0,clean
d3994e6c-c564-4c,UPI0001004824,2zdlx1q8@oksbi,bc5d6484-72a,2zbppfo5@upi,c3f5b069-37e,98038,2024-03-17T02:14:49,West Bengal,Maharashtra,BOB,Kotak,0,clean
f2085c27-7223-4c,UPI0001001987,qzsa7yvd@axl,3c3a17d9-186,2zdlx1q8@oksbi,bc5d6484-72a,6645,2024-03-18T00:50:57,Tamil Nadu,West Bengal,SBI,BOB,0,clean
241035ce-d001-47,UPI0001004478,t0mq8abk@ybl,9638e7a0-a3a,fewvznvk@icici,93ff3503-d85,13789,2024-03-18T07:33:36,West Bengal,Kerala,Kotak,Kotak,0,clean
f9a594f7-d95c-4a,UPI0001001087,ejzhyapd@icici,fc2bbd6e-bd4,w2lm349e@upi,52515f9c-046,98531,2024-03-15T18:58:10,Telangana,West Bengal,ICICI,Kotak,0,clean
5417a2ac-8efd-44,UPI0001003718,14ve92mp@upi,3be433cf-adf,wusxlmt2@axl,cdd27bc1-dc1,189744,2024-03-17T22:17:00,Gujarat,Gujarat,SBI,ICICI,0,clean
82ad3408-cfec-42,UPI0001004292,la100qxm@ibl,b9b04561-3db,3dd03uvu@upi,cf3db828-3cc,149498,2024-03-18T08:28:52,Telangana,Tamil Nadu,BOB,PNB,0,clean
6c8928c5-740a-43,UPI0001001732,t0mq8abk@ybl,9638e7a0-a3a,vgox22in@okaxis,9d6a6b21-955,105438,2024-03-15T22:52:23,West Bengal,Kerala,Kotak,Axis,0,clean
97e1137e-aba7-41,UPI0001003823,08j3trp0@paytm,6434509b-398,vn1x2gdg@paytm,b8323e22-9c7,178004,2024-03-16T03:47:22,Karnataka,West Bengal,ICICI,Axis,0,clean
e9ea5029-bb01-41,UPI0001000275,2wbxanj4@upi,bfa5558d-959,8k06moxs@oksbi,116067d7-992,34603,2024-03-17T15:20:20,Karnataka,Kerala,BOB,HDFC,0,clean
babc631c-b7d9-44,UPI0001002162,7rb1s9dw@ibl,fdf65419-e86,uu4ytn02@ibl,0dc94cab-d16,63775,2024-03-17T22:32:20,Tamil Nadu,Karnataka,PNB,Kotak,0,clean
20afd064-91d8-4b,UPI0001000725,u9n79gil@upi,388edc83-947,fgzvrctl@icici,8e73c27c-e02,173079,2024-03-15T23:16:24,Karnataka,Karnataka,Kotak,BOB,0,clean
4f7a1454-8681-4b,UPI0001001566,qzsa7yvd@axl,3c3a17d9-186,h8uzb7kr@oksbi,0dcc2242-7f7,192569,2024-03-18T06:06:29,Tamil Nadu,Karnataka,SBI,SBI,0,clean
45de4634-6de3-4b,UPI0001000674,kmy9x8sy@upi,3a2ea2b9-ebe,r94sz2ku@ybl,3c8e10be-1ce,114121,2024-03-16T06:22:50,Gujarat,Telangana,PNB,Axis,0,clean
2aae6292-4d89-41,UPI0001003803,sehe2atn@icici,d6c059ff-a09,c2htmqwy@icici,f56a4c57-7ae,121473,2024-03-15T21:42:48,Maharashtra,West Bengal,HDFC,BOB,0,clean
d365516c-2950-43,UPI0001000192,9ln1p0vu@okaxis,a408bd71-981,c7d2kd1p@apl,044bb7dc-666,105419,2024-03-17T08:00:42,Kerala,West Bengal,Axis,BOB,0,clean
9dd5ea07-b40c-4c,UPI0001000072,i4fqcoot@apl,69d84931-b15,ppsfnkom@ybl,ac7006a0-31d,184867,2024-03-17T21:24:36,West Bengal,Gujarat,HDFC,BOB,0,clean
1c1953f6-b191-48,UPI0001003104,eh5sw229@upi,988a62ef-895,38diuovw@icici,83febe55-d55,137546,2024-03-15T11:53:49,Telangana,Karnataka,Axis,Axis,0,clean
4c10edfc-1f07-48,UPI0001000531,3dd03uvu@upi,cf3db828-3cc,pdtz91x7@oksbi,676d9892-38a,133904,2024-03-16T18:52:26,Tamil Nadu,Gujarat,PNB,SBI,0,clean
ee97b8ea-0d01-47,UPI0001003340,0q0mftg6@ybl,1c02f161-954,ac6pe63l@ybl,fe6486c9-5e6,174188,2024-03-16T10:37:27,Gujarat,Tamil Nadu,Kotak,Axis,0,clean
181d6813-2569-43,UPI0001003908,grf1hx6z@ibl,40f8aee9-d31,au9dkbpv@upi,60186fb8-833,29035,2024-03-18T03:49:32,Telangana,Tamil Nadu,SBI,PNB,0,clean
e0a50cc0-050d-40,UPI0001004815,1g1r1dww@apl,2645ceb7-5d8,xxbw01pd@ibl,76fbf235-4af,119548,2024-03-16T23:16:56,Karnataka,Maharashtra,Axis,SBI,0,clean
2824c888-e1d1-4d,UPI0001003684,eyr8lnoe@upi,ae9b4688-14f,au9dkbpv@upi,60186fb8-833,43120,2024-03-17T13:07:59,Telangana,Tamil Nadu,BOB,PNB,0,clean
2494c656-522a-4f,UPI0001001034,wsozctwj@paytm,06c76465-950,a3kkrzd5@oksbi,e9b226cc-92f,88534,2024-03-16T01:29:11,Maharashtra,Maharashtra,SBI,ICICI,0,clean
5221afcd-a22a-40,UPI0001003066,9ltajw25@okaxis,2443c8c7-7e8,5cozroou@oksbi,1731ed06-891,118552,2024-03-18T08:36:00,West Bengal,Kerala,PNB,ICICI,0,clean
0049ab17-a0a9-4d,UPI0001001492,ga0x7zcg@ibl,15bb3739-991,lzse99f7@oksbi,ce4481c5-154,1345,2024-03-17T01:47:35,Karnataka,Karnataka,SBI,ICICI,0,clean
73785d87-18cf-4f,UPI0001001029,rkmby9ip@ybl,f5ed200a-714,xlez896d@apl,1f77ec31-a37,158033,2024-03-17T10:43:22,Maharashtra,Telangana,HDFC,Kotak,0,clean
27f50520-851b-47,UPI0001001299,5xqt4p50@apl,23c3bfdf-dc6,93wxa73j@oksbi,dd8493a4-c29,4480,2024-03-16T22:21:43,Kerala,Kerala,ICICI,ICICI,0,clean
53e48295-1242-4f,UPI0001000170,bbrnu8c0@icici,94acc6b0-f97,os6zle6k@okaxis,eafa0ae5-1d9,152478,2024-03-17T06:52:10,Maharashtra,Karnataka,BOB,HDFC,0,clean
3258fbd6-f81e-43,UPI0001004056,u8el5015@apl,c881ee60-b74,d145bm1e@apl,2174d2e7-76b,156481,2024-03-15T15:40:11,Tamil Nadu,West Bengal,Axis,HDFC,0,clean
659cfb51-407c-43,UPI0001001529,ezqacj4t@icici,8eb3737e-59f,5rdoqivb@paytm,dfee9bf2-48b,53799,2024-03-17T17:35:46,West Bengal,Telangana,Axis,Axis,0,clean
a7f83315-9fb4-40,UPI0001001186,2lhgcsot@ibl,f3952d16-235,c2ihoy7d@paytm,e4f996dd-100,143586,2024-03-16T09:54:50,Tamil Nadu,Tamil Nadu,ICICI,BOB,0,clean
171afa96-dfe8-49,UPI0001003076,6wpx2cyo@icici,8e6b6450-5a7,2wbxanj4@upi,bfa5558d-959,146447,2024-03-16T15:07:28,West Bengal,Karnataka,BOB,BOB,0,clean
48f4c633-21ab-4b,UPI0001002555,6zpxvpbl@okaxis,aadb54c8-2d0,ezjsszwd@icici,4d45d924-039,65777,2024-03-18T04:42:24,Kerala,Telangana,Axis,SBI,0,clean
e525b3a2-951d-49,UPI0001001648,f5gcl9lc@axl,07d8fa8c-cff,dtm4vxjj@ibl,52136084-c7a,140682,2024-03-18T07:25:05,Telangana,Tamil Nadu,ICICI,ICICI,0,clean
52ea511b-6ce3-43,UPI0001001243,dn5gjj8m@oksbi,daefad95-27b,j3bqrr87@okaxis,f8adb759-ff2,191415,2024-03-18T06:01:12,Kerala,Gujarat,Axis,Axis,0,clean
54f06d7a-fa48-4a,UPI0001003035,gq9cvah7@apl,9226d90b-2a1,ld4d6af5@oksbi,c6d92344-f08,39107,2024-03-16T01:28:10,Gujarat,Kerala,Kotak,SBI,0,clean
dd364e65-3901-43,UPI0001002016,ceouuyla@paytm,c8d44d0a-2c5,5cozroou@oksbi,1731ed06-891,112310,2024-03-16T19:22:22,West Bengal,Kerala,BOB,ICICI,0,clean
c74b655c-3302-40,UPI0001003448,9qm3p91i@upi,292ebd50-376,css9toqw@upi,5ff36244-509,87208,2024-03-17T06:10:43,West Bengal,Maharashtra,BOB,ICICI,0,clean
5c18b700-fba2-4c,UPI0001000539,h25llo3r@ybl,61c41a5e-2b8,grf1hx6z@ibl,40f8aee9-d31,53026,2024-03-16T12:20:04,Maharashtra,Telangana,BOB,SBI,0,clean
e6a726b0-f2ba-45,UPI0001000977,bikcidkw@upi,f7982aa6-df8,a83ru7my@apl,88c32907-0d3,93993,2024-03-16T22:55:32,Tamil Nadu,Karnataka,HDFC,SBI,0,clean
87a5aec1-3590-49,UPI0001003256,jcn9j3gc@okaxis,59d7c029-a96,ng2igsb9@oksbi,b7684321-a5d,94846,2024-03-16T12:14:00,Tamil Nadu,Telangana,Kotak,Kotak,0,clean
a1c7bf29-aea2-48,UPI0001000734,kek4aegv@oksbi,6fca54c3-692,lboriq8h@paytm,d1aedf8e-b07,176294,2024-03-16T02:12:08,West Bengal,West Bengal,PNB,HDFC,0,clean
5e1cc318-21e6-43,UPI0001000857,9v20yar8@okaxis,d55a6885-690,0ui22kx7@apl,0cb4a777-b67,40475,2024-03-18T03:41:15,Tamil Nadu,Karnataka,PNB,Axis,0,clean
59d7ac34-773d-44,UPI0001004701,ge094d6r@axl,323f67af-ede,tjlmz04x@okaxis,2bd5d145-db0,181222,2024-03-17T14:38:48,West Bengal,Kerala,HDFC,Axis,0,clean
3229789d-ba97-4b,UPI0001003049,z2t4h20r@ybl,d41e17b8-b9f,ulzfy981@icici,71106fca-bed,22747,2024-03-17T19:58:57,Tamil Nadu,Kerala,HDFC,SBI,0,clean
4b203a7e-6625-4e,UPI0001002452,il8sa3id@upi,0ff28a1c-817,m92h3tv3@okaxis,56581c10-823,183010,2024-03-15T11:56:06,Gujarat,West Bengal,SBI,ICICI,0,clean
8214e5d5-7a66-47,UPI0001002566,ccprhvlz@upi,e917e480-79b,iiji44m2@ibl,333ff240-187,177644,2024-03-17T09:51:34,Telangana,Karnataka,Axis,SBI,0,clean
4e0aa873-8bca-4c,UPI0001000058,j16dvtja@ybl,404bee3c-794,ve3dzeed@okaxis,e8f965a5-a64,16137,2024-03-16T21:38:07,Karnataka,Kerala,Kotak,Kotak,0,clean
8753abbc-38eb-43,UPI0001004521,a3kkrzd5@oksbi,e9b226cc-92f,iiji44m2@ibl,333ff240-187,42172,2024-03-16T11:30:32,Maharashtra,Karnataka,ICICI,SBI,0,clean
17a15ad5-194e-4e,UPI0001000589,79flv1xx@paytm,dff63398-c9e,e1i1p0bq@ibl,3130fc81-4e9,183461,2024-03-17T15:43:28,Kerala,Tamil Nadu,PNB,Kotak,0,clean
53b74ed6-0f07-46,UPI0001002190,k0ucc1m3@apl,18efcd83-447,1bcppvoh@icici,328ed257-23e,84262,2024-03-16T18:25:30,Gujarat,Karnataka,BOB,SBI,0,clean
418f373d-de57-44,UPI0001000778,5ixva1nk@ybl,3f9ee135-4b0,zfhomtzz@oksbi,a65a521d-a01,5676,2024-03-17T13:05:52,Tamil Nadu,West Bengal,ICICI,Axis,0,clean
19810fd9-ba73-4a,UPI0001003831,ac6pe63l@ybl,fe6486c9-5e6,w3zkwdee@paytm,0d7b14ce-3fb,15910,2024-03-15T12:02:33,Tamil Nadu,Telangana,Axis,SBI,0,clean
1034b6f2-c4c4-43,UPI0001004757,g25cfzfd@icici,ad809e95-47e,udojen0j@apl,f8265746-bc4,184496,2024-03-15T22:20:31,Gujarat,West Bengal,BOB,BOB,0,clean
42e144fb-f76a-45,UPI0001001056,e46aexl6@paytm,cb20a360-856,lq5v4ftq@paytm,15386809-9f2,103263,2024-03-16T20:23:35,Gujarat,Maharashtra,PNB,Kotak,0,clean
428285a6-036d-40,UPI0001004591,8bfqnpce@upi,96c75168-b52,xf5gzpl1@axl,2fa2cb90-de4,31701,2024-03-17T08:07:31,Telangana,West Bengal,Axis,ICICI,0,clean
7d1fc667-6a37-44,UPI0001001963,xzamkygv@apl,32a05e88-18a,9xn4m41k@okaxis,cc2c3f3e-4c7,196052,2024-03-18T11:19:09,Telangana,Gujarat,BOB,HDFC,0,clean
1a892394-10ce-40,UPI0001003519,1n0lh9p8@oksbi,3e215a9e-0c6,jdm5fc79@upi,a083e671-4cd,67970,2024-03-16T09:55:27,Tamil Nadu,Maharashtra,PNB,Kotak,0,clean
09c9c687-d302-44,UPI0001004519,fr91ipwh@upi,0e051c39-642,82kb700u@ybl,dcd27afa-05a,30300,2024-03-17T01:34:32,West Bengal,Maharashtra,SBI,PNB,0,clean
74e349d6-d44b-4d,UPI0001001315,oieves6f@oksbi,4c26e044-3e8,u8el5015@apl,c881ee60-b74,93124,2024-03-18T08:15:02,West Bengal,Tamil Nadu,ICICI,Axis,0,clean
b06f2584-6f43-49,UPI0001001048,zmf8mdd4@paytm,d6a9a633-5ca,nbhds26f@upi,6cb62eb2-7f2,109173,2024-03-15T14:30:01,Tamil Nadu,Tamil Nadu,BOB,Axis,0,clean
4e635523-ce84-49,UPI0001002878,stn3cpud@axl,4a22d1fb-5bc,xaprpn6q@oksbi,fc297e6e-aa8,108592,2024-03-16T15:38:08,Tamil Nadu,Kerala,Axis,Axis,0,clean
a0d7e52a-724d-4b,UPI0001004689,z09wftbg@upi,69681540-b97,c1l7dypm@upi,cee17028-635,64070,2024-03-16T22:12:36,Kerala,Karnataka,Kotak,ICICI,0,clean
547da3ee-ba90-4e,UPI0001002570,zrf5a7qy@icici,4b4c4d05-3db,ulzfy981@icici,71106fca-bed,139529,2024-03-18T03:28:58,Gujarat,Kerala,PNB,SBI,0,clean
e06c273d-5776-4d,UPI0001002267,8e9rivh6@icici,ab4ef148-113,xlez896d@apl,1f77ec31-a37,136948,2024-03-15T18:44:55,Karnataka,Telangana,ICICI,Kotak,0,clean
e17870c1-7a4b-4c,UPI0001000381,nbhnal3g@ybl,b9a38cd2-91b,zzqy72wx@okaxis,5d610321-34c,5252,2024-03-17T08:26:16,Telangana,Maharashtra,PNB,Axis,0,clean
0d553aa7-beab-4a,UPI0001000685,xcdyk0x6@oksbi,952171cb-bbd,mx3y9rge@axl,10c50102-d01,114872,2024-03-16T19:19:58,Gujarat,Kerala,ICICI,SBI,0,clean
24b44555-fe36-49,UPI0001001717,8qqvaecw@okaxis,6ba34083-55e,xf5gzpl1@axl,2fa2cb90-de4,151719,2024-03-16T05:42:49,Maharashtra,West Bengal,PNB,ICICI,0,clean
3765fb7e-8ff6-47,UPI0001003832,2g05kbkv@upi,95960706-af3,8e9rivh6@icici,ab4ef148-113,120086,2024-03-16T19:31:32,Telangana,Karnataka,ICICI,ICICI,0,clean
b1aa9176-8045-43,UPI0001003452,tuw9ohtu@oksbi,16e55977-f2b,siwjm2c8@axl,76415f9b-a77,104452,2024-03-17T11:44:05,West Bengal,Tamil Nadu,ICICI,Kotak,0,clean
44982970-24b7-42,UPI0001002653,fewvznvk@icici,93ff3503-d85,ppohswq4@ybl,27cf6e96-b10,50842,2024-03-16T20:55:34,Kerala,Tamil Nadu,Kotak,PNB,0,clean
0c8f4f18-7da4-4c,UPI0001003726,xyjoa21a@oksbi,27c58270-7c1,iwg0odwm@axl,b06871d7-817,26993,2024-03-18T03:15:07,Karnataka,Gujarat,PNB,PNB,0,clean
6741c643-e000-4a,UPI0001000250,w9zyn6sj@ybl,3c3c1190-4fb,ge094d6r@axl,323f67af-ede,138193,2024-03-16T19:01:56,Telangana,West Bengal,ICICI,HDFC,0,clean
8908dd82-be74-4c,UPI0001001555,82kb700u@ybl,dcd27afa-05a,ophgft4m@apl,403938ca-605,185983,2024-03-16T19:42:32,Maharashtra,Telangana,PNB,HDFC,0,clean
8fa34a49-a38a-43,UPI0001002242,9boq0iq2@oksbi,45a62da6-105,kmy9x8sy@upi,3a2ea2b9-ebe,43922,2024-03-16T09:28:14,West Bengal,Gujarat,SBI,PNB,0,clean
45f83354-60e5-40,UPI0001003281,i4fqcoot@apl,69d84931-b15,7gu0env5@icici,f2e7fec2-ac8,49931,2024-03-16T15:06:26,West Bengal,West Bengal,HDFC,Axis,0,clean
7a18d8c6-e8f7-41,UPI0001000520,b7v1w4k2@icici,6a37d574-e6f,h61iaoim@ybl,e6db924d-173,152264,2024-03-16T01:35:03,Karnataka,West Bengal,ICICI,ICICI,0,clean
93976db8-24f3-4a,UPI0001002507,sqt26q3x@upi,730141f1-80f,hwy9hecg@axl,4c9f3ceb-6e3,19692,2024-03-16T05:56:06,Kerala,Telangana,Kotak,SBI,0,clean
0e7b2fcb-14b6-44,UPI0001003566,siwjm2c8@axl,76415f9b-a77,kuuhclrr@ibl,9658742d-f26,47544,2024-03-16T20:45:56,Tamil Nadu,West Bengal,Kotak,Kotak,0,clean
0dc9c712-eeb7-42,UPI0001001010,zbcgjc36@apl,a45a1f06-4cb,y4lmct64@oksbi,c2a29e5d-a8f,84435,2024-03-18T10:32:38,Telangana,West Bengal,Axis,BOB,0,clean
c08b9130-836d-46,UPI0001004236,0mqvindh@icici,d434bc72-c00,f6a4fejg@ybl,0ab1b956-6ec,189042,2024-03-17T12:24:07,Karnataka,West Bengal,PNB,HDFC,0,clean
dee24974-2807-4a,UPI0001004467,e9vifttd@ibl,afcf7781-db7,p767j2dg@paytm,291be5ac-6df,135082,2024-03-18T03:03:09,Telangana,Maharashtra,Axis,Kotak,0,clean
d302271d-bd24-4f,UPI0001003629,z6us7rp4@ibl,a8bc7367-673,sic43olf@ybl,9553f767-1f2,174816,2024-03-16T23:57:28,Karnataka,Karnataka,Kotak,PNB,0,clean
c3e8981e-0e67-4f,UPI0001001824,q57te8tv@axl,fbac67aa-dd8,sygjjfgj@paytm,333e6ba7-55b,45603,2024-03-18T02:24:05,Telangana,Kerala,PNB,Axis,0,clean
e626cfd1-b423-45,UPI0001002402,b6bndoz6@axl,13339c2c-6a6,l3zyt91q@oksbi,8cf20348-4b6,163118,2024-03-15T21:34:10,Karnataka,Maharashtra,Kotak,SBI,0,clean
ea22833d-cf5f-41,UPI0001003956,vn1x2gdg@paytm,b8323e22-9c7,n14eb875@paytm,d2688e7f-3c2,32361,2024-03-17T13:07:02,West Bengal,Gujarat,Axis,SBI,0,clean
235c6a7d-be82-44,UPI0001004176,m92h3tv3@okaxis,56581c10-823,myzycwti@axl,40c797bc-53e,136034,2024-03-17T01:51:02,West Bengal,Tamil Nadu,ICICI,Axis,0,clean
400012cd-ae7d-45,UPI0001000095,6wpx2cyo@icici,8e6b6450-5a7,jfvyb6li@axl,93910c55-ea9,164936,2024-03-15T12:48:26,West Bengal,Karnataka,BOB,ICICI,0,clean
b798a92f-0501-4f,UPI0001001592,1g1r1dww@apl,2645ceb7-5d8,x7pwo6cm@upi,2500e1a0-89a,129148,2024-03-16T16:54:58,Karnataka,Karnataka,Axis,ICICI,0,clean
c7183910-55d5-49,UPI0001000298,hrrpzlk3@ibl,8b84e2d0-e1e,93wxa73j@oksbi,dd8493a4-c29,147185,2024-03-15T16:07:11,West Bengal,Kerala,SBI,ICICI,0,clean
4a501d36-290c-49,UPI0001000323,1yjfe8ud@icici,54c54ed4-726,j3bqrr87@okaxis,f8adb759-ff2,149701,2024-03-16T02:43:55,Maharashtra,Gujarat,ICICI,Axis,0,clean
901159fc-a36f-47,UPI0001000412,7rm6j8y6@axl,36890ab2-d16,jae58hux@oksbi,d23b9c8f-278,33531,2024-03-18T05:04:18,Kerala,West Bengal,PNB,BOB,0,clean
6313a500-384a-4a,UPI0001001745,rwzc4xl9@ibl,fa697d18-cd8,gh2m5zja@okaxis,835cb61e-36d,123839,2024-03-15T15:17:55,Kerala,Maharashtra,Kotak,SBI,0,clean
50bebb04-4b51-45,UPI0001004175,wovcxek4@apl,be18dda5-608,u9n79gil@upi,388edc83-947,182894,2024-03-16T08:06:53,Karnataka,Karnataka,PNB,Kotak,0,clean
bf6f2245-e4c1-40,UPI0001003879,9ryllwb7@icici,786ee19f-951,iymenvg3@paytm,3151edf4-e43,37066,2024-03-18T09:14:21,Gujarat,Gujarat,SBI,ICICI,0,clean
fa97bd7e-6892-45,UPI0001004014,bikcidkw@upi,f7982aa6-df8,kqxlm5q2@axl,96141255-6de,50792,2024-03-17T03:56:28,Tamil Nadu,West Bengal,HDFC,BOB,0,clean
55460d4b-3fd5-4c,UPI0001001128,mxb9yo18@apl,59117312-cf3,xorzpgu2@okaxis,150b1c69-9d5,119102,2024-03-18T03:42:49,Gujarat,Kerala,SBI,ICICI,0,clean
68da9581-fcef-49,UPI0001001620,sb5iqnf7@ybl,ffdb076f-e40,g25cfzfd@icici,ad809e95-47e,190824,2024-03-15T17:48:51,Gujarat,Gujarat,Kotak,BOB,0,clean
f99d1831-8418-41,UPI0001001556,5ixva1nk@ybl,3f9ee135-4b0,safyh1fk@paytm,7814c846-782,191243,2024-03-17T20:57:03,Tamil Nadu,Tamil Nadu,ICICI,HDFC,0,clean
52282d4c-f9fe-47,UPI0001003386,xzamkygv@apl,32a05e88-18a,uhz1gv0e@oksbi,3097941d-05e,149810,2024-03-15T22:06:46,Telangana,Tamil Nadu,BOB,ICICI,0,clean
c3068cbf-17ff-41,UPI0001003634,ev361xsn@ybl,253a3b26-f4f,dz4x1zhq@okaxis,d5b7dcd0-c5f,12979,2024-03-16T15:47:58,Gujarat,Telangana,PNB,Axis,0,clean
40341a8b-2913-49,UPI0001002517,ccprhvlz@upi,e917e480-79b,yc3rwqmm@icici,8b3a52b5-76e,184071,2024-03-18T07:24:07,Telangana,Tamil Nadu,Axis,Kotak,0,clean
75ee0cf0-fd2d-4c,UPI0001002255,mb1l6314@ibl,d40c7f91-9fe,eh5sw229@upi,988a62ef-895,6863,2024-03-18T10:45:41,Kerala,Telangana,ICICI,Axis,0,clean
3d18a017-0370-41,UPI0001001297,ac6pe63l@ybl,fe6486c9-5e6,gq9cvah7@apl,9226d90b-2a1,150604,2024-03-18T11:19:33,Tamil Nadu,Gujarat,Axis,Kotak,0,clean
fe35b36a-dad8-4e,UPI0001002354,dje153a5@axl,ebe017d3-bb6,ywp0rxxf@icici,536cc49c-7b9,31359,2024-03-16T04:36:28,Telangana,Kerala,Axis,Kotak,0,clean
42ea9d15-f80d-41,UPI0001001355,iiji44m2@ibl,333ff240-187,a7sqrf1l@upi,03564e58-3fd,73716,2024-03-15T22:44:19,Karnataka,Tamil Nadu,SBI,ICICI,0,clean
b5d5cc9c-fcee-45,UPI0001000284,c8bbi4wi@axl,72e6b18a-a53,il8sa3id@upi,0ff28a1c-817,138345,2024-03-17T18:19:58,Gujarat,Gujarat,PNB,SBI,0,clean
05c31e94-adf5-4b,UPI0001000471,1g1r1dww@apl,2645ceb7-5d8,wjeyub19@icici,2328b533-d95,33417,2024-03-17T01:06:26,Karnataka,Karnataka,Axis,Axis,0,clean
322e919f-b4fc-4c,UPI0001002542,q20hwobm@okaxis,1f7e151c-59a,4vssrura@upi,955c4234-bff,99563,2024-03-17T07:10:21,Tamil Nadu,Gujarat,SBI,PNB,0,clean
fd10bf68-a890-49,UPI0001003806,jtb9xxay@apl,893cdd77-540,38diuovw@icici,83febe55-d55,195337,2024-03-18T04:00:56,Gujarat,Karnataka,Axis,Axis,0,clean
734a1b7b-fb17-49,UPI0001000022,84azytjx@ibl,265d56de-027,q77awudt@icici,afd46ca6-b46,93102,2024-03-15T10:33:27,Rajasthan,Delhi,ICICI,ICICI,1,L1→L2
3f68b094-ea55-4c,UPI0001001937,0mqvindh@icici,d434bc72-c00,xf7kzorq@axl,8a77df8c-2c4,107959,2024-03-18T05:04:01,Karnataka,Tamil Nadu,PNB,Kotak,0,clean
ce94066d-8ae8-40,UPI0001001527,zb4ldims@paytm,37226f2a-c4f,9ku8s63e@apl,c9b6fdb8-698,43843,2024-03-17T20:30:42,Gujarat,Maharashtra,ICICI,SBI,0,clean
52d71a5b-2bb7-43,UPI0001004604,8k06moxs@oksbi,116067d7-992,ftu2gc5w@okaxis,5b67e48a-456,164893,2024-03-18T00:47:47,Kerala,Telangana,HDFC,Axis,0,clean
ede11839-56f0-40,UPI0001003883,ixntm9tm@axl,2474cb36-956,gn1w1ht7@axl,61e9276c-1e5,122304,2024-03-16T08:44:03,Gujarat,Tamil Nadu,ICICI,PNB,0,clean
0eff58fe-693c-4d,UPI0001002835,qjqijc1y@ibl,55a726c6-908,jy62zeeq@upi,2197e198-4e7,149639,2024-03-17T18:52:43,Karnataka,Tamil Nadu,PNB,SBI,0,clean
fbd335e4-2254-4f,UPI0001002226,asifpwio@ibl,66abea7e-d1b,k0ucc1m3@apl,18efcd83-447,67297,2024-03-18T01:59:59,Kerala,Gujarat,Kotak,BOB,0,clean
fa493e6c-3782-4e,UPI0001000554,xtnsrtwl@upi,320db857-eb5,q20hwobm@okaxis,1f7e151c-59a,29589,2024-03-17T06:29:13,Tamil Nadu,Tamil Nadu,SBI,SBI,0,clean
37043415-e135-42,UPI0001002696,wsozctwj@paytm,06c76465-950,z09wftbg@upi,69681540-b97,61220,2024-03-18T07:45:56,Maharashtra,Kerala,SBI,Kotak,0,clean
e381c066-c2a1-40,UPI0001004027,2wgxo05q@apl,c1eb9500-3af,12ii826g@axl,2a541c5a-adb,27649,2024-03-17T17:07:00,Karnataka,Maharashtra,Axis,Axis,0,clean
747e472a-af41-46,UPI0001001083,nmby49e7@ibl,68a8ef6f-279,qxm0632c@paytm,fc67a622-d29,154530,2024-03-17T01:40:50,Kerala,Tamil Nadu,Axis,Kotak,0,clean
4d07d98e-ad38-43,UPI0001004340,uplvqexu@okaxis,33e404df-c0a,zzf8s2zg@oksbi,7844cc4a-374,128264,2024-03-15T16:02:46,Karnataka,Tamil Nadu,BOB,PNB,0,clean
cf7bb6a1-7ec8-43,UPI0001000299,x0h3jujd@okaxis,58d8b5c6-ef9,al8m1g9f@paytm,f6b9e535-824,132554,2024-03-18T02:29:21,Telangana,Maharashtra,HDFC,BOB,0,clean
143e3687-5f9d-4f,UPI0001000781,8bfqnpce@upi,96c75168-b52,aacosym0@paytm,7cd0e4eb-ec5,173143,2024-03-16T01:41:55,Telangana,Kerala,Axis,HDFC,0,clean
12ebd709-c298-47,UPI0001002349,091c795r@upi,e21f0d08-204,9bp4m18o@upi,2e0f0c6a-2ee,174828,2024-03-16T07:14:30,Karnataka,Gujarat,BOB,SBI,0,clean
f58171c0-455a-49,UPI0001001266,qkojtpv6@upi,9097f736-c0b,jtgq01te@ibl,f43f6c1a-19d,99388,2024-03-16T02:57:44,Tamil Nadu,Tamil Nadu,Kotak,ICICI,0,clean
9eab131b-b524-4c,UPI0001004731,rid3dnkn@oksbi,b8fa8960-47b,adf7pchc@ybl,abb0956f-413,100971,2024-03-17T00:06:29,Karnataka,Gujarat,PNB,PNB,0,clean
513d6442-704e-48,UPI0001001331,mx3y9rge@axl,10c50102-d01,ymk99jcj@apl,c716a5a8-fe4,151296,2024-03-17T00:28:15,Kerala,Maharashtra,SBI,BOB,0,clean
415b3b1c-082e-43,UPI0001001788,reiyaz39@apl,75d4c470-c88,pkyrybov@ybl,4f1e5710-28e,38194,2024-03-18T00:22:10,Karnataka,Maharashtra,PNB,HDFC,0,clean
0f6f1490-665b-41,UPI0001000823,u7fbmenu@okaxis,2b0e6e2e-1f6,hgbmfbuv@upi,aab2c0e3-bcd,3303,2024-03-17T17:13:32,Kerala,West Bengal,ICICI,SBI,0,clean
dc7e4f2a-03a5-4f,UPI0001003068,nqdxamw2@icici,0ec40a2e-3f7,3o0llj8y@axl,1c00950a-235,39057,2024-03-18T06:59:32,Gujarat,Maharashtra,Kotak,SBI,0,clean
a8138ba7-765f-41,UPI0001002582,mix7ib5n@ibl,4590ba2b-076,oieves6f@oksbi,4c26e044-3e8,52401,2024-03-18T01:43:08,Gujarat,West Bengal,Axis,ICICI,0,clean
47b21257-922c-4d,UPI0001001022,nmeoq4yr@apl,3730892d-042,c2htmqwy@icici,f56a4c57-7ae,38410,2024-03-17T04:12:52,Tamil Nadu,West Bengal,PNB,BOB,0,clean
d0d95919-d2d2-4e,UPI0001001296,f5gcl9lc@axl,07d8fa8c-cff,jtgq01te@ibl,f43f6c1a-19d,189583,2024-03-16T23:24:34,Telangana,Tamil Nadu,ICICI,ICICI,0,clean
fe3d625c-3c72-4e,UPI0001003932,u7fbmenu@okaxis,2b0e6e2e-1f6,jluujmiy@axl,77509db0-051,9002,2024-03-15T11:43:19,Kerala,West Bengal,ICICI,ICICI,0,clean
f24057a4-4bd0-4a,UPI0001003635,70e3p15a@okaxis,d87ecdc6-34f,7y2lofn1@axl,075bde03-879,66577,2024-03-16T03:08:38,Karnataka,Maharashtra,SBI,HDFC,0,clean
0cc07972-7008-43,UPI0001003491,ivrocvit@icici,40e259ef-b8c,x2toowt9@apl,e738b31f-0c3,116028,2024-03-16T06:20:43,Telangana,Kerala,BOB,SBI,0,clean
bd126447-6339-47,UPI0001000257,u9n79gil@upi,388edc83-947,95g3v23g@icici,87088df9-723,65078,2024-03-16T22:26:50,Karnataka,Kerala,Kotak,ICICI,0,clean
5242610d-a8b9-41,UPI0001004314,5xlk8wru@ybl,4c2dd6a9-8c7,jeget1gh@axl,f0c058e9-79c,180871,2024-03-18T10:24:49,Karnataka,Maharashtra,SBI,ICICI,0,clean
d46dbfdb-41f0-4f,UPI0001002363,ulzfy981@icici,71106fca-bed,siwjm2c8@axl,76415f9b-a77,195871,2024-03-17T17:12:20,Kerala,Tamil Nadu,SBI,Kotak,0,clean
2a2fc3eb-9834-4c,UPI0001001653,r6k2vmww@oksbi,e85bb9a0-574,x7pwo6cm@upi,2500e1a0-89a,50311,2024-03-15T19:27:57,Gujarat,Karnataka,PNB,ICICI,0,clean
b4e563b6-0d4b-49,UPI0001002611,0mqvindh@icici,d434bc72-c00,lem1qq4d@paytm,876e2b47-793,19552,2024-03-17T04:17:13,Karnataka,Telangana,PNB,BOB,0,clean
65977c89-aee6-49,UPI0001000828,0w064w3u@okaxis,815a78a7-e61,uuxk0are@ibl,7992b6ba-0fd,138941,2024-03-15T16:08:28,Maharashtra,Telangana,SBI,BOB,0,clean
596bed16-22c7-43,UPI0001000252,kqxlm5q2@axl,96141255-6de,9iy4x41d@apl,e541dc70-08b,153677,2024-03-17T12:21:47,West Bengal,Karnataka,BOB,Axis,0,clean
99382eb1-165b-46,UPI0001004735,moge4qxx@ybl,686a9e6d-c61,al8m1g9f@paytm,f6b9e535-824,92225,2024-03-15T13:37:25,Gujarat,Maharashtra,SBI,BOB,0,clean
dabf5656-96f5-49,UPI0001000274,m92h3tv3@okaxis,56581c10-823,sqt26q3x@upi,730141f1-80f,65932,2024-03-18T05:15:49,West Bengal,Kerala,ICICI,Kotak,0,clean
87123b12-0fd9-4f,UPI0001004559,lq5v4ftq@paytm,15386809-9f2,03o4gkww@paytm,a371a87c-ef1,26266,2024-03-18T04:19:08,Maharashtra,Gujarat,Kotak,PNB,0,clean
508d299f-0b9e-46,UPI0001001360,os6zle6k@okaxis,eafa0ae5-1d9,i9kqdgbk@upi,feaf9f0b-cd9,161843,2024-03-17T02:36:22,Karnataka,Gujarat,HDFC,Axis,0,clean
e8ded427-015e-4d,UPI0001000327,z09wftbg@upi,69681540-b97,wwnc21o0@upi,0d6872fa-a63,23880,2024-03-15T13:24:13,Kerala,Kerala,Kotak,Axis,0,clean
39cca11d-9686-40,UPI0001000271,0ljch2vf@oksbi,cab331dd-0d9,eaxylnfx@paytm,17fca863-f60,7669,2024-03-15T17:11:41,West Bengal,Kerala,Axis,ICICI,0,clean
6b302872-c9d7-47,UPI0001003526,9rk7d30m@upi,c9d13a46-21b,ay64yfds@ibl,05351dc8-a9a,190587,2024-03-16T06:39:37,Maharashtra,Karnataka,Axis,ICICI,0,clean
896b5f92-b14b-4c,UPI0001003276,mb1l6314@ibl,d40c7f91-9fe,rw6tm2o0@icici,7b3b2f4a-e30,11137,2024-03-17T11:44:44,Kerala,Karnataka,ICICI,ICICI,0,clean
82a1ac6d-ce11-43,UPI0001002844,6xlpu0dk@apl,2966c875-264,7y2lofn1@axl,075bde03-879,52624,2024-03-17T23:47:41,Tamil Nadu,Maharashtra,HDFC,HDFC,0,clean
99edbf3b-d632-48,UPI0001003407,pd2tsxtv@upi,30954f8d-335,x2toowt9@apl,e738b31f-0c3,74973,2024-03-17T23:30:45,Gujarat,Kerala,ICICI,SBI,0,clean
860f3fce-2b9a-4c,UPI0001002368,lcxlvpym@ybl,f3fd02cd-2f8,iiji44m2@ibl,333ff240-187,47820,2024-03-17T15:32:49,Maharashtra,Karnataka,PNB,SBI,0,clean
ec045f53-a666-4b,UPI0001001696,p2fmr0tj@apl,e15d55b9-ba9,yxtxmgtt@okaxis,7c6e58d5-652,181266,2024-03-15T12:38:49,Karnataka,Tamil Nadu,Kotak,BOB,0,clean
326da2c4-7e3f-4d,UPI0001002318,fr91ipwh@upi,0e051c39-642,t6om1fb8@ibl,593dec67-5f5,151768,2024-03-18T10:05:56,West Bengal,Gujarat,SBI,ICICI,0,clean
39cf5200-3dc1-41,UPI0001000191,sjt2jpnr@okaxis,d797c026-0e2,ifrml29q@ybl,7e962fc5-e68,153046,2024-03-16T21:18:50,West Bengal,Tamil Nadu,BOB,ICICI,0,clean
56587537-2442-43,UPI0001001261,nn8ztv05@ibl,b38f2bd8-1fb,v1v93kmk@icici,10199d03-28f,130679,2024-03-18T02:44:41,Karnataka,Gujarat,BOB,HDFC,0,clean
fc5402a7-0f8a-4e,UPI0001001413,4lorxdtg@apl,65e2fb55-c36,iiji44m2@ibl,333ff240-187,184915,2024-03-17T15:31:00,Telangana,Karnataka,ICICI,SBI,0,clean
5d0f905e-5113-49,UPI0001002107,w7kyhqin@upi,79bd47f7-d48,uswrgvz9@ybl,c0de6a5e-0b9,570,2024-03-15T14:09:03,Telangana,Kerala,Kotak,SBI,0,clean
ff662c4b-a32c-41,UPI0001001312,bbk7w1da@paytm,4f51dace-926,ezqacj4t@icici,8eb3737e-59f,179922,2024-03-18T03:25:28,Maharashtra,West Bengal,Axis,Axis,0,clean
207c6e34-135b-48,UPI0001002736,nbhds26f@upi,6cb62eb2-7f2,sic43olf@ybl,9553f767-1f2,46613,2024-03-17T06:24:23,Tamil Nadu,Karnataka,Axis,PNB,0,clean
54f9afc2-264b-42,UPI0001001532,2muljavb@paytm,42174022-e10,5p5nvqeb@ibl,ba39ac93-7b7,180536,2024-03-17T13:14:13,Kerala,Gujarat,SBI,Axis,0,clean
807aa0fb-5357-4c,UPI0001002399,g25cfzfd@icici,ad809e95-47e,jiys2n75@ybl,ab332325-6cf,161552,2024-03-16T22:20:05,Gujarat,Tamil Nadu,BOB,PNB,0,clean
ebe7c7e3-6c65-43,UPI0001004625,vgox22in@okaxis,9d6a6b21-955,0kgazu41@ybl,deda1626-f82,94369,2024-03-15T12:36:30,Kerala,Maharashtra,Axis,HDFC,0,clean
83db7a01-3054-4c,UPI0001002321,9kkh4a3y@paytm,898ace33-3f3,hy8nbiqu@axl,294c42d1-181,64803,2024-03-16T15:22:01,Karnataka,Kerala,Kotak,PNB,0,clean
b0e0dbbc-6724-47,UPI0001000046,uflsehud@icici,168777e2-a06,xie0rnuj@paytm,7c49cd93-294,114446,2024-03-16T18:51:39,Karnataka,Maharashtra,Axis,PNB,0,clean
526a5e07-b17d-42,UPI0001004194,u8el5015@apl,c881ee60-b74,d8wj0uun@apl,5a53f848-ec8,167433,2024-03-17T01:06:08,Tamil Nadu,Maharashtra,Axis,ICICI,0,clean
5bce4caa-e729-44,UPI0001001502,xzamkygv@apl,32a05e88-18a,uswrgvz9@ybl,c0de6a5e-0b9,52725,2024-03-16T08:48:16,Telangana,Kerala,BOB,SBI,0,clean
79dbe13a-6557-4d,UPI0001003453,r6n92xf8@oksbi,05a7b3f0-2b3,ch8jwwdx@oksbi,b6a72442-d1f,142592,2024-03-18T08:53:03,Gujarat,West Bengal,Kotak,HDFC,0,clean
7704eb02-80a6-4c,UPI0001002500,z2t4h20r@ybl,d41e17b8-b9f,td44k1j6@oksbi,e33499ff-738,51842,2024-03-16T12:42:08,Tamil Nadu,Maharashtra,HDFC,BOB,0,clean
92e5319e-76fc-49,UPI0001003324,dn5gjj8m@oksbi,daefad95-27b,5p5nvqeb@ibl,ba39ac93-7b7,117582,2024-03-15T22:28:59,Kerala,Gujarat,Axis,Axis,0,clean
4a792f2f-cfad-40,UPI0001000628,c1l7dypm@upi,cee17028-635,os6zle6k@okaxis,eafa0ae5-1d9,42801,2024-03-16T08:23:01,Karnataka,Karnataka,ICICI,HDFC,0,clean
6680896a-8e83-41,UPI0001002906,kuuhclrr@ibl,9658742d-f26,mqg1ved3@ibl,9abe9954-38e,115706,2024-03-16T19:23:27,West Bengal,Tamil Nadu,Kotak,ICICI,0,clean
396d7ca1-cfaf-43,UPI0001004634,c7d2kd1p@apl,044bb7dc-666,nfnvuprt@oksbi,1afaa772-d85,161021,2024-03-17T04:52:37,West Bengal,Karnataka,BOB,Kotak,0,clean
426a31a5-21d6-4c,UPI0001000312,7rm6j8y6@axl,36890ab2-d16,z09wftbg@upi,69681540-b97,39311,2024-03-16T01:52:05,Kerala,Kerala,PNB,Kotak,0,clean
6b5ebd0d-0d2d-48,UPI0001000698,xie0rnuj@paytm,7c49cd93-294,9mda9oek@upi,3941c113-d9b,196659,2024-03-17T13:14:19,Maharashtra,Gujarat,PNB,Kotak,0,clean
f0d41b95-7b3b-49,UPI0001000546,48c1cqg4@apl,88ccb91c-dbb,kek4aegv@oksbi,6fca54c3-692,87404,2024-03-17T10:43:25,Tamil Nadu,West Bengal,BOB,PNB,0,clean
d8a3ab03-4bc7-4e,UPI0001002567,95g3v23g@icici,87088df9-723,1ieixwc4@axl,078dcd14-8a1,77526,2024-03-16T11:25:58,Kerala,Tamil Nadu,ICICI,Kotak,0,clean
39933cf3-fb84-45,UPI0001002881,0cdk36m8@paytm,e75380e3-936,z09wftbg@upi,69681540-b97,75330,2024-03-15T14:45:03,Tamil Nadu,Kerala,HDFC,Kotak,0,clean
3a5c2803-a94c-41,UPI0001001847,nbhds26f@upi,6cb62eb2-7f2,urvqt3g8@ibl,7b0d2a9d-0f8,62026,2024-03-17T03:04:22,Tamil Nadu,Gujarat,Axis,Kotak,0,clean
14e3a87a-f5f1-45,UPI0001001829,lcxlvpym@ybl,f3fd02cd-2f8,o75rh8lx@ibl,08de2ce8-4d4,185939,2024-03-18T00:52:21,Maharashtra,Karnataka,PNB,PNB,0,clean
b63469c8-0588-47,UPI0001000201,kicjn2fo@upi,1c3c8bbe-fc6,kuuhclrr@ibl,9658742d-f26,142196,2024-03-18T07:31:48,Kerala,West Bengal,SBI,Kotak,0,clean
0466542d-568b-4f,UPI0001002799,dje153a5@axl,ebe017d3-bb6,eyr8lnoe@upi,ae9b4688-14f,194039,2024-03-15T12:26:05,Telangana,Telangana,Axis,BOB,0,clean
500fdf72-9adb-4e,UPI0001001223,8qqvaecw@okaxis,6ba34083-55e,uswbkok3@axl,7f90cc04-8a6,37210,2024-03-16T22:20:48,Maharashtra,Tamil Nadu,PNB,HDFC,0,clean
7ba7a5d4-c737-4e,UPI0001003687,5xlk8wru@ybl,4c2dd6a9-8c7,qxm0632c@paytm,fc67a622-d29,113224,2024-03-16T20:27:21,Karnataka,Tamil Nadu,SBI,Kotak,0,clean
95167677-cf96-45,UPI0001004265,tx63cfl0@paytm,ac541769-490,kek4aegv@oksbi,6fca54c3-692,67758,2024-03-16T10:08:33,Tamil Nadu,West Bengal,Axis,PNB,0,clean
973853a8-77c6-48,UPI0001002689,5e5iz31y@axl,9bc82871-9c1,eh5sw229@upi,988a62ef-895,140532,2024-03-16T00:29:09,Maharashtra,Telangana,HDFC,Axis,0,clean
bfb50c34-fc65-4f,UPI0001001861,7y2lofn1@axl,075bde03-879,rwzc4xl9@ibl,fa697d18-cd8,61465,2024-03-18T11:21:56,Maharashtra,Kerala,HDFC,Kotak,0,clean
dacb466a-d9eb-47,UPI0001000245,38diuovw@icici,83febe55-d55,vqyiy1sy@oksbi,692618fb-a65,189892,2024-03-18T01:20:01,Karnataka,Gujarat,Axis,ICICI,0,clean
32ed1e06-2a95-4f,UPI0001002099,r94sz2ku@ybl,3c8e10be-1ce,ga0x7zcg@ibl,15bb3739-991,78778,2024-03-16T14:26:37,Telangana,Karnataka,Axis,SBI,0,clean
f23d2030-d9f9-4c,UPI0001000666,w83y0mah@ibl,9ca3624a-117,a04ux5qr@upi,8029a269-faa,50953,2024-03-15T17:10:09,Karnataka,West Bengal,ICICI,Kotak,0,clean
0ca6fc09-b2af-4e,UPI0001000625,ppohswq4@ybl,27cf6e96-b10,m2vajepe@ibl,242b4c68-da5,186386,2024-03-16T03:50:42,Tamil Nadu,Tamil Nadu,PNB,Axis,0,clean
0193b907-5951-48,UPI0001003062,ceouuyla@paytm,c8d44d0a-2c5,fvl03dut@paytm,4d39a635-f9c,18053,2024-03-17T16:52:11,West Bengal,Gujarat,BOB,Kotak,0,clean
87ef268d-403f-4a,UPI0001004822,jng7l4lr@ibl,01fe3c1a-6f8,qzsa7yvd@axl,3c3a17d9-186,63296,2024-03-17T14:08:36,Kerala,Tamil Nadu,Axis,SBI,0,clean
8763ba24-a97b-45,UPI0001003129,93wxa73j@oksbi,dd8493a4-c29,nn8ztv05@ibl,b38f2bd8-1fb,145610,2024-03-17T07:13:18,Kerala,Karnataka,ICICI,BOB,0,clean
ef1ea7d4-4e88-41,UPI0001002170,rwzc4xl9@ibl,fa697d18-cd8,wsozctwj@paytm,06c76465-950,29250,2024-03-16T06:23:04,Kerala,Maharashtra,Kotak,SBI,0,clean
89e84c4f-4a4a-4f,UPI0001003706,qxm0632c@paytm,fc67a622-d29,yv3lxchf@ybl,05438732-9d3,54530,2024-03-17T17:01:48,Tamil Nadu,Tamil Nadu,Kotak,BOB,0,clean
3ec7ecca-a6a3-45,UPI0001002146,0lthy25m@oksbi,3c04574b-b03,qxm0632c@paytm,fc67a622-d29,132754,2024-03-16T00:01:09,Kerala,Tamil Nadu,ICICI,Kotak,0,clean
369ee72c-f9ea-47,UPI0001000833,vgww4fyb@ibl,baf6a88b-8a5,2wbxanj4@upi,bfa5558d-959,141826,2024-03-16T01:48:19,Tamil Nadu,Karnataka,HDFC,BOB,0,clean
8ba8a53a-e5bc-45,UPI0001000935,ceouuyla@paytm,c8d44d0a-2c5,sygjjfgj@paytm,333e6ba7-55b,27742,2024-03-16T21:28:31,West Bengal,Kerala,BOB,Axis,0,clean
1a05e75b-aa18-4d,UPI0001004442,9tr74qge@oksbi,2dc01c43-46d,u7u6n7hv@okaxis,1c4fe2d7-dac,177551,2024-03-17T18:00:50,Telangana,Tamil Nadu,PNB,SBI,0,clean
14d219f0-07f3-4e,UPI0001000640,6kvpuc8d@okaxis,09e9b54f-d22,ftaxp0wf@apl,c8a9e7b7-950,134848,2024-03-16T00:22:20,Telangana,Gujarat,PNB,Kotak,0,clean
9220180c-69cf-4b,UPI0001001572,zzf8s2zg@oksbi,7844cc4a-374,aacosym0@paytm,7cd0e4eb-ec5,31020,2024-03-16T11:06:16,Tamil Nadu,Kerala,PNB,HDFC,0,clean
a0e1500f-ac66-4d,UPI0001001359,5ixva1nk@ybl,3f9ee135-4b0,2qc6dr08@ibl,edc4c65a-097,193077,2024-03-16T12:57:33,Tamil Nadu,West Bengal,ICICI,PNB,0,clean
6c2a944a-2d0f-48,UPI0001000620,reiyaz39@apl,75d4c470-c88,03o4gkww@paytm,a371a87c-ef1,145419,2024-03-16T01:53:04,Karnataka,Gujarat,PNB,PNB,0,clean
7803cc2c-06a0-49,UPI0001001124,d8wj0uun@apl,5a53f848-ec8,sehe2atn@icici,d6c059ff-a09,123222,2024-03-17T11:42:31,Maharashtra,Maharashtra,ICICI,HDFC,0,clean
f48a4dd3-1874-46,UPI0001003764,w83y0mah@ibl,9ca3624a-117,3o0llj8y@axl,1c00950a-235,119385,2024-03-16T21:26:12,Karnataka,Maharashtra,ICICI,SBI,0,clean
e068067f-d322-47,UPI0001002054,t9t11php@okaxis,cdc97255-ace,irym81cm@oksbi,4956140d-046,51141,2024-03-16T22:15:09,West Bengal,Tamil Nadu,ICICI,PNB,0,clean
6060cf9a-6b0b-42,UPI0001000834,8n7odkef@apl,91e08ce9-3ec,19qzpniq@oksbi,10d15b04-d6f,69902,2024-03-16T13:30:47,Maharashtra,Tamil Nadu,BOB,ICICI,0,clean
546fa392-6114-4a,UPI0001002515,70e3p15a@okaxis,d87ecdc6-34f,zh13cd5g@upi,227ab300-e54,140864,2024-03-17T22:29:05,Karnataka,Tamil Nadu,SBI,HDFC,0,clean
8bd1f946-e82b-42,UPI0001002121,6kvpuc8d@okaxis,09e9b54f-d22,8gl2zxjm@upi,dc036929-eff,17017,2024-03-16T22:15:18,Telangana,Maharashtra,PNB,Axis,0,clean
ad89d18a-2617-4f,UPI0001004422,asifpwio@ibl,66abea7e-d1b,1oxrwk8r@apl,0051a9ea-fd9,46424,2024-03-18T04:47:18,Kerala,Karnataka,Kotak,ICICI,0,clean
eb9fa43a-9902-4a,UPI0001002739,ulzfy981@icici,71106fca-bed,1uu7zy6t@apl,d28e8866-080,77613,2024-03-16T10:10:15,Kerala,Tamil Nadu,SBI,BOB,0,clean
5db45bc2-317d-4d,UPI0001002836,xie0rnuj@paytm,7c49cd93-294,j16dvtja@ybl,404bee3c-794,194481,2024-03-17T10:12:32,Maharashtra,Karnataka,PNB,Kotak,0,clean
cd024d3d-0198-4b,UPI0001002686,jy62zeeq@upi,2197e198-4e7,9ku8s63e@apl,c9b6fdb8-698,77574,2024-03-18T03:32:52,Tamil Nadu,Maharashtra,SBI,SBI,0,clean
28b9ac80-fbee-43,UPI0001003294,tuw6taq6@upi,409c06a8-91d,9boq0iq2@oksbi,45a62da6-105,49431,2024-03-17T09:12:03,Gujarat,West Bengal,Axis,SBI,0,clean
535bbfab-1d37-4a,UPI0001004578,7w7jp61l@oksbi,7f32ed98-3eb,2jwoclyt@upi,92c5bab8-7ba,82122,2024-03-15T18:49:56,Gujarat,Telangana,BOB,PNB,0,clean
5b0d9545-df90-4f,UPI0001003935,gu3obygh@oksbi,b3e30a41-88d,03o4gkww@paytm,a371a87c-ef1,171478,2024-03-18T09:56:02,Tamil Nadu,Gujarat,ICICI,PNB,0,clean
2c24ca1d-4546-42,UPI0001003934,likwe4bx@upi,9bb85d81-e50,p7r1m264@ibl,61dacc37-3af,130623,2024-03-15T23:07:52,Telangana,Kerala,BOB,Axis,0,clean
7d395c53-206a-42,UPI0001000021,14ffyvnv@axl,6890c077-652,wpvs7hzi@apl,dbf67a95-a45,171264,2024-03-15T10:34:03,Uttarakhand,Uttarakhand,Kotak,HDFC,1,L1→L2
73fe5493-5d04-44,UPI0001004646,m2vajepe@ibl,242b4c68-da5,x0h3jujd@okaxis,58d8b5c6-ef9,183131,2024-03-17T21:03:33,Tamil Nadu,Telangana,Axis,HDFC,0,clean
ae517268-9286-42,UPI0001003762,f6a4fejg@ybl,0ab1b956-6ec,52sq3b9s@apl,ec8fbf62-67f,185812,2024-03-16T17:23:53,West Bengal,Gujarat,HDFC,PNB,0,clean
4c4f30c8-ba10-4b,UPI0001001655,z2sf6f7l@apl,f4ac893c-cd3,bjlzy1uu@upi,382cfba4-cfb,152876,2024-03-17T23:59:06,Karnataka,Telangana,Kotak,Kotak,0,clean
d407f268-b575-4f,UPI0001003513,p2fmr0tj@apl,e15d55b9-ba9,h25llo3r@ybl,61c41a5e-2b8,53546,2024-03-16T23:48:19,Karnataka,Maharashtra,Kotak,BOB,0,clean
dd3869ad-89eb-4e,UPI0001003254,os6zle6k@okaxis,eafa0ae5-1d9,0kgazu41@ybl,deda1626-f82,73575,2024-03-16T14:16:08,Karnataka,Maharashtra,HDFC,HDFC,0,clean
c417b4bc-cd0d-46,UPI0001000079,8bfqnpce@upi,96c75168-b52,xtnsrtwl@upi,320db857-eb5,179980,2024-03-15T21:09:56,Telangana,Tamil Nadu,Axis,SBI,0,clean
db8b2265-baa2-4c,UPI0001003363,zmuf8438@icici,62a8adae-998,9rr7s20c@oksbi,5df013ac-e29,85516,2024-03-17T19:18:16,Tamil Nadu,Maharashtra,ICICI,Kotak,0,clean
0ad36f4c-14de-4c,UPI0001000656,79flv1xx@paytm,dff63398-c9e,ofas1ekt@axl,de630927-308,64344,2024-03-15T20:33:08,Kerala,Maharashtra,PNB,BOB,0,clean
d1eb9f3c-48af-4d,UPI0001003650,adf7pchc@ybl,abb0956f-413,w9zyn6sj@ybl,3c3c1190-4fb,156720,2024-03-15T17:30:47,Gujarat,Telangana,PNB,ICICI,0,clean
580ea00a-dedc-42,UPI0001003077,xcdyk0x6@oksbi,952171cb-bbd,jfvyb6li@axl,93910c55-ea9,62225,2024-03-16T17:06:50,Gujarat,Karnataka,ICICI,ICICI,0,clean
b41e4c54-8e34-4d,UPI0001003824,yeqahths@paytm,38d6e582-cd0,j16dvtja@ybl,404bee3c-794,94633,2024-03-18T07:52:07,Maharashtra,Karnataka,Kotak,Kotak,0,clean
6b3164b9-2b97-46,UPI0001003249,dtm4vxjj@ibl,52136084-c7a,0v2zp4ju@upi,32db899d-85a,82024,2024-03-15T17:12:06,Tamil Nadu,Telangana,ICICI,HDFC,0,clean
5d774348-97ac-4f,UPI0001002658,t9t11php@okaxis,cdc97255-ace,e9vifttd@ibl,afcf7781-db7,14957,2024-03-16T01:23:48,West Bengal,Telangana,ICICI,Axis,0,clean
e4186095-a9ec-4f,UPI0001002904,6wpx2cyo@icici,8e6b6450-5a7,fewvznvk@icici,93ff3503-d85,147630,2024-03-15T10:51:12,West Bengal,Kerala,BOB,Kotak,0,clean
4a66f49e-5ba7-43,UPI0001004609,1oxrwk8r@apl,0051a9ea-fd9,xtnsrtwl@upi,320db857-eb5,79104,2024-03-16T22:12:30,Karnataka,Tamil Nadu,ICICI,SBI,0,clean
e6142219-c371-4d,UPI0001004499,vkyrmjlj@paytm,170acc6e-133,1uu7zy6t@apl,d28e8866-080,193407,2024-03-18T06:44:01,Gujarat,Tamil Nadu,HDFC,BOB,0,clean
1212e75d-5eb2-46,UPI0001004276,9rr7s20c@oksbi,5df013ac-e29,qvs8a0tp@axl,964a35db-404,138880,2024-03-16T11:18:38,Maharashtra,Telangana,Kotak,Kotak,0,clean
bf2e00f2-4f34-47,UPI0001004305,i6yuj7yk@icici,f03c391e-8f7,a5xin9dl@icici,ad258476-426,163557,2024-03-15T20:07:12,Tamil Nadu,Tamil Nadu,Kotak,SBI,0,clean
0d6f5713-6d3b-45,UPI0001001906,tjlmz04x@okaxis,2bd5d145-db0,6kvpuc8d@okaxis,09e9b54f-d22,56728,2024-03-15T22:59:11,Kerala,Telangana,Axis,PNB,0,clean
98b7423a-d72e-49,UPI0001003145,md270stl@apl,05beb72c-5c8,grf1hx6z@ibl,40f8aee9-d31,768,2024-03-16T09:24:29,West Bengal,Telangana,Axis,SBI,0,clean
9fe234cf-20cb-4b,UPI0001002352,5rdoqivb@paytm,dfee9bf2-48b,qxm0632c@paytm,fc67a622-d29,81587,2024-03-17T03:43:15,Telangana,Tamil Nadu,Axis,Kotak,0,clean
68ed4470-a3ac-4f,UPI0001000605,vaj2k8xp@apl,90f01618-4ff,xivzk7a4@paytm,4fddfea1-8cf,125870,2024-03-15T18:54:57,Karnataka,Maharashtra,BOB,HDFC,0,clean
12e912cf-25fe-4b,UPI0001002741,p767j2dg@paytm,291be5ac-6df,2g05kbkv@upi,95960706-af3,103099,2024-03-16T15:25:12,Maharashtra,Telangana,Kotak,ICICI,0,clean
f4cf70e6-a58d-4b,UPI0001002608,p767j2dg@paytm,291be5ac-6df,u7u6n7hv@okaxis,1c4fe2d7-dac,11551,2024-03-16T11:25:03,Maharashtra,Tamil Nadu,Kotak,SBI,0,clean
6603b4f4-f7d7-4b,UPI0001000604,lfzkicwm@axl,de2ef3f1-ab7,reiyaz39@apl,75d4c470-c88,103025,2024-03-16T06:37:08,Kerala,Karnataka,SBI,PNB,0,clean
5eca5eb9-dd56-4b,UPI0001000395,48c1cqg4@apl,88ccb91c-dbb,0t9nt3w5@okaxis,da315726-456,64808,2024-03-17T22:51:18,Tamil Nadu,Tamil Nadu,BOB,PNB,0,clean
8bf277e0-33ac-46,UPI0001002869,je2ab2rv@upi,8cc02af2-3b1,0me8f840@apl,d2acd40e-25c,60495,2024-03-17T20:37:09,West Bengal,Maharashtra,BOB,BOB,0,clean
089d31a5-523e-4b,UPI0001000316,239moft6@axl,0f7c79b6-edf,d6357oon@apl,5cbf8094-1fa,109661,2024-03-15T19:45:49,Karnataka,Telangana,ICICI,SBI,0,clean
82dc3f39-34d9-48,UPI0001004642,aji0y6dp@ybl,db6e078e-7f2,9i6uu13i@oksbi,8752282f-7ab,123398,2024-03-16T16:44:04,Tamil Nadu,Kerala,SBI,PNB,0,clean
72fede02-b820-49,UPI0001002364,j3bqrr87@okaxis,f8adb759-ff2,2zdlx1q8@oksbi,bc5d6484-72a,197504,2024-03-18T11:25:44,Gujarat,West Bengal,Axis,BOB,0,clean
43eedacd-640e-43,UPI0001002966,hyexf7jx@paytm,855c736c-1a1,sdygflij@okaxis,f4e28f71-353,142744,2024-03-18T07:38:00,Telangana,Telangana,SBI,Axis,0,clean
95c30edc-59c6-41,UPI0001003279,ge094d6r@axl,323f67af-ede,ceouuyla@paytm,c8d44d0a-2c5,67277,2024-03-17T01:11:02,West Bengal,West Bengal,HDFC,BOB,0,clean
7a3f9d99-81ff-4d,UPI0001002010,1ieixwc4@axl,078dcd14-8a1,eh5sw229@upi,988a62ef-895,76014,2024-03-15T17:58:11,Tamil Nadu,Telangana,Kotak,Axis,0,clean
f47d4d2a-91d2-42,UPI0001002674,ytwbozd1@ybl,9637a7ac-2e7,xaprpn6q@oksbi,fc297e6e-aa8,104644,2024-03-18T06:13:34,Tamil Nadu,Kerala,Kotak,Axis,0,clean
aa37168a-eeec-4a,UPI0001003241,mpkxvhag@paytm,0a090c2a-c48,sb4gf16y@ibl,b39346ac-8d2,55926,2024-03-18T06:53:21,Tamil Nadu,Telangana,SBI,HDFC,0,clean
3a6a05d3-55fd-4a,UPI0001004348,f6a4fejg@ybl,0ab1b956-6ec,hy8nbiqu@axl,294c42d1-181,172518,2024-03-17T13:32:18,West Bengal,Kerala,HDFC,PNB,0,clean
a662bfc0-9a4c-4e,UPI0001000106,2sds8b25@icici,bd9e7438-8f4,38diuovw@icici,83febe55-d55,83501,2024-03-16T02:58:16,Telangana,Karnataka,ICICI,Axis,0,clean
cddcfbdc-b4be-41,UPI0001004451,e1i1p0bq@ibl,3130fc81-4e9,239moft6@axl,0f7c79b6-edf,178598,2024-03-18T01:17:36,Tamil Nadu,Karnataka,Kotak,ICICI,0,clean
11f078ff-759a-46,UPI0001001920,vaj2k8xp@apl,90f01618-4ff,siwjm2c8@axl,76415f9b-a77,44374,2024-03-16T19:13:45,Karnataka,Tamil Nadu,BOB,Kotak,0,clean
e92528e9-dfeb-46,UPI0001004571,7dia5u6h@ibl,cc9a4f84-3ff,ifrml29q@ybl,7e962fc5-e68,45276,2024-03-16T13:36:20,Gujarat,Tamil Nadu,PNB,ICICI,0,clean
9f293ab6-4611-4f,UPI0001002845,xf5gzpl1@axl,2fa2cb90-de4,r94sz2ku@ybl,3c8e10be-1ce,134555,2024-03-16T10:33:39,West Bengal,Telangana,ICICI,Axis,0,clean
6dd863d5-5eac-4e,UPI0001000948,dje153a5@axl,ebe017d3-bb6,b6bndoz6@axl,13339c2c-6a6,92079,2024-03-17T09:24:54,Telangana,Karnataka,Axis,Kotak,0,clean
8fecc2c9-53e5-48,UPI0001001934,b7l8v1zo@ibl,60eb54ed-9d1,8gl2zxjm@upi,dc036929-eff,189553,2024-03-17T18:31:55,Gujarat,Maharashtra,ICICI,Axis,0,clean
12818298-8b9d-4d,UPI0001002518,iymenvg3@paytm,3151edf4-e43,rdihsa7h@oksbi,ecf41fd7-09b,103943,2024-03-16T03:33:33,Gujarat,Karnataka,ICICI,ICICI,0,clean
a82cad65-ccf3-43,UPI0001002160,89k8yqk9@axl,5e7722a1-6f3,u9n79gil@upi,388edc83-947,66601,2024-03-18T07:35:05,Telangana,Karnataka,SBI,Kotak,0,clean
a6957aba-f94a-43,UPI0001003230,jcitfoyq@ybl,56227fb1-a5a,1sdieqfb@apl,98401e57-609,63485,2024-03-17T16:12:51,Karnataka,Karnataka,HDFC,BOB,0,clean
f84394dd-f647-46,UPI0001004198,ybisbo55@paytm,0adcc0b2-719,zr1yxr2d@okaxis,c1059074-ebc,107227,2024-03-17T12:43:11,Kerala,Karnataka,ICICI,Axis,0,clean
71bee296-bcae-43,UPI0001003309,9yecazrp@oksbi,388259e0-08a,0ui22kx7@apl,0cb4a777-b67,80807,2024-03-18T03:35:52,Maharashtra,Karnataka,SBI,Axis,0,clean
bdd6e3d7-d73e-43,UPI0001001995,t0mq8abk@ybl,9638e7a0-a3a,q8ghgbcy@okaxis,d3047a7e-914,111783,2024-03-17T15:15:21,West Bengal,West Bengal,Kotak,BOB,0,clean
494cd70f-ec3c-43,UPI0001004267,o57p6bkl@ibl,a0f35ea4-53a,myzycwti@axl,40c797bc-53e,101119,2024-03-17T15:55:04,Tamil Nadu,Tamil Nadu,Kotak,Axis,0,clean
d68a2e5d-61bd-4f,UPI0001004323,fuu5f07b@axl,d7955ac1-ec5,2sds8b25@icici,bd9e7438-8f4,104930,2024-03-15T17:11:31,Telangana,Telangana,HDFC,ICICI,0,clean
0fcf537e-28fb-49,UPI0001004256,sc4e5hrd@apl,11c9ca6c-0cd,9rk7d30m@upi,c9d13a46-21b,73476,2024-03-15T12:45:55,Tamil Nadu,Maharashtra,PNB,Axis,0,clean
701a1428-0e7c-48,UPI0001001440,70e3p15a@okaxis,d87ecdc6-34f,xb94pdzp@ibl,1f77595a-0f7,114658,2024-03-17T00:16:59,Karnataka,Telangana,SBI,ICICI,0,clean
2f12f3b0-f856-45,UPI0001000260,j6txfo6v@paytm,8e5cd165-8cb,pd2tsxtv@upi,30954f8d-335,14832,2024-03-16T16:46:35,Kerala,Gujarat,HDFC,ICICI,0,clean
89bced3f-90a9-4f,UPI0001002924,nfnvuprt@oksbi,1afaa772-d85,fr91ipwh@upi,0e051c39-642,26603,2024-03-16T05:43:31,Karnataka,West Bengal,Kotak,SBI,0,clean
bac1345b-a133-42,UPI0001003686,9ku8s63e@apl,c9b6fdb8-698,tnqfll7v@ybl,e3cbc039-81c,154551,2024-03-16T19:26:24,Maharashtra,Gujarat,SBI,HDFC,0,clean
c5a5f4a8-6841-4c,UPI0001003032,hy8nbiqu@axl,294c42d1-181,0v2zp4ju@upi,32db899d-85a,94443,2024-03-17T19:29:50,Kerala,Telangana,PNB,HDFC,0,clean
48709590-755e-4d,UPI0001000528,xoq2vpgs@icici,3e35461b-eca,5a5piskf@oksbi,2c0c791b-29d,7308,2024-03-17T21:03:21,Karnataka,Telangana,BOB,ICICI,0,clean
114c8e6f-69a5-4e,UPI0001001677,2g05kbkv@upi,95960706-af3,ccprhvlz@upi,e917e480-79b,69405,2024-03-17T23:29:54,Telangana,Telangana,ICICI,Axis,0,clean
fad44fb5-e382-47,UPI0001003226,oieves6f@oksbi,4c26e044-3e8,b7l8v1zo@ibl,60eb54ed-9d1,120178,2024-03-17T05:18:56,West Bengal,Gujarat,ICICI,ICICI,0,clean
701aa8ea-f63c-4e,UPI0001001091,1ieixwc4@axl,078dcd14-8a1,7h23c42y@oksbi,dac36c42-184,64808,2024-03-15T19:43:42,Tamil Nadu,Telangana,Kotak,PNB,0,clean
65164890-d211-4e,UPI0001003092,likwe4bx@upi,9bb85d81-e50,ifrml29q@ybl,7e962fc5-e68,144766,2024-03-16T03:42:20,Telangana,Tamil Nadu,BOB,ICICI,0,clean
0c24e495-9465-44,UPI0001000113,70e3p15a@okaxis,d87ecdc6-34f,9t199dxj@ybl,95e891ca-aea,76476,2024-03-16T05:21:36,Karnataka,West Bengal,SBI,BOB,0,clean
1252c30e-21db-45,UPI0001004549,qvs8a0tp@axl,964a35db-404,ly4lyk83@icici,d20ed545-b8a,146730,2024-03-17T00:53:32,Telangana,Telangana,Kotak,SBI,0,clean
164a6610-2507-40,UPI0001000084,rkmby9ip@ybl,f5ed200a-714,6wpx2cyo@icici,8e6b6450-5a7,36782,2024-03-17T04:45:34,Maharashtra,West Bengal,HDFC,BOB,0,clean
9e5f9535-162f-46,UPI0001002627,hx2kbvsi@oksbi,ebee6395-f0f,ay64yfds@ibl,05351dc8-a9a,164019,2024-03-17T16:19:39,Tamil Nadu,Karnataka,PNB,ICICI,0,clean
a22952e2-d919-44,UPI0001001467,os6zle6k@okaxis,eafa0ae5-1d9,8qoagsus@upi,701c0d10-59a,37956,2024-03-17T18:05:28,Karnataka,Kerala,HDFC,SBI,0,clean
9b73bf8b-ec07-4c,UPI0001003307,kicjn2fo@upi,1c3c8bbe-fc6,ceouuyla@paytm,c8d44d0a-2c5,97477,2024-03-15T13:04:44,Kerala,West Bengal,SBI,BOB,0,clean
36348eb8-5f60-46,UPI0001003433,ch8jwwdx@oksbi,b6a72442-d1f,zzqy72wx@okaxis,5d610321-34c,156035,2024-03-17T05:02:26,West Bengal,Maharashtra,HDFC,Axis,0,clean
f5b61f80-a359-4b,UPI0001004510,hk2lslay@upi,ff015559-481,uu4ytn02@ibl,0dc94cab-d16,153717,2024-03-18T08:32:08,Gujarat,Karnataka,Axis,Kotak,0,clean
70a85f76-771f-4a,UPI0001004230,wtg1m8xf@ibl,34f68cde-274,5hcbbmhn@axl,d47e844a-967,43912,2024-03-17T16:05:11,Kerala,Karnataka,HDFC,Kotak,0,clean
ab98a5da-b9f6-46,UPI0001004597,c1l7dypm@upi,cee17028-635,1oxrwk8r@apl,0051a9ea-fd9,59912,2024-03-16T08:49:05,Karnataka,Karnataka,ICICI,ICICI,0,clean
c0f8179c-a06f-45,UPI0001003094,sc4e5hrd@apl,11c9ca6c-0cd,udojen0j@apl,f8265746-bc4,9640,2024-03-15T10:42:46,Tamil Nadu,West Bengal,PNB,BOB,0,clean
2ea86294-9f3c-43,UPI0001002895,4ivsolml@oksbi,3f8344dd-51d,erxdouad@paytm,3396a1f3-654,8490,2024-03-15T23:51:45,Telangana,Maharashtra,SBI,Kotak,0,clean
190c461a-f29a-49,UPI0001003846,14ve92mp@upi,3be433cf-adf,u7u6n7hv@okaxis,1c4fe2d7-dac,144297,2024-03-18T04:54:15,Gujarat,Tamil Nadu,SBI,SBI,0,clean
4f683ddf-90a6-44,UPI0001002989,5rtwiyki@ibl,58346645-d7d,ybisbo55@paytm,0adcc0b2-719,71506,2024-03-17T15:03:54,Gujarat,Kerala,Axis,ICICI,0,clean
b2109979-1a9f-4f,UPI0001002325,1g1r1dww@apl,2645ceb7-5d8,ch8jwwdx@oksbi,b6a72442-d1f,57897,2024-03-16T17:59:57,Karnataka,West Bengal,Axis,HDFC,0,clean
aed7e3ce-0e45-49,UPI0001004650,50e6mpsj@ibl,86246ac8-756,gq9cvah7@apl,9226d90b-2a1,25340,2024-03-18T03:42:03,West Bengal,Gujarat,Axis,Kotak,0,clean
dab0da37-be79-43,UPI0001004749,9jpnbzug@okaxis,0fd97e8e-b69,ixntm9tm@axl,2474cb36-956,196581,2024-03-15T20:26:39,Telangana,Gujarat,PNB,ICICI,0,clean
a50f0393-5e32-47,UPI0001003965,z6us7rp4@ibl,a8bc7367-673,nipar0zj@icici,1e76c35b-bdc,170573,2024-03-18T05:19:16,Karnataka,Telangana,Kotak,Kotak,0,clean
80a1d13a-2e00-4e,UPI0001000364,qzxebb9e@okaxis,8ebd5aae-250,5xlk8wru@ybl,4c2dd6a9-8c7,187433,2024-03-17T17:56:54,West Bengal,Karnataka,Kotak,SBI,0,clean
881098f8-7323-48,UPI0001002607,0me8f840@apl,d2acd40e-25c,2sds8b25@icici,bd9e7438-8f4,196149,2024-03-16T02:57:49,Maharashtra,Telangana,BOB,ICICI,0,clean
7136554f-1992-49,UPI0001001552,9t199dxj@ybl,95e891ca-aea,8qoagsus@upi,701c0d10-59a,88334,2024-03-18T06:53:07,West Bengal,Kerala,BOB,SBI,0,clean
24d5a44c-9b74-43,UPI0001002210,r6k2vmww@oksbi,e85bb9a0-574,j16dvtja@ybl,404bee3c-794,128865,2024-03-17T06:04:33,Gujarat,Karnataka,PNB,Kotak,0,clean
4fbeca20-5560-4e,UPI0001000943,5p5nvqeb@ibl,ba39ac93-7b7,jdm5fc79@upi,a083e671-4cd,141729,2024-03-18T07:01:34,Gujarat,Maharashtra,Axis,Kotak,0,clean
f8b00c17-2d39-4b,UPI0001003712,2qc6dr08@ibl,edc4c65a-097,jng7l4lr@ibl,01fe3c1a-6f8,88727,2024-03-15T12:26:52,West Bengal,Kerala,PNB,Axis,0,clean
847f6ab2-7734-43,UPI0001004404,79flv1xx@paytm,dff63398-c9e,rwzc4xl9@ibl,fa697d18-cd8,102301,2024-03-16T02:05:15,Kerala,Kerala,PNB,Kotak,0,clean
894fba31-4b86-4c,UPI0001002530,8ra484nl@paytm,bb2eba83-a1c,zr1yxr2d@okaxis,c1059074-ebc,22424,2024-03-17T03:40:48,Gujarat,Karnataka,Axis,Axis,0,clean
1edf8713-e0ae-49,UPI0001002375,ej31gymd@upi,213b8037-53d,o119xp9n@apl,84e5cbf1-b6a,141741,2024-03-17T20:32:18,Telangana,Maharashtra,HDFC,Axis,0,clean
96c86ac0-e13a-47,UPI0001001062,uplvqexu@okaxis,33e404df-c0a,4vssrura@upi,955c4234-bff,190898,2024-03-17T11:19:16,Karnataka,Gujarat,BOB,PNB,0,clean
1bd9bb0a-7afc-44,UPI0001004304,03o4gkww@paytm,a371a87c-ef1,j6txfo6v@paytm,8e5cd165-8cb,47512,2024-03-15T15:39:44,Gujarat,Kerala,PNB,HDFC,0,clean
e7d5e081-bd46-44,UPI0001000739,2sds8b25@icici,bd9e7438-8f4,o119xp9n@apl,84e5cbf1-b6a,23484,2024-03-16T00:35:21,Telangana,Maharashtra,ICICI,Axis,0,clean
fc0b79fb-b28f-42,UPI0001003447,vpw232ut@icici,10888114-863,jy62zeeq@upi,2197e198-4e7,93885,2024-03-18T06:15:38,Gujarat,Tamil Nadu,HDFC,SBI,0,clean
496cb115-bc2c-4c,UPI0001000768,o83rlkte@axl,d9bc569f-b59,4vssrura@upi,955c4234-bff,9411,2024-03-16T01:45:25,Kerala,Gujarat,BOB,PNB,0,clean
0e51d0a4-d9f5-49,UPI0001004320,5rtwiyki@ibl,58346645-d7d,dn5gjj8m@oksbi,daefad95-27b,193596,2024-03-15T22:50:57,Gujarat,Kerala,Axis,Axis,0,clean
24ec7d9d-7653-49,UPI0001000349,ga0x7zcg@ibl,15bb3739-991,a83ru7my@apl,88c32907-0d3,158848,2024-03-16T20:25:43,Karnataka,Karnataka,SBI,SBI,0,clean
7918949b-dbc7-46,UPI0001000155,2wbxanj4@upi,bfa5558d-959,kek4aegv@oksbi,6fca54c3-692,138296,2024-03-18T07:15:35,Karnataka,West Bengal,BOB,PNB,0,clean
5a1ca226-f784-42,UPI0001002794,0ubmc97c@axl,43852731-753,xie0rnuj@paytm,7c49cd93-294,18743,2024-03-18T05:43:51,Tamil Nadu,Maharashtra,SBI,PNB,0,clean
6284bbda-9244-45,UPI0001002262,p767j2dg@paytm,291be5ac-6df,v1v93kmk@icici,10199d03-28f,100493,2024-03-17T08:33:48,Maharashtra,Gujarat,Kotak,HDFC,0,clean
45be61aa-d24a-40,UPI0001001445,yv3lxchf@ybl,05438732-9d3,ga0x7zcg@ibl,15bb3739-991,189277,2024-03-16T03:40:33,Tamil Nadu,Karnataka,BOB,SBI,0,clean
065fec3b-2681-45,UPI0001004361,xyjoa21a@oksbi,27c58270-7c1,hkc856wp@axl,d4d7921f-c09,4810,2024-03-16T02:53:31,Karnataka,Kerala,PNB,SBI,0,clean
5da33a23-dfde-4f,UPI0001001070,kqxlm5q2@axl,96141255-6de,tk63n2qb@okaxis,b1b0f143-ca6,118695,2024-03-16T06:41:19,West Bengal,Maharashtra,BOB,ICICI,0,clean
5017d530-b346-4c,UPI0001003469,9bp4m18o@upi,2e0f0c6a-2ee,d6357oon@apl,5cbf8094-1fa,118059,2024-03-17T06:16:55,Gujarat,Telangana,SBI,SBI,0,clean
e37ede60-9bee-41,UPI0001001656,vaj2k8xp@apl,90f01618-4ff,0v2zp4ju@upi,32db899d-85a,13891,2024-03-17T03:20:40,Karnataka,Telangana,BOB,HDFC,0,clean
e1bf1241-4e31-43,UPI0001000118,5s4tl0th@okaxis,b194fbf8-08e,wpaytxw1@ybl,a9a1d8cd-197,51657,2024-03-18T05:44:50,Gujarat,Telangana,Kotak,PNB,0,clean
e5bf5a3c-07fe-4d,UPI0001002539,03o4gkww@paytm,a371a87c-ef1,0ubmc97c@axl,43852731-753,131943,2024-03-15T15:50:24,Gujarat,Tamil Nadu,PNB,SBI,0,clean
7bd6c7ff-8aab-4a,UPI0001004577,9rk7d30m@upi,c9d13a46-21b,a83ru7my@apl,88c32907-0d3,133957,2024-03-18T06:43:06,Maharashtra,Karnataka,Axis,SBI,0,clean
cedf9e4a-4fc7-42,UPI0001001275,961j88qe@apl,08348a0c-8d8,5e5iz31y@axl,9bc82871-9c1,125988,2024-03-16T02:12:04,Telangana,Maharashtra,Kotak,HDFC,0,clean
545c4bcf-320f-45,UPI0001001795,2lhgcsot@ibl,f3952d16-235,zbffzzdv@okaxis,7664c07f-020,123998,2024-03-16T16:12:28,Tamil Nadu,Maharashtra,ICICI,SBI,0,clean
82e9e1c3-dad6-49,UPI0001002488,v1v93kmk@icici,10199d03-28f,khzlm72j@ibl,d5592af3-889,3566,2024-03-17T14:37:17,Gujarat,West Bengal,HDFC,Kotak,0,clean
df6167eb-36d3-46,UPI0001000671,7y2lofn1@axl,075bde03-879,ceouuyla@paytm,c8d44d0a-2c5,151605,2024-03-17T20:10:12,Maharashtra,West Bengal,HDFC,BOB,0,clean
7da9ceaf-8fde-47,UPI0001001233,hyp9umyg@ibl,5327d76c-929,e9vifttd@ibl,afcf7781-db7,16733,2024-03-16T18:37:02,Maharashtra,Telangana,PNB,Axis,0,clean
cad7a188-a913-46,UPI0001003637,kicjn2fo@upi,1c3c8bbe-fc6,ng2igsb9@oksbi,b7684321-a5d,111108,2024-03-18T10:27:59,Kerala,Telangana,SBI,Kotak,0,clean
fc059664-3d16-47,UPI0001002710,9yecazrp@oksbi,388259e0-08a,12ii826g@axl,2a541c5a-adb,19571,2024-03-16T03:50:36,Maharashtra,Maharashtra,SBI,Axis,0,clean
a4ee5b84-2c34-42,UPI0001003528,ng2igsb9@oksbi,b7684321-a5d,xqkwqh5k@paytm,28070a63-70b,108113,2024-03-16T13:32:09,Telangana,Karnataka,Kotak,Axis,0,clean
9b7bcfa6-eac2-4e,UPI0001001420,8n7odkef@apl,91e08ce9-3ec,uflsehud@icici,168777e2-a06,184755,2024-03-18T07:02:15,Maharashtra,Karnataka,BOB,Axis,0,clean
212fa9eb-0f14-4e,UPI0001001884,ophgft4m@apl,403938ca-605,qhkswva9@upi,93e3cdef-acd,32031,2024-03-17T02:29:18,Telangana,Maharashtra,HDFC,Kotak,0,clean
e9b9b43b-da61-4d,UPI0001001306,v1v93kmk@icici,10199d03-28f,aacosym0@paytm,7cd0e4eb-ec5,94537,2024-03-18T00:10:54,Gujarat,Kerala,HDFC,HDFC,0,clean
3b8ee34a-0625-4a,UPI0001003970,myzycwti@axl,40c797bc-53e,hkc856wp@axl,d4d7921f-c09,28585,2024-03-17T17:08:51,Tamil Nadu,Kerala,Axis,SBI,0,clean
fc47aca1-06c6-4c,UPI0001004750,qvs8a0tp@axl,964a35db-404,pgb7r3oc@ybl,1ff47666-0e3,65104,2024-03-16T23:39:07,Telangana,Telangana,Kotak,HDFC,0,clean
540f0da6-6bde-44,UPI0001001588,ftu2gc5w@okaxis,5b67e48a-456,8bfqnpce@upi,96c75168-b52,196586,2024-03-18T05:53:19,Telangana,Telangana,Axis,Axis,0,clean
934b7ea4-1e7a-48,UPI0001001079,9rr7s20c@oksbi,5df013ac-e29,ng2igsb9@oksbi,b7684321-a5d,24609,2024-03-17T07:15:35,Maharashtra,Telangana,Kotak,Kotak,0,clean
b0c25de0-eef5-4f,UPI0001002233,urvqt3g8@ibl,7b0d2a9d-0f8,x7pwo6cm@upi,2500e1a0-89a,180520,2024-03-17T16:43:02,Gujarat,Karnataka,Kotak,ICICI,0,clean
9b8bcb4b-4d46-4d,UPI0001000430,cd81twhw@okaxis,215eaeac-210,vt997e4u@upi,6ffdcb98-a38,115864,2024-03-18T01:16:26,Kerala,Gujarat,BOB,Kotak,0,clean
316cdfaf-7558-46,UPI0001000715,wwnc21o0@upi,0d6872fa-a63,eyr8lnoe@upi,ae9b4688-14f,160619,2024-03-15T17:52:55,Kerala,Telangana,Axis,BOB,0,clean
bc4ec013-39ab-41,UPI0001000160,gyw6zbnz@axl,9552ed81-97b,0cdk36m8@paytm,e75380e3-936,80371,2024-03-15T14:17:52,Karnataka,Tamil Nadu,Kotak,HDFC,0,clean
72f6829b-1b02-45,UPI0001002035,jdm5fc79@upi,a083e671-4cd,9qm3p91i@upi,292ebd50-376,42001,2024-03-17T01:23:54,Maharashtra,West Bengal,Kotak,BOB,0,clean
87432bf8-af90-42,UPI0001002414,2sds8b25@icici,bd9e7438-8f4,erxdouad@paytm,3396a1f3-654,36091,2024-03-17T23:01:35,Telangana,Maharashtra,ICICI,Kotak,0,clean
f9d09ba8-9078-4d,UPI0001003427,bbrnu8c0@icici,94acc6b0-f97,hyp9umyg@ibl,5327d76c-929,77087,2024-03-16T14:49:45,Maharashtra,Maharashtra,BOB,PNB,0,clean
c639f8a1-06f2-49,UPI0001004459,bjlzy1uu@upi,382cfba4-cfb,7oxk8c1g@axl,46b23fe2-5eb,140397,2024-03-15T20:12:55,Telangana,Telangana,Kotak,Axis,0,clean
ae2da465-2912-4c,UPI0001000856,o119xp9n@apl,84e5cbf1-b6a,yv2stn7e@icici,659a844c-450,127883,2024-03-15T21:18:27,Maharashtra,Karnataka,Axis,Kotak,0,clean
a9f5158d-b837-40,UPI0001002344,x1gm32wp@okaxis,56954669-560,w83y0mah@ibl,9ca3624a-117,28690,2024-03-16T21:07:18,Kerala,Karnataka,HDFC,ICICI,0,clean
cb6d254c-5c4d-49,UPI0001002550,hl88kzru@okaxis,2eca5bfe-dc2,q1s05wnw@upi,8ed524ee-6d2,4954,2024-03-18T05:41:08,Gujarat,Maharashtra,ICICI,PNB,0,clean
2cb484fc-7fa7-40,UPI0001004319,3o1icns8@axl,d6c09182-2d4,aji0y6dp@ybl,db6e078e-7f2,90759,2024-03-17T07:04:47,Maharashtra,Tamil Nadu,Kotak,SBI,0,clean
89590d01-afe8-48,UPI0001002922,sb5iqnf7@ybl,ffdb076f-e40,0mqvindh@icici,d434bc72-c00,32030,2024-03-17T15:54:38,Gujarat,Karnataka,Kotak,PNB,0,clean
76d1e155-640b-46,UPI0001002376,i6yuj7yk@icici,f03c391e-8f7,u7u6n7hv@okaxis,1c4fe2d7-dac,107280,2024-03-15T19:00:53,Tamil Nadu,Tamil Nadu,Kotak,SBI,0,clean
329d7002-938d-42,UPI0001004770,wpaytxw1@ybl,a9a1d8cd-197,hv1xg1r1@axl,3f7eef17-fe8,31687,2024-03-17T06:48:56,Telangana,Maharashtra,PNB,PNB,0,clean
0745b760-6b85-45,UPI0001004698,wviac2e4@axl,ef581a18-a36,ge094d6r@axl,323f67af-ede,183468,2024-03-17T09:40:18,Kerala,West Bengal,PNB,HDFC,0,clean
648957b4-21c8-44,UPI0001003966,0lthy25m@oksbi,3c04574b-b03,n0jbzutr@oksbi,4a3fb95b-e6e,41536,2024-03-16T23:24:13,Kerala,Gujarat,ICICI,Kotak,0,clean
52a788c3-4cf7-47,UPI0001001380,gm25len6@axl,0b265512-1b8,cd81twhw@okaxis,215eaeac-210,23755,2024-03-18T05:24:46,Gujarat,Kerala,Axis,BOB,0,clean
449928e7-b084-4d,UPI0001004507,q57te8tv@axl,fbac67aa-dd8,e1i1p0bq@ibl,3130fc81-4e9,99496,2024-03-18T00:49:32,Telangana,Tamil Nadu,PNB,Kotak,0,clean
62b3fc28-3dd9-46,UPI0001003070,t0mq8abk@ybl,9638e7a0-a3a,znv0h0gq@ibl,2b7b25ce-4e9,149371,2024-03-17T17:07:33,West Bengal,Gujarat,Kotak,HDFC,0,clean
d4209853-f82e-4d,UPI0001003343,2lhgcsot@ibl,f3952d16-235,eaxylnfx@paytm,17fca863-f60,23265,2024-03-18T01:40:58,Tamil Nadu,Kerala,ICICI,ICICI,0,clean
eda9a069-c150-46,UPI0001003652,xf5gzpl1@axl,2fa2cb90-de4,n7s55j2o@icici,0c084f0a-36d,188491,2024-03-17T22:45:59,West Bengal,Karnataka,ICICI,ICICI,0,clean
91f5b9f5-6c30-4c,UPI0001001891,38diuovw@icici,83febe55-d55,7h23c42y@oksbi,dac36c42-184,15867,2024-03-18T00:21:53,Karnataka,Telangana,Axis,PNB,0,clean
b432c41a-e8c7-42,UPI0001004515,rq9nz612@okaxis,1b4f813a-e5e,kmy9x8sy@upi,3a2ea2b9-ebe,5103,2024-03-17T21:42:54,Karnataka,Gujarat,BOB,PNB,0,clean
3cfc2e98-c0bc-4a,UPI0001003672,c7d2kd1p@apl,044bb7dc-666,jfvyb6li@axl,93910c55-ea9,158015,2024-03-16T09:57:59,West Bengal,Karnataka,BOB,ICICI,0,clean
e098498d-0236-4c,UPI0001002841,n7s55j2o@icici,0c084f0a-36d,dtv25ao2@icici,9e8d1dde-c69,43230,2024-03-16T13:25:46,Karnataka,Tamil Nadu,ICICI,HDFC,0,clean
5e7b27be-83c0-49,UPI0001000981,rkmby9ip@ybl,f5ed200a-714,wtg1m8xf@ibl,34f68cde-274,6708,2024-03-17T11:00:37,Maharashtra,Kerala,HDFC,HDFC,0,clean
25fa3aa3-cd0a-4a,UPI0001001017,aiy4va13@ybl,143b620b-637,6xlpu0dk@apl,2966c875-264,112837,2024-03-17T06:18:19,Maharashtra,Tamil Nadu,BOB,HDFC,0,clean
adcd2f28-e508-45,UPI0001001880,6zpxvpbl@okaxis,aadb54c8-2d0,ildzmfb7@axl,9749e680-bdd,140803,2024-03-16T13:52:06,Kerala,Maharashtra,Axis,PNB,0,clean
e966b509-aad2-46,UPI0001004817,wpaytxw1@ybl,a9a1d8cd-197,rc6zs62y@oksbi,f17ab0c6-4a0,177220,2024-03-18T10:29:39,Telangana,Karnataka,PNB,SBI,0,clean
2d1da7a5-e2a7-4c,UPI0001000635,hx74d0gj@ybl,5db7e9f0-084,tahukwqv@axl,c57bb97d-993,14240,2024-03-15T10:33:49,Maharashtra,Tamil Nadu,BOB,BOB,0,clean
515a8121-621a-43,UPI0001000847,uflsehud@icici,168777e2-a06,pgb7r3oc@ybl,1ff47666-0e3,35543,2024-03-17T12:56:47,Karnataka,Telangana,Axis,HDFC,0,clean
09c87190-0f45-46,UPI0001000832,2wgxo05q@apl,c1eb9500-3af,vn1x2gdg@paytm,b8323e22-9c7,30183,2024-03-17T06:28:43,Karnataka,West Bengal,Axis,Axis,0,clean
05bd5e29-c28b-41,UPI0001002050,kmy9x8sy@upi,3a2ea2b9-ebe,5xqt4p50@apl,23c3bfdf-dc6,65799,2024-03-18T01:06:30,Gujarat,Kerala,PNB,ICICI,0,clean
97db76a0-4282-40,UPI0001003924,ulzfy981@icici,71106fca-bed,mb1l6314@ibl,d40c7f91-9fe,97773,2024-03-17T01:42:42,Kerala,Kerala,SBI,ICICI,0,clean
ba669010-c114-48,UPI0001001432,qxm0632c@paytm,fc67a622-d29,l3wxdrlc@upi,38c6e804-3e7,143522,2024-03-18T01:50:41,Tamil Nadu,Kerala,Kotak,ICICI,0,clean
345f271c-0ec2-46,UPI0001001396,kuuhclrr@ibl,9658742d-f26,ybisbo55@paytm,0adcc0b2-719,111963,2024-03-17T13:46:58,West Bengal,Kerala,Kotak,ICICI,0,clean
8e25a1c3-b1f2-45,UPI0001004216,0vm59m6m@okaxis,f9cbacae-054,l3zyt91q@oksbi,8cf20348-4b6,134882,2024-03-16T22:12:50,Telangana,Maharashtra,HDFC,SBI,0,clean
080ec157-e712-45,UPI0001001100,wovcxek4@apl,be18dda5-608,d145bm1e@apl,2174d2e7-76b,158161,2024-03-17T04:07:24,Karnataka,West Bengal,PNB,HDFC,0,clean
fc7d003e-b3f8-41,UPI0001002122,7rm6j8y6@axl,36890ab2-d16,rdihsa7h@oksbi,ecf41fd7-09b,53636,2024-03-16T20:31:42,Kerala,Karnataka,PNB,ICICI,0,clean
6f1c44e1-5704-4f,UPI0001004107,zfhomtzz@oksbi,a65a521d-a01,sb4gf16y@ibl,b39346ac-8d2,186779,2024-03-17T23:38:25,West Bengal,Telangana,Axis,HDFC,0,clean
deac4cdf-d3b8-4c,UPI0001001892,lfzkicwm@axl,de2ef3f1-ab7,q1rdxck3@icici,ca1e97cd-4e6,186002,2024-03-15T23:24:33,Kerala,Telangana,SBI,HDFC,0,clean
73c4013d-d118-4b,UPI0001001862,3o1icns8@axl,d6c09182-2d4,tuw6taq6@upi,409c06a8-91d,107229,2024-03-16T05:19:34,Maharashtra,Gujarat,Kotak,Axis,0,clean
c2f567c8-ad61-4d,UPI0001002320,siwjm2c8@axl,76415f9b-a77,53sflse4@ybl,35771e25-0a2,41289,2024-03-18T05:13:17,Tamil Nadu,Kerala,Kotak,HDFC,0,clean
01d6f4e0-aa65-44,UPI0001004632,rflqbmae@apl,a2a8bd54-d6e,9v20yar8@okaxis,d55a6885-690,128849,2024-03-16T02:54:13,Karnataka,Tamil Nadu,Kotak,PNB,0,clean
9edec2eb-2158-4f,UPI0001004748,ph6fe0mp@oksbi,a9ee26ae-49a,091c795r@upi,e21f0d08-204,109812,2024-03-16T01:55:58,Gujarat,Karnataka,HDFC,BOB,0,clean
787f26ed-01d5-49,UPI0001003642,d6357oon@apl,5cbf8094-1fa,3o0llj8y@axl,1c00950a-235,160142,2024-03-15T11:51:15,Telangana,Maharashtra,SBI,SBI,0,clean
362a09b1-7502-42,UPI0001000462,dtm4vxjj@ibl,52136084-c7a,aztkszp7@oksbi,bd9daf6b-41d,48068,2024-03-15T14:15:03,Tamil Nadu,Tamil Nadu,ICICI,SBI,0,clean
57db30a3-8ee3-41,UPI0001003685,xf7kzorq@axl,8a77df8c-2c4,fgzvrctl@icici,8e73c27c-e02,81867,2024-03-16T14:43:52,Tamil Nadu,Karnataka,Kotak,BOB,0,clean
55c5d104-f3c7-40,UPI0001000340,a3kkrzd5@oksbi,e9b226cc-92f,wsozctwj@paytm,06c76465-950,77958,2024-03-18T10:33:35,Maharashtra,Maharashtra,ICICI,SBI,0,clean
62581c87-a1af-46,UPI0001003234,tahukwqv@axl,c57bb97d-993,m2vajepe@ibl,242b4c68-da5,24311,2024-03-17T07:23:10,Tamil Nadu,Tamil Nadu,BOB,Axis,0,clean
962337b4-8825-42,UPI0001001789,rlf8a9ke@axl,0a10972f-813,7w7jp61l@oksbi,7f32ed98-3eb,64060,2024-03-17T13:20:10,Kerala,Gujarat,PNB,BOB,0,clean
6e97dc58-eb37-4e,UPI0001004144,zmuf8438@icici,62a8adae-998,uuxk0are@ibl,7992b6ba-0fd,110659,2024-03-15T14:57:54,Tamil Nadu,Telangana,ICICI,BOB,0,clean
1de13dff-e482-41,UPI0001002140,5p5nvqeb@ibl,ba39ac93-7b7,sdnai89y@icici,66c63394-70b,43675,2024-03-16T16:13:45,Gujarat,Telangana,Axis,HDFC,0,clean
3b8cc6ae-f8c7-4f,UPI0001001949,9i6uu13i@oksbi,8752282f-7ab,s43c5ba7@upi,6a3a3aa8-5af,11655,2024-03-17T20:56:45,Kerala,Karnataka,PNB,Kotak,0,clean
a466fdf3-37e3-48,UPI0001002165,5a5piskf@oksbi,2c0c791b-29d,2ei9212p@okaxis,bf8daac7-444,7901,2024-03-18T02:58:04,Telangana,Kerala,ICICI,SBI,0,clean
c8475126-076b-49,UPI0001000577,7h23c42y@oksbi,dac36c42-184,5ll1d9s9@okaxis,4e8e9973-82f,22105,2024-03-17T00:23:32,Telangana,Gujarat,PNB,PNB,0,clean
e81ae3af-4ba9-45,UPI0001004300,8gl2zxjm@upi,dc036929-eff,mx3y9rge@axl,10c50102-d01,126895,2024-03-17T03:24:25,Maharashtra,Kerala,Axis,SBI,0,clean
815139ef-8465-41,UPI0001004210,5a5piskf@oksbi,2c0c791b-29d,e1i1p0bq@ibl,3130fc81-4e9,62734,2024-03-17T03:49:43,Telangana,Tamil Nadu,ICICI,Kotak,0,clean
d9e59133-83e8-49,UPI0001000670,gm25len6@axl,0b265512-1b8,4vssrura@upi,955c4234-bff,111653,2024-03-16T09:08:15,Gujarat,Gujarat,Axis,PNB,0,clean
270b9cb6-fda6-4e,UPI0001002544,wtg1m8xf@ibl,34f68cde-274,61bw4a7f@axl,69e6f60e-2f1,99517,2024-03-18T10:37:15,Kerala,Maharashtra,HDFC,SBI,0,clean
901fc042-e37c-41,UPI0001000005,0t9nt3w5@okaxis,da315726-456,iiuc039t@oksbi,33371112-6be,501249,2024-03-15T10:32:47,Tamil Nadu,Rajasthan,PNB,HDFC,1,L0→L1
7a3be0c3-e42b-40,UPI0001000262,0mqvindh@icici,d434bc72-c00,dz4x1zhq@okaxis,d5b7dcd0-c5f,140723,2024-03-16T17:24:28,Karnataka,Telangana,PNB,Axis,0,clean
6fe1079f-a94d-47,UPI0001004413,7gu0env5@icici,f2e7fec2-ac8,tjlmz04x@okaxis,2bd5d145-db0,126082,2024-03-16T14:20:43,West Bengal,Kerala,Axis,Axis,0,clean
90a26fb1-3573-4f,UPI0001000619,jng7l4lr@ibl,01fe3c1a-6f8,n7s55j2o@icici,0c084f0a-36d,183488,2024-03-16T14:28:31,Kerala,Karnataka,Axis,ICICI,0,clean
328d6db8-b379-43,UPI0001004771,zzqy72wx@okaxis,5d610321-34c,ld4d6af5@oksbi,c6d92344-f08,186618,2024-03-16T16:35:58,Maharashtra,Kerala,Axis,SBI,0,clean
26e10c67-a792-49,UPI0001000612,pgb7r3oc@ybl,1ff47666-0e3,yc3rwqmm@icici,8b3a52b5-76e,24382,2024-03-16T23:11:56,Telangana,Tamil Nadu,HDFC,Kotak,0,clean
504d6383-86fe-48,UPI0001003212,14ve92mp@upi,3be433cf-adf,ivuzzpqk@ybl,1175d2fb-cc9,103425,2024-03-18T00:59:24,Gujarat,Tamil Nadu,SBI,BOB,0,clean
9c42d571-67d5-45,UPI0001000534,bjlzy1uu@upi,382cfba4-cfb,sb4gf16y@ibl,b39346ac-8d2,135012,2024-03-17T07:49:37,Telangana,Telangana,Kotak,HDFC,0,clean
002e1420-2238-49,UPI0001003243,ac6pe63l@ybl,fe6486c9-5e6,p7r1m264@ibl,61dacc37-3af,123824,2024-03-16T08:15:44,Tamil Nadu,Kerala,Axis,Axis,0,clean
c9889562-c3cf-48,UPI0001000695,hkc856wp@axl,d4d7921f-c09,t7txkdot@axl,b3d818db-f57,140275,2024-03-17T11:07:19,Kerala,Gujarat,SBI,HDFC,0,clean
047aebd9-acc5-48,UPI0001002391,yxtxmgtt@okaxis,7c6e58d5-652,d8wj0uun@apl,5a53f848-ec8,67895,2024-03-17T15:40:57,Tamil Nadu,Maharashtra,BOB,ICICI,0,clean
dd5c3d5e-9524-46,UPI0001004798,mcqbnkx9@ibl,8afc3470-686,uflsehud@icici,168777e2-a06,3952,2024-03-18T06:47:30,Tamil Nadu,Karnataka,Kotak,Axis,0,clean
563ad231-b842-47,UPI0001001975,s5nkb4eh@apl,7ed57be9-1ec,2lhgcsot@ibl,f3952d16-235,123594,2024-03-16T22:14:54,Karnataka,Tamil Nadu,Kotak,ICICI,0,clean
ea9b20d4-8bf9-44,UPI0001002760,sehe2atn@icici,d6c059ff-a09,dn5gjj8m@oksbi,daefad95-27b,45984,2024-03-17T09:09:56,Maharashtra,Kerala,HDFC,Axis,0,clean
4005b5c1-3b66-4a,UPI0001001912,811kerpe@icici,c1a2cc6d-cfd,zbffzzdv@okaxis,7664c07f-020,65032,2024-03-16T20:26:59,Maharashtra,Maharashtra,PNB,SBI,0,clean
781aac47-e145-4f,UPI0001000184,b9w4uov5@paytm,1dff960e-c72,uplvqexu@okaxis,33e404df-c0a,125195,2024-03-17T09:41:00,West Bengal,Karnataka,PNB,BOB,0,clean
8d91add2-07b8-46,UPI0001003587,xlez896d@apl,1f77ec31-a37,0t9nt3w5@okaxis,da315726-456,166910,2024-03-18T07:03:06,Telangana,Tamil Nadu,Kotak,PNB,0,clean
2a5f0e0c-9546-4d,UPI0001001209,1uu7zy6t@apl,d28e8866-080,so8w5038@okaxis,0a9225e3-208,115615,2024-03-16T01:57:09,Tamil Nadu,Karnataka,BOB,Axis,0,clean
e078b95a-5b98-4e,UPI0001004619,50e6mpsj@ibl,86246ac8-756,kek4aegv@oksbi,6fca54c3-692,20936,2024-03-15T10:38:20,West Bengal,West Bengal,Axis,PNB,0,clean
e9fc71cd-0e3a-4d,UPI0001002286,6zpxvpbl@okaxis,aadb54c8-2d0,3dd03uvu@upi,cf3db828-3cc,10046,2024-03-16T12:34:38,Kerala,Tamil Nadu,Axis,PNB,0,clean
a91dc630-e449-47,UPI0001000498,7oxk8c1g@axl,46b23fe2-5eb,hx2kbvsi@oksbi,ebee6395-f0f,159366,2024-03-16T12:30:12,Telangana,Tamil Nadu,Axis,PNB,0,clean
6ed5807b-5f72-4c,UPI0001002294,gu3obygh@oksbi,b3e30a41-88d,8qoagsus@upi,701c0d10-59a,122450,2024-03-17T10:26:13,Tamil Nadu,Kerala,ICICI,SBI,0,clean
ee3aa5ae-cd41-40,UPI0001000923,hx74d0gj@ybl,5db7e9f0-084,rwzc4xl9@ibl,fa697d18-cd8,126042,2024-03-16T05:45:03,Maharashtra,Kerala,BOB,Kotak,0,clean
c1953a6c-ec1d-4e,UPI0001000629,961j88qe@apl,08348a0c-8d8,7dia5u6h@ibl,cc9a4f84-3ff,46961,2024-03-16T23:37:34,Telangana,Gujarat,Kotak,PNB,0,clean
8bc19044-f6ed-40,UPI0001004286,1uu7zy6t@apl,d28e8866-080,vkyrmjlj@paytm,170acc6e-133,114474,2024-03-17T04:23:42,Tamil Nadu,Gujarat,BOB,HDFC,0,clean
27466bbd-d01a-47,UPI0001002581,961j88qe@apl,08348a0c-8d8,grf1hx6z@ibl,40f8aee9-d31,52566,2024-03-16T17:07:05,Telangana,Telangana,Kotak,SBI,0,clean
ec1880a5-48d0-4a,UPI0001003713,xaprpn6q@oksbi,fc297e6e-aa8,yc3rwqmm@icici,8b3a52b5-76e,162294,2024-03-16T08:23:06,Kerala,Tamil Nadu,Axis,Kotak,0,clean
5c72936b-b745-4a,UPI0001004523,0q0mftg6@ybl,1c02f161-954,q1s05wnw@upi,8ed524ee-6d2,168635,2024-03-18T05:25:25,Gujarat,Maharashtra,Kotak,PNB,0,clean
3b488c64-5ab3-4c,UPI0001004522,a3kkrzd5@oksbi,e9b226cc-92f,wusxlmt2@axl,cdd27bc1-dc1,190268,2024-03-16T03:23:38,Maharashtra,Gujarat,ICICI,ICICI,0,clean
6d866511-e21a-45,UPI0001001089,19qzpniq@oksbi,10d15b04-d6f,7gu0env5@icici,f2e7fec2-ac8,169608,2024-03-18T05:52:25,Tamil Nadu,West Bengal,ICICI,Axis,0,clean
83bac0bc-9940-48,UPI0001000180,7oxk8c1g@axl,46b23fe2-5eb,0ubmc97c@axl,43852731-753,146548,2024-03-15T15:35:20,Telangana,Tamil Nadu,Axis,SBI,0,clean
388d9919-7fd2-44,UPI0001002576,jng7l4lr@ibl,01fe3c1a-6f8,sehe2atn@icici,d6c059ff-a09,55271,2024-03-17T07:42:53,Kerala,Maharashtra,Axis,HDFC,0,clean
a6ca486b-b09c-42,UPI0001000442,g10ur5l8@ybl,d0c45167-d84,jtb9xxay@apl,893cdd77-540,119087,2024-03-17T06:20:24,Tamil Nadu,Gujarat,HDFC,Axis,0,clean
a90a7b97-5d10-48,UPI0001004245,myzycwti@axl,40c797bc-53e,r94sz2ku@ybl,3c8e10be-1ce,196158,2024-03-17T00:21:42,Tamil Nadu,Telangana,Axis,Axis,0,clean
0e486d5c-a845-47,UPI0001000726,19qzpniq@oksbi,10d15b04-d6f,961j88qe@apl,08348a0c-8d8,51638,2024-03-16T05:25:33,Tamil Nadu,Telangana,ICICI,Kotak,0,clean
b802ee79-4a88-4b,UPI0001002729,u8el5015@apl,c881ee60-b74,x9l8lpqw@paytm,879bbcd2-e77,34444,2024-03-17T03:03:36,Tamil Nadu,Kerala,Axis,Kotak,0,clean
3db39e08-b330-48,UPI0001003208,6kvpuc8d@okaxis,09e9b54f-d22,irym81cm@oksbi,4956140d-046,182808,2024-03-16T17:00:32,Telangana,Tamil Nadu,PNB,PNB,0,clean
2bde7045-ebca-42,UPI0001002070,2wbxanj4@upi,bfa5558d-959,7rm6j8y6@axl,36890ab2-d16,98811,2024-03-18T08:31:40,Karnataka,Kerala,BOB,PNB,0,clean
bb1c2a9b-eaee-4e,UPI0001000318,so8w5038@okaxis,0a9225e3-208,a83ru7my@apl,88c32907-0d3,178925,2024-03-16T01:55:23,Karnataka,Karnataka,Axis,SBI,0,clean
440abf78-a223-48,UPI0001001873,x0h3jujd@okaxis,58d8b5c6-ef9,la100qxm@ibl,b9b04561-3db,53087,2024-03-16T15:52:41,Telangana,Telangana,HDFC,BOB,0,clean
31282fdf-d636-41,UPI0001000357,xie0rnuj@paytm,7c49cd93-294,g25cfzfd@icici,ad809e95-47e,170532,2024-03-16T05:11:15,Maharashtra,Gujarat,PNB,BOB,0,clean
2c240305-2d39-41,UPI0001000864,qkojtpv6@upi,9097f736-c0b,w3zkwdee@paytm,0d7b14ce-3fb,107270,2024-03-18T05:49:44,Tamil Nadu,Telangana,Kotak,SBI,0,clean
51544e42-63b1-4b,UPI0001001095,xorzpgu2@okaxis,150b1c69-9d5,uflsehud@icici,168777e2-a06,158258,2024-03-16T14:03:13,Kerala,Karnataka,ICICI,Axis,0,clean
2d1d2836-30a2-43,UPI0001004301,0me8f840@apl,d2acd40e-25c,1n13jcat@upi,cb737bb3-638,14086,2024-03-18T02:01:31,Maharashtra,Maharashtra,BOB,HDFC,0,clean
e373308f-277b-4a,UPI0001002496,os6zle6k@okaxis,eafa0ae5-1d9,aji0y6dp@ybl,db6e078e-7f2,112463,2024-03-17T07:29:22,Karnataka,Tamil Nadu,HDFC,SBI,0,clean
3321eb9b-4711-4c,UPI0001004161,2qc6dr08@ibl,edc4c65a-097,2g05kbkv@upi,95960706-af3,46212,2024-03-15T21:55:46,West Bengal,Telangana,PNB,ICICI,0,clean
01ddea5d-1178-48,UPI0001002215,22555jxu@axl,db40ef7b-9eb,zei3zrrh@oksbi,8a34eeb1-73d,108382,2024-03-16T21:46:38,Kerala,Kerala,SBI,PNB,0,clean
c65364cc-ead1-4c,UPI0001001716,tkcd0rle@okaxis,ba81f20d-2be,sdnai89y@icici,66c63394-70b,53015,2024-03-17T08:27:56,Gujarat,Telangana,SBI,HDFC,0,clean
896981e3-93bc-42,UPI0001003708,ftu2gc5w@okaxis,5b67e48a-456,ildzmfb7@axl,9749e680-bdd,190847,2024-03-16T14:10:01,Telangana,Maharashtra,Axis,PNB,0,clean
9c696908-1167-4a,UPI0001000646,9rk7d30m@upi,c9d13a46-21b,6kvpuc8d@okaxis,09e9b54f-d22,18150,2024-03-16T13:56:19,Maharashtra,Telangana,Axis,PNB,0,clean
31cc0879-b594-47,UPI0001002537,fqjja26y@oksbi,51114166-54e,wr7mkgxu@paytm,f8967d89-388,39282,2024-03-18T08:00:18,Kerala,Kerala,SBI,SBI,0,clean
643deabf-fae0-41,UPI0001002043,zbffzzdv@okaxis,7664c07f-020,hxid4n1u@apl,5830f07f-146,139341,2024-03-16T22:51:46,Maharashtra,Kerala,SBI,BOB,0,clean
79df5816-39d1-42,UPI0001003219,6befflzm@icici,db593e75-f7b,hx74d0gj@ybl,5db7e9f0-084,87277,2024-03-15T22:34:00,Kerala,Maharashtra,ICICI,BOB,0,clean
6392abad-ce94-47,UPI0001001860,0w064w3u@okaxis,815a78a7-e61,wovcxek4@apl,be18dda5-608,81718,2024-03-18T07:14:43,Maharashtra,Karnataka,SBI,PNB,0,clean
6ac21fd1-13e6-41,UPI0001003523,d145bm1e@apl,2174d2e7-76b,s8q349dx@ybl,f92d00fe-76e,94529,2024-03-18T10:39:01,West Bengal,Telangana,HDFC,HDFC,0,clean
a438469f-ce62-42,UPI0001001016,p3jpxgh3@axl,c8b30791-50e,y4lmct64@oksbi,c2a29e5d-a8f,176043,2024-03-16T19:41:53,Gujarat,West Bengal,BOB,BOB,0,clean
355a8000-9acf-49,UPI0001004156,w6m7b5c8@paytm,6ac34a96-9d8,eyr8lnoe@upi,ae9b4688-14f,36365,2024-03-17T16:05:36,Gujarat,Telangana,PNB,BOB,0,clean
8f1391c2-17f9-44,UPI0001004756,9jpnbzug@okaxis,0fd97e8e-b69,nfnvuprt@oksbi,1afaa772-d85,15903,2024-03-15T20:50:50,Telangana,Karnataka,PNB,Kotak,0,clean
f6b3ab04-754e-48,UPI0001001176,04cdpqvl@oksbi,35f93717-d6d,w2lm349e@upi,52515f9c-046,173581,2024-03-15T10:33:16,Telangana,West Bengal,SBI,Kotak,0,clean
5aef0cb6-273d-44,UPI0001004733,reiyaz39@apl,75d4c470-c88,95g3v23g@icici,87088df9-723,144863,2024-03-16T14:43:21,Karnataka,Kerala,PNB,ICICI,0,clean
0da2e922-f2af-4c,UPI0001004726,adf7pchc@ybl,abb0956f-413,70e3p15a@okaxis,d87ecdc6-34f,90801,2024-03-17T13:43:58,Gujarat,Karnataka,PNB,SBI,0,clean
6426fd39-8fa4-44,UPI0001004391,e9vifttd@ibl,afcf7781-db7,dh0uyhnq@icici,ea03df36-47b,132612,2024-03-17T08:31:04,Telangana,Tamil Nadu,Axis,HDFC,0,clean
18a0110d-a68b-43,UPI0001000474,4vssrura@upi,955c4234-bff,qhkswva9@upi,93e3cdef-acd,111584,2024-03-18T09:58:02,Gujarat,Maharashtra,PNB,Kotak,0,clean
35fdf009-fd78-47,UPI0001001416,uswbkok3@axl,7f90cc04-8a6,8e9rivh6@icici,ab4ef148-113,85363,2024-03-17T17:02:47,Tamil Nadu,Karnataka,HDFC,ICICI,0,clean
99f1b888-0662-4c,UPI0001002865,dh0uyhnq@icici,ea03df36-47b,ad7x48wz@ibl,f694d29f-aad,92243,2024-03-17T11:23:50,Tamil Nadu,Tamil Nadu,HDFC,SBI,0,clean
1a8d23ce-eaf2-4b,UPI0001002084,cqse3tv1@oksbi,3efd782c-6ec,k12v2tg5@apl,3903da2e-a66,61491,2024-03-16T06:25:08,Gujarat,Telangana,Axis,Axis,0,clean
6cb163dd-f95b-4b,UPI0001002278,os6zle6k@okaxis,eafa0ae5-1d9,c2ihoy7d@paytm,e4f996dd-100,64932,2024-03-17T20:41:45,Karnataka,Tamil Nadu,HDFC,BOB,0,clean
afd77bd3-213e-44,UPI0001001471,y4lmct64@oksbi,c2a29e5d-a8f,c2htmqwy@icici,f56a4c57-7ae,147246,2024-03-16T10:54:23,West Bengal,West Bengal,BOB,BOB,0,clean
63b4f987-b9be-44,UPI0001000565,jtgq01te@ibl,f43f6c1a-19d,likwe4bx@upi,9bb85d81-e50,169601,2024-03-18T03:53:31,Tamil Nadu,Telangana,ICICI,BOB,0,clean
0b384648-4ad2-44,UPI0001000138,1yjfe8ud@icici,54c54ed4-726,ev361xsn@ybl,253a3b26-f4f,169526,2024-03-16T17:31:07,Maharashtra,Gujarat,ICICI,PNB,0,clean
c4e663ea-8086-4c,UPI0001004328,1zdfkblc@upi,58478899-90d,t0mq8abk@ybl,9638e7a0-a3a,141960,2024-03-15T14:13:13,Tamil Nadu,West Bengal,ICICI,Kotak,0,clean
6f9e933b-9b7e-4c,UPI0001001314,gn1w1ht7@axl,61e9276c-1e5,kek4aegv@oksbi,6fca54c3-692,187814,2024-03-16T19:46:01,Tamil Nadu,West Bengal,PNB,PNB,0,clean
cc9c5185-e095-44,UPI0001004449,1n0lh9p8@oksbi,3e215a9e-0c6,i04b7p47@ybl,a3267200-292,83091,2024-03-18T01:11:37,Tamil Nadu,Kerala,PNB,BOB,0,clean
9ec73991-692b-46,UPI0001004553,k7y6qxds@oksbi,368e12fa-90b,mcqbnkx9@ibl,8afc3470-686,4928,2024-03-17T23:55:05,Telangana,Tamil Nadu,BOB,Kotak,0,clean
9f203d67-1d74-4f,UPI0001003773,il8sa3id@upi,0ff28a1c-817,bikcidkw@upi,f7982aa6-df8,159108,2024-03-15T12:09:58,Gujarat,Tamil Nadu,SBI,HDFC,0,clean
b08743d4-f0b1-4b,UPI0001001200,aiy4va13@ybl,143b620b-637,adf7pchc@ybl,abb0956f-413,54256,2024-03-18T04:39:35,Maharashtra,Gujarat,BOB,PNB,0,clean
82decfe6-2cdf-4c,UPI0001002428,l3zyt91q@oksbi,8cf20348-4b6,uswbkok3@axl,7f90cc04-8a6,21383,2024-03-18T09:29:36,Maharashtra,Tamil Nadu,SBI,HDFC,0,clean
5571e74b-ed0a-49,UPI0001004414,17mgfxc0@ybl,cf96bd32-f7f,xie0rnuj@paytm,7c49cd93-294,148748,2024-03-17T13:48:16,Gujarat,Maharashtra,SBI,PNB,0,clean
510e1f77-447c-41,UPI0001000827,adf7pchc@ybl,abb0956f-413,xyjoa21a@oksbi,27c58270-7c1,197020,2024-03-17T06:45:47,Gujarat,Karnataka,PNB,PNB,0,clean
acf3aa61-35d0-40,UPI0001000755,q1rdxck3@icici,ca1e97cd-4e6,l3zyt91q@oksbi,8cf20348-4b6,42231,2024-03-15T13:05:25,Telangana,Maharashtra,HDFC,SBI,0,clean
44df2ab3-6b96-49,UPI0001002506,lzse99f7@oksbi,ce4481c5-154,0lthy25m@oksbi,3c04574b-b03,110693,2024-03-15T23:35:48,Karnataka,Kerala,ICICI,ICICI,0,clean
da261faa-2a00-43,UPI0001003465,ceouuyla@paytm,c8d44d0a-2c5,e9vifttd@ibl,afcf7781-db7,122610,2024-03-16T19:42:02,West Bengal,Telangana,BOB,Axis,0,clean
cb1beb41-8f3b-41,UPI0001003291,1yjfe8ud@icici,54c54ed4-726,c1l7dypm@upi,cee17028-635,186940,2024-03-15T21:12:38,Maharashtra,Karnataka,ICICI,ICICI,0,clean
ee3819a8-23b8-47,UPI0001001516,7h23c42y@oksbi,dac36c42-184,i4fqcoot@apl,69d84931-b15,43162,2024-03-17T22:04:11,Telangana,West Bengal,PNB,HDFC,0,clean
c75f6fd2-5f1c-42,UPI0001000032,f1t2tala@upi,f0016135-2e5,jckjltei@oksbi,d5663e35-245,115513,2024-03-15T10:33:28,Uttarakhand,Rajasthan,BOB,PNB,1,L1→L2
dfc083ba-71c6-48,UPI0001001257,9iy4x41d@apl,e541dc70-08b,urvqt3g8@ibl,7b0d2a9d-0f8,199033,2024-03-15T17:45:31,Karnataka,Gujarat,Axis,Kotak,0,clean
487a61e7-f2e0-46,UPI0001002554,z2t4h20r@ybl,d41e17b8-b9f,t6om1fb8@ibl,593dec67-5f5,169262,2024-03-16T09:05:30,Tamil Nadu,Gujarat,HDFC,ICICI,0,clean
042f87e5-e71f-49,UPI0001004183,xaprpn6q@oksbi,fc297e6e-aa8,p2fmr0tj@apl,e15d55b9-ba9,106550,2024-03-17T23:14:50,Kerala,Karnataka,Axis,Kotak,0,clean
6d0a2530-6d20-43,UPI0001004707,tjlmz04x@okaxis,2bd5d145-db0,ophgft4m@apl,403938ca-605,110167,2024-03-16T12:17:40,Kerala,Telangana,Axis,HDFC,0,clean
10ba899e-c56f-4b,UPI0001002011,qjqijc1y@ibl,55a726c6-908,0t9nt3w5@okaxis,da315726-456,21355,2024-03-16T08:42:16,Karnataka,Tamil Nadu,PNB,PNB,0,clean
61e32900-90fe-4f,UPI0001002387,0vm59m6m@okaxis,f9cbacae-054,96khub2r@icici,8faab40b-0cf,86637,2024-03-16T09:04:41,Telangana,Karnataka,HDFC,SBI,0,clean
3cfe6db1-d102-48,UPI0001004629,je2ab2rv@upi,8cc02af2-3b1,uswbkok3@axl,7f90cc04-8a6,92371,2024-03-15T18:59:19,West Bengal,Tamil Nadu,BOB,HDFC,0,clean
98080144-735f-42,UPI0001003401,pdtz91x7@oksbi,676d9892-38a,9yecazrp@oksbi,388259e0-08a,55027,2024-03-17T01:42:07,Gujarat,Maharashtra,SBI,SBI,0,clean
399ca550-1e3b-47,UPI0001001758,dn5gjj8m@oksbi,daefad95-27b,q1rdxck3@icici,ca1e97cd-4e6,79433,2024-03-17T05:15:29,Kerala,Telangana,Axis,HDFC,0,clean
1fe7e8b5-bef9-41,UPI0001001333,7rb1s9dw@ibl,fdf65419-e86,7w7jp61l@oksbi,7f32ed98-3eb,30755,2024-03-16T16:58:46,Tamil Nadu,Gujarat,PNB,BOB,0,clean
ffc4f101-85ba-45,UPI0001003227,oi0e0vgn@ybl,f2b82c08-c17,1g1r1dww@apl,2645ceb7-5d8,142852,2024-03-17T19:50:54,West Bengal,Karnataka,Axis,Axis,0,clean
f36d944a-4508-4d,UPI0001003982,2jwoclyt@upi,92c5bab8-7ba,sxlul6lg@paytm,0d49bdb5-2c0,118213,2024-03-18T01:51:51,Telangana,Tamil Nadu,PNB,Kotak,0,clean
ce572613-7312-4c,UPI0001004702,tk63n2qb@okaxis,b1b0f143-ca6,ezjsszwd@icici,4d45d924-039,151648,2024-03-18T09:26:21,Maharashtra,Telangana,ICICI,SBI,0,clean
9075ca88-dc8d-41,UPI0001003881,kns832ej@axl,1d7f27e2-928,q1s05wnw@upi,8ed524ee-6d2,166056,2024-03-17T03:52:36,West Bengal,Maharashtra,BOB,PNB,0,clean
29693f57-27a8-45,UPI0001002661,5p1v3zo7@icici,5ec1cb78-2d9,i7kq1uym@axl,bdef7217-228,13060,2024-03-15T18:54:33,Telangana,West Bengal,Kotak,BOB,0,clean
c0fb710c-b8cf-4f,UPI0001000945,8qqvaecw@okaxis,6ba34083-55e,vgox22in@okaxis,9d6a6b21-955,138635,2024-03-16T15:14:05,Maharashtra,Kerala,PNB,Axis,0,clean
c424b39b-3f4a-47,UPI0001001475,1n13jcat@upi,cb737bb3-638,961j88qe@apl,08348a0c-8d8,72072,2024-03-15T15:11:17,Maharashtra,Telangana,HDFC,Kotak,0,clean
294d9268-48d0-41,UPI0001003916,7dia5u6h@ibl,cc9a4f84-3ff,d8wj0uun@apl,5a53f848-ec8,186689,2024-03-18T02:19:12,Gujarat,Maharashtra,PNB,ICICI,0,clean
96c6dd63-c8b6-4c,UPI0001002263,ccprhvlz@upi,e917e480-79b,r6k2vmww@oksbi,e85bb9a0-574,185863,2024-03-16T06:35:39,Telangana,Gujarat,Axis,PNB,0,clean
2e6a15a3-b876-43,UPI0001002110,9rk7d30m@upi,c9d13a46-21b,sehe2atn@icici,d6c059ff-a09,169785,2024-03-16T10:57:47,Maharashtra,Maharashtra,Axis,HDFC,0,clean
2420783f-b0c7-46,UPI0001004317,5rtwiyki@ibl,58346645-d7d,2g05kbkv@upi,95960706-af3,92689,2024-03-17T11:42:16,Gujarat,Telangana,Axis,ICICI,0,clean
d1d0569d-12e0-40,UPI0001001046,n0jbzutr@oksbi,4a3fb95b-e6e,ch8jwwdx@oksbi,b6a72442-d1f,133554,2024-03-16T22:47:56,Gujarat,West Bengal,Kotak,HDFC,0,clean
15a0989d-bc20-41,UPI0001002337,yc3rwqmm@icici,8b3a52b5-76e,bikcidkw@upi,f7982aa6-df8,39833,2024-03-18T07:57:31,Tamil Nadu,Tamil Nadu,Kotak,HDFC,0,clean
8bd5655b-f684-41,UPI0001001326,ixntm9tm@axl,2474cb36-956,8gl2zxjm@upi,dc036929-eff,190884,2024-03-16T05:54:48,Gujarat,Maharashtra,ICICI,Axis,0,clean
5245a548-0fc3-44,UPI0001004358,ivrocvit@icici,40e259ef-b8c,hyexf7jx@paytm,855c736c-1a1,47634,2024-03-16T17:50:44,Telangana,Telangana,BOB,SBI,0,clean
5e0a4872-3581-43,UPI0001001316,oq2zdo74@ibl,c1cf6d05-d52,5rdoqivb@paytm,dfee9bf2-48b,92179,2024-03-15T23:34:32,West Bengal,Telangana,BOB,Axis,0,clean
2914c34c-d6a3-4d,UPI0001004741,oi0e0vgn@ybl,f2b82c08-c17,wr7mkgxu@paytm,f8967d89-388,181734,2024-03-16T19:35:46,West Bengal,Kerala,Axis,SBI,0,clean
0871d492-3b0d-47,UPI0001002072,1uu7zy6t@apl,d28e8866-080,ymk99jcj@apl,c716a5a8-fe4,199868,2024-03-15T15:11:18,Tamil Nadu,Maharashtra,BOB,BOB,0,clean
d9901549-bd89-4b,UPI0001002961,yv2stn7e@icici,659a844c-450,h8uzb7kr@oksbi,0dcc2242-7f7,160361,2024-03-17T10:54:34,Karnataka,Karnataka,Kotak,SBI,0,clean
a76d0a02-79d2-4a,UPI0001004729,9ku8s63e@apl,c9b6fdb8-698,c1l7dypm@upi,cee17028-635,150618,2024-03-16T20:02:54,Maharashtra,Karnataka,SBI,ICICI,0,clean
900394b6-b162-48,UPI0001000918,03o4gkww@paytm,a371a87c-ef1,2wbxanj4@upi,bfa5558d-959,169447,2024-03-15T15:38:15,Gujarat,Karnataka,PNB,BOB,0,clean
e7f6c62b-035c-4e,UPI0001000963,t6om1fb8@ibl,593dec67-5f5,mqg1ved3@ibl,9abe9954-38e,150463,2024-03-18T02:49:45,Gujarat,Tamil Nadu,ICICI,ICICI,0,clean
ac1109d1-75ab-4b,UPI0001002586,t9t11php@okaxis,cdc97255-ace,et8t63j3@axl,e4ac4b23-0d3,121535,2024-03-18T03:24:26,West Bengal,Karnataka,ICICI,BOB,0,clean
0ceb1c1c-7026-49,UPI0001003597,c2htmqwy@icici,f56a4c57-7ae,qjqijc1y@ibl,55a726c6-908,155997,2024-03-18T11:27:10,West Bengal,Karnataka,BOB,PNB,0,clean
ad89ba03-84b5-49,UPI0001004090,et8t63j3@axl,e4ac4b23-0d3,9tr74qge@oksbi,2dc01c43-46d,55519,2024-03-16T03:36:37,Karnataka,Telangana,BOB,PNB,0,clean
5919a708-c457-44,UPI0001003137,mqg1ved3@ibl,9abe9954-38e,iymenvg3@paytm,3151edf4-e43,160676,2024-03-17T04:26:46,Tamil Nadu,Gujarat,ICICI,ICICI,0,clean
47fcad4b-9862-42,UPI0001000873,1n13jcat@upi,cb737bb3-638,95g3v23g@icici,87088df9-723,145142,2024-03-16T02:51:23,Maharashtra,Kerala,HDFC,ICICI,0,clean
96ea00da-63c1-49,UPI0001003993,q57te8tv@axl,fbac67aa-dd8,ccprhvlz@upi,e917e480-79b,126631,2024-03-15T17:43:06,Telangana,Telangana,PNB,Axis,0,clean
8b4540c6-9139-4c,UPI0001002109,nfnvuprt@oksbi,1afaa772-d85,dn5gjj8m@oksbi,daefad95-27b,149426,2024-03-16T06:36:03,Karnataka,Kerala,Kotak,Axis,0,clean
b5a84b76-7966-4c,UPI0001001902,kqxlm5q2@axl,96141255-6de,jae58hux@oksbi,d23b9c8f-278,13071,2024-03-18T06:31:03,West Bengal,West Bengal,BOB,BOB,0,clean
eb8a296c-e52b-4c,UPI0001001612,0lthy25m@oksbi,3c04574b-b03,zr1yxr2d@okaxis,c1059074-ebc,54765,2024-03-17T21:59:15,Kerala,Karnataka,ICICI,Axis,0,clean
8f477c43-3d6a-49,UPI0001000917,eyr8lnoe@upi,ae9b4688-14f,rflqbmae@apl,a2a8bd54-d6e,5930,2024-03-16T01:22:00,Telangana,Karnataka,BOB,Kotak,0,clean
c1a8513d-b933-44,UPI0001004838,rkmby9ip@ybl,f5ed200a-714,ymk99jcj@apl,c716a5a8-fe4,131282,2024-03-16T09:50:51,Maharashtra,Maharashtra,HDFC,BOB,0,clean
f1d12b92-1dd8-4f,UPI0001004818,ch8jwwdx@oksbi,b6a72442-d1f,xaprpn6q@oksbi,fc297e6e-aa8,101563,2024-03-16T15:18:22,West Bengal,Kerala,HDFC,Axis,0,clean
fcc01c77-1584-45,UPI0001002701,yv3lxchf@ybl,05438732-9d3,xb94pdzp@ibl,1f77595a-0f7,119401,2024-03-18T00:14:03,Tamil Nadu,Telangana,BOB,ICICI,0,clean
6b9c98be-8643-4e,UPI0001001028,kjxjq5nv@axl,e4a54308-6a3,z6us7rp4@ibl,a8bc7367-673,49693,2024-03-17T16:14:34,Gujarat,Karnataka,Axis,Kotak,0,clean
b8d0841e-976e-45,UPI0001003487,je2ab2rv@upi,8cc02af2-3b1,j3bqrr87@okaxis,f8adb759-ff2,27131,2024-03-17T23:11:40,West Bengal,Gujarat,BOB,Axis,0,clean
1eb61b99-d67b-47,UPI0001003933,mqg1ved3@ibl,9abe9954-38e,9yecazrp@oksbi,388259e0-08a,124977,2024-03-16T00:45:06,Tamil Nadu,Maharashtra,ICICI,SBI,0,clean
1007062a-8b3f-47,UPI0001003750,38diuovw@icici,83febe55-d55,grf1hx6z@ibl,40f8aee9-d31,98359,2024-03-16T01:32:12,Karnataka,Telangana,Axis,SBI,0,clean
0437a65a-3e9e-4d,UPI0001000208,u9n79gil@upi,388edc83-947,0vm59m6m@okaxis,f9cbacae-054,41475,2024-03-18T02:33:25,Karnataka,Telangana,Kotak,HDFC,0,clean
efe71dba-f925-4d,UPI0001004476,04chsdin@okaxis,7193a5d0-081,jtgq01te@ibl,f43f6c1a-19d,51040,2024-03-18T07:45:00,Tamil Nadu,Tamil Nadu,Kotak,ICICI,0,clean
c639bfd9-4b78-48,UPI0001004524,tuw9ohtu@oksbi,16e55977-f2b,fvl03dut@paytm,4d39a635-f9c,72970,2024-03-16T00:06:26,West Bengal,Gujarat,ICICI,Kotak,0,clean
f9507ada-bb69-48,UPI0001000164,8n7odkef@apl,91e08ce9-3ec,ofas1ekt@axl,de630927-308,113548,2024-03-15T15:42:06,Maharashtra,Maharashtra,BOB,BOB,0,clean
b1f9312f-d6a8-49,UPI0001000643,y4lmct64@oksbi,c2a29e5d-a8f,w7kyhqin@upi,79bd47f7-d48,93974,2024-03-17T03:41:00,West Bengal,Telangana,BOB,Kotak,0,clean
80bdeaa6-8068-44,UPI0001001707,jcn9j3gc@okaxis,59d7c029-a96,nbhnal3g@ybl,b9a38cd2-91b,29947,2024-03-18T06:40:51,Tamil Nadu,Telangana,Kotak,PNB,0,clean
54075a68-f105-4c,UPI0001003156,jy62zeeq@upi,2197e198-4e7,uswbkok3@axl,7f90cc04-8a6,108536,2024-03-17T06:38:38,Tamil Nadu,Tamil Nadu,SBI,HDFC,0,clean
c6897e23-1621-46,UPI0001002037,8ra484nl@paytm,bb2eba83-a1c,6zpxvpbl@okaxis,aadb54c8-2d0,113970,2024-03-17T18:24:10,Gujarat,Kerala,Axis,Axis,0,clean
ac74f2b0-c368-4d,UPI0001002599,kicjn2fo@upi,1c3c8bbe-fc6,78imoe0s@okaxis,0248c411-18c,7414,2024-03-16T04:18:26,Kerala,Tamil Nadu,SBI,Axis,0,clean
d02cf393-5cec-48,UPI0001001162,52sq3b9s@apl,ec8fbf62-67f,cqse3tv1@oksbi,3efd782c-6ec,173349,2024-03-16T04:52:31,Gujarat,Gujarat,PNB,Axis,0,clean
608ca084-53a2-46,UPI0001001027,zbcgjc36@apl,a45a1f06-4cb,vn1x2gdg@paytm,b8323e22-9c7,152118,2024-03-15T22:32:13,Telangana,West Bengal,Axis,Axis,0,clean
6f841f6a-45ba-41,UPI0001001224,q1rdxck3@icici,ca1e97cd-4e6,7y2lofn1@axl,075bde03-879,103766,2024-03-15T19:28:53,Telangana,Maharashtra,HDFC,HDFC,0,clean
1b5cb41a-f7e3-47,UPI0001001567,pgb7r3oc@ybl,1ff47666-0e3,2jwoclyt@upi,92c5bab8-7ba,86113,2024-03-17T09:32:09,Telangana,Telangana,HDFC,PNB,0,clean
cc6da60b-4056-4b,UPI0001002758,xie0rnuj@paytm,7c49cd93-294,vpw232ut@icici,10888114-863,81130,2024-03-15T21:50:18,Maharashtra,Gujarat,PNB,HDFC,0,clean
cd3f2e09-bd27-4a,UPI0001004113,w7kyhqin@upi,79bd47f7-d48,xyjoa21a@oksbi,27c58270-7c1,48564,2024-03-17T08:16:50,Telangana,Karnataka,Kotak,PNB,0,clean
43e645b3-be4f-47,UPI0001004058,5xqt4p50@apl,23c3bfdf-dc6,9ltajw25@okaxis,2443c8c7-7e8,9039,2024-03-16T21:46:34,Kerala,West Bengal,ICICI,PNB,0,clean
78d6098a-bb5c-40,UPI0001004117,bfh024kw@paytm,4c7b95ce-541,1n13jcat@upi,cb737bb3-638,24260,2024-03-16T08:20:10,Gujarat,Maharashtra,PNB,HDFC,0,clean
5f16b504-c7dd-47,UPI0001004636,sb5iqnf7@ybl,ffdb076f-e40,zh13cd5g@upi,227ab300-e54,69367,2024-03-15T21:49:38,Gujarat,Tamil Nadu,Kotak,HDFC,0,clean
0ca83c0b-de37-47,UPI0001001688,eh5sw229@upi,988a62ef-895,kek4aegv@oksbi,6fca54c3-692,12558,2024-03-17T12:14:58,Telangana,West Bengal,Axis,PNB,0,clean
e32234f5-7a81-4a,UPI0001004565,hx2kbvsi@oksbi,ebee6395-f0f,rc6zs62y@oksbi,f17ab0c6-4a0,174236,2024-03-17T18:12:19,Tamil Nadu,Karnataka,PNB,SBI,0,clean
e3bd5c71-e9b9-41,UPI0001003616,td44k1j6@oksbi,e33499ff-738,9tr74qge@oksbi,2dc01c43-46d,140653,2024-03-16T18:52:33,Maharashtra,Telangana,BOB,PNB,0,clean
66c8a512-8b0b-42,UPI0001001543,tkcd0rle@okaxis,ba81f20d-2be,d6357oon@apl,5cbf8094-1fa,112097,2024-03-16T05:48:19,Gujarat,Telangana,SBI,SBI,0,clean
a32459f4-3e8c-43,UPI0001003578,nn8ztv05@ibl,b38f2bd8-1fb,9v20yar8@okaxis,d55a6885-690,114284,2024-03-18T08:49:49,Karnataka,Tamil Nadu,BOB,PNB,0,clean
719c7cd7-ec48-47,UPI0001004710,t7txkdot@axl,b3d818db-f57,7rb1s9dw@ibl,fdf65419-e86,113003,2024-03-16T18:12:36,Gujarat,Tamil Nadu,HDFC,PNB,0,clean
ec9c6c23-2151-4e,UPI0001000630,myr06nkw@oksbi,9b3bd143-106,9qm3p91i@upi,292ebd50-376,44659,2024-03-15T20:12:48,Maharashtra,West Bengal,BOB,BOB,0,clean
290796ec-4833-41,UPI0001001668,td44k1j6@oksbi,e33499ff-738,xf7kzorq@axl,8a77df8c-2c4,199844,2024-03-17T18:13:19,Maharashtra,Tamil Nadu,BOB,Kotak,0,clean
e8b229ac-897e-4e,UPI0001000502,qvs8a0tp@axl,964a35db-404,jtb9xxay@apl,893cdd77-540,46513,2024-03-15T19:07:08,Telangana,Gujarat,Kotak,Axis,0,clean
86f0b617-6dab-42,UPI0001002573,a83ru7my@apl,88c32907-0d3,jluujmiy@axl,77509db0-051,87414,2024-03-16T03:59:39,Karnataka,West Bengal,SBI,ICICI,0,clean
aae3d809-0898-45,UPI0001004805,ad7x48wz@ibl,f694d29f-aad,2ei9212p@okaxis,bf8daac7-444,116628,2024-03-16T04:40:49,Tamil Nadu,Kerala,SBI,SBI,0,clean
0456d20d-e49a-47,UPI0001004165,p767j2dg@paytm,291be5ac-6df,5x8a5fbu@apl,a870d6ed-72c,166985,2024-03-17T15:17:06,Maharashtra,West Bengal,Kotak,Kotak,0,clean
45076520-cd9c-4e,UPI0001003689,f6a4fejg@ybl,0ab1b956-6ec,zzqy72wx@okaxis,5d610321-34c,140030,2024-03-18T08:51:30,West Bengal,Maharashtra,HDFC,Axis,0,clean
8196d5e8-5bc2-41,UPI0001004709,nipar0zj@icici,1e76c35b-bdc,q1rdxck3@icici,ca1e97cd-4e6,75635,2024-03-17T15:05:21,Telangana,Telangana,Kotak,HDFC,0,clean
c10a0aa3-4074-4a,UPI0001004581,gm25len6@axl,0b265512-1b8,la100qxm@ibl,b9b04561-3db,140944,2024-03-17T18:37:20,Gujarat,Telangana,Axis,BOB,0,clean
7f30d665-5e9f-46,UPI0001001751,qvs8a0tp@axl,964a35db-404,kuuhclrr@ibl,9658742d-f26,167447,2024-03-15T10:49:30,Telangana,West Bengal,Kotak,Kotak,0,clean
bf22f3f0-68be-41,UPI0001004739,sdnai89y@icici,66c63394-70b,xivzk7a4@paytm,4fddfea1-8cf,126861,2024-03-16T13:13:17,Telangana,Maharashtra,HDFC,HDFC,0,clean
ee2cb3a7-bd3f-40,UPI0001002556,il8sa3id@upi,0ff28a1c-817,rlf8a9ke@axl,0a10972f-813,49700,2024-03-18T06:11:04,Gujarat,Kerala,SBI,PNB,0,clean
17f99d32-b5b4-46,UPI0001004062,pgb7r3oc@ybl,1ff47666-0e3,x9l8lpqw@paytm,879bbcd2-e77,98604,2024-03-17T04:52:54,Telangana,Kerala,HDFC,Kotak,0,clean
def3d26d-5a01-49,UPI0001002957,kns832ej@axl,1d7f27e2-928,0kgazu41@ybl,deda1626-f82,74979,2024-03-18T09:05:14,West Bengal,Maharashtra,BOB,HDFC,0,clean
cd66813f-6189-48,UPI0001003610,w7kyhqin@upi,79bd47f7-d48,w3zkwdee@paytm,0d7b14ce-3fb,77299,2024-03-18T06:31:16,Telangana,Telangana,Kotak,SBI,0,clean
ce8fab4d-dca0-48,UPI0001004508,jcn9j3gc@okaxis,59d7c029-a96,9xn4m41k@okaxis,cc2c3f3e-4c7,4212,2024-03-17T04:01:40,Tamil Nadu,Gujarat,Kotak,HDFC,0,clean
d3c2acc9-4c2f-4d,UPI0001004402,au9dkbpv@upi,60186fb8-833,p3jpxgh3@axl,c8b30791-50e,167544,2024-03-18T06:55:27,Tamil Nadu,Gujarat,PNB,BOB,0,clean
a3f1707c-6428-4b,UPI0001001685,aztkszp7@oksbi,bd9daf6b-41d,nbhnal3g@ybl,b9a38cd2-91b,147293,2024-03-16T12:21:13,Tamil Nadu,Telangana,SBI,PNB,0,clean
9c869995-3488-4e,UPI0001000533,1bcppvoh@icici,328ed257-23e,iwg0odwm@axl,b06871d7-817,12052,2024-03-15T17:38:19,Karnataka,Gujarat,SBI,PNB,0,clean
337f4fcd-6329-41,UPI0001000820,u8el5015@apl,c881ee60-b74,r6k2vmww@oksbi,e85bb9a0-574,166876,2024-03-15T20:34:46,Tamil Nadu,Gujarat,Axis,PNB,0,clean
ad4bdd4b-1173-49,UPI0001002491,ppohswq4@ybl,27cf6e96-b10,szjnvc7h@axl,e08eea9e-3fa,157346,2024-03-18T07:17:40,Tamil Nadu,Telangana,PNB,BOB,0,clean
6dd0ec4f-3872-45,UPI0001002578,dz4x1zhq@okaxis,d5b7dcd0-c5f,9ku8s63e@apl,c9b6fdb8-698,191459,2024-03-16T15:21:09,Telangana,Maharashtra,Axis,SBI,0,clean
24e52b16-4a3c-4e,UPI0001001007,9iy4x41d@apl,e541dc70-08b,xf7kzorq@axl,8a77df8c-2c4,83674,2024-03-17T06:08:31,Karnataka,Tamil Nadu,Axis,Kotak,0,clean
01844106-c0b2-4a,UPI0001001496,stn3cpud@axl,4a22d1fb-5bc,b7v1w4k2@icici,6a37d574-e6f,5771,2024-03-16T08:20:00,Tamil Nadu,Karnataka,Axis,ICICI,0,clean
2b6e6777-d096-4c,UPI0001001731,3o1icns8@axl,d6c09182-2d4,f6a4fejg@ybl,0ab1b956-6ec,120287,2024-03-15T12:30:24,Maharashtra,West Bengal,Kotak,HDFC,0,clean
2a2b566d-bce5-43,UPI0001001366,qhkswva9@upi,93e3cdef-acd,pd2tsxtv@upi,30954f8d-335,51652,2024-03-15T11:01:53,Maharashtra,Gujarat,Kotak,ICICI,0,clean
bfe4306f-fdfa-49,UPI0001001000,d9fkxzuu@axl,1433fde1-1dd,95g3v23g@icici,87088df9-723,11687,2024-03-15T18:17:50,Tamil Nadu,Kerala,PNB,ICICI,0,clean
08d3525f-5165-41,UPI0001003388,jdm5fc79@upi,a083e671-4cd,7h23c42y@oksbi,dac36c42-184,48960,2024-03-15T18:00:51,Maharashtra,Telangana,Kotak,PNB,0,clean
0fc99fa5-9b4e-40,UPI0001001078,j16dvtja@ybl,404bee3c-794,nipar0zj@icici,1e76c35b-bdc,33682,2024-03-16T20:47:30,Karnataka,Telangana,Kotak,Kotak,0,clean
422fe0e3-9ae9-46,UPI0001001189,8qoagsus@upi,701c0d10-59a,7h23c42y@oksbi,dac36c42-184,123282,2024-03-17T07:57:29,Kerala,Telangana,SBI,PNB,0,clean
13dd639b-d549-41,UPI0001003950,9bp4m18o@upi,2e0f0c6a-2ee,ymk99jcj@apl,c716a5a8-fe4,59924,2024-03-15T15:58:56,Gujarat,Maharashtra,SBI,BOB,0,clean
3d32ea66-dbed-40,UPI0001003649,i6yuj7yk@icici,f03c391e-8f7,dn5gjj8m@oksbi,daefad95-27b,91646,2024-03-16T13:36:10,Tamil Nadu,Kerala,Kotak,Axis,0,clean
d0bc0c87-924a-42,UPI0001001462,1bcppvoh@icici,328ed257-23e,rc6zs62y@oksbi,f17ab0c6-4a0,115761,2024-03-17T17:12:30,Karnataka,Karnataka,SBI,SBI,0,clean
55c743a9-c011-49,UPI0001004785,t9t11php@okaxis,cdc97255-ace,o83rlkte@axl,d9bc569f-b59,35435,2024-03-17T08:55:23,West Bengal,Kerala,ICICI,BOB,0,clean
01fbb8c3-0a5b-4e,UPI0001003549,wwnc21o0@upi,0d6872fa-a63,7rb1s9dw@ibl,fdf65419-e86,81972,2024-03-16T02:08:27,Kerala,Tamil Nadu,Axis,PNB,0,clean
1b07f420-df7c-46,UPI0001002238,bjlzy1uu@upi,382cfba4-cfb,hiuit7m1@axl,ac812895-0f0,58138,2024-03-16T08:21:52,Telangana,Karnataka,Kotak,PNB,0,clean
d8699974-5086-43,UPI0001000137,sdnai89y@icici,66c63394-70b,0lthy25m@oksbi,3c04574b-b03,75915,2024-03-17T15:41:31,Telangana,Kerala,HDFC,ICICI,0,clean
f6ad6d26-302c-4d,UPI0001004768,6zpxvpbl@okaxis,aadb54c8-2d0,hkc856wp@axl,d4d7921f-c09,161631,2024-03-16T01:12:24,Kerala,Kerala,Axis,SBI,0,clean
49270958-5b0a-4d,UPI0001003338,v1v93kmk@icici,10199d03-28f,08j3trp0@paytm,6434509b-398,40341,2024-03-18T00:24:43,Gujarat,Karnataka,HDFC,ICICI,0,clean
825da162-20d4-40,UPI0001000132,c2ihoy7d@paytm,e4f996dd-100,0cdk36m8@paytm,e75380e3-936,149375,2024-03-16T03:42:11,Tamil Nadu,Tamil Nadu,BOB,HDFC,0,clean
493523ad-cbb7-49,UPI0001003988,50e6mpsj@ibl,86246ac8-756,k12v2tg5@apl,3903da2e-a66,194000,2024-03-17T10:19:17,West Bengal,Telangana,Axis,Axis,0,clean
5b00148b-8020-43,UPI0001000243,xzamkygv@apl,32a05e88-18a,tnqfll7v@ybl,e3cbc039-81c,8139,2024-03-16T20:20:51,Telangana,Gujarat,BOB,HDFC,0,clean
64bdb4cb-ff80-48,UPI0001003749,cd81twhw@okaxis,215eaeac-210,mqg1ved3@ibl,9abe9954-38e,79041,2024-03-17T15:23:16,Kerala,Tamil Nadu,BOB,ICICI,0,clean
dfc5f56f-85ab-4a,UPI0001004667,myr06nkw@oksbi,9b3bd143-106,et8t63j3@axl,e4ac4b23-0d3,25623,2024-03-17T00:20:09,Maharashtra,Karnataka,BOB,BOB,0,clean
65958e5f-0e30-45,UPI0001004235,xivzk7a4@paytm,4fddfea1-8cf,vkyrmjlj@paytm,170acc6e-133,1072,2024-03-17T17:29:37,Maharashtra,Gujarat,HDFC,HDFC,0,clean
5ecf1343-85a4-45,UPI0001003728,9i6uu13i@oksbi,8752282f-7ab,hwy9hecg@axl,4c9f3ceb-6e3,187836,2024-03-17T21:43:25,Kerala,Telangana,PNB,SBI,0,clean
1adbf81f-bcba-4a,UPI0001002421,6zpxvpbl@okaxis,aadb54c8-2d0,hx74d0gj@ybl,5db7e9f0-084,194127,2024-03-17T00:56:01,Kerala,Maharashtra,Axis,BOB,0,clean
a4553d54-9ad7-48,UPI0001003886,89k8yqk9@axl,5e7722a1-6f3,zr1yxr2d@okaxis,c1059074-ebc,24022,2024-03-16T08:42:57,Telangana,Karnataka,SBI,Axis,0,clean
19d0d4f7-cb10-4b,UPI0001001220,52sq3b9s@apl,ec8fbf62-67f,k7y6qxds@oksbi,368e12fa-90b,132412,2024-03-16T12:52:57,Gujarat,Telangana,PNB,BOB,0,clean
2b0bbe50-0dae-47,UPI0001003286,jae58hux@oksbi,d23b9c8f-278,kicjn2fo@upi,1c3c8bbe-fc6,172085,2024-03-18T10:14:20,West Bengal,Kerala,BOB,SBI,0,clean
9604f48c-2a9c-4e,UPI0001002194,uswbkok3@axl,7f90cc04-8a6,rc6zs62y@oksbi,f17ab0c6-4a0,38616,2024-03-15T19:00:32,Tamil Nadu,Karnataka,HDFC,SBI,0,clean
c89f1162-79b1-41,UPI0001001823,jy62zeeq@upi,2197e198-4e7,ej31gymd@upi,213b8037-53d,170444,2024-03-17T04:17:25,Tamil Nadu,Telangana,SBI,HDFC,0,clean
01bfdef8-f6bf-4b,UPI0001001262,cjiwvhdk@apl,92a1d000-b37,04cdpqvl@oksbi,35f93717-d6d,125698,2024-03-17T01:20:54,West Bengal,Telangana,ICICI,SBI,0,clean
b4c862bf-3187-4a,UPI0001004737,hzn4kgeu@okaxis,10818e5f-69f,bjlzy1uu@upi,382cfba4-cfb,9383,2024-03-15T20:42:14,Telangana,Telangana,BOB,Kotak,0,clean
dd33cb58-e58e-48,UPI0001001452,c1l7dypm@upi,cee17028-635,b6bndoz6@axl,13339c2c-6a6,112216,2024-03-17T01:53:39,Karnataka,Karnataka,ICICI,Kotak,0,clean
87e05ad8-30f8-40,UPI0001001913,vt997e4u@upi,6ffdcb98-a38,so8w5038@okaxis,0a9225e3-208,150063,2024-03-17T01:43:56,Gujarat,Karnataka,Kotak,Axis,0,clean
3cbcfcb9-32d3-4c,UPI0001001725,h61iaoim@ybl,e6db924d-173,sb5iqnf7@ybl,ffdb076f-e40,105142,2024-03-16T11:43:49,West Bengal,Gujarat,ICICI,Kotak,0,clean
fa8f3374-88c3-4b,UPI0001001966,0kgazu41@ybl,deda1626-f82,lhlb50at@apl,0232feb6-0e5,160501,2024-03-18T06:17:40,Maharashtra,West Bengal,HDFC,ICICI,0,clean
f470e5a3-6f82-43,UPI0001000092,uswrgvz9@ybl,c0de6a5e-0b9,zb4ldims@paytm,37226f2a-c4f,23387,2024-03-15T20:55:57,Kerala,Gujarat,SBI,ICICI,0,clean
20ab3ad6-bd65-4a,UPI0001000615,nbhds26f@upi,6cb62eb2-7f2,0ui22kx7@apl,0cb4a777-b67,192715,2024-03-17T17:59:24,Tamil Nadu,Karnataka,Axis,Axis,0,clean
c4c66ab1-0ab4-4a,UPI0001001086,znv0h0gq@ibl,2b7b25ce-4e9,moge4qxx@ybl,686a9e6d-c61,159698,2024-03-17T11:57:12,Gujarat,Gujarat,HDFC,SBI,0,clean
364ed5fe-70e2-4b,UPI0001003737,b7l8v1zo@ibl,60eb54ed-9d1,k7y6qxds@oksbi,368e12fa-90b,101644,2024-03-17T10:45:37,Gujarat,Telangana,ICICI,BOB,0,clean
e9fbba5e-ff5b-40,UPI0001002159,i7kq1uym@axl,bdef7217-228,w3zkwdee@paytm,0d7b14ce-3fb,10637,2024-03-18T01:18:57,West Bengal,Telangana,BOB,SBI,0,clean
7afdb414-cbf5-4f,UPI0001001946,nbhds26f@upi,6cb62eb2-7f2,x9l8lpqw@paytm,879bbcd2-e77,119571,2024-03-18T07:26:23,Tamil Nadu,Kerala,Axis,Kotak,0,clean
370da4b4-4c46-45,UPI0001004753,hk2lslay@upi,ff015559-481,mcqbnkx9@ibl,8afc3470-686,16206,2024-03-16T12:50:12,Gujarat,Tamil Nadu,Axis,Kotak,0,clean
e071ae99-78d0-49,UPI0001001907,rw6tm2o0@icici,7b3b2f4a-e30,6befflzm@icici,db593e75-f7b,187254,2024-03-17T02:34:45,Karnataka,Kerala,ICICI,ICICI,0,clean
a18252e8-3976-40,UPI0001001594,5cozroou@oksbi,1731ed06-891,hwy9hecg@axl,4c9f3ceb-6e3,29501,2024-03-16T23:41:55,Kerala,Telangana,ICICI,SBI,0,clean
a5215155-958d-4c,UPI0001004466,8qqvaecw@okaxis,6ba34083-55e,c2ihoy7d@paytm,e4f996dd-100,196196,2024-03-18T03:14:31,Maharashtra,Tamil Nadu,PNB,BOB,0,clean
0b24dcb0-58b8-4c,UPI0001004164,ytwbozd1@ybl,9637a7ac-2e7,x4sn6sm5@axl,b28fc016-34a,112524,2024-03-15T16:49:31,Tamil Nadu,Kerala,Kotak,BOB,0,clean
63e35612-aa34-49,UPI0001002909,zfhomtzz@oksbi,a65a521d-a01,5p1v3zo7@icici,5ec1cb78-2d9,125019,2024-03-15T12:32:03,West Bengal,Telangana,Axis,Kotak,0,clean
21d6f9ec-3ed0-46,UPI0001002161,4vssrura@upi,955c4234-bff,8ra484nl@paytm,bb2eba83-a1c,188092,2024-03-15T22:59:24,Gujarat,Gujarat,PNB,Axis,0,clean
b1803ae5-263d-4e,UPI0001002176,93wxa73j@oksbi,dd8493a4-c29,myr06nkw@oksbi,9b3bd143-106,159151,2024-03-18T10:31:28,Kerala,Maharashtra,ICICI,BOB,0,clean
d5e8beff-8f50-4d,UPI0001002867,y4lmct64@oksbi,c2a29e5d-a8f,8qqvaecw@okaxis,6ba34083-55e,175337,2024-03-18T11:08:22,West Bengal,Maharashtra,BOB,PNB,0,clean
e6f082c7-a66c-45,UPI0001000779,vaj2k8xp@apl,90f01618-4ff,lq5v4ftq@paytm,15386809-9f2,139459,2024-03-18T00:34:33,Karnataka,Maharashtra,BOB,Kotak,0,clean
ba6f5e42-131c-45,UPI0001001450,n7s55j2o@icici,0c084f0a-36d,cjiwvhdk@apl,92a1d000-b37,167313,2024-03-18T10:26:14,Karnataka,West Bengal,ICICI,ICICI,0,clean
15560e97-5072-47,UPI0001000566,22555jxu@axl,db40ef7b-9eb,ac6pe63l@ybl,fe6486c9-5e6,47423,2024-03-17T04:15:23,Kerala,Tamil Nadu,SBI,Axis,0,clean
cddf5b59-8fec-4e,UPI0001001369,0ljch2vf@oksbi,cab331dd-0d9,70e3p15a@okaxis,d87ecdc6-34f,29234,2024-03-16T01:58:56,West Bengal,Karnataka,Axis,SBI,0,clean
d69a9ae1-3196-45,UPI0001002057,8n7odkef@apl,91e08ce9-3ec,0vm59m6m@okaxis,f9cbacae-054,38804,2024-03-16T20:50:31,Maharashtra,Telangana,BOB,HDFC,0,clean
f1689edb-7e52-4e,UPI0001004364,5ixva1nk@ybl,3f9ee135-4b0,qkojtpv6@upi,9097f736-c0b,103619,2024-03-16T16:32:25,Tamil Nadu,Tamil Nadu,ICICI,Kotak,0,clean
0f49ff6e-5f89-4f,UPI0001000980,lboriq8h@paytm,d1aedf8e-b07,myr06nkw@oksbi,9b3bd143-106,132510,2024-03-15T23:02:51,West Bengal,Maharashtra,HDFC,BOB,0,clean
1ef89bff-20e7-41,UPI0001001174,c8bbi4wi@axl,72e6b18a-a53,0ljch2vf@oksbi,cab331dd-0d9,11235,2024-03-16T13:48:52,Gujarat,West Bengal,PNB,Axis,0,clean
e0af1380-8537-48,UPI0001001116,d145bm1e@apl,2174d2e7-76b,urvqt3g8@ibl,7b0d2a9d-0f8,36613,2024-03-17T20:37:08,West Bengal,Gujarat,HDFC,Kotak,0,clean
d0b068be-7e39-4e,UPI0001001533,l3zyt91q@oksbi,8cf20348-4b6,2muljavb@paytm,42174022-e10,175726,2024-03-17T11:23:29,Maharashtra,Kerala,SBI,SBI,0,clean
1292b0ab-59d6-40,UPI0001002030,likwe4bx@upi,9bb85d81-e50,xorzpgu2@okaxis,150b1c69-9d5,110494,2024-03-15T14:25:08,Telangana,Kerala,BOB,ICICI,0,clean
0b0d4863-9624-44,UPI0001001085,h61iaoim@ybl,e6db924d-173,vt997e4u@upi,6ffdcb98-a38,156824,2024-03-16T21:22:20,West Bengal,Gujarat,ICICI,Kotak,0,clean
f06aaa14-e98a-47,UPI0001004445,lzse99f7@oksbi,ce4481c5-154,yv3lxchf@ybl,05438732-9d3,113143,2024-03-16T06:30:53,Karnataka,Tamil Nadu,ICICI,BOB,0,clean
ee4cf89f-116d-43,UPI0001002000,w7kyhqin@upi,79bd47f7-d48,z2sf6f7l@apl,f4ac893c-cd3,20007,2024-03-16T08:53:04,Telangana,Karnataka,Kotak,Kotak,0,clean
5cb8ba94-40ea-47,UPI0001002086,d8wj0uun@apl,5a53f848-ec8,9ku8s63e@apl,c9b6fdb8-698,5547,2024-03-18T04:18:18,Maharashtra,Maharashtra,ICICI,SBI,0,clean
9514d3a1-9e44-43,UPI0001000168,x2toowt9@apl,e738b31f-0c3,qvs8a0tp@axl,964a35db-404,54344,2024-03-16T11:41:42,Kerala,Telangana,SBI,Kotak,0,clean
c7abb17e-a9b5-4b,UPI0001004362,5ixva1nk@ybl,3f9ee135-4b0,1g1r1dww@apl,2645ceb7-5d8,118051,2024-03-15T10:43:58,Tamil Nadu,Karnataka,ICICI,Axis,0,clean
40919931-56bd-43,UPI0001004790,x0h3jujd@okaxis,58d8b5c6-ef9,pgb7r3oc@ybl,1ff47666-0e3,184114,2024-03-18T03:58:49,Telangana,Telangana,HDFC,HDFC,0,clean
b4f62164-2585-4f,UPI0001004157,38diuovw@icici,83febe55-d55,rq9nz612@okaxis,1b4f813a-e5e,180911,2024-03-17T21:41:12,Karnataka,Karnataka,Axis,BOB,0,clean
7ff74cca-8cdc-45,UPI0001001003,5p1v3zo7@icici,5ec1cb78-2d9,r6n92xf8@oksbi,05a7b3f0-2b3,58971,2024-03-17T12:25:29,Telangana,Gujarat,Kotak,Kotak,0,clean
56e850c0-b530-48,UPI0001001589,yxtxmgtt@okaxis,7c6e58d5-652,likwe4bx@upi,9bb85d81-e50,83163,2024-03-17T20:13:29,Tamil Nadu,Telangana,BOB,BOB,0,clean
4ea48c02-0dae-43,UPI0001000556,0w064w3u@okaxis,815a78a7-e61,d145bm1e@apl,2174d2e7-76b,138630,2024-03-17T18:26:45,Maharashtra,West Bengal,SBI,HDFC,0,clean
7278b249-c737-43,UPI0001001693,z2t4h20r@ybl,d41e17b8-b9f,rid3dnkn@oksbi,b8fa8960-47b,40286,2024-03-16T06:07:19,Tamil Nadu,Karnataka,HDFC,PNB,0,clean
aab85298-c8f4-4d,UPI0001004652,7dia5u6h@ibl,cc9a4f84-3ff,8ra484nl@paytm,bb2eba83-a1c,183138,2024-03-18T07:00:15,Gujarat,Gujarat,PNB,Axis,0,clean
f390e10e-5b1f-47,UPI0001001753,vkyrmjlj@paytm,170acc6e-133,dh0uyhnq@icici,ea03df36-47b,161354,2024-03-15T23:00:31,Gujarat,Tamil Nadu,HDFC,HDFC,0,clean
d9e59783-9702-4a,UPI0001001890,ouhtcs1k@ibl,7eebd174-73c,zrf5a7qy@icici,4b4c4d05-3db,129151,2024-03-16T11:20:25,Tamil Nadu,Gujarat,HDFC,PNB,0,clean
926f3214-4e08-42,UPI0001002662,gspk9p38@axl,b85df010-58f,1uu7zy6t@apl,d28e8866-080,170444,2024-03-16T21:35:18,West Bengal,Tamil Nadu,ICICI,BOB,0,clean
bab2a74d-ba9e-4c,UPI0001003668,o119xp9n@apl,84e5cbf1-b6a,p767j2dg@paytm,291be5ac-6df,158581,2024-03-16T12:32:21,Maharashtra,Maharashtra,Axis,Kotak,0,clean
2c9a7169-b784-4d,UPI0001004025,9jpnbzug@okaxis,0fd97e8e-b69,md270stl@apl,05beb72c-5c8,30389,2024-03-16T22:47:53,Telangana,West Bengal,PNB,Axis,0,clean
ab82194f-5dd8-48,UPI0001001234,p767j2dg@paytm,291be5ac-6df,7rb1s9dw@ibl,fdf65419-e86,19605,2024-03-17T19:18:23,Maharashtra,Tamil Nadu,Kotak,PNB,0,clean
afe281b7-fc8f-46,UPI0001004388,vt997e4u@upi,6ffdcb98-a38,zr1yxr2d@okaxis,c1059074-ebc,117847,2024-03-15T11:48:28,Gujarat,Karnataka,Kotak,Axis,0,clean
47a895d7-d190-47,UPI0001002691,d145bm1e@apl,2174d2e7-76b,2zdlx1q8@oksbi,bc5d6484-72a,49428,2024-03-15T19:30:53,West Bengal,West Bengal,HDFC,BOB,0,clean
8cb1d500-9281-43,UPI0001004047,oi0e0vgn@ybl,f2b82c08-c17,p2fmr0tj@apl,e15d55b9-ba9,113022,2024-03-15T17:38:53,West Bengal,Karnataka,Axis,Kotak,0,clean
a312a827-d492-49,UPI0001002659,jtgq01te@ibl,f43f6c1a-19d,mpkxvhag@paytm,0a090c2a-c48,53468,2024-03-15T19:35:42,Tamil Nadu,Tamil Nadu,ICICI,SBI,0,clean
78739316-4ad4-4a,UPI0001000195,l3wxdrlc@upi,38c6e804-3e7,jdm5fc79@upi,a083e671-4cd,61008,2024-03-16T03:31:06,Kerala,Maharashtra,ICICI,Kotak,0,clean
640bb97c-75ad-4e,UPI0001003308,lfzkicwm@axl,de2ef3f1-ab7,bikcidkw@upi,f7982aa6-df8,150626,2024-03-17T05:29:53,Kerala,Tamil Nadu,SBI,HDFC,0,clean
95cd4450-bdd7-4c,UPI0001004800,961j88qe@apl,08348a0c-8d8,stn3cpud@axl,4a22d1fb-5bc,156605,2024-03-17T00:32:00,Telangana,Tamil Nadu,Kotak,Axis,0,clean
9035b7ac-f62a-46,UPI0001003411,erxdouad@paytm,3396a1f3-654,d76szn9d@ibl,d020762f-d26,81636,2024-03-15T21:56:52,Maharashtra,Maharashtra,Kotak,Kotak,0,clean
1b0f6e25-0362-47,UPI0001001801,w6m7b5c8@paytm,6ac34a96-9d8,a3kkrzd5@oksbi,e9b226cc-92f,27513,2024-03-15T22:16:38,Gujarat,Maharashtra,PNB,ICICI,0,clean
b175850f-c892-4c,UPI0001001518,eaxylnfx@paytm,17fca863-f60,50e6mpsj@ibl,86246ac8-756,192115,2024-03-17T14:00:53,Kerala,West Bengal,ICICI,Axis,0,clean
46bccec5-3d8f-41,UPI0001003366,w7kyhqin@upi,79bd47f7-d48,wusxlmt2@axl,cdd27bc1-dc1,159733,2024-03-16T23:46:09,Telangana,Gujarat,Kotak,ICICI,0,clean
34523d53-826b-43,UPI0001003435,5cozroou@oksbi,1731ed06-891,i9kqdgbk@upi,feaf9f0b-cd9,175876,2024-03-18T07:11:49,Kerala,Gujarat,ICICI,Axis,0,clean
e4069d69-3ed7-4c,UPI0001000616,b6bndoz6@axl,13339c2c-6a6,q1rdxck3@icici,ca1e97cd-4e6,48588,2024-03-18T10:36:25,Karnataka,Telangana,Kotak,HDFC,0,clean
e1bc0f53-e864-44,UPI0001000294,khzlm72j@ibl,d5592af3-889,r6n92xf8@oksbi,05a7b3f0-2b3,25476,2024-03-18T09:33:03,West Bengal,Gujarat,Kotak,Kotak,0,clean
9200f4d4-d9dd-4b,UPI0001000429,iymenvg3@paytm,3151edf4-e43,22555jxu@axl,db40ef7b-9eb,103989,2024-03-16T20:07:31,Gujarat,Kerala,ICICI,SBI,0,clean
4c2076ec-8c46-4c,UPI0001003376,ccprhvlz@upi,e917e480-79b,52sq3b9s@apl,ec8fbf62-67f,147009,2024-03-17T02:19:07,Telangana,Gujarat,Axis,PNB,0,clean
9086d9fe-17e1-4f,UPI0001004059,ay64yfds@ibl,05351dc8-a9a,l3zyt91q@oksbi,8cf20348-4b6,9568,2024-03-16T14:41:57,Karnataka,Maharashtra,ICICI,SBI,0,clean
c21b7d8e-f5eb-48,UPI0001001546,gu3obygh@oksbi,b3e30a41-88d,9kkh4a3y@paytm,898ace33-3f3,22163,2024-03-17T07:13:46,Tamil Nadu,Karnataka,ICICI,Kotak,0,clean
6954de90-9aa8-49,UPI0001002347,x0h3jujd@okaxis,58d8b5c6-ef9,sqt26q3x@upi,730141f1-80f,169180,2024-03-18T03:36:31,Telangana,Kerala,HDFC,Kotak,0,clean
c970abb7-d8d8-4e,UPI0001001650,9v20yar8@okaxis,d55a6885-690,4vssrura@upi,955c4234-bff,67627,2024-03-16T10:14:59,Tamil Nadu,Gujarat,PNB,PNB,0,clean
6c9fe84f-a8d9-45,UPI0001003511,0mqvindh@icici,d434bc72-c00,k0ucc1m3@apl,18efcd83-447,68833,2024-03-17T11:24:12,Karnataka,Gujarat,PNB,BOB,0,clean
acd7d4a3-19e2-43,UPI0001002643,1bcppvoh@icici,328ed257-23e,8gl2zxjm@upi,dc036929-eff,147602,2024-03-15T13:23:52,Karnataka,Maharashtra,SBI,Axis,0,clean
dc824c36-8728-4e,UPI0001001152,f0onjpi1@paytm,f1306f21-cef,091c795r@upi,e21f0d08-204,3051,2024-03-17T08:00:37,Karnataka,Karnataka,ICICI,BOB,0,clean
95efce0a-578c-4d,UPI0001004038,ch8jwwdx@oksbi,b6a72442-d1f,091c795r@upi,e21f0d08-204,30156,2024-03-17T18:40:36,West Bengal,Karnataka,HDFC,BOB,0,clean
dd00bd3c-afa0-48,UPI0001001039,nn8ztv05@ibl,b38f2bd8-1fb,nmkza3oa@ybl,e74929a0-019,170795,2024-03-15T13:09:59,Karnataka,Karnataka,BOB,Kotak,0,clean
181a6ccf-b6c5-43,UPI0001002504,e9vifttd@ibl,afcf7781-db7,a5xin9dl@icici,ad258476-426,42198,2024-03-17T22:54:00,Telangana,Tamil Nadu,Axis,SBI,0,clean
ed92f7e6-1e0e-40,UPI0001004611,6wpx2cyo@icici,8e6b6450-5a7,eaxylnfx@paytm,17fca863-f60,128125,2024-03-17T19:48:01,West Bengal,Kerala,BOB,ICICI,0,clean
528ed855-bfdb-41,UPI0001000795,x0h3jujd@okaxis,58d8b5c6-ef9,nfnvuprt@oksbi,1afaa772-d85,170833,2024-03-16T06:55:29,Telangana,Karnataka,HDFC,Kotak,0,clean
131cb41e-af50-4c,UPI0001000211,stn3cpud@axl,4a22d1fb-5bc,jcitfoyq@ybl,56227fb1-a5a,34106,2024-03-17T08:52:51,Tamil Nadu,Karnataka,Axis,HDFC,0,clean
050182a7-9993-44,UPI0001000600,f5gcl9lc@axl,07d8fa8c-cff,kns832ej@axl,1d7f27e2-928,8904,2024-03-18T00:31:11,Telangana,West Bengal,ICICI,BOB,0,clean
e9943542-b9ed-43,UPI0001001699,qfwwxr5r@ibl,26cdf408-d84,1oxrwk8r@apl,0051a9ea-fd9,121296,2024-03-17T08:51:12,Maharashtra,Karnataka,ICICI,ICICI,0,clean
939a2a0c-f231-4b,UPI0001001341,mix7ib5n@ibl,4590ba2b-076,0v2zp4ju@upi,32db899d-85a,52431,2024-03-16T10:26:29,Gujarat,Telangana,Axis,HDFC,0,clean
280084a7-b617-45,UPI0001001586,x4sn6sm5@axl,b28fc016-34a,t9t11php@okaxis,cdc97255-ace,67528,2024-03-17T13:32:42,Kerala,West Bengal,BOB,ICICI,0,clean
687ce314-00f9-4a,UPI0001000885,sc4e5hrd@apl,11c9ca6c-0cd,xaprpn6q@oksbi,fc297e6e-aa8,44261,2024-03-16T22:14:08,Tamil Nadu,Kerala,PNB,Axis,0,clean
3f61bda6-b404-41,UPI0001000199,jfvyb6li@axl,93910c55-ea9,ifrml29q@ybl,7e962fc5-e68,129524,2024-03-17T21:42:18,Karnataka,Tamil Nadu,ICICI,ICICI,0,clean
43935fd8-88e7-46,UPI0001001944,7rb1s9dw@ibl,fdf65419-e86,5xqt4p50@apl,23c3bfdf-dc6,179513,2024-03-18T01:09:16,Tamil Nadu,Kerala,PNB,ICICI,0,clean
8fcec027-a1b7-47,UPI0001001540,t7txkdot@axl,b3d818db-f57,x1gm32wp@okaxis,56954669-560,917,2024-03-17T13:28:04,Gujarat,Kerala,HDFC,HDFC,0,clean
a928fed9-1453-48,UPI0001002147,2zdlx1q8@oksbi,bc5d6484-72a,tqlgzui1@ybl,109f1976-af5,182673,2024-03-17T01:45:48,West Bengal,West Bengal,BOB,ICICI,0,clean
ed5bf97b-0f1e-48,UPI0001001434,uswbkok3@axl,7f90cc04-8a6,jae58hux@oksbi,d23b9c8f-278,192669,2024-03-15T21:28:06,Tamil Nadu,West Bengal,HDFC,BOB,0,clean
4805d10e-f262-4c,UPI0001001882,rw6tm2o0@icici,7b3b2f4a-e30,60plozjc@upi,d72284a1-243,185670,2024-03-16T09:02:09,Karnataka,West Bengal,ICICI,SBI,0,clean
d2436e20-014f-46,UPI0001004601,8bfqnpce@upi,96c75168-b52,9i6uu13i@oksbi,8752282f-7ab,76950,2024-03-17T12:24:30,Telangana,Kerala,Axis,PNB,0,clean
5191d8bd-7d23-4f,UPI0001000603,9rk7d30m@upi,c9d13a46-21b,22555jxu@axl,db40ef7b-9eb,3395,2024-03-16T07:50:55,Maharashtra,Kerala,Axis,SBI,0,clean
70beb174-b9cf-43,UPI0001001510,t6om1fb8@ibl,593dec67-5f5,5cozroou@oksbi,1731ed06-891,123101,2024-03-16T19:32:59,Gujarat,Kerala,ICICI,ICICI,0,clean
d956d527-9bd7-43,UPI0001004228,5xlk8wru@ybl,4c2dd6a9-8c7,vkyrmjlj@paytm,170acc6e-133,8743,2024-03-18T05:10:57,Karnataka,Gujarat,SBI,HDFC,0,clean
e64f7f11-c3e8-4f,UPI0001002380,nmeoq4yr@apl,3730892d-042,1zxyvgiu@okaxis,855b24d8-016,103997,2024-03-16T19:30:33,Tamil Nadu,Gujarat,PNB,ICICI,0,clean
e5311d53-d3f2-4c,UPI0001000006,bikcidkw@upi,f7982aa6-df8,9xuy41ib@upi,8a87cb9e-052,542518,2024-03-15T10:32:59,Tamil Nadu,Rajasthan,HDFC,Axis,1,L0→L1
c588e56c-332b-43,UPI0001003554,su9rn8qt@icici,7a8c6645-05a,4j3dab42@okaxis,528a0fca-b7e,57374,2024-03-16T00:48:46,Karnataka,Karnataka,ICICI,BOB,0,clean
121c279d-baed-4e,UPI0001004344,5rtwiyki@ibl,58346645-d7d,6xlpu0dk@apl,2966c875-264,52848,2024-03-16T05:21:24,Gujarat,Tamil Nadu,Axis,HDFC,0,clean
e2842b45-95fd-4a,UPI0001001365,wusxlmt2@axl,cdd27bc1-dc1,al8m1g9f@paytm,f6b9e535-824,7669,2024-03-15T16:27:34,Gujarat,Maharashtra,ICICI,BOB,0,clean
ea8eb531-b4cf-48,UPI0001002648,i04b7p47@ybl,a3267200-292,6xlpu0dk@apl,2966c875-264,144840,2024-03-17T11:06:24,Kerala,Tamil Nadu,BOB,HDFC,0,clean
7bccd10d-f80d-47,UPI0001002455,eyr8lnoe@upi,ae9b4688-14f,q1rdxck3@icici,ca1e97cd-4e6,136517,2024-03-16T21:58:42,Telangana,Telangana,BOB,HDFC,0,clean
bef19835-e5e3-46,UPI0001003438,p7r1m264@ibl,61dacc37-3af,gyw6zbnz@axl,9552ed81-97b,30684,2024-03-18T00:18:02,Kerala,Karnataka,Axis,Kotak,0,clean
f5b25e1c-c1a2-4c,UPI0001000325,gspk9p38@axl,b85df010-58f,x7pwo6cm@upi,2500e1a0-89a,19039,2024-03-18T09:08:24,West Bengal,Karnataka,ICICI,ICICI,0,clean
f68b4a40-93e0-46,UPI0001002776,rc6zs62y@oksbi,f17ab0c6-4a0,uu4ytn02@ibl,0dc94cab-d16,194696,2024-03-16T22:04:40,Karnataka,Karnataka,SBI,Kotak,0,clean
95c0ed94-7ca2-48,UPI0001004514,b6bndoz6@axl,13339c2c-6a6,webnvg5v@upi,e2bf96c9-371,157908,2024-03-16T03:51:33,Karnataka,Telangana,Kotak,ICICI,0,clean
61612bc6-9c76-4c,UPI0001000077,p7r1m264@ibl,61dacc37-3af,i6yuj7yk@icici,f03c391e-8f7,139677,2024-03-15T14:48:27,Kerala,Tamil Nadu,Axis,Kotak,0,clean
93a20f04-c2e6-40,UPI0001000904,irym81cm@oksbi,4956140d-046,xoq2vpgs@icici,3e35461b-eca,153398,2024-03-16T00:16:47,Tamil Nadu,Karnataka,PNB,BOB,0,clean
237d22da-4a1c-41,UPI0001001436,1n13jcat@upi,cb737bb3-638,ppsfnkom@ybl,ac7006a0-31d,136798,2024-03-16T01:40:12,Maharashtra,Gujarat,HDFC,BOB,0,clean
c44cd3b7-9c6d-4b,UPI0001002097,6wpx2cyo@icici,8e6b6450-5a7,ezqacj4t@icici,8eb3737e-59f,30041,2024-03-15T15:54:51,West Bengal,West Bengal,BOB,Axis,0,clean
95f517f5-c83f-4d,UPI0001001323,b6bndoz6@axl,13339c2c-6a6,stn3cpud@axl,4a22d1fb-5bc,7193,2024-03-16T00:08:13,Karnataka,Tamil Nadu,Kotak,Axis,0,clean
eb74bd5c-7703-4b,UPI0001000802,0mqvindh@icici,d434bc72-c00,ej31gymd@upi,213b8037-53d,107135,2024-03-15T18:51:40,Karnataka,Telangana,PNB,HDFC,0,clean
8e840de4-e658-46,UPI0001003701,lboriq8h@paytm,d1aedf8e-b07,j6txfo6v@paytm,8e5cd165-8cb,165965,2024-03-15T20:22:08,West Bengal,Kerala,HDFC,HDFC,0,clean
40f31c3b-f197-43,UPI0001000212,myr06nkw@oksbi,9b3bd143-106,nmby49e7@ibl,68a8ef6f-279,7551,2024-03-17T05:54:06,Maharashtra,Kerala,BOB,Axis,0,clean
a5e5dbbc-977e-42,UPI0001004425,bikcidkw@upi,f7982aa6-df8,pd2tsxtv@upi,30954f8d-335,176835,2024-03-17T23:51:52,Tamil Nadu,Gujarat,HDFC,ICICI,0,clean
88ca03dd-fa6f-40,UPI0001003874,hk2lslay@upi,ff015559-481,a04ux5qr@upi,8029a269-faa,130754,2024-03-16T20:14:20,Gujarat,West Bengal,Axis,Kotak,0,clean
0c38f41d-d62b-49,UPI0001001177,1bcppvoh@icici,328ed257-23e,cjiwvhdk@apl,92a1d000-b37,74756,2024-03-18T03:12:49,Karnataka,West Bengal,SBI,ICICI,0,clean
8f0b4f06-c568-46,UPI0001002672,n14eb875@paytm,d2688e7f-3c2,9t199dxj@ybl,95e891ca-aea,101287,2024-03-15T16:40:36,Gujarat,West Bengal,SBI,BOB,0,clean
9b14705f-676b-49,UPI0001001021,0lthy25m@oksbi,3c04574b-b03,nqdxamw2@icici,0ec40a2e-3f7,52551,2024-03-15T20:16:42,Kerala,Gujarat,ICICI,Kotak,0,clean
8ef111c7-a565-4b,UPI0001002454,5x8a5fbu@apl,a870d6ed-72c,q1s05wnw@upi,8ed524ee-6d2,32807,2024-03-17T09:50:26,West Bengal,Maharashtra,Kotak,PNB,0,clean
c7eafe38-8eff-42,UPI0001004376,82kb700u@ybl,dcd27afa-05a,2zbppfo5@upi,c3f5b069-37e,77904,2024-03-17T03:46:51,Maharashtra,Maharashtra,PNB,Kotak,0,clean
86a87d24-a672-46,UPI0001002106,ceouuyla@paytm,c8d44d0a-2c5,04chsdin@okaxis,7193a5d0-081,175356,2024-03-16T17:34:39,West Bengal,Tamil Nadu,BOB,Kotak,0,clean
b6c988b8-cec4-4a,UPI0001001232,ezjsszwd@icici,4d45d924-039,12ii826g@axl,2a541c5a-adb,191383,2024-03-17T12:18:26,Telangana,Maharashtra,SBI,Axis,0,clean
09bd1901-fd4b-41,UPI0001001541,bfh024kw@paytm,4c7b95ce-541,ccprhvlz@upi,e917e480-79b,36696,2024-03-18T01:42:02,Gujarat,Telangana,PNB,Axis,0,clean
a7c33456-7511-42,UPI0001002991,mqg1ved3@ibl,9abe9954-38e,vpw232ut@icici,10888114-863,164756,2024-03-17T10:46:34,Tamil Nadu,Gujarat,ICICI,HDFC,0,clean
d002571f-2519-46,UPI0001003019,o119xp9n@apl,84e5cbf1-b6a,aiy4va13@ybl,143b620b-637,28916,2024-03-17T13:10:21,Maharashtra,Maharashtra,Axis,BOB,0,clean
4a2045db-4d54-46,UPI0001002009,a2m0w10l@ybl,956dfb24-447,u9n79gil@upi,388edc83-947,52220,2024-03-18T02:08:45,Gujarat,Karnataka,ICICI,Kotak,0,clean
297241f9-dea1-49,UPI0001001325,8qoagsus@upi,701c0d10-59a,almjegqt@apl,5a7a5884-b49,56826,2024-03-17T11:23:37,Kerala,Tamil Nadu,SBI,SBI,0,clean
4b452cec-b5f7-40,UPI0001002332,xoq2vpgs@icici,3e35461b-eca,hrrpzlk3@ibl,8b84e2d0-e1e,31492,2024-03-17T01:45:31,Karnataka,West Bengal,BOB,SBI,0,clean
1410fb57-95b0-4d,UPI0001004190,likwe4bx@upi,9bb85d81-e50,y8fv2bc2@upi,0b17743a-244,150614,2024-03-17T15:43:19,Telangana,Gujarat,BOB,ICICI,0,clean
2913af30-0fb8-48,UPI0001003797,2ei9212p@okaxis,bf8daac7-444,szjnvc7h@axl,e08eea9e-3fa,62482,2024-03-17T13:27:51,Kerala,Telangana,SBI,BOB,0,clean
650cb942-8d47-4b,UPI0001001353,0t9nt3w5@okaxis,da315726-456,erxdouad@paytm,3396a1f3-654,155964,2024-03-17T10:13:41,Tamil Nadu,Maharashtra,PNB,Kotak,0,clean
74175ae8-fc6d-43,UPI0001000532,g25cfzfd@icici,ad809e95-47e,96khub2r@icici,8faab40b-0cf,163252,2024-03-17T18:41:15,Gujarat,Karnataka,BOB,SBI,0,clean
7a4df999-625e-4d,UPI0001000136,x9l8lpqw@paytm,879bbcd2-e77,ytwbozd1@ybl,9637a7ac-2e7,79187,2024-03-17T22:37:41,Kerala,Tamil Nadu,Kotak,Kotak,0,clean
11a212b1-962e-42,UPI0001003474,gm25len6@axl,0b265512-1b8,su9rn8qt@icici,7a8c6645-05a,107531,2024-03-17T21:58:04,Gujarat,Karnataka,Axis,ICICI,0,clean
f749b7c5-92bb-4d,UPI0001000509,22555jxu@axl,db40ef7b-9eb,gu3obygh@oksbi,b3e30a41-88d,130411,2024-03-17T09:03:48,Kerala,Tamil Nadu,SBI,ICICI,0,clean
e7109fe8-749d-41,UPI0001001825,i6yuj7yk@icici,f03c391e-8f7,w2lm349e@upi,52515f9c-046,162086,2024-03-18T07:17:51,Tamil Nadu,West Bengal,Kotak,Kotak,0,clean
8f63263e-7c73-48,UPI0001003158,z2t4h20r@ybl,d41e17b8-b9f,nmkza3oa@ybl,e74929a0-019,164184,2024-03-18T04:29:09,Tamil Nadu,Karnataka,HDFC,Kotak,0,clean
51e2b151-cd8e-4e,UPI0001002589,k0ucc1m3@apl,18efcd83-447,zr1yxr2d@okaxis,c1059074-ebc,154140,2024-03-15T23:51:49,Gujarat,Karnataka,BOB,Axis,0,clean
671279c1-d399-42,UPI0001002199,96khub2r@icici,8faab40b-0cf,9mda9oek@upi,3941c113-d9b,98458,2024-03-17T12:58:38,Karnataka,Gujarat,SBI,Kotak,0,clean
f3225999-bebc-42,UPI0001001931,x2toowt9@apl,e738b31f-0c3,12ii826g@axl,2a541c5a-adb,92281,2024-03-17T21:42:57,Kerala,Maharashtra,SBI,Axis,0,clean
b57bc616-15d4-42,UPI0001004331,c1l7dypm@upi,cee17028-635,9jpnbzug@okaxis,0fd97e8e-b69,145906,2024-03-17T14:13:17,Karnataka,Telangana,ICICI,PNB,0,clean
7cf965b2-25e0-4c,UPI0001002353,c2ihoy7d@paytm,e4f996dd-100,wtg1m8xf@ibl,34f68cde-274,184848,2024-03-16T05:32:05,Tamil Nadu,Kerala,BOB,HDFC,0,clean
6c23508b-4008-45,UPI0001000728,jdm5fc79@upi,a083e671-4cd,04chsdin@okaxis,7193a5d0-081,23330,2024-03-17T01:23:43,Maharashtra,Tamil Nadu,Kotak,Kotak,0,clean
7642fd42-7ac5-4f,UPI0001004138,q20hwobm@okaxis,1f7e151c-59a,gm25len6@axl,0b265512-1b8,108075,2024-03-16T00:30:41,Tamil Nadu,Gujarat,SBI,Axis,0,clean
dbcf9a48-5ecd-4b,UPI0001002523,tnqfll7v@ybl,e3cbc039-81c,yeqahths@paytm,38d6e582-cd0,47242,2024-03-15T15:57:31,Gujarat,Maharashtra,HDFC,Kotak,0,clean
ff0ad110-83b2-43,UPI0001000186,a3kkrzd5@oksbi,e9b226cc-92f,q1rdxck3@icici,ca1e97cd-4e6,177845,2024-03-15T20:37:09,Maharashtra,Telangana,ICICI,HDFC,0,clean
57180aa5-e0de-41,UPI0001001273,2jwoclyt@upi,92c5bab8-7ba,ly4lyk83@icici,d20ed545-b8a,33717,2024-03-17T18:41:18,Telangana,Telangana,PNB,SBI,0,clean
e47bd945-74b9-40,UPI0001001405,9ku8s63e@apl,c9b6fdb8-698,k7y6qxds@oksbi,368e12fa-90b,188672,2024-03-16T15:48:51,Maharashtra,Telangana,SBI,BOB,0,clean
d78d9fe7-d6f5-4d,UPI0001001984,yxtxmgtt@okaxis,7c6e58d5-652,8qoagsus@upi,701c0d10-59a,22277,2024-03-17T08:08:51,Tamil Nadu,Kerala,BOB,SBI,0,clean
eb9864d7-82a6-4c,UPI0001000939,f6a4fejg@ybl,0ab1b956-6ec,e46aexl6@paytm,cb20a360-856,112554,2024-03-16T21:39:05,West Bengal,Gujarat,HDFC,PNB,0,clean
8e1455aa-d443-4f,UPI0001002287,9rk7d30m@upi,c9d13a46-21b,lzse99f7@oksbi,ce4481c5-154,78734,2024-03-16T01:08:57,Maharashtra,Karnataka,Axis,ICICI,0,clean
dfd067f8-b529-48,UPI0001003821,w6m7b5c8@paytm,6ac34a96-9d8,hyp9umyg@ibl,5327d76c-929,34722,2024-03-17T22:56:05,Gujarat,Maharashtra,PNB,PNB,0,clean
44900542-04f7-48,UPI0001003409,9ku8s63e@apl,c9b6fdb8-698,i4fqcoot@apl,69d84931-b15,81551,2024-03-18T08:12:48,Maharashtra,West Bengal,SBI,HDFC,0,clean
e129839b-4575-42,UPI0001003659,2sds8b25@icici,bd9e7438-8f4,c01arxab@apl,a094d57c-0e5,132189,2024-03-17T04:01:23,Telangana,Tamil Nadu,ICICI,ICICI,0,clean
b72798a9-1c52-42,UPI0001004147,9t199dxj@ybl,95e891ca-aea,siwjm2c8@axl,76415f9b-a77,89676,2024-03-15T23:02:35,West Bengal,Tamil Nadu,BOB,Kotak,0,clean
ace013b2-abe9-41,UPI0001003768,tuw6taq6@upi,409c06a8-91d,8bfqnpce@upi,96c75168-b52,155334,2024-03-18T03:18:33,Gujarat,Telangana,Axis,Axis,0,clean
d24949fa-45c5-41,UPI0001000076,aji0y6dp@ybl,db6e078e-7f2,k7y6qxds@oksbi,368e12fa-90b,164944,2024-03-15T19:54:57,Tamil Nadu,Telangana,SBI,BOB,0,clean
875f6bc7-75fd-40,UPI0001001342,c8bbi4wi@axl,72e6b18a-a53,xlez896d@apl,1f77ec31-a37,32164,2024-03-17T15:46:48,Gujarat,Telangana,PNB,Kotak,0,clean
b1106f2b-e987-4c,UPI0001002118,j16dvtja@ybl,404bee3c-794,x9l8lpqw@paytm,879bbcd2-e77,56985,2024-03-15T18:55:43,Karnataka,Kerala,Kotak,Kotak,0,clean
797cae5c-af94-49,UPI0001003792,7dia5u6h@ibl,cc9a4f84-3ff,moge4qxx@ybl,686a9e6d-c61,140372,2024-03-15T16:32:12,Gujarat,Gujarat,PNB,SBI,0,clean
28831d98-f26f-41,UPI0001004557,wr7mkgxu@paytm,f8967d89-388,7dia5u6h@ibl,cc9a4f84-3ff,41050,2024-03-18T11:11:50,Kerala,Gujarat,SBI,PNB,0,clean
9ed17c1f-2e2a-47,UPI0001002842,239moft6@axl,0f7c79b6-edf,nbhds26f@upi,6cb62eb2-7f2,25028,2024-03-15T13:19:09,Karnataka,Tamil Nadu,ICICI,Axis,0,clean
0d6a8cb1-ccea-4c,UPI0001004272,1g1r1dww@apl,2645ceb7-5d8,fvl03dut@paytm,4d39a635-f9c,122132,2024-03-18T01:58:39,Karnataka,Gujarat,Axis,Kotak,0,clean
d12d8426-0394-4e,UPI0001000837,v1v93kmk@icici,10199d03-28f,ophgft4m@apl,403938ca-605,121887,2024-03-18T00:33:22,Gujarat,Telangana,HDFC,HDFC,0,clean
abe9db16-0dde-4f,UPI0001000740,myr06nkw@oksbi,9b3bd143-106,erxdouad@paytm,3396a1f3-654,49824,2024-03-16T01:06:23,Maharashtra,Maharashtra,BOB,Kotak,0,clean
6458a83f-33d2-4e,UPI0001002280,wusxlmt2@axl,cdd27bc1-dc1,38diuovw@icici,83febe55-d55,18083,2024-03-17T10:38:00,Gujarat,Karnataka,ICICI,Axis,0,clean
881b7c71-1625-41,UPI0001003992,rflqbmae@apl,a2a8bd54-d6e,9kkh4a3y@paytm,898ace33-3f3,69594,2024-03-18T00:04:41,Karnataka,Karnataka,Kotak,Kotak,0,clean
49ffa752-73d2-4b,UPI0001003667,9i6uu13i@oksbi,8752282f-7ab,adf7pchc@ybl,abb0956f-413,150204,2024-03-17T20:42:16,Kerala,Gujarat,PNB,PNB,0,clean
cc850380-2913-4c,UPI0001004679,wpaytxw1@ybl,a9a1d8cd-197,12ii826g@axl,2a541c5a-adb,95820,2024-03-16T10:03:24,Telangana,Maharashtra,PNB,Axis,0,clean
49b52c6d-886d-49,UPI0001000392,mx9djoyo@okaxis,bb266567-4bb,ybisbo55@paytm,0adcc0b2-719,133117,2024-03-18T02:16:55,Tamil Nadu,Kerala,Kotak,ICICI,0,clean
0279ebbb-e991-4c,UPI0001003605,0ui22kx7@apl,0cb4a777-b67,n4regb1a@paytm,29d0cf3a-270,150178,2024-03-16T22:55:17,Karnataka,Gujarat,Axis,Axis,0,clean
7f61029a-d0e2-47,UPI0001001730,bngz6wmd@axl,de032811-f29,r6k2vmww@oksbi,e85bb9a0-574,133383,2024-03-17T09:00:16,Kerala,Gujarat,PNB,PNB,0,clean
4e16e7e9-231c-49,UPI0001002069,siwjm2c8@axl,76415f9b-a77,s5nkb4eh@apl,7ed57be9-1ec,125569,2024-03-17T09:39:20,Tamil Nadu,Karnataka,Kotak,Kotak,0,clean
c8ad8f13-b870-4f,UPI0001003557,safyh1fk@paytm,7814c846-782,h61iaoim@ybl,e6db924d-173,40719,2024-03-17T15:07:39,Tamil Nadu,West Bengal,HDFC,ICICI,0,clean
bcf79370-3a75-43,UPI0001000313,6wpx2cyo@icici,8e6b6450-5a7,xf5gzpl1@axl,2fa2cb90-de4,74979,2024-03-16T10:23:10,West Bengal,West Bengal,BOB,ICICI,0,clean
665db302-8d92-42,UPI0001001387,9jpnbzug@okaxis,0fd97e8e-b69,g25cfzfd@icici,ad809e95-47e,77941,2024-03-15T22:44:07,Telangana,Gujarat,PNB,BOB,0,clean
36c092b6-6cc9-47,UPI0001000000,aji0y6dp@ybl,db6e078e-7f2,9xuy41ib@upi,8a87cb9e-052,503673,2024-03-15T10:31:26,Tamil Nadu,Rajasthan,SBI,Axis,1,L0→L1
b412ff24-78f5-43,UPI0001001334,j3bqrr87@okaxis,f8adb759-ff2,ezjsszwd@icici,4d45d924-039,107959,2024-03-17T08:35:22,Gujarat,Telangana,Axis,SBI,0,clean
a8269d00-10da-4b,UPI0001003793,i4fqcoot@apl,69d84931-b15,nfnvuprt@oksbi,1afaa772-d85,138345,2024-03-17T17:36:44,West Bengal,Karnataka,HDFC,Kotak,0,clean
947e7898-bc32-44,UPI0001003214,5cozroou@oksbi,1731ed06-891,ppsfnkom@ybl,ac7006a0-31d,166406,2024-03-17T07:23:00,Kerala,Gujarat,ICICI,BOB,0,clean
9d008eba-6ecf-40,UPI0001001468,l3wxdrlc@upi,38c6e804-3e7,eaxylnfx@paytm,17fca863-f60,66177,2024-03-16T02:05:57,Kerala,Kerala,ICICI,ICICI,0,clean
f13b76bc-6ad3-47,UPI0001002407,9ltajw25@okaxis,2443c8c7-7e8,pdtz91x7@oksbi,676d9892-38a,127226,2024-03-15T19:17:14,West Bengal,Gujarat,PNB,SBI,0,clean
85755ee1-d2a7-40,UPI0001003252,vaj2k8xp@apl,90f01618-4ff,o57p6bkl@ibl,a0f35ea4-53a,164411,2024-03-16T15:38:42,Karnataka,Tamil Nadu,BOB,Kotak,0,clean
442e6bcb-f94f-41,UPI0001001379,5ixva1nk@ybl,3f9ee135-4b0,1ieixwc4@axl,078dcd14-8a1,192798,2024-03-18T01:48:08,Tamil Nadu,Tamil Nadu,ICICI,Kotak,0,clean
3d6ece30-0887-43,UPI0001000420,9kkh4a3y@paytm,898ace33-3f3,kjxjq5nv@axl,e4a54308-6a3,152961,2024-03-18T11:15:57,Karnataka,Gujarat,Kotak,Axis,0,clean
0ef1b420-a5ef-49,UPI0001004823,c8bbi4wi@axl,72e6b18a-a53,0q0mftg6@ybl,1c02f161-954,87514,2024-03-18T08:50:22,Gujarat,Gujarat,PNB,Kotak,0,clean
35f0c4c5-57ae-44,UPI0001001067,u8el5015@apl,c881ee60-b74,pb8z3v6d@okaxis,080f17ae-0d9,55018,2024-03-17T12:36:31,Tamil Nadu,Gujarat,Axis,PNB,0,clean
3aecc4c5-e772-4c,UPI0001004763,9i6uu13i@oksbi,8752282f-7ab,hiuit7m1@axl,ac812895-0f0,36339,2024-03-18T01:29:44,Kerala,Karnataka,PNB,PNB,0,clean
ea2f64bd-a574-4c,UPI0001000880,xyjoa21a@oksbi,27c58270-7c1,iiji44m2@ibl,333ff240-187,40784,2024-03-15T15:38:12,Karnataka,Karnataka,PNB,SBI,0,clean
337092f2-ec92-49,UPI0001000107,hrrpzlk3@ibl,8b84e2d0-e1e,ezqacj4t@icici,8eb3737e-59f,54280,2024-03-18T10:15:02,West Bengal,West Bengal,SBI,Axis,0,clean
5f6487c0-0b72-4d,UPI0001002923,1g1r1dww@apl,2645ceb7-5d8,7rb1s9dw@ibl,fdf65419-e86,77207,2024-03-15T23:56:58,Karnataka,Tamil Nadu,Axis,PNB,0,clean
f0670ad2-1ec2-4a,UPI0001000336,zei3zrrh@oksbi,8a34eeb1-73d,ch8jwwdx@oksbi,b6a72442-d1f,170267,2024-03-16T06:29:31,Kerala,West Bengal,PNB,HDFC,0,clean
e73bdf67-b925-4e,UPI0001001803,sdnai89y@icici,66c63394-70b,dr5xyfc4@paytm,172a1c93-d06,184419,2024-03-17T17:56:03,Telangana,Telangana,HDFC,SBI,0,clean
f0a70dba-4bce-40,UPI0001001068,04chsdin@okaxis,7193a5d0-081,xaprpn6q@oksbi,fc297e6e-aa8,108960,2024-03-15T20:01:40,Tamil Nadu,Kerala,Kotak,Axis,0,clean
30c5a573-393f-48,UPI0001004111,1zdfkblc@upi,58478899-90d,q1s05wnw@upi,8ed524ee-6d2,154012,2024-03-17T12:40:35,Tamil Nadu,Maharashtra,ICICI,PNB,0,clean
faceebde-f337-4c,UPI0001000210,w2lm349e@upi,52515f9c-046,ifrml29q@ybl,7e962fc5-e68,75063,2024-03-17T03:33:01,West Bengal,Tamil Nadu,Kotak,ICICI,0,clean
062a29d1-54ce-4a,UPI0001004192,xf5gzpl1@axl,2fa2cb90-de4,wviac2e4@axl,ef581a18-a36,132545,2024-03-17T23:55:01,West Bengal,Kerala,ICICI,PNB,0,clean
bd6fe93b-d1d6-4a,UPI0001000091,pd2tsxtv@upi,30954f8d-335,x4sn6sm5@axl,b28fc016-34a,182224,2024-03-15T18:42:57,Gujarat,Kerala,ICICI,BOB,0,clean
6eb8bff1-bafe-42,UPI0001001874,tk63n2qb@okaxis,b1b0f143-ca6,1zdfkblc@upi,58478899-90d,89555,2024-03-17T20:18:06,Maharashtra,Tamil Nadu,ICICI,ICICI,0,clean
bb09b0fa-924a-49,UPI0001002972,e9vifttd@ibl,afcf7781-db7,nmkza3oa@ybl,e74929a0-019,79116,2024-03-15T19:43:53,Telangana,Karnataka,Axis,Kotak,0,clean
d2084185-a75a-4f,UPI0001004263,bjlzy1uu@upi,382cfba4-cfb,r6n92xf8@oksbi,05a7b3f0-2b3,34407,2024-03-17T10:07:19,Telangana,Gujarat,Kotak,Kotak,0,clean
db313b95-9c7a-47,UPI0001000067,pgb7r3oc@ybl,1ff47666-0e3,eh5sw229@upi,988a62ef-895,192776,2024-03-18T02:32:27,Telangana,Telangana,HDFC,Axis,0,clean
4b2c63d4-f14e-4a,UPI0001001871,ildzmfb7@axl,9749e680-bdd,0me8f840@apl,d2acd40e-25c,82078,2024-03-17T07:41:45,Maharashtra,Maharashtra,PNB,BOB,0,clean
e61b5464-c4be-4f,UPI0001002551,xf7kzorq@axl,8a77df8c-2c4,gn1w1ht7@axl,61e9276c-1e5,70704,2024-03-15T17:29:07,Tamil Nadu,Tamil Nadu,Kotak,PNB,0,clean
4bf02405-1d3f-42,UPI0001002207,vaj2k8xp@apl,90f01618-4ff,7gu0env5@icici,f2e7fec2-ac8,86244,2024-03-17T02:24:30,Karnataka,West Bengal,BOB,Axis,0,clean
21647167-36d1-4e,UPI0001001843,ftaxp0wf@apl,c8a9e7b7-950,1g1r1dww@apl,2645ceb7-5d8,145000,2024-03-18T10:42:26,Gujarat,Karnataka,Kotak,Axis,0,clean
6da3f2ca-4fd2-4c,UPI0001001760,i04b7p47@ybl,a3267200-292,f0onjpi1@paytm,f1306f21-cef,35026,2024-03-17T03:57:23,Kerala,Karnataka,BOB,ICICI,0,clean
20165af4-18ff-4d,UPI0001004622,78imoe0s@okaxis,0248c411-18c,o57p6bkl@ibl,a0f35ea4-53a,35532,2024-03-16T14:47:39,Tamil Nadu,Tamil Nadu,Axis,Kotak,0,clean
5a987df5-cfbc-42,UPI0001002114,kjxjq5nv@axl,e4a54308-6a3,kek4aegv@oksbi,6fca54c3-692,179237,2024-03-15T14:26:59,Gujarat,West Bengal,Axis,PNB,0,clean
2b28e68a-ee29-43,UPI0001002774,wusxlmt2@axl,cdd27bc1-dc1,d76szn9d@ibl,d020762f-d26,141773,2024-03-17T18:47:19,Gujarat,Maharashtra,ICICI,Kotak,0,clean
507026e1-be1a-4d,UPI0001001646,myr06nkw@oksbi,9b3bd143-106,lcxlvpym@ybl,f3fd02cd-2f8,95805,2024-03-15T14:55:40,Maharashtra,Maharashtra,BOB,PNB,0,clean
fecb24dc-e725-4f,UPI0001002703,22555jxu@axl,db40ef7b-9eb,2ei9212p@okaxis,bf8daac7-444,38915,2024-03-15T11:53:48,Kerala,Kerala,SBI,SBI,0,clean
e4a92940-dd69-44,UPI0001003356,1ieixwc4@axl,078dcd14-8a1,t9t11php@okaxis,cdc97255-ace,159656,2024-03-18T02:20:07,Tamil Nadu,West Bengal,Kotak,ICICI,0,clean
49794081-e119-49,UPI0001000869,ildzmfb7@axl,9749e680-bdd,pgb7r3oc@ybl,1ff47666-0e3,640,2024-03-15T17:12:47,Maharashtra,Telangana,PNB,HDFC,0,clean
8ea3cc37-879c-4d,UPI0001001865,rkmby9ip@ybl,f5ed200a-714,c01arxab@apl,a094d57c-0e5,19115,2024-03-15T19:03:26,Maharashtra,Tamil Nadu,HDFC,ICICI,0,clean
f29766cb-15f1-4e,UPI0001004418,sb5iqnf7@ybl,ffdb076f-e40,9t199dxj@ybl,95e891ca-aea,62564,2024-03-16T06:44:46,Gujarat,West Bengal,Kotak,BOB,0,clean
325b54ec-d817-49,UPI0001003772,u9n79gil@upi,388edc83-947,d76szn9d@ibl,d020762f-d26,4150,2024-03-16T18:36:14,Karnataka,Maharashtra,Kotak,Kotak,0,clean
57eabc85-f223-4d,UPI0001004513,kuuhclrr@ibl,9658742d-f26,52sq3b9s@apl,ec8fbf62-67f,12111,2024-03-16T15:35:22,West Bengal,Gujarat,Kotak,PNB,0,clean
6c25b42b-b487-48,UPI0001003470,q57te8tv@axl,fbac67aa-dd8,hyp9umyg@ibl,5327d76c-929,199408,2024-03-16T06:42:12,Telangana,Maharashtra,PNB,PNB,0,clean
0ee0a159-6642-47,UPI0001001393,gh2m5zja@okaxis,835cb61e-36d,o119xp9n@apl,84e5cbf1-b6a,70734,2024-03-18T02:43:56,Maharashtra,Maharashtra,SBI,Axis,0,clean
68ce0f1c-fa1f-4d,UPI0001003985,mcqbnkx9@ibl,8afc3470-686,zh13cd5g@upi,227ab300-e54,168138,2024-03-15T16:18:42,Tamil Nadu,Tamil Nadu,Kotak,HDFC,0,clean
4f5c662d-11f5-40,UPI0001004441,vqy5ibpt@ybl,6254431b-8f0,m41qesla@okaxis,f826568b-9f5,14562,2024-03-16T03:27:31,Tamil Nadu,Kerala,HDFC,Axis,0,clean
a6122cdc-811b-4c,UPI0001000824,au9dkbpv@upi,60186fb8-833,hzn4kgeu@okaxis,10818e5f-69f,36263,2024-03-18T00:01:32,Tamil Nadu,Telangana,PNB,BOB,0,clean
dddf4d52-fccc-45,UPI0001002331,zzf8s2zg@oksbi,7844cc4a-374,x9l8lpqw@paytm,879bbcd2-e77,109086,2024-03-17T22:31:21,Tamil Nadu,Kerala,PNB,Kotak,0,clean
4b849608-d223-4e,UPI0001002995,8e9rivh6@icici,ab4ef148-113,ev361xsn@ybl,253a3b26-f4f,24170,2024-03-17T03:51:37,Karnataka,Gujarat,ICICI,PNB,0,clean
95429652-5256-45,UPI0001000510,6kvpuc8d@okaxis,09e9b54f-d22,uswrgvz9@ybl,c0de6a5e-0b9,189563,2024-03-16T14:33:17,Telangana,Kerala,PNB,SBI,0,clean
bfac9100-d9c4-42,UPI0001003442,3dd03uvu@upi,cf3db828-3cc,bbk7w1da@paytm,4f51dace-926,64576,2024-03-15T11:32:19,Tamil Nadu,Maharashtra,PNB,Axis,0,clean
379af6e6-1596-4f,UPI0001003151,zmf8mdd4@paytm,d6a9a633-5ca,fr91ipwh@upi,0e051c39-642,127342,2024-03-16T19:27:44,Tamil Nadu,West Bengal,BOB,SBI,0,clean
f29effdb-a462-4e,UPI0001004255,q57te8tv@axl,fbac67aa-dd8,5rtwiyki@ibl,58346645-d7d,183977,2024-03-18T07:22:28,Telangana,Gujarat,PNB,Axis,0,clean
f24b3925-4400-42,UPI0001001344,jeget1gh@axl,f0c058e9-79c,a5xin9dl@icici,ad258476-426,113594,2024-03-15T14:14:10,Maharashtra,Tamil Nadu,ICICI,SBI,0,clean
026642a3-9a70-46,UPI0001004258,nbhds26f@upi,6cb62eb2-7f2,rc6zs62y@oksbi,f17ab0c6-4a0,143836,2024-03-16T04:37:22,Tamil Nadu,Karnataka,Axis,SBI,0,clean
188b1dce-d423-44,UPI0001002536,4lorxdtg@apl,65e2fb55-c36,bfh024kw@paytm,4c7b95ce-541,76485,2024-03-16T23:46:10,Telangana,Gujarat,ICICI,PNB,0,clean
078ee5bc-0add-41,UPI0001004200,e46aexl6@paytm,cb20a360-856,9mda9oek@upi,3941c113-d9b,177752,2024-03-15T12:00:12,Gujarat,Gujarat,PNB,Kotak,0,clean
ed34c327-2fda-4e,UPI0001002571,xaprpn6q@oksbi,fc297e6e-aa8,9ryllwb7@icici,786ee19f-951,59709,2024-03-15T23:53:15,Kerala,Gujarat,Axis,SBI,0,clean
3e07085d-f2a4-45,UPI0001000858,rq9nz612@okaxis,1b4f813a-e5e,ifrml29q@ybl,7e962fc5-e68,30651,2024-03-16T20:14:15,Karnataka,Tamil Nadu,BOB,ICICI,0,clean
70829b26-51e4-47,UPI0001001338,lfzkicwm@axl,de2ef3f1-ab7,hyexf7jx@paytm,855c736c-1a1,177212,2024-03-16T04:08:16,Kerala,Telangana,SBI,SBI,0,clean
ffc8c711-dcc1-45,UPI0001001160,52sq3b9s@apl,ec8fbf62-67f,jy62zeeq@upi,2197e198-4e7,156670,2024-03-17T23:37:17,Gujarat,Tamil Nadu,PNB,SBI,0,clean
6e8f307b-c1f0-45,UPI0001001728,ofas1ekt@axl,de630927-308,xie0rnuj@paytm,7c49cd93-294,32051,2024-03-18T01:17:38,Maharashtra,Maharashtra,BOB,PNB,0,clean
65d61d3e-fc1e-4a,UPI0001001748,7dia5u6h@ibl,cc9a4f84-3ff,c8bbi4wi@axl,72e6b18a-a53,91900,2024-03-16T14:35:26,Gujarat,Gujarat,PNB,PNB,0,clean
5ed4abe9-af11-48,UPI0001003143,dje153a5@axl,ebe017d3-bb6,q1s05wnw@upi,8ed524ee-6d2,92625,2024-03-18T10:11:44,Telangana,Maharashtra,Axis,PNB,0,clean
5a4e4f6a-2d3d-4c,UPI0001002933,reiyaz39@apl,75d4c470-c88,gspk9p38@axl,b85df010-58f,42012,2024-03-15T14:10:51,Karnataka,West Bengal,PNB,ICICI,0,clean
4041519d-786c-42,UPI0001001964,wpaytxw1@ybl,a9a1d8cd-197,la100qxm@ibl,b9b04561-3db,151250,2024-03-16T11:39:26,Telangana,Telangana,PNB,BOB,0,clean
2aa2a49e-447e-4a,UPI0001004801,xzamkygv@apl,32a05e88-18a,6xlpu0dk@apl,2966c875-264,10727,2024-03-18T08:47:28,Telangana,Tamil Nadu,BOB,HDFC,0,clean
6581724d-62ae-43,UPI0001003858,x2toowt9@apl,e738b31f-0c3,nqdxamw2@icici,0ec40a2e-3f7,155030,2024-03-18T03:47:43,Kerala,Gujarat,SBI,Kotak,0,clean
cc72bb65-c326-42,UPI0001002959,9mda9oek@upi,3941c113-d9b,9boq0iq2@oksbi,45a62da6-105,152814,2024-03-17T12:41:18,Gujarat,West Bengal,Kotak,SBI,0,clean
ab3b61f0-f60f-47,UPI0001004028,8bfqnpce@upi,96c75168-b52,bjlzy1uu@upi,382cfba4-cfb,47468,2024-03-16T09:31:57,Telangana,Telangana,Axis,Kotak,0,clean
c16b5b67-4727-43,UPI0001000668,5p5nvqeb@ibl,ba39ac93-7b7,2wbxanj4@upi,bfa5558d-959,54075,2024-03-16T17:02:05,Gujarat,Karnataka,Axis,BOB,0,clean
e3b143b5-495f-46,UPI0001001422,wr7mkgxu@paytm,f8967d89-388,sjt2jpnr@okaxis,d797c026-0e2,28891,2024-03-17T19:44:36,Kerala,West Bengal,SBI,BOB,0,clean
c5b4ee84-068d-4a,UPI0001000088,md270stl@apl,05beb72c-5c8,almjegqt@apl,5a7a5884-b49,119096,2024-03-18T01:02:33,West Bengal,Tamil Nadu,Axis,SBI,0,clean
4c3fb044-d094-49,UPI0001003648,kqxlm5q2@axl,96141255-6de,0t9nt3w5@okaxis,da315726-456,128714,2024-03-15T20:38:18,West Bengal,Tamil Nadu,BOB,PNB,0,clean
dc5d2dfe-a24a-49,UPI0001000836,xqkwqh5k@paytm,28070a63-70b,au9dkbpv@upi,60186fb8-833,169051,2024-03-18T04:22:57,Karnataka,Tamil Nadu,Axis,PNB,0,clean
0676b035-7480-48,UPI0001003006,w6lqwlvu@upi,dec88820-146,wjeyub19@icici,2328b533-d95,150551,2024-03-17T01:21:08,Maharashtra,Karnataka,BOB,Axis,0,clean
b286e355-c4c3-48,UPI0001001842,z2sf6f7l@apl,f4ac893c-cd3,vqyiy1sy@oksbi,692618fb-a65,5945,2024-03-18T00:23:28,Karnataka,Gujarat,Kotak,ICICI,0,clean
4a0c239a-e265-46,UPI0001004044,zfhomtzz@oksbi,a65a521d-a01,sqt26q3x@upi,730141f1-80f,199234,2024-03-18T01:41:34,West Bengal,Kerala,Axis,Kotak,0,clean
a87ceba7-c327-4e,UPI0001001407,f5gcl9lc@axl,07d8fa8c-cff,z2t4h20r@ybl,d41e17b8-b9f,65696,2024-03-15T11:32:54,Telangana,Tamil Nadu,ICICI,HDFC,0,clean
131ddfd7-dfe2-42,UPI0001004630,n4regb1a@paytm,29d0cf3a-270,9ku8s63e@apl,c9b6fdb8-698,95001,2024-03-17T18:26:19,Gujarat,Maharashtra,Axis,SBI,0,clean
2fb9444c-14a6-4a,UPI0001002271,7dia5u6h@ibl,cc9a4f84-3ff,2g05kbkv@upi,95960706-af3,47353,2024-03-18T06:37:49,Gujarat,Telangana,PNB,ICICI,0,clean
69e415f6-ee3f-4e,UPI0001000547,ezqacj4t@icici,8eb3737e-59f,n14eb875@paytm,d2688e7f-3c2,2263,2024-03-17T08:30:04,West Bengal,Gujarat,Axis,SBI,0,clean
0272664b-f411-40,UPI0001003581,il8sa3id@upi,0ff28a1c-817,5s4tl0th@okaxis,b194fbf8-08e,40438,2024-03-15T23:13:34,Gujarat,Gujarat,SBI,Kotak,0,clean
6c78a1fc-f286-4d,UPI0001000723,p8637zgf@icici,6443ed3b-45a,961j88qe@apl,08348a0c-8d8,127518,2024-03-17T14:17:39,Kerala,Telangana,Axis,Kotak,0,clean
58a9573c-8300-41,UPI0001003414,4vssrura@upi,955c4234-bff,w2lm349e@upi,52515f9c-046,83005,2024-03-16T15:00:12,Gujarat,West Bengal,PNB,Kotak,0,clean
5f9deeec-41f1-43,UPI0001001020,j16dvtja@ybl,404bee3c-794,239moft6@axl,0f7c79b6-edf,102510,2024-03-15T12:05:50,Karnataka,Karnataka,Kotak,ICICI,0,clean
d84d8634-41fc-4f,UPI0001001164,kjxjq5nv@axl,e4a54308-6a3,nmkza3oa@ybl,e74929a0-019,51314,2024-03-17T11:10:06,Gujarat,Karnataka,Axis,Kotak,0,clean
8a8edc2b-ca30-45,UPI0001003805,6xlpu0dk@apl,2966c875-264,moge4qxx@ybl,686a9e6d-c61,54028,2024-03-18T08:22:24,Tamil Nadu,Gujarat,HDFC,SBI,0,clean
d2391d32-8252-40,UPI0001004461,9bp4m18o@upi,2e0f0c6a-2ee,1oxrwk8r@apl,0051a9ea-fd9,66423,2024-03-15T12:30:44,Gujarat,Karnataka,SBI,ICICI,0,clean
857910e3-a08b-48,UPI0001003553,p7r1m264@ibl,61dacc37-3af,e9vifttd@ibl,afcf7781-db7,12420,2024-03-16T22:40:39,Kerala,Telangana,Axis,Axis,0,clean
5d9f7e3f-5b65-43,UPI0001001780,ccprhvlz@upi,e917e480-79b,eaxylnfx@paytm,17fca863-f60,139664,2024-03-16T07:53:10,Telangana,Kerala,Axis,ICICI,0,clean
ea252762-b32b-4d,UPI0001002079,gn1w1ht7@axl,61e9276c-1e5,p3jpxgh3@axl,c8b30791-50e,109644,2024-03-17T13:14:09,Tamil Nadu,Gujarat,PNB,BOB,0,clean
274ec58b-6f72-45,UPI0001002560,s8q349dx@ybl,f92d00fe-76e,14ve92mp@upi,3be433cf-adf,64126,2024-03-17T16:18:45,Telangana,Gujarat,HDFC,SBI,0,clean
ed707ff2-93b8-44,UPI0001001042,091c795r@upi,e21f0d08-204,vgox22in@okaxis,9d6a6b21-955,56040,2024-03-16T15:19:29,Karnataka,Kerala,BOB,Axis,0,clean
03d4ade0-2eff-48,UPI0001001786,ppohswq4@ybl,27cf6e96-b10,mx9djoyo@okaxis,bb266567-4bb,146188,2024-03-17T01:43:59,Tamil Nadu,Tamil Nadu,PNB,Kotak,0,clean
bec3ce6a-2e7f-42,UPI0001002821,96khub2r@icici,8faab40b-0cf,bfh024kw@paytm,4c7b95ce-541,121879,2024-03-18T01:44:10,Karnataka,Gujarat,SBI,PNB,0,clean
d8e54dc2-cae5-43,UPI0001003964,xqkwqh5k@paytm,28070a63-70b,bikcidkw@upi,f7982aa6-df8,57538,2024-03-16T11:53:02,Karnataka,Tamil Nadu,Axis,HDFC,0,clean
17313ea3-b3ad-4f,UPI0001000419,ay64yfds@ibl,05351dc8-a9a,yc3rwqmm@icici,8b3a52b5-76e,1866,2024-03-17T20:51:15,Karnataka,Tamil Nadu,ICICI,Kotak,0,clean
263047b1-f511-4b,UPI0001003168,79flv1xx@paytm,dff63398-c9e,1n0lh9p8@oksbi,3e215a9e-0c6,51292,2024-03-18T08:44:45,Kerala,Tamil Nadu,PNB,PNB,0,clean
df6b7431-a037-4b,UPI0001003216,hxid4n1u@apl,5830f07f-146,nbhds26f@upi,6cb62eb2-7f2,103041,2024-03-16T09:48:06,Kerala,Tamil Nadu,BOB,Axis,0,clean
b6943eb7-db8a-4f,UPI0001000854,1n13jcat@upi,cb737bb3-638,ifrml29q@ybl,7e962fc5-e68,179921,2024-03-16T16:33:43,Maharashtra,Tamil Nadu,HDFC,ICICI,0,clean
c65cc5d7-f800-41,UPI0001003259,tuw9ohtu@oksbi,16e55977-f2b,wtg1m8xf@ibl,34f68cde-274,57914,2024-03-16T02:38:45,West Bengal,Kerala,ICICI,HDFC,0,clean
d92018c9-363e-41,UPI0001000975,c01arxab@apl,a094d57c-0e5,ve3dzeed@okaxis,e8f965a5-a64,148558,2024-03-15T16:06:50,Tamil Nadu,Kerala,ICICI,Kotak,0,clean
196d637d-0061-48,UPI0001003940,x2toowt9@apl,e738b31f-0c3,bikcidkw@upi,f7982aa6-df8,165306,2024-03-16T01:34:13,Kerala,Tamil Nadu,SBI,HDFC,0,clean
65d0be7e-17a4-45,UPI0001003012,9mda9oek@upi,3941c113-d9b,8e9rivh6@icici,ab4ef148-113,83009,2024-03-17T17:25:23,Gujarat,Karnataka,Kotak,ICICI,0,clean
e437cec1-63f4-4f,UPI0001002119,eyr8lnoe@upi,ae9b4688-14f,zr1yxr2d@okaxis,c1059074-ebc,10241,2024-03-18T01:57:53,Telangana,Karnataka,BOB,Axis,0,clean
d8d2c1e1-5607-46,UPI0001003397,1sdieqfb@apl,98401e57-609,5rtwiyki@ibl,58346645-d7d,158295,2024-03-16T09:38:28,Karnataka,Gujarat,BOB,Axis,0,clean
00ed286e-e7fc-41,UPI0001000825,0mqvindh@icici,d434bc72-c00,zei3zrrh@oksbi,8a34eeb1-73d,140067,2024-03-16T01:55:00,Karnataka,Kerala,PNB,PNB,0,clean
8b9171eb-74ad-4d,UPI0001000783,pd2tsxtv@upi,30954f8d-335,kqxlm5q2@axl,96141255-6de,32755,2024-03-15T15:38:36,Gujarat,West Bengal,ICICI,BOB,0,clean
eeff5289-6baa-42,UPI0001001679,m41qesla@okaxis,f826568b-9f5,hl88kzru@okaxis,2eca5bfe-dc2,195853,2024-03-17T02:58:19,Kerala,Gujarat,Axis,ICICI,0,clean
953b640e-f89b-49,UPI0001001106,sdygflij@okaxis,f4e28f71-353,hiuit7m1@axl,ac812895-0f0,198075,2024-03-17T06:55:05,Telangana,Karnataka,Axis,PNB,0,clean
f7b64003-e359-49,UPI0001003640,almjegqt@apl,5a7a5884-b49,kmy9x8sy@upi,3a2ea2b9-ebe,157093,2024-03-17T18:25:30,Tamil Nadu,Gujarat,SBI,PNB,0,clean
260c10f8-9706-42,UPI0001002098,w7kyhqin@upi,79bd47f7-d48,x7pwo6cm@upi,2500e1a0-89a,54392,2024-03-16T12:18:36,Telangana,Karnataka,Kotak,ICICI,0,clean
d904de09-cc3a-4f,UPI0001003051,bfh024kw@paytm,4c7b95ce-541,wpaytxw1@ybl,a9a1d8cd-197,178369,2024-03-16T08:01:10,Gujarat,Telangana,PNB,PNB,0,clean
c2284347-6092-4b,UPI0001003931,h61iaoim@ybl,e6db924d-173,5p5nvqeb@ibl,ba39ac93-7b7,155748,2024-03-15T16:35:05,West Bengal,Gujarat,ICICI,Axis,0,clean
852298bc-4c41-4f,UPI0001003486,iiji44m2@ibl,333ff240-187,rid3dnkn@oksbi,b8fa8960-47b,68380,2024-03-18T07:59:46,Karnataka,Karnataka,SBI,PNB,0,clean
708fa334-97bf-49,UPI0001000009,9xuy41ib@upi,8a87cb9e-052,q77awudt@icici,afd46ca6-b46,184749,2024-03-15T10:34:26,Rajasthan,Delhi,Axis,ICICI,1,L1→L2
5aa6802f-8266-48,UPI0001001204,9rr7s20c@oksbi,5df013ac-e29,m2vajepe@ibl,242b4c68-da5,18100,2024-03-15T10:39:38,Maharashtra,Tamil Nadu,Kotak,Axis,0,clean
83e86a47-42ac-4d,UPI0001002977,a83ru7my@apl,88c32907-0d3,vgww4fyb@ibl,baf6a88b-8a5,11979,2024-03-16T18:50:35,Karnataka,Tamil Nadu,SBI,HDFC,0,clean
e433d50a-f51b-4c,UPI0001003206,5e5iz31y@axl,9bc82871-9c1,239moft6@axl,0f7c79b6-edf,112821,2024-03-18T08:33:04,Maharashtra,Karnataka,HDFC,ICICI,0,clean
eca6e176-4be5-47,UPI0001000519,2qc6dr08@ibl,edc4c65a-097,r6n92xf8@oksbi,05a7b3f0-2b3,157777,2024-03-17T19:18:06,West Bengal,Gujarat,PNB,Kotak,0,clean
1eada5a7-f9fa-4b,UPI0001002490,hyp9umyg@ibl,5327d76c-929,5xqt4p50@apl,23c3bfdf-dc6,160872,2024-03-16T01:35:51,Maharashtra,Kerala,PNB,ICICI,0,clean
b1c46ef7-01f1-40,UPI0001003958,p767j2dg@paytm,291be5ac-6df,lem1qq4d@paytm,876e2b47-793,68547,2024-03-17T13:12:30,Maharashtra,Telangana,Kotak,BOB,0,clean
4cdbcbe8-81c3-45,UPI0001000066,stn3cpud@axl,4a22d1fb-5bc,tuw6taq6@upi,409c06a8-91d,39551,2024-03-15T10:56:02,Tamil Nadu,Gujarat,Axis,Axis,0,clean
2ecd68fe-f007-49,UPI0001000785,n4regb1a@paytm,29d0cf3a-270,q57te8tv@axl,fbac67aa-dd8,9676,2024-03-15T20:37:32,Gujarat,Telangana,Axis,PNB,0,clean
b18aa487-7ba9-49,UPI0001002219,6wpx2cyo@icici,8e6b6450-5a7,iwg0odwm@axl,b06871d7-817,121791,2024-03-18T04:41:07,West Bengal,Gujarat,BOB,PNB,0,clean
5e34951c-2883-4e,UPI0001004124,ezqacj4t@icici,8eb3737e-59f,n7s55j2o@icici,0c084f0a-36d,125598,2024-03-16T23:11:02,West Bengal,Karnataka,Axis,ICICI,0,clean
0b38f803-a7e3-48,UPI0001002511,sqt26q3x@upi,730141f1-80f,w9zyn6sj@ybl,3c3c1190-4fb,156284,2024-03-18T07:12:36,Kerala,Telangana,Kotak,ICICI,0,clean
1bfe79b7-98f8-4a,UPI0001003283,css9toqw@upi,5ff36244-509,hxid4n1u@apl,5830f07f-146,44787,2024-03-17T11:38:27,Maharashtra,Kerala,ICICI,BOB,0,clean
2ea1fcb6-a23d-45,UPI0001002329,82kb700u@ybl,dcd27afa-05a,xqkwqh5k@paytm,28070a63-70b,174270,2024-03-15T19:19:20,Maharashtra,Karnataka,PNB,Axis,0,clean
8238eebb-3451-4b,UPI0001002936,0mqvindh@icici,d434bc72-c00,adf7pchc@ybl,abb0956f-413,197350,2024-03-18T04:08:32,Karnataka,Gujarat,PNB,PNB,0,clean
4798e187-bd04-4c,UPI0001001571,uuxk0are@ibl,7992b6ba-0fd,ga0x7zcg@ibl,15bb3739-991,67833,2024-03-15T21:23:58,Telangana,Karnataka,BOB,SBI,0,clean
ca6b6276-e7d8-46,UPI0001002200,ymk99jcj@apl,c716a5a8-fe4,z09wftbg@upi,69681540-b97,59409,2024-03-16T03:00:39,Maharashtra,Kerala,BOB,Kotak,0,clean
590c9635-df08-4f,UPI0001004218,eaxylnfx@paytm,17fca863-f60,oieves6f@oksbi,4c26e044-3e8,194586,2024-03-15T19:59:46,Kerala,West Bengal,ICICI,ICICI,0,clean
a7971bc0-996f-41,UPI0001003248,ge094d6r@axl,323f67af-ede,rdihsa7h@oksbi,ecf41fd7-09b,45687,2024-03-18T03:47:21,West Bengal,Karnataka,HDFC,ICICI,0,clean
0a79faaa-b79c-4f,UPI0001001421,nfnvuprt@oksbi,1afaa772-d85,uhz1gv0e@oksbi,3097941d-05e,130794,2024-03-17T12:53:48,Karnataka,Tamil Nadu,Kotak,ICICI,0,clean
af7caf63-1bed-49,UPI0001003785,g10ur5l8@ybl,d0c45167-d84,udojen0j@apl,f8265746-bc4,166775,2024-03-16T04:39:48,Tamil Nadu,West Bengal,HDFC,BOB,0,clean
e55f9d95-7984-4d,UPI0001000687,cd81twhw@okaxis,215eaeac-210,ev361xsn@ybl,253a3b26-f4f,97016,2024-03-15T18:11:24,Kerala,Gujarat,BOB,PNB,0,clean
1b00838a-0c98-42,UPI0001003255,urvqt3g8@ibl,7b0d2a9d-0f8,7rb1s9dw@ibl,fdf65419-e86,138099,2024-03-16T00:34:26,Gujarat,Tamil Nadu,Kotak,PNB,0,clean
30b5826c-8e6a-46,UPI0001003596,et8t63j3@axl,e4ac4b23-0d3,1bcppvoh@icici,328ed257-23e,85348,2024-03-17T19:43:19,Karnataka,Karnataka,BOB,SBI,0,clean
8ce8aa8a-f9bd-4a,UPI0001002388,9rr7s20c@oksbi,5df013ac-e29,c8bbi4wi@axl,72e6b18a-a53,180090,2024-03-17T16:35:21,Maharashtra,Gujarat,Kotak,PNB,0,clean
ad005a08-388c-45,UPI0001002676,1sdieqfb@apl,98401e57-609,nmkza3oa@ybl,e74929a0-019,35277,2024-03-17T02:52:45,Karnataka,Karnataka,BOB,Kotak,0,clean
b4ed6259-759e-44,UPI0001002850,xb94pdzp@ibl,1f77595a-0f7,z09wftbg@upi,69681540-b97,180536,2024-03-17T20:56:29,Telangana,Kerala,ICICI,Kotak,0,clean
a3d5ac11-7297-4d,UPI0001001565,sdygflij@okaxis,f4e28f71-353,almjegqt@apl,5a7a5884-b49,120570,2024-03-16T18:28:52,Telangana,Tamil Nadu,Axis,SBI,0,clean
b3d700dc-c35d-49,UPI0001002713,0ebkjf4a@axl,9005bc5c-f39,5s4tl0th@okaxis,b194fbf8-08e,142544,2024-03-16T23:20:34,Karnataka,Gujarat,PNB,Kotak,0,clean
38addedc-3cb3-4a,UPI0001003758,6kvpuc8d@okaxis,09e9b54f-d22,xivzk7a4@paytm,4fddfea1-8cf,130339,2024-03-17T13:46:44,Telangana,Maharashtra,PNB,HDFC,0,clean
5debd2b8-8924-42,UPI0001000714,u83g47rr@ybl,043e14fa-255,kicjn2fo@upi,1c3c8bbe-fc6,83134,2024-03-16T16:53:42,Gujarat,Kerala,PNB,SBI,0,clean
5bb2ba60-be29-41,UPI0001000144,mb1l6314@ibl,d40c7f91-9fe,j16dvtja@ybl,404bee3c-794,36019,2024-03-17T07:40:03,Kerala,Karnataka,ICICI,Kotak,0,clean
71ed0838-e8cf-48,UPI0001000718,dz4x1zhq@okaxis,d5b7dcd0-c5f,xf5gzpl1@axl,2fa2cb90-de4,139601,2024-03-16T22:14:48,Telangana,West Bengal,Axis,ICICI,0,clean
c2c878d5-72c6-4a,UPI0001004112,s8q349dx@ybl,f92d00fe-76e,gyw6zbnz@axl,9552ed81-97b,48620,2024-03-17T06:30:48,Telangana,Karnataka,HDFC,Kotak,0,clean
317847ef-55e3-4c,UPI0001003626,g68a1arr@ybl,93972fa1-bff,irym81cm@oksbi,4956140d-046,156853,2024-03-17T08:11:13,Gujarat,Tamil Nadu,Kotak,PNB,0,clean
6c5e7573-4ae5-45,UPI0001001094,ejzhyapd@icici,fc2bbd6e-bd4,04chsdin@okaxis,7193a5d0-081,84795,2024-03-16T16:05:04,Telangana,Tamil Nadu,ICICI,Kotak,0,clean
25535276-ffaf-4c,UPI0001004530,rflqbmae@apl,a2a8bd54-d6e,o83rlkte@axl,d9bc569f-b59,48156,2024-03-16T14:12:41,Karnataka,Kerala,Kotak,BOB,0,clean
04b0f83a-f471-42,UPI0001002747,6befflzm@icici,db593e75-f7b,kicjn2fo@upi,1c3c8bbe-fc6,139368,2024-03-17T09:36:14,Kerala,Kerala,ICICI,SBI,0,clean
490f84bd-bc95-4e,UPI0001003942,ufm8zov7@paytm,713db7ca-950,hx2kbvsi@oksbi,ebee6395-f0f,31794,2024-03-15T13:00:59,Tamil Nadu,Tamil Nadu,Kotak,PNB,0,clean
822308d2-ca5f-48,UPI0001000817,jluujmiy@axl,77509db0-051,kek4aegv@oksbi,6fca54c3-692,112636,2024-03-18T05:15:56,West Bengal,West Bengal,ICICI,PNB,0,clean
178940da-4f82-44,UPI0001002787,ildzmfb7@axl,9749e680-bdd,95g3v23g@icici,87088df9-723,26811,2024-03-16T22:49:18,Maharashtra,Kerala,PNB,ICICI,0,clean
1f4d52d0-71bd-47,UPI0001000289,xxbw01pd@ibl,76fbf235-4af,szjnvc7h@axl,e08eea9e-3fa,38758,2024-03-15T13:48:16,Maharashtra,Telangana,SBI,BOB,0,clean
141996f2-f370-44,UPI0001000311,0vm59m6m@okaxis,f9cbacae-054,8xg8y72i@oksbi,958464e8-619,120498,2024-03-18T01:37:54,Telangana,Gujarat,HDFC,Axis,0,clean
b9023886-9d43-47,UPI0001001579,sdygflij@okaxis,f4e28f71-353,i04b7p47@ybl,a3267200-292,121726,2024-03-17T02:36:14,Telangana,Kerala,Axis,BOB,0,clean
6defda9e-750f-41,UPI0001000733,ifrml29q@ybl,7e962fc5-e68,rq9nz612@okaxis,1b4f813a-e5e,58270,2024-03-16T19:12:30,Tamil Nadu,Karnataka,ICICI,BOB,0,clean
ef42edb8-2361-46,UPI0001002083,lzse99f7@oksbi,ce4481c5-154,tjlmz04x@okaxis,2bd5d145-db0,59618,2024-03-17T23:32:02,Karnataka,Kerala,ICICI,Axis,0,clean
3ba86497-54c5-47,UPI0001000228,xie0rnuj@paytm,7c49cd93-294,dtv25ao2@icici,9e8d1dde-c69,20596,2024-03-17T01:02:51,Maharashtra,Tamil Nadu,PNB,HDFC,0,clean
69e453d5-fe66-4f,UPI0001000382,k2n7h9g1@ybl,917fb905-ca8,zei3zrrh@oksbi,8a34eeb1-73d,42077,2024-03-16T09:22:55,Telangana,Kerala,PNB,PNB,0,clean
67002405-a63f-47,UPI0001003775,pdtz91x7@oksbi,676d9892-38a,hgbmfbuv@upi,aab2c0e3-bcd,110372,2024-03-15T12:41:34,Gujarat,West Bengal,SBI,SBI,0,clean
26aad10e-bbe0-4a,UPI0001001229,zr1yxr2d@okaxis,c1059074-ebc,091c795r@upi,e21f0d08-204,192619,2024-03-16T06:44:06,Karnataka,Karnataka,Axis,BOB,0,clean
b0a8b0e5-f9ad-40,UPI0001000549,60plozjc@upi,d72284a1-243,mx3y9rge@axl,10c50102-d01,166000,2024-03-17T08:32:01,West Bengal,Kerala,SBI,SBI,0,clean
7b1ee24d-d76e-45,UPI0001001274,6kvpuc8d@okaxis,09e9b54f-d22,kqxlm5q2@axl,96141255-6de,92163,2024-03-16T17:48:08,Telangana,West Bengal,PNB,BOB,0,clean
4c920f2c-643a-49,UPI0001001310,dr5xyfc4@paytm,172a1c93-d06,o57p6bkl@ibl,a0f35ea4-53a,60116,2024-03-16T08:39:55,Telangana,Tamil Nadu,SBI,Kotak,0,clean
fe5e130c-cba5-48,UPI0001000159,u83g47rr@ybl,043e14fa-255,fgzvrctl@icici,8e73c27c-e02,157170,2024-03-18T05:18:21,Gujarat,Karnataka,PNB,BOB,0,clean
02eef923-7273-41,UPI0001003431,d76szn9d@ibl,d020762f-d26,uflsehud@icici,168777e2-a06,59853,2024-03-16T21:26:26,Maharashtra,Karnataka,Kotak,Axis,0,clean
0a20d8fc-3791-4b,UPI0001003980,9v20yar8@okaxis,d55a6885-690,s5nkb4eh@apl,7ed57be9-1ec,88832,2024-03-17T04:17:48,Tamil Nadu,Karnataka,PNB,Kotak,0,clean
7d7d22e8-7eef-44,UPI0001002535,w2lm349e@upi,52515f9c-046,kqxlm5q2@axl,96141255-6de,99864,2024-03-16T01:20:58,West Bengal,West Bengal,Kotak,BOB,0,clean
4f991f1d-278c-4b,UPI0001002208,rc6zs62y@oksbi,f17ab0c6-4a0,0kgazu41@ybl,deda1626-f82,101712,2024-03-18T10:29:43,Karnataka,Maharashtra,SBI,HDFC,0,clean
f5dcdd6d-0051-45,UPI0001003918,vgww4fyb@ibl,baf6a88b-8a5,ivuzzpqk@ybl,1175d2fb-cc9,175793,2024-03-17T16:44:19,Tamil Nadu,Tamil Nadu,HDFC,BOB,0,clean
25da0119-1421-48,UPI0001001439,7rb1s9dw@ibl,fdf65419-e86,hgbmfbuv@upi,aab2c0e3-bcd,143915,2024-03-17T15:55:00,Tamil Nadu,West Bengal,PNB,SBI,0,clean
43bea54e-89eb-40,UPI0001004357,vgox22in@okaxis,9d6a6b21-955,d9fkxzuu@axl,1433fde1-1dd,127880,2024-03-17T11:56:08,Kerala,Tamil Nadu,Axis,PNB,0,clean
4a0bdde8-67cc-4f,UPI0001001265,w3zkwdee@paytm,0d7b14ce-3fb,95g3v23g@icici,87088df9-723,179700,2024-03-15T13:05:30,Telangana,Kerala,SBI,ICICI,0,clean
9c0ca434-f634-4d,UPI0001000422,p8637zgf@icici,6443ed3b-45a,cjiwvhdk@apl,92a1d000-b37,78933,2024-03-16T23:12:50,Kerala,West Bengal,Axis,ICICI,0,clean
2a5d988d-25e9-4f,UPI0001001167,oieves6f@oksbi,4c26e044-3e8,sygjjfgj@paytm,333e6ba7-55b,87320,2024-03-17T13:07:26,West Bengal,Kerala,ICICI,Axis,0,clean
21ad0d51-59ca-4d,UPI0001003358,udojen0j@apl,f8265746-bc4,c8bbi4wi@axl,72e6b18a-a53,129315,2024-03-16T01:39:25,West Bengal,Gujarat,BOB,PNB,0,clean
7012bd3f-5556-41,UPI0001003444,e9vifttd@ibl,afcf7781-db7,4ivsolml@oksbi,3f8344dd-51d,190170,2024-03-16T15:06:03,Telangana,Telangana,Axis,SBI,0,clean
9af43ae2-549a-4e,UPI0001003055,n7s55j2o@icici,0c084f0a-36d,961j88qe@apl,08348a0c-8d8,101956,2024-03-16T18:22:02,Karnataka,Telangana,ICICI,Kotak,0,clean
08ae5767-1be5-4f,UPI0001001706,i6yuj7yk@icici,f03c391e-8f7,tk63n2qb@okaxis,b1b0f143-ca6,18092,2024-03-15T20:06:05,Tamil Nadu,Maharashtra,Kotak,ICICI,0,clean
49d2d743-936f-4a,UPI0001001377,bikcidkw@upi,f7982aa6-df8,4vssrura@upi,955c4234-bff,36380,2024-03-17T11:25:14,Tamil Nadu,Gujarat,HDFC,PNB,0,clean
bf78d836-1b4f-4f,UPI0001000266,ezjsszwd@icici,4d45d924-039,k0ucc1m3@apl,18efcd83-447,169433,2024-03-17T15:20:02,Telangana,Gujarat,SBI,BOB,0,clean
3adbe223-5b68-4c,UPI0001004297,c01arxab@apl,a094d57c-0e5,rdihsa7h@oksbi,ecf41fd7-09b,40591,2024-03-17T00:24:54,Tamil Nadu,Karnataka,ICICI,ICICI,0,clean
b3095cef-e8bd-40,UPI0001003787,r94sz2ku@ybl,3c8e10be-1ce,nbhnal3g@ybl,b9a38cd2-91b,124931,2024-03-16T06:17:24,Telangana,Telangana,Axis,PNB,0,clean
c11abadd-21d4-41,UPI0001000483,z6us7rp4@ibl,a8bc7367-673,q57te8tv@axl,fbac67aa-dd8,186033,2024-03-17T19:47:15,Karnataka,Telangana,Kotak,PNB,0,clean
c258d1a2-053c-42,UPI0001000372,eh5sw229@upi,988a62ef-895,almjegqt@apl,5a7a5884-b49,115348,2024-03-16T16:02:14,Telangana,Tamil Nadu,Axis,SBI,0,clean
9db02bce-6ff8-44,UPI0001003702,9i6uu13i@oksbi,8752282f-7ab,5hcbbmhn@axl,d47e844a-967,142175,2024-03-16T11:10:38,Kerala,Karnataka,PNB,Kotak,0,clean
c66458b3-79c5-4d,UPI0001001684,2wgxo05q@apl,c1eb9500-3af,08j3trp0@paytm,6434509b-398,84869,2024-03-17T17:20:24,Karnataka,Karnataka,Axis,ICICI,0,clean
285a069c-4cbd-43,UPI0001004444,vgox22in@okaxis,9d6a6b21-955,1bcppvoh@icici,328ed257-23e,97821,2024-03-18T11:29:00,Kerala,Karnataka,Axis,SBI,0,clean
b72da445-561d-46,UPI0001001260,rdihsa7h@oksbi,ecf41fd7-09b,tuw6taq6@upi,409c06a8-91d,34438,2024-03-16T21:16:02,Karnataka,Gujarat,ICICI,Axis,0,clean
cdbcbf50-99e1-4b,UPI0001000029,fazz81sd@paytm,4e1490f5-c9d,b94874fr@okaxis,c672a0f6-187,165426,2024-03-15T10:33:10,Rajasthan,Uttarakhand,BOB,BOB,1,L1→L2
afa2b61b-9ba2-4e,UPI0001001506,xorzpgu2@okaxis,150b1c69-9d5,mcqbnkx9@ibl,8afc3470-686,141520,2024-03-18T10:43:44,Kerala,Tamil Nadu,ICICI,Kotak,0,clean
d2ce51fc-26e5-48,UPI0001001002,nn8ztv05@ibl,b38f2bd8-1fb,o119xp9n@apl,84e5cbf1-b6a,99019,2024-03-16T07:06:25,Karnataka,Maharashtra,BOB,Axis,0,clean
bb95161f-8c4a-49,UPI0001001144,cqse3tv1@oksbi,3efd782c-6ec,z2t4h20r@ybl,d41e17b8-b9f,181820,2024-03-16T21:01:13,Gujarat,Tamil Nadu,Axis,HDFC,0,clean
74541ca3-3955-4b,UPI0001000644,la100qxm@ibl,b9b04561-3db,tkcd0rle@okaxis,ba81f20d-2be,83400,2024-03-15T11:54:13,Telangana,Gujarat,BOB,SBI,0,clean
31a57c51-075b-43,UPI0001000126,t0mq8abk@ybl,9638e7a0-a3a,ybisbo55@paytm,0adcc0b2-719,76163,2024-03-16T07:21:46,West Bengal,Kerala,Kotak,ICICI,0,clean
6eb558bf-c3e0-48,UPI0001000636,eyr8lnoe@upi,ae9b4688-14f,ifrml29q@ybl,7e962fc5-e68,53384,2024-03-16T17:53:58,Telangana,Tamil Nadu,BOB,ICICI,0,clean
99365b7a-1114-46,UPI0001001108,vpw232ut@icici,10888114-863,vqy5ibpt@ybl,6254431b-8f0,183072,2024-03-17T21:01:54,Gujarat,Tamil Nadu,HDFC,HDFC,0,clean
5379d7f8-8c2e-4e,UPI0001003870,hx2kbvsi@oksbi,ebee6395-f0f,e1i1p0bq@ibl,3130fc81-4e9,141815,2024-03-15T22:14:32,Tamil Nadu,Tamil Nadu,PNB,Kotak,0,clean
ab9c2c7c-6071-41,UPI0001001214,sdygflij@okaxis,f4e28f71-353,9qm3p91i@upi,292ebd50-376,101640,2024-03-15T23:59:26,Telangana,West Bengal,Axis,BOB,0,clean
ce19ad4f-f579-4e,UPI0001003623,zrf5a7qy@icici,4b4c4d05-3db,h61iaoim@ybl,e6db924d-173,97639,2024-03-15T11:33:00,Gujarat,West Bengal,PNB,ICICI,0,clean
d0970d14-c968-41,UPI0001001099,6zpxvpbl@okaxis,aadb54c8-2d0,jcitfoyq@ybl,56227fb1-a5a,72436,2024-03-17T15:37:07,Kerala,Karnataka,Axis,HDFC,0,clean
1994b2bc-4a9a-4e,UPI0001003864,asifpwio@ibl,66abea7e-d1b,cd81twhw@okaxis,215eaeac-210,68598,2024-03-15T11:34:23,Kerala,Kerala,Kotak,BOB,0,clean
db2fd57f-8473-4c,UPI0001001269,sb4gf16y@ibl,b39346ac-8d2,mqg1ved3@ibl,9abe9954-38e,15684,2024-03-16T16:44:05,Telangana,Tamil Nadu,HDFC,ICICI,0,clean
49d77025-a9e6-45,UPI0001003210,fr91ipwh@upi,0e051c39-642,5cozroou@oksbi,1731ed06-891,174094,2024-03-16T11:06:54,West Bengal,Kerala,SBI,ICICI,0,clean
2189f72c-aaa5-49,UPI0001002229,hy8nbiqu@axl,294c42d1-181,moge4qxx@ybl,686a9e6d-c61,125377,2024-03-17T17:54:20,Kerala,Gujarat,PNB,SBI,0,clean
3e406208-f5c0-4a,UPI0001002485,6wpx2cyo@icici,8e6b6450-5a7,qfwwxr5r@ibl,26cdf408-d84,108597,2024-03-18T07:17:04,West Bengal,Maharashtra,BOB,ICICI,0,clean
603a43c8-d526-4e,UPI0001000059,091c795r@upi,e21f0d08-204,gu3obygh@oksbi,b3e30a41-88d,120713,2024-03-17T15:40:48,Karnataka,Tamil Nadu,BOB,ICICI,0,clean
bf11df38-4e25-48,UPI0001003198,sygjjfgj@paytm,333e6ba7-55b,3dd03uvu@upi,cf3db828-3cc,8739,2024-03-16T13:57:02,Kerala,Tamil Nadu,Axis,PNB,0,clean
6707d606-c28e-4f,UPI0001004341,aacosym0@paytm,7cd0e4eb-ec5,7gu0env5@icici,f2e7fec2-ac8,146878,2024-03-17T23:32:38,Kerala,West Bengal,HDFC,Axis,0,clean
5e74f626-f94c-4c,UPI0001001777,so8w5038@okaxis,0a9225e3-208,6befflzm@icici,db593e75-f7b,4882,2024-03-16T12:16:47,Karnataka,Kerala,Axis,ICICI,0,clean
0b39b8a8-7e41-4f,UPI0001003978,48c1cqg4@apl,88ccb91c-dbb,mcqbnkx9@ibl,8afc3470-686,129103,2024-03-18T03:22:51,Tamil Nadu,Tamil Nadu,BOB,Kotak,0,clean
c3caf313-182f-43,UPI0001003393,239moft6@axl,0f7c79b6-edf,z2sf6f7l@apl,f4ac893c-cd3,197605,2024-03-17T18:27:39,Karnataka,Karnataka,ICICI,Kotak,0,clean
8b8b5734-8d91-4b,UPI0001001006,hzn4kgeu@okaxis,10818e5f-69f,moge4qxx@ybl,686a9e6d-c61,104556,2024-03-17T17:42:25,Telangana,Gujarat,BOB,SBI,0,clean
d9322106-3b06-4e,UPI0001001686,0ui22kx7@apl,0cb4a777-b67,mpkxvhag@paytm,0a090c2a-c48,115870,2024-03-16T21:36:04,Karnataka,Tamil Nadu,Axis,SBI,0,clean
639e8c8e-a0f0-42,UPI0001004125,u7u6n7hv@okaxis,1c4fe2d7-dac,il8sa3id@upi,0ff28a1c-817,61212,2024-03-15T19:33:47,Tamil Nadu,Gujarat,SBI,SBI,0,clean
a33620d6-e9da-49,UPI0001000940,snwywrra@icici,2981fe0d-fe0,o57p6bkl@ibl,a0f35ea4-53a,48176,2024-03-17T11:52:20,Karnataka,Tamil Nadu,Axis,Kotak,0,clean
1686029a-bb06-4a,UPI0001002151,so8w5038@okaxis,0a9225e3-208,tqlgzui1@ybl,109f1976-af5,18069,2024-03-16T18:58:07,Karnataka,West Bengal,Axis,ICICI,0,clean
7cd48e98-7964-4c,UPI0001002665,nmby49e7@ibl,68a8ef6f-279,uuxk0are@ibl,7992b6ba-0fd,116712,2024-03-17T15:10:09,Kerala,Telangana,Axis,BOB,0,clean
c4bb5029-4739-4e,UPI0001001107,1g1r1dww@apl,2645ceb7-5d8,rkmby9ip@ybl,f5ed200a-714,82596,2024-03-18T02:09:03,Karnataka,Maharashtra,Axis,HDFC,0,clean
91799ab1-db9d-4d,UPI0001000699,0t9nt3w5@okaxis,da315726-456,fgzvrctl@icici,8e73c27c-e02,44644,2024-03-18T00:30:06,Tamil Nadu,Karnataka,PNB,BOB,0,clean
bada9817-d5f6-42,UPI0001002763,1n0lh9p8@oksbi,3e215a9e-0c6,n4regb1a@paytm,29d0cf3a-270,83683,2024-03-15T15:31:39,Tamil Nadu,Gujarat,PNB,Axis,0,clean
e0d1fce0-3ae2-42,UPI0001004327,vgww4fyb@ibl,baf6a88b-8a5,7gu0env5@icici,f2e7fec2-ac8,187105,2024-03-18T07:39:11,Tamil Nadu,West Bengal,HDFC,Axis,0,clean
8293e151-ab0e-4d,UPI0001004312,zmf8mdd4@paytm,d6a9a633-5ca,j16dvtja@ybl,404bee3c-794,123821,2024-03-17T14:50:04,Tamil Nadu,Karnataka,BOB,Kotak,0,clean
040a21b0-fd09-40,UPI0001002902,sygjjfgj@paytm,333e6ba7-55b,4j3dab42@okaxis,528a0fca-b7e,138944,2024-03-17T07:58:27,Kerala,Karnataka,Axis,BOB,0,clean
647895f8-0dde-4d,UPI0001003800,gu3obygh@oksbi,b3e30a41-88d,u9n79gil@upi,388edc83-947,159074,2024-03-17T02:31:03,Tamil Nadu,Karnataka,ICICI,Kotak,0,clean
6ac56d24-215c-4b,UPI0001001203,7rm6j8y6@axl,36890ab2-d16,9yecazrp@oksbi,388259e0-08a,2191,2024-03-18T01:09:44,Kerala,Maharashtra,PNB,SBI,0,clean
6a5560b4-66f8-4e,UPI0001000927,ch8jwwdx@oksbi,b6a72442-d1f,08j3trp0@paytm,6434509b-398,59921,2024-03-17T16:54:09,West Bengal,Karnataka,HDFC,ICICI,0,clean
d13ca1ad-a775-40,UPI0001002943,yc3rwqmm@icici,8b3a52b5-76e,yv3lxchf@ybl,05438732-9d3,61615,2024-03-17T19:02:23,Tamil Nadu,Tamil Nadu,Kotak,BOB,0,clean
7f700c74-1c79-4d,UPI0001000495,0cdk36m8@paytm,e75380e3-936,7h23c42y@oksbi,dac36c42-184,50703,2024-03-15T22:22:39,Tamil Nadu,Telangana,HDFC,PNB,0,clean
83f2caa0-0dc8-43,UPI0001003604,so8w5038@okaxis,0a9225e3-208,jdm5fc79@upi,a083e671-4cd,67323,2024-03-18T09:52:43,Karnataka,Maharashtra,Axis,Kotak,0,clean
87c1a7da-7895-4d,UPI0001001958,y4lmct64@oksbi,c2a29e5d-a8f,vpw232ut@icici,10888114-863,37549,2024-03-17T22:36:34,West Bengal,Gujarat,BOB,HDFC,0,clean
dccdfe9b-a9c2-48,UPI0001003261,qzxebb9e@okaxis,8ebd5aae-250,z2sf6f7l@apl,f4ac893c-cd3,98261,2024-03-16T10:32:57,West Bengal,Karnataka,Kotak,Kotak,0,clean
2d16b2a5-69b5-4a,UPI0001004783,mxb9yo18@apl,59117312-cf3,irym81cm@oksbi,4956140d-046,132847,2024-03-17T00:26:09,Gujarat,Tamil Nadu,SBI,PNB,0,clean
d0ad92a1-df93-47,UPI0001001756,x7pwo6cm@upi,2500e1a0-89a,et8t63j3@axl,e4ac4b23-0d3,188527,2024-03-17T13:48:56,Karnataka,Karnataka,ICICI,BOB,0,clean
b4cdf96b-7180-43,UPI0001000786,vqy5ibpt@ybl,6254431b-8f0,mxb9yo18@apl,59117312-cf3,143218,2024-03-16T07:57:42,Tamil Nadu,Gujarat,HDFC,SBI,0,clean
8c16ad95-0805-42,UPI0001001927,c2htmqwy@icici,f56a4c57-7ae,hrrpzlk3@ibl,8b84e2d0-e1e,115347,2024-03-16T04:58:38,West Bengal,West Bengal,BOB,SBI,0,clean
34753eef-8ff3-41,UPI0001004105,q1s05wnw@upi,8ed524ee-6d2,lq5v4ftq@paytm,15386809-9f2,94682,2024-03-18T06:03:12,Maharashtra,Maharashtra,PNB,Kotak,0,clean
7e83b1ed-7f74-47,UPI0001004342,al8m1g9f@paytm,f6b9e535-824,38diuovw@icici,83febe55-d55,178626,2024-03-16T02:08:44,Maharashtra,Karnataka,BOB,Axis,0,clean
4a9e5164-bb5f-47,UPI0001000272,ezqacj4t@icici,8eb3737e-59f,5xlk8wru@ybl,4c2dd6a9-8c7,116735,2024-03-16T03:30:25,West Bengal,Karnataka,Axis,SBI,0,clean
94533154-645e-45,UPI0001002742,wr7mkgxu@paytm,f8967d89-388,zrf5a7qy@icici,4b4c4d05-3db,150602,2024-03-15T23:51:25,Kerala,Gujarat,SBI,PNB,0,clean
2c3b6516-4aec-4a,UPI0001002081,2sds8b25@icici,bd9e7438-8f4,03o4gkww@paytm,a371a87c-ef1,68855,2024-03-16T15:45:03,Telangana,Gujarat,ICICI,PNB,0,clean
40885db4-864b-4e,UPI0001002716,dn5gjj8m@oksbi,daefad95-27b,ccprhvlz@upi,e917e480-79b,174121,2024-03-18T07:57:46,Kerala,Telangana,Axis,Axis,0,clean
405c1ece-6141-4a,UPI0001003695,vqy5ibpt@ybl,6254431b-8f0,9ltajw25@okaxis,2443c8c7-7e8,197391,2024-03-17T21:07:23,Tamil Nadu,West Bengal,HDFC,PNB,0,clean
bbed5c66-dd40-46,UPI0001003700,nmby49e7@ibl,68a8ef6f-279,c2ihoy7d@paytm,e4f996dd-100,192160,2024-03-18T07:08:42,Kerala,Tamil Nadu,Axis,BOB,0,clean
cd035c8e-557e-42,UPI0001001346,qzsa7yvd@axl,3c3a17d9-186,vt997e4u@upi,6ffdcb98-a38,93395,2024-03-16T02:55:44,Tamil Nadu,Gujarat,SBI,Kotak,0,clean
4bd633fa-eeed-49,UPI0001003445,x1gm32wp@okaxis,56954669-560,gh2m5zja@okaxis,835cb61e-36d,37576,2024-03-17T07:36:08,Kerala,Maharashtra,HDFC,SBI,0,clean
5fa5e155-e00c-46,UPI0001001980,ildzmfb7@axl,9749e680-bdd,1n0lh9p8@oksbi,3e215a9e-0c6,5705,2024-03-18T01:12:36,Maharashtra,Tamil Nadu,PNB,PNB,0,clean
efae4fe4-9981-41,UPI0001003351,c2htmqwy@icici,f56a4c57-7ae,css9toqw@upi,5ff36244-509,137394,2024-03-16T08:30:18,West Bengal,Maharashtra,BOB,ICICI,0,clean
5d0ad41b-f832-48,UPI0001003289,2zbppfo5@upi,c3f5b069-37e,82kb700u@ybl,dcd27afa-05a,156244,2024-03-15T23:17:39,Maharashtra,Maharashtra,Kotak,PNB,0,clean
eda5ed16-c5c0-40,UPI0001003299,qfwwxr5r@ibl,26cdf408-d84,irym81cm@oksbi,4956140d-046,191279,2024-03-17T12:28:44,Maharashtra,Tamil Nadu,ICICI,PNB,0,clean
c0d66b14-8881-43,UPI0001002479,zrf5a7qy@icici,4b4c4d05-3db,qvs8a0tp@axl,964a35db-404,148667,2024-03-18T10:52:06,Gujarat,Telangana,PNB,Kotak,0,clean
ea01a028-8ddd-4f,UPI0001002503,ofas1ekt@axl,de630927-308,ezjsszwd@icici,4d45d924-039,79036,2024-03-17T17:39:44,Maharashtra,Telangana,BOB,SBI,0,clean
d4764686-6486-4e,UPI0001003888,nmkza3oa@ybl,e74929a0-019,3dd03uvu@upi,cf3db828-3cc,8197,2024-03-16T20:04:45,Karnataka,Tamil Nadu,Kotak,PNB,0,clean
1985f2f0-a19a-4c,UPI0001004166,19qzpniq@oksbi,10d15b04-d6f,6befflzm@icici,db593e75-f7b,119935,2024-03-18T03:28:33,Tamil Nadu,Kerala,ICICI,ICICI,0,clean
4cbb56da-d834-4c,UPI0001001136,aiy4va13@ybl,143b620b-637,60plozjc@upi,d72284a1-243,71957,2024-03-17T09:36:03,Maharashtra,West Bengal,BOB,SBI,0,clean
c346546f-053e-46,UPI0001003482,9tr74qge@oksbi,2dc01c43-46d,8qqvaecw@okaxis,6ba34083-55e,35053,2024-03-15T15:38:34,Telangana,Maharashtra,PNB,PNB,0,clean
455a7359-6580-47,UPI0001001903,aacosym0@paytm,7cd0e4eb-ec5,7y2lofn1@axl,075bde03-879,101399,2024-03-16T10:52:34,Kerala,Maharashtra,HDFC,HDFC,0,clean
3470a726-e929-42,UPI0001002205,je2ab2rv@upi,8cc02af2-3b1,uzpeal2w@upi,05950436-fc1,168639,2024-03-15T15:53:17,West Bengal,Telangana,BOB,SBI,0,clean
0d25eeca-9758-4e,UPI0001004680,fr91ipwh@upi,0e051c39-642,jcn9j3gc@okaxis,59d7c029-a96,31103,2024-03-16T13:40:15,West Bengal,Tamil Nadu,SBI,Kotak,0,clean
0d7e26fe-2e50-42,UPI0001001484,gn1w1ht7@axl,61e9276c-1e5,kqxlm5q2@axl,96141255-6de,26052,2024-03-18T07:47:54,Tamil Nadu,West Bengal,PNB,BOB,0,clean
e739614a-57be-4e,UPI0001001252,o2m71hss@ybl,6cafa98d-8f3,091c795r@upi,e21f0d08-204,136227,2024-03-18T02:49:25,Tamil Nadu,Karnataka,SBI,BOB,0,clean
2ca59978-24d3-49,UPI0001003690,1oxrwk8r@apl,0051a9ea-fd9,e46aexl6@paytm,cb20a360-856,4946,2024-03-18T07:27:14,Karnataka,Gujarat,ICICI,PNB,0,clean
f01b785e-f8e6-4c,UPI0001004532,webnvg5v@upi,e2bf96c9-371,hyp9umyg@ibl,5327d76c-929,24178,2024-03-17T22:04:32,Telangana,Maharashtra,ICICI,PNB,0,clean
4f53279a-3244-43,UPI0001000188,rw6tm2o0@icici,7b3b2f4a-e30,c01arxab@apl,a094d57c-0e5,44729,2024-03-15T18:53:12,Karnataka,Tamil Nadu,ICICI,ICICI,0,clean
5eeea2cb-fdb3-43,UPI0001001383,ev361xsn@ybl,253a3b26-f4f,ytwbozd1@ybl,9637a7ac-2e7,161293,2024-03-17T11:10:37,Gujarat,Tamil Nadu,PNB,Kotak,0,clean
2dc10d8c-feb0-4e,UPI0001003148,1oxrwk8r@apl,0051a9ea-fd9,tuw6taq6@upi,409c06a8-91d,115997,2024-03-15T17:22:36,Karnataka,Gujarat,ICICI,Axis,0,clean
77ba36ec-b03d-4e,UPI0001001638,7azv2efu@ibl,68d7613a-6e9,61bw4a7f@axl,69e6f60e-2f1,125535,2024-03-16T07:52:41,Telangana,Maharashtra,SBI,SBI,0,clean
f9114b4d-1a76-42,UPI0001002590,ftaxp0wf@apl,c8a9e7b7-950,f6a4fejg@ybl,0ab1b956-6ec,144611,2024-03-16T03:23:38,Gujarat,West Bengal,Kotak,HDFC,0,clean
2853b3e4-bdf0-42,UPI0001001926,jtgq01te@ibl,f43f6c1a-19d,ezqacj4t@icici,8eb3737e-59f,22417,2024-03-15T18:45:27,Tamil Nadu,West Bengal,ICICI,Axis,0,clean
2c6428d8-b6b9-44,UPI0001004259,hgbmfbuv@upi,aab2c0e3-bcd,il8sa3id@upi,0ff28a1c-817,149910,2024-03-17T20:01:15,West Bengal,Gujarat,SBI,SBI,0,clean
f0080048-a410-4e,UPI0001003186,aji0y6dp@ybl,db6e078e-7f2,0lthy25m@oksbi,3c04574b-b03,22177,2024-03-16T03:41:28,Tamil Nadu,Kerala,SBI,ICICI,0,clean
b78c462f-8082-49,UPI0001003742,lem1qq4d@paytm,876e2b47-793,gh2m5zja@okaxis,835cb61e-36d,42025,2024-03-18T08:08:26,Telangana,Maharashtra,BOB,SBI,0,clean
0055f378-2cb8-43,UPI0001000215,erxdouad@paytm,3396a1f3-654,fqjja26y@oksbi,51114166-54e,180852,2024-03-15T19:25:19,Maharashtra,Kerala,Kotak,SBI,0,clean
48e8f8aa-dbf8-42,UPI0001000891,5cozroou@oksbi,1731ed06-891,erxdouad@paytm,3396a1f3-654,183141,2024-03-15T12:26:59,Kerala,Maharashtra,ICICI,Kotak,0,clean
4bcbcb83-70ec-4a,UPI0001002877,iiji44m2@ibl,333ff240-187,vqyiy1sy@oksbi,692618fb-a65,22880,2024-03-17T17:57:55,Karnataka,Gujarat,SBI,ICICI,0,clean
35d1333c-92e4-4d,UPI0001004742,gn1w1ht7@axl,61e9276c-1e5,ng2igsb9@oksbi,b7684321-a5d,19153,2024-03-17T18:01:38,Tamil Nadu,Telangana,PNB,Kotak,0,clean
c17e1660-bad9-40,UPI0001003310,j9rm7pyx@ibl,4a9e6a11-177,ezqacj4t@icici,8eb3737e-59f,199838,2024-03-17T14:08:09,Gujarat,West Bengal,BOB,Axis,0,clean
fe4e4237-76fb-4b,UPI0001000957,eh5sw229@upi,988a62ef-895,x7pwo6cm@upi,2500e1a0-89a,37229,2024-03-18T06:14:19,Telangana,Karnataka,Axis,ICICI,0,clean
e3421c46-32e0-4e,UPI0001001303,kuuhclrr@ibl,9658742d-f26,9ryllwb7@icici,786ee19f-951,159883,2024-03-15T11:37:19,West Bengal,Gujarat,Kotak,SBI,0,clean
9d34aed4-da66-4f,UPI0001004313,irym81cm@oksbi,4956140d-046,ofas1ekt@axl,de630927-308,159962,2024-03-15T20:20:30,Tamil Nadu,Maharashtra,PNB,BOB,0,clean
b8823050-b89c-4e,UPI0001002272,c2ihoy7d@paytm,e4f996dd-100,f5gcl9lc@axl,07d8fa8c-cff,199954,2024-03-17T10:16:11,Tamil Nadu,Telangana,BOB,ICICI,0,clean
a7c83903-136c-42,UPI0001000851,rlf8a9ke@axl,0a10972f-813,2ei9212p@okaxis,bf8daac7-444,105325,2024-03-18T03:16:59,Kerala,Kerala,PNB,SBI,0,clean
fac8dfff-fed9-4d,UPI0001000400,qxm0632c@paytm,fc67a622-d29,95g3v23g@icici,87088df9-723,95336,2024-03-15T13:58:09,Tamil Nadu,Kerala,Kotak,ICICI,0,clean
107f48b7-b820-48,UPI0001001057,s8q349dx@ybl,f92d00fe-76e,82kb700u@ybl,dcd27afa-05a,85016,2024-03-16T12:35:05,Telangana,Maharashtra,HDFC,PNB,0,clean
dbd9d7df-226b-43,UPI0001003353,w6m7b5c8@paytm,6ac34a96-9d8,hxid4n1u@apl,5830f07f-146,59911,2024-03-17T16:57:05,Gujarat,Kerala,PNB,BOB,0,clean
e543e265-ee68-49,UPI0001001069,2jwoclyt@upi,92c5bab8-7ba,xie0rnuj@paytm,7c49cd93-294,180681,2024-03-17T15:54:56,Telangana,Maharashtra,PNB,PNB,0,clean
f0493980-0b51-46,UPI0001004268,aacosym0@paytm,7cd0e4eb-ec5,0ljch2vf@oksbi,cab331dd-0d9,149711,2024-03-17T14:41:12,Kerala,West Bengal,HDFC,Axis,0,clean
a2310756-118f-41,UPI0001004694,i04b7p47@ybl,a3267200-292,0kgazu41@ybl,deda1626-f82,102758,2024-03-16T06:53:50,Kerala,Maharashtra,BOB,HDFC,0,clean
855f3b00-b3a0-42,UPI0001000955,dh0uyhnq@icici,ea03df36-47b,811kerpe@icici,c1a2cc6d-cfd,21207,2024-03-16T17:34:00,Tamil Nadu,Maharashtra,HDFC,PNB,0,clean
cbb6c5f4-437f-4b,UPI0001003777,xlez896d@apl,1f77ec31-a37,vn1x2gdg@paytm,b8323e22-9c7,10859,2024-03-16T19:34:41,Telangana,West Bengal,Kotak,Axis,0,clean
14c4357e-d993-42,UPI0001002220,8ra484nl@paytm,bb2eba83-a1c,d9fkxzuu@axl,1433fde1-1dd,76904,2024-03-16T17:43:38,Gujarat,Tamil Nadu,Axis,PNB,0,clean
4d1dbc7c-3e8e-40,UPI0001004274,9v20yar8@okaxis,d55a6885-690,1zxyvgiu@okaxis,855b24d8-016,138175,2024-03-16T08:33:33,Tamil Nadu,Gujarat,PNB,ICICI,0,clean
ff306234-5363-4f,UPI0001000152,md270stl@apl,05beb72c-5c8,irym81cm@oksbi,4956140d-046,127613,2024-03-17T14:51:58,West Bengal,Tamil Nadu,Axis,PNB,0,clean
5a76c4fb-0d3b-4b,UPI0001001662,wusxlmt2@axl,cdd27bc1-dc1,hyexf7jx@paytm,855c736c-1a1,158141,2024-03-16T21:01:40,Gujarat,Telangana,ICICI,SBI,0,clean
34ce505c-99a2-4a,UPI0001004354,b9w4uov5@paytm,1dff960e-c72,h25llo3r@ybl,61c41a5e-2b8,21452,2024-03-17T19:18:04,West Bengal,Maharashtra,PNB,BOB,0,clean
3c72134e-02c9-4b,UPI0001000746,091c795r@upi,e21f0d08-204,9boq0iq2@oksbi,45a62da6-105,83318,2024-03-16T05:22:18,Karnataka,West Bengal,BOB,SBI,0,clean
f659a76d-b3ae-43,UPI0001000435,qvs8a0tp@axl,964a35db-404,091c795r@upi,e21f0d08-204,107617,2024-03-16T00:37:23,Telangana,Karnataka,Kotak,BOB,0,clean
112650af-8d08-43,UPI0001000735,hyp9umyg@ibl,5327d76c-929,xyjoa21a@oksbi,27c58270-7c1,166580,2024-03-18T00:35:50,Maharashtra,Karnataka,PNB,PNB,0,clean
6e2f8677-eb72-4d,UPI0001002592,i6yuj7yk@icici,f03c391e-8f7,2muljavb@paytm,42174022-e10,167442,2024-03-18T01:46:46,Tamil Nadu,Kerala,Kotak,SBI,0,clean
7a02e69b-8c17-4d,UPI0001002021,rlf8a9ke@axl,0a10972f-813,nbhds26f@upi,6cb62eb2-7f2,188223,2024-03-17T19:30:47,Kerala,Tamil Nadu,PNB,Axis,0,clean
8f4b044d-2214-4d,UPI0001001040,reiyaz39@apl,75d4c470-c88,nn8ztv05@ibl,b38f2bd8-1fb,130629,2024-03-18T07:36:40,Karnataka,Karnataka,PNB,BOB,0,clean
089d8ebb-1a75-40,UPI0001004352,70e3p15a@okaxis,d87ecdc6-34f,rdihsa7h@oksbi,ecf41fd7-09b,190923,2024-03-15T18:25:34,Karnataka,Karnataka,SBI,ICICI,0,clean
8569a568-e8dd-40,UPI0001003861,0me8f840@apl,d2acd40e-25c,a3kkrzd5@oksbi,e9b226cc-92f,22824,2024-03-17T02:35:42,Maharashtra,Maharashtra,BOB,ICICI,0,clean
412fe430-1e24-49,UPI0001003743,ifrml29q@ybl,7e962fc5-e68,8k06moxs@oksbi,116067d7-992,99645,2024-03-17T14:30:21,Tamil Nadu,Kerala,ICICI,HDFC,0,clean
82c85635-eca4-4e,UPI0001002929,kmy9x8sy@upi,3a2ea2b9-ebe,h61iaoim@ybl,e6db924d-173,4343,2024-03-15T19:15:52,Gujarat,West Bengal,PNB,ICICI,0,clean
e7c3d4a3-19a7-4e,UPI0001002698,0q0mftg6@ybl,1c02f161-954,xxbw01pd@ibl,76fbf235-4af,8143,2024-03-17T05:44:36,Gujarat,Maharashtra,Kotak,SBI,0,clean
36ba7665-bce3-4f,UPI0001000285,xqkwqh5k@paytm,28070a63-70b,0ljch2vf@oksbi,cab331dd-0d9,177082,2024-03-18T01:37:14,Karnataka,West Bengal,Axis,Axis,0,clean
bc35c62c-93c7-4a,UPI0001001115,o75rh8lx@ibl,08de2ce8-4d4,9iy4x41d@apl,e541dc70-08b,180834,2024-03-17T10:47:44,Karnataka,Karnataka,PNB,Axis,0,clean
c33b2589-116e-4e,UPI0001001793,811kerpe@icici,c1a2cc6d-cfd,x4sn6sm5@axl,b28fc016-34a,72712,2024-03-17T03:30:40,Maharashtra,Kerala,PNB,BOB,0,clean
85f948d9-66fe-4e,UPI0001000433,xb94pdzp@ibl,1f77595a-0f7,eaxylnfx@paytm,17fca863-f60,56242,2024-03-17T21:00:02,Telangana,Kerala,ICICI,ICICI,0,clean
c64bce81-1f7f-4d,UPI0001001400,b7v1w4k2@icici,6a37d574-e6f,m92h3tv3@okaxis,56581c10-823,161273,2024-03-17T04:38:38,Karnataka,West Bengal,ICICI,ICICI,0,clean
4721892c-4ab8-43,UPI0001004820,ac6pe63l@ybl,fe6486c9-5e6,nbhnal3g@ybl,b9a38cd2-91b,153902,2024-03-16T01:12:09,Tamil Nadu,Telangana,Axis,PNB,0,clean
4ca078c3-bab2-40,UPI0001000595,ejzhyapd@icici,fc2bbd6e-bd4,q1s05wnw@upi,8ed524ee-6d2,8943,2024-03-16T03:39:21,Telangana,Maharashtra,ICICI,PNB,0,clean
d047099e-dc86-42,UPI0001003501,mqg1ved3@ibl,9abe9954-38e,x7pwo6cm@upi,2500e1a0-89a,161506,2024-03-15T17:12:58,Tamil Nadu,Karnataka,ICICI,ICICI,0,clean
edf46c17-0108-41,UPI0001004325,ywp0rxxf@icici,536cc49c-7b9,4vssrura@upi,955c4234-bff,3803,2024-03-17T01:50:57,Kerala,Gujarat,Kotak,PNB,0,clean
ec02455d-4c49-47,UPI0001002650,sehe2atn@icici,d6c059ff-a09,c8bbi4wi@axl,72e6b18a-a53,147770,2024-03-18T00:21:27,Maharashtra,Gujarat,HDFC,PNB,0,clean
cbfc650c-589f-46,UPI0001001140,bfh024kw@paytm,4c7b95ce-541,vgww4fyb@ibl,baf6a88b-8a5,29619,2024-03-16T14:37:03,Gujarat,Tamil Nadu,PNB,HDFC,0,clean
69153e41-cfcd-4c,UPI0001001973,0vm59m6m@okaxis,f9cbacae-054,s8q349dx@ybl,f92d00fe-76e,40350,2024-03-16T06:56:07,Telangana,Telangana,HDFC,HDFC,0,clean
415b2cbb-6658-4c,UPI0001000627,ej31gymd@upi,213b8037-53d,8gl2zxjm@upi,dc036929-eff,64015,2024-03-17T18:38:30,Telangana,Maharashtra,HDFC,Axis,0,clean
61cb5f58-9b4c-41,UPI0001004719,p7r1m264@ibl,61dacc37-3af,xlez896d@apl,1f77ec31-a37,1566,2024-03-15T22:47:34,Kerala,Telangana,Axis,Kotak,0,clean
18869423-57d0-48,UPI0001002245,1sdieqfb@apl,98401e57-609,7dia5u6h@ibl,cc9a4f84-3ff,21995,2024-03-17T15:15:28,Karnataka,Gujarat,BOB,PNB,0,clean
8c5fd40a-a491-49,UPI0001002400,k2n7h9g1@ybl,917fb905-ca8,xtnsrtwl@upi,320db857-eb5,24625,2024-03-17T07:41:24,Telangana,Tamil Nadu,PNB,SBI,0,clean
337e4eba-0644-46,UPI0001004034,wwnc21o0@upi,0d6872fa-a63,urvqt3g8@ibl,7b0d2a9d-0f8,51360,2024-03-17T20:26:49,Kerala,Gujarat,Axis,Kotak,0,clean
a77d116a-c548-42,UPI0001004007,961j88qe@apl,08348a0c-8d8,qkojtpv6@upi,9097f736-c0b,107045,2024-03-15T14:21:16,Telangana,Tamil Nadu,Kotak,Kotak,0,clean
c4bd71aa-c1c7-4f,UPI0001001724,i7kq1uym@axl,bdef7217-228,tahukwqv@axl,c57bb97d-993,195520,2024-03-16T12:54:03,West Bengal,Tamil Nadu,BOB,BOB,0,clean
ea227bb5-a7fd-49,UPI0001001399,ay64yfds@ibl,05351dc8-a9a,d9fkxzuu@axl,1433fde1-1dd,44156,2024-03-18T06:43:49,Karnataka,Tamil Nadu,ICICI,PNB,0,clean
06929195-fb58-48,UPI0001003139,8xg8y72i@oksbi,958464e8-619,jfvyb6li@axl,93910c55-ea9,171404,2024-03-18T04:41:10,Gujarat,Karnataka,Axis,ICICI,0,clean
762083ab-8988-4d,UPI0001003098,ev361xsn@ybl,253a3b26-f4f,jcitfoyq@ybl,56227fb1-a5a,114771,2024-03-17T18:27:42,Gujarat,Karnataka,PNB,HDFC,0,clean
2c5e8d19-893e-4b,UPI0001004417,k7y6qxds@oksbi,368e12fa-90b,erxdouad@paytm,3396a1f3-654,171612,2024-03-16T09:46:10,Telangana,Maharashtra,BOB,Kotak,0,clean
8431ba73-43a1-4d,UPI0001002113,ytwbozd1@ybl,9637a7ac-2e7,lem1qq4d@paytm,876e2b47-793,54151,2024-03-16T02:28:40,Tamil Nadu,Telangana,Kotak,BOB,0,clean
a6180517-68bb-4a,UPI0001001521,mb1l6314@ibl,d40c7f91-9fe,p8637zgf@icici,6443ed3b-45a,133396,2024-03-15T23:56:27,Kerala,Kerala,ICICI,Axis,0,clean
ecf5cef9-2a2e-44,UPI0001001211,8gl2zxjm@upi,dc036929-eff,o2m71hss@ybl,6cafa98d-8f3,45267,2024-03-18T04:17:44,Maharashtra,Tamil Nadu,Axis,SBI,0,clean
49621b1e-83f2-4a,UPI0001001463,siwjm2c8@axl,76415f9b-a77,hkc856wp@axl,d4d7921f-c09,131670,2024-03-16T01:45:35,Tamil Nadu,Kerala,Kotak,SBI,0,clean
314ea1e5-f110-4b,UPI0001002463,03o4gkww@paytm,a371a87c-ef1,webnvg5v@upi,e2bf96c9-371,17616,2024-03-17T20:52:19,Gujarat,Telangana,PNB,ICICI,0,clean
9111d965-eea2-4b,UPI0001000669,wsozctwj@paytm,06c76465-950,96khub2r@icici,8faab40b-0cf,122940,2024-03-17T01:40:46,Maharashtra,Karnataka,SBI,SBI,0,clean
7bdbc65b-d0cd-41,UPI0001001950,ezjsszwd@icici,4d45d924-039,sic43olf@ybl,9553f767-1f2,60002,2024-03-17T13:38:53,Telangana,Karnataka,SBI,PNB,0,clean
89ce8e50-3720-43,UPI0001003929,dn5gjj8m@oksbi,daefad95-27b,wpaytxw1@ybl,a9a1d8cd-197,132944,2024-03-17T11:33:03,Kerala,Telangana,Axis,PNB,0,clean
9950fb73-70e0-49,UPI0001004296,xxbw01pd@ibl,76fbf235-4af,7dia5u6h@ibl,cc9a4f84-3ff,138438,2024-03-17T18:06:21,Maharashtra,Gujarat,SBI,PNB,0,clean
f7e05aef-f0bf-4f,UPI0001003769,5ll1d9s9@okaxis,4e8e9973-82f,xf7kzorq@axl,8a77df8c-2c4,133474,2024-03-18T01:43:35,Gujarat,Tamil Nadu,PNB,Kotak,0,clean
d80c6b8d-907b-43,UPI0001002979,zfhomtzz@oksbi,a65a521d-a01,xaprpn6q@oksbi,fc297e6e-aa8,43904,2024-03-17T09:28:17,West Bengal,Kerala,Axis,Axis,0,clean
d71cfe11-9d7c-48,UPI0001000185,5a5piskf@oksbi,2c0c791b-29d,w83y0mah@ibl,9ca3624a-117,176685,2024-03-15T23:55:28,Telangana,Karnataka,ICICI,ICICI,0,clean
054b3393-80ab-4a,UPI0001000150,ev361xsn@ybl,253a3b26-f4f,pb8z3v6d@okaxis,080f17ae-0d9,25622,2024-03-18T07:07:22,Gujarat,Gujarat,PNB,PNB,0,clean
22f14590-1674-45,UPI0001002369,bikcidkw@upi,f7982aa6-df8,mix7ib5n@ibl,4590ba2b-076,95062,2024-03-17T06:21:39,Tamil Nadu,Gujarat,HDFC,Axis,0,clean
94ec334a-b335-4c,UPI0001003529,stn3cpud@axl,4a22d1fb-5bc,hiuit7m1@axl,ac812895-0f0,83286,2024-03-17T13:44:27,Tamil Nadu,Karnataka,Axis,PNB,0,clean
79316933-0c36-4d,UPI0001004529,xie0rnuj@paytm,7c49cd93-294,udojen0j@apl,f8265746-bc4,116748,2024-03-16T11:14:00,Maharashtra,West Bengal,PNB,BOB,0,clean
a915eaee-b7e5-4f,UPI0001002158,vt997e4u@upi,6ffdcb98-a38,ev361xsn@ybl,253a3b26-f4f,154411,2024-03-17T07:13:31,Gujarat,Gujarat,Kotak,PNB,0,clean
37d6819f-3c90-4d,UPI0001002514,961j88qe@apl,08348a0c-8d8,y4lmct64@oksbi,c2a29e5d-a8f,192760,2024-03-15T12:42:25,Telangana,West Bengal,Kotak,BOB,0,clean
f7f63c7d-28fb-49,UPI0001001925,rdihsa7h@oksbi,ecf41fd7-09b,moge4qxx@ybl,686a9e6d-c61,29704,2024-03-16T15:32:53,Karnataka,Gujarat,ICICI,SBI,0,clean
6b38cde3-53d9-42,UPI0001003573,kns832ej@axl,1d7f27e2-928,u8el5015@apl,c881ee60-b74,146202,2024-03-16T13:26:55,West Bengal,Tamil Nadu,BOB,Axis,0,clean
006bbc9c-065c-44,UPI0001000991,g10ur5l8@ybl,d0c45167-d84,ej31gymd@upi,213b8037-53d,23350,2024-03-18T01:36:29,Tamil Nadu,Telangana,HDFC,HDFC,0,clean
6eaea4f3-2887-40,UPI0001000493,hrrpzlk3@ibl,8b84e2d0-e1e,9yecazrp@oksbi,388259e0-08a,51091,2024-03-17T18:30:14,West Bengal,Maharashtra,SBI,SBI,0,clean
0b2c7a1d-84cd-46,UPI0001004572,9iy4x41d@apl,e541dc70-08b,j9rm7pyx@ibl,4a9e6a11-177,166207,2024-03-15T16:13:54,Karnataka,Gujarat,Axis,BOB,0,clean
0a610e7d-17f8-4c,UPI0001000796,ftu2gc5w@okaxis,5b67e48a-456,2qc6dr08@ibl,edc4c65a-097,67131,2024-03-17T17:14:09,Telangana,West Bengal,Axis,PNB,0,clean
501dbfa4-e706-46,UPI0001000908,u7fbmenu@okaxis,2b0e6e2e-1f6,uswbkok3@axl,7f90cc04-8a6,197867,2024-03-17T12:39:28,Kerala,Tamil Nadu,ICICI,HDFC,0,clean
c33eb223-08e1-41,UPI0001001593,qhkswva9@upi,93e3cdef-acd,93wxa73j@oksbi,dd8493a4-c29,99702,2024-03-16T01:36:25,Maharashtra,Kerala,Kotak,ICICI,0,clean
358de4a7-cfe4-42,UPI0001002876,dje153a5@axl,ebe017d3-bb6,xlez896d@apl,1f77ec31-a37,157541,2024-03-15T17:58:46,Telangana,Telangana,Axis,Kotak,0,clean
b4cc8d2d-8220-48,UPI0001000703,ildzmfb7@axl,9749e680-bdd,mpkxvhag@paytm,0a090c2a-c48,29398,2024-03-17T20:06:52,Maharashtra,Tamil Nadu,PNB,SBI,0,clean
7f1d3dc1-ce44-44,UPI0001004271,4c3baewc@oksbi,165a3feb-cd2,likwe4bx@upi,9bb85d81-e50,145425,2024-03-18T00:25:25,Tamil Nadu,Telangana,SBI,BOB,0,clean
2e45b0d6-57e5-4c,UPI0001004526,79flv1xx@paytm,dff63398-c9e,zr1yxr2d@okaxis,c1059074-ebc,193655,2024-03-17T09:16:35,Kerala,Karnataka,PNB,Axis,0,clean
3903bc4d-268f-4e,UPI0001004282,g68a1arr@ybl,93972fa1-bff,uflsehud@icici,168777e2-a06,192150,2024-03-18T10:34:13,Gujarat,Karnataka,Kotak,Axis,0,clean
f319c96b-4b99-4a,UPI0001004797,s43c5ba7@upi,6a3a3aa8-5af,s5nkb4eh@apl,7ed57be9-1ec,39319,2024-03-16T09:41:35,Karnataka,Karnataka,Kotak,Kotak,0,clean
6a4b9f65-e522-4a,UPI0001002962,vgww4fyb@ibl,baf6a88b-8a5,7rm6j8y6@axl,36890ab2-d16,69923,2024-03-17T16:31:17,Tamil Nadu,Kerala,HDFC,PNB,0,clean
9e86920d-f39b-49,UPI0001002046,ph6fe0mp@oksbi,a9ee26ae-49a,9v20yar8@okaxis,d55a6885-690,55407,2024-03-17T04:14:14,Gujarat,Tamil Nadu,HDFC,PNB,0,clean
c97054de-05a3-43,UPI0001000053,g68a1arr@ybl,93972fa1-bff,9rr7s20c@oksbi,5df013ac-e29,98943,2024-03-16T14:34:30,Gujarat,Maharashtra,Kotak,Kotak,0,clean
51b56f9d-6a14-4c,UPI0001002791,pdtz91x7@oksbi,676d9892-38a,xtnsrtwl@upi,320db857-eb5,116122,2024-03-17T00:11:26,Gujarat,Tamil Nadu,SBI,SBI,0,clean
49e754e0-0de5-48,UPI0001003078,qzxebb9e@okaxis,8ebd5aae-250,hv1xg1r1@axl,3f7eef17-fe8,30051,2024-03-18T09:01:01,West Bengal,Maharashtra,Kotak,PNB,0,clean
80007323-6a1e-45,UPI0001003026,nn8ztv05@ibl,b38f2bd8-1fb,5rtwiyki@ibl,58346645-d7d,46867,2024-03-16T22:15:06,Karnataka,Gujarat,BOB,Axis,0,clean
c7b0e6cf-c08c-4a,UPI0001000682,ftaxp0wf@apl,c8a9e7b7-950,nipar0zj@icici,1e76c35b-bdc,103955,2024-03-17T09:54:31,Gujarat,Telangana,Kotak,Kotak,0,clean
e6051043-98db-4b,UPI0001002172,je2ab2rv@upi,8cc02af2-3b1,kjxjq5nv@axl,e4a54308-6a3,171908,2024-03-16T09:19:24,West Bengal,Gujarat,BOB,Axis,0,clean
80b081c8-d014-45,UPI0001001605,9ltajw25@okaxis,2443c8c7-7e8,mpkxvhag@paytm,0a090c2a-c48,21604,2024-03-17T14:31:20,West Bengal,Tamil Nadu,PNB,SBI,0,clean
9c6be57c-a51d-40,UPI0001003100,sxlul6lg@paytm,0d49bdb5-2c0,5x8a5fbu@apl,a870d6ed-72c,103519,2024-03-17T09:49:55,Tamil Nadu,West Bengal,Kotak,Kotak,0,clean
b5ab4248-0578-40,UPI0001003295,mxb9yo18@apl,59117312-cf3,4j3dab42@okaxis,528a0fca-b7e,62326,2024-03-16T14:45:16,Gujarat,Karnataka,SBI,BOB,0,clean
8ac8ae25-c998-4b,UPI0001003760,gyw6zbnz@axl,9552ed81-97b,4lorxdtg@apl,65e2fb55-c36,141161,2024-03-16T22:09:32,Karnataka,Telangana,Kotak,ICICI,0,clean
fe4d6182-d88c-48,UPI0001002416,ixntm9tm@axl,2474cb36-956,q1s05wnw@upi,8ed524ee-6d2,167768,2024-03-17T02:45:19,Gujarat,Maharashtra,ICICI,PNB,0,clean
df8d132f-7d47-4b,UPI0001003691,a5xin9dl@icici,ad258476-426,9mda9oek@upi,3941c113-d9b,179743,2024-03-17T05:40:06,Tamil Nadu,Gujarat,SBI,Kotak,0,clean
24f79a55-2d6e-49,UPI0001002673,zfhomtzz@oksbi,a65a521d-a01,au9dkbpv@upi,60186fb8-833,158257,2024-03-15T19:19:49,West Bengal,Tamil Nadu,Axis,PNB,0,clean
638071e7-76fb-4b,UPI0001004480,93wxa73j@oksbi,dd8493a4-c29,0t9nt3w5@okaxis,da315726-456,26440,2024-03-17T15:50:22,Kerala,Tamil Nadu,ICICI,PNB,0,clean
7e4cc8e8-0f60-42,UPI0001000363,w9zyn6sj@ybl,3c3c1190-4fb,a5xin9dl@icici,ad258476-426,103190,2024-03-15T16:51:00,Telangana,Tamil Nadu,ICICI,SBI,0,clean
f69d5671-aed6-49,UPI0001000290,5rdoqivb@paytm,dfee9bf2-48b,0ui22kx7@apl,0cb4a777-b67,118720,2024-03-16T17:53:37,Telangana,Karnataka,Axis,Axis,0,clean
c54ef269-23b2-4a,UPI0001004458,7dia5u6h@ibl,cc9a4f84-3ff,hxid4n1u@apl,5830f07f-146,26935,2024-03-16T07:15:35,Gujarat,Kerala,PNB,BOB,0,clean
2d20d215-85f1-41,UPI0001002911,8e9rivh6@icici,ab4ef148-113,aacosym0@paytm,7cd0e4eb-ec5,87094,2024-03-15T14:18:04,Karnataka,Kerala,ICICI,HDFC,0,clean
bda84849-6875-4b,UPI0001001998,mqg1ved3@ibl,9abe9954-38e,d8wj0uun@apl,5a53f848-ec8,22728,2024-03-17T03:25:32,Tamil Nadu,Maharashtra,ICICI,ICICI,0,clean
8bd076d6-7f7c-41,UPI0001003083,12ii826g@axl,2a541c5a-adb,u83g47rr@ybl,043e14fa-255,1053,2024-03-15T12:34:44,Maharashtra,Gujarat,Axis,PNB,0,clean
b39f3df3-f218-42,UPI0001001681,nipar0zj@icici,1e76c35b-bdc,o83rlkte@axl,d9bc569f-b59,14998,2024-03-17T14:52:41,Telangana,Kerala,Kotak,BOB,0,clean
ac6946bb-5408-4f,UPI0001002493,jluujmiy@axl,77509db0-051,sic43olf@ybl,9553f767-1f2,44287,2024-03-15T11:29:53,West Bengal,Karnataka,ICICI,PNB,0,clean
0b3f3188-a4d4-4e,UPI0001003894,i6yuj7yk@icici,f03c391e-8f7,5xqt4p50@apl,23c3bfdf-dc6,2294,2024-03-17T09:01:46,Tamil Nadu,Kerala,Kotak,ICICI,0,clean
f7ef2ce3-da5f-48,UPI0001002444,reiyaz39@apl,75d4c470-c88,b6bndoz6@axl,13339c2c-6a6,152106,2024-03-16T22:47:15,Karnataka,Karnataka,PNB,Kotak,0,clean
7e06702d-a403-49,UPI0001001714,t9t11php@okaxis,cdc97255-ace,u7u6n7hv@okaxis,1c4fe2d7-dac,2738,2024-03-16T14:50:27,West Bengal,Tamil Nadu,ICICI,SBI,0,clean
7e3af19b-9dbf-42,UPI0001000423,ulzfy981@icici,71106fca-bed,8qqvaecw@okaxis,6ba34083-55e,150647,2024-03-16T04:15:24,Kerala,Maharashtra,SBI,PNB,0,clean
ac3caf0c-58ea-46,UPI0001004593,7oxk8c1g@axl,46b23fe2-5eb,jiys2n75@ybl,ab332325-6cf,39114,2024-03-17T18:44:06,Telangana,Tamil Nadu,Axis,PNB,0,clean
8b457ed7-9f9a-4a,UPI0001000729,ej31gymd@upi,213b8037-53d,fgzvrctl@icici,8e73c27c-e02,122869,2024-03-16T08:27:28,Telangana,Karnataka,HDFC,BOB,0,clean
7ec59447-c4ff-49,UPI0001001837,ulzfy981@icici,71106fca-bed,d9fkxzuu@axl,1433fde1-1dd,77547,2024-03-18T10:35:20,Kerala,Tamil Nadu,SBI,PNB,0,clean
8aa1b757-cfd1-40,UPI0001003705,aacosym0@paytm,7cd0e4eb-ec5,ytwbozd1@ybl,9637a7ac-2e7,86674,2024-03-15T23:20:17,Kerala,Tamil Nadu,HDFC,Kotak,0,clean
a96ec72b-6d3a-4a,UPI0001001501,jtb9xxay@apl,893cdd77-540,lhlb50at@apl,0232feb6-0e5,109023,2024-03-16T15:23:12,Gujarat,West Bengal,Axis,ICICI,0,clean
b25e2a40-a694-41,UPI0001001888,ej31gymd@upi,213b8037-53d,2wbxanj4@upi,bfa5558d-959,102433,2024-03-17T19:37:42,Telangana,Karnataka,HDFC,BOB,0,clean
5bd0d9ee-c9d7-40,UPI0001002442,dje153a5@axl,ebe017d3-bb6,04cdpqvl@oksbi,35f93717-d6d,55814,2024-03-17T11:42:52,Telangana,Telangana,Axis,SBI,0,clean
b0be046d-d029-47,UPI0001003612,fvl03dut@paytm,4d39a635-f9c,9kkh4a3y@paytm,898ace33-3f3,103915,2024-03-15T11:50:10,Gujarat,Karnataka,Kotak,Kotak,0,clean
ffb485e8-7460-46,UPI0001004273,1ieixwc4@axl,078dcd14-8a1,md270stl@apl,05beb72c-5c8,114225,2024-03-15T11:49:07,Tamil Nadu,West Bengal,Kotak,Axis,0,clean
9c43e4ed-2882-46,UPI0001000819,89k8yqk9@axl,5e7722a1-6f3,82kb700u@ybl,dcd27afa-05a,80627,2024-03-17T15:19:20,Telangana,Maharashtra,SBI,PNB,0,clean
6a8a4b51-1d67-43,UPI0001001670,qhkswva9@upi,93e3cdef-acd,x1gm32wp@okaxis,56954669-560,48382,2024-03-16T11:19:06,Maharashtra,Kerala,Kotak,HDFC,0,clean
04192f33-47f3-4d,UPI0001003862,7gu0env5@icici,f2e7fec2-ac8,1g1r1dww@apl,2645ceb7-5d8,169782,2024-03-17T10:14:16,West Bengal,Karnataka,Axis,Axis,0,clean
6e56a984-b934-4a,UPI0001000996,0kgazu41@ybl,deda1626-f82,pgb7r3oc@ybl,1ff47666-0e3,95782,2024-03-16T22:55:26,Maharashtra,Telangana,HDFC,HDFC,0,clean
d52c91f0-1617-40,UPI0001001664,kek4aegv@oksbi,6fca54c3-692,bfh024kw@paytm,4c7b95ce-541,79048,2024-03-16T20:25:34,West Bengal,Gujarat,PNB,PNB,0,clean
430cba83-57a9-45,UPI0001001283,myr06nkw@oksbi,9b3bd143-106,f5gcl9lc@axl,07d8fa8c-cff,55751,2024-03-16T01:53:46,Maharashtra,Telangana,BOB,ICICI,0,clean
0325462b-0361-47,UPI0001004052,8ra484nl@paytm,bb2eba83-a1c,aji0y6dp@ybl,db6e078e-7f2,133057,2024-03-18T07:57:19,Gujarat,Tamil Nadu,Axis,SBI,0,clean
df5474c0-deb0-41,UPI0001000865,tk63n2qb@okaxis,b1b0f143-ca6,z6us7rp4@ibl,a8bc7367-673,61167,2024-03-16T14:51:27,Maharashtra,Karnataka,ICICI,Kotak,0,clean
feb8dae4-b6f1-4f,UPI0001002017,r94sz2ku@ybl,3c8e10be-1ce,o2m71hss@ybl,6cafa98d-8f3,139580,2024-03-15T11:11:56,Telangana,Tamil Nadu,Axis,SBI,0,clean
7024f029-bdf4-43,UPI0001000315,bjlzy1uu@upi,382cfba4-cfb,hwy9hecg@axl,4c9f3ceb-6e3,153473,2024-03-15T11:03:49,Telangana,Telangana,Kotak,SBI,0,clean
d79aff55-c070-4a,UPI0001003872,nqdxamw2@icici,0ec40a2e-3f7,hyp9umyg@ibl,5327d76c-929,76255,2024-03-15T10:39:57,Gujarat,Maharashtra,Kotak,PNB,0,clean
bb655f1d-4f69-45,UPI0001000038,iiuc039t@oksbi,33371112-6be,cotohp6v@ybl,6fc723ac-953,125593,2024-03-15T10:34:30,Rajasthan,Rajasthan,HDFC,BOB,1,L1→L2
f4bff489-06cc-4b,UPI0001000417,hzn4kgeu@okaxis,10818e5f-69f,dje153a5@axl,ebe017d3-bb6,98274,2024-03-16T20:10:32,Telangana,Telangana,BOB,Axis,0,clean
2d559226-37c5-45,UPI0001002189,i04b7p47@ybl,a3267200-292,bjlzy1uu@upi,382cfba4-cfb,139572,2024-03-15T11:49:56,Kerala,Telangana,BOB,Kotak,0,clean
4d48eb45-b981-49,UPI0001002538,w83y0mah@ibl,9ca3624a-117,a3kkrzd5@oksbi,e9b226cc-92f,20581,2024-03-16T05:41:52,Karnataka,Maharashtra,ICICI,ICICI,0,clean
62392581-d063-41,UPI0001003179,qzxebb9e@okaxis,8ebd5aae-250,u83g47rr@ybl,043e14fa-255,61729,2024-03-15T22:35:06,West Bengal,Gujarat,Kotak,PNB,0,clean
a31c788c-cd1b-41,UPI0001000388,yv3lxchf@ybl,05438732-9d3,tuw6taq6@upi,409c06a8-91d,115273,2024-03-17T21:23:48,Tamil Nadu,Gujarat,BOB,Axis,0,clean
e7d03dd9-9106-4a,UPI0001004150,38diuovw@icici,83febe55-d55,0v2zp4ju@upi,32db899d-85a,44723,2024-03-16T23:05:14,Karnataka,Telangana,Axis,HDFC,0,clean
c941f34c-0d04-49,UPI0001001457,9ryllwb7@icici,786ee19f-951,091c795r@upi,e21f0d08-204,155733,2024-03-16T22:21:47,Gujarat,Karnataka,SBI,BOB,0,clean
d2ab2e53-0c0d-42,UPI0001003927,kmy9x8sy@upi,3a2ea2b9-ebe,x7pwo6cm@upi,2500e1a0-89a,138883,2024-03-17T16:30:52,Gujarat,Karnataka,PNB,ICICI,0,clean
11daa604-769c-4f,UPI0001003957,sc4e5hrd@apl,11c9ca6c-0cd,rflqbmae@apl,a2a8bd54-d6e,158432,2024-03-17T11:05:22,Tamil Nadu,Karnataka,PNB,Kotak,0,clean
6505fd84-7bae-42,UPI0001004424,7gu0env5@icici,f2e7fec2-ac8,stn3cpud@axl,4a22d1fb-5bc,138196,2024-03-16T06:26:38,West Bengal,Tamil Nadu,Axis,Axis,0,clean
b01ca182-9c1b-4f,UPI0001002237,hl88kzru@okaxis,2eca5bfe-dc2,uplvqexu@okaxis,33e404df-c0a,62460,2024-03-16T05:31:35,Gujarat,Karnataka,ICICI,BOB,0,clean
116378ba-a31e-4b,UPI0001001143,zfhomtzz@oksbi,a65a521d-a01,8qqvaecw@okaxis,6ba34083-55e,106552,2024-03-17T12:55:06,West Bengal,Maharashtra,Axis,PNB,0,clean
57d47287-7c23-49,UPI0001003379,0w064w3u@okaxis,815a78a7-e61,ly4lyk83@icici,d20ed545-b8a,133857,2024-03-16T23:12:25,Maharashtra,Telangana,SBI,SBI,0,clean
358c89a0-215f-41,UPI0001002725,c2htmqwy@icici,f56a4c57-7ae,wovcxek4@apl,be18dda5-608,72563,2024-03-17T11:19:04,West Bengal,Karnataka,BOB,PNB,0,clean
1c7e5afe-60d7-43,UPI0001002008,il8sa3id@upi,0ff28a1c-817,5rtwiyki@ibl,58346645-d7d,101923,2024-03-17T04:10:33,Gujarat,Gujarat,SBI,Axis,0,clean
28afcd08-2c1b-47,UPI0001002853,nfnvuprt@oksbi,1afaa772-d85,o83rlkte@axl,d9bc569f-b59,27895,2024-03-16T03:28:11,Karnataka,Kerala,Kotak,BOB,0,clean
1d61a53b-bfd7-45,UPI0001000552,h25llo3r@ybl,61c41a5e-2b8,xaprpn6q@oksbi,fc297e6e-aa8,46657,2024-03-16T20:28:06,Maharashtra,Kerala,BOB,Axis,0,clean
0b202cf1-e76c-4a,UPI0001000660,hiuit7m1@axl,ac812895-0f0,c7d2kd1p@apl,044bb7dc-666,199858,2024-03-15T16:03:50,Karnataka,West Bengal,PNB,BOB,0,clean
70396a72-c8ac-40,UPI0001004773,j6txfo6v@paytm,8e5cd165-8cb,zzf8s2zg@oksbi,7844cc4a-374,174010,2024-03-16T09:54:04,Kerala,Tamil Nadu,HDFC,PNB,0,clean
5e38f60b-3b5b-49,UPI0001003987,rflqbmae@apl,a2a8bd54-d6e,u7u6n7hv@okaxis,1c4fe2d7-dac,40741,2024-03-17T00:20:18,Karnataka,Tamil Nadu,Kotak,SBI,0,clean
64479c5b-1387-4d,UPI0001003891,96khub2r@icici,8faab40b-0cf,jcitfoyq@ybl,56227fb1-a5a,80574,2024-03-16T09:27:09,Karnataka,Karnataka,SBI,HDFC,0,clean
86c24465-1978-47,UPI0001002557,wwnc21o0@upi,0d6872fa-a63,2g05kbkv@upi,95960706-af3,63998,2024-03-16T06:13:04,Kerala,Telangana,Axis,ICICI,0,clean
bbeaac60-0ec4-49,UPI0001001838,w6m7b5c8@paytm,6ac34a96-9d8,ybisbo55@paytm,0adcc0b2-719,11188,2024-03-16T18:05:09,Gujarat,Kerala,PNB,ICICI,0,clean
6690ae12-9e33-4b,UPI0001004806,c7d2kd1p@apl,044bb7dc-666,webnvg5v@upi,e2bf96c9-371,155702,2024-03-16T03:29:52,West Bengal,Telangana,BOB,ICICI,0,clean
b21441c1-1359-4e,UPI0001002382,ivuzzpqk@ybl,1175d2fb-cc9,04cdpqvl@oksbi,35f93717-d6d,13020,2024-03-15T20:21:51,Tamil Nadu,Telangana,BOB,SBI,0,clean
5f93692f-aec7-46,UPI0001001166,d76szn9d@ibl,d020762f-d26,fgzvrctl@icici,8e73c27c-e02,138625,2024-03-16T08:46:58,Maharashtra,Karnataka,Kotak,BOB,0,clean
10afa345-d916-4d,UPI0001004617,rw6tm2o0@icici,7b3b2f4a-e30,asifpwio@ibl,66abea7e-d1b,109451,2024-03-17T10:58:29,Karnataka,Kerala,ICICI,Kotak,0,clean
416068b4-093b-4c,UPI0001003118,hkc856wp@axl,d4d7921f-c09,c01arxab@apl,a094d57c-0e5,21120,2024-03-18T09:24:00,Kerala,Tamil Nadu,SBI,ICICI,0,clean
73ea54a2-e3d0-4f,UPI0001004826,b9w4uov5@paytm,1dff960e-c72,yc3rwqmm@icici,8b3a52b5-76e,673,2024-03-17T16:08:27,West Bengal,Tamil Nadu,PNB,Kotak,0,clean
1ab5bfa2-8c9a-46,UPI0001002687,et8t63j3@axl,e4ac4b23-0d3,04cdpqvl@oksbi,35f93717-d6d,72692,2024-03-16T22:33:15,Karnataka,Telangana,BOB,SBI,0,clean
826e0782-7aca-4f,UPI0001004618,3o0llj8y@axl,1c00950a-235,oq2zdo74@ibl,c1cf6d05-d52,196126,2024-03-17T10:56:26,Maharashtra,West Bengal,SBI,BOB,0,clean
ff492133-a133-47,UPI0001003046,g68a1arr@ybl,93972fa1-bff,h25llo3r@ybl,61c41a5e-2b8,20607,2024-03-16T00:38:12,Gujarat,Maharashtra,Kotak,BOB,0,clean
c0fffa5c-40b2-45,UPI0001003258,tk63n2qb@okaxis,b1b0f143-ca6,8bfqnpce@upi,96c75168-b52,13792,2024-03-16T22:29:45,Maharashtra,Telangana,ICICI,Axis,0,clean
17c7fd61-f623-43,UPI0001001835,uzpeal2w@upi,05950436-fc1,8qqvaecw@okaxis,6ba34083-55e,89671,2024-03-18T06:52:25,Telangana,Maharashtra,SBI,PNB,0,clean
737d4472-caaf-4b,UPI0001001370,zzf8s2zg@oksbi,7844cc4a-374,2zbppfo5@upi,c3f5b069-37e,69458,2024-03-15T22:25:08,Tamil Nadu,Maharashtra,PNB,Kotak,0,clean
79726f57-106a-44,UPI0001003747,nn8ztv05@ibl,b38f2bd8-1fb,0ebkjf4a@axl,9005bc5c-f39,183101,2024-03-17T21:50:40,Karnataka,Karnataka,BOB,PNB,0,clean
88f7f924-19a5-4f,UPI0001000218,5ll1d9s9@okaxis,4e8e9973-82f,vgox22in@okaxis,9d6a6b21-955,70392,2024-03-15T13:14:30,Gujarat,Kerala,PNB,Axis,0,clean
ccf935a0-ebbf-4d,UPI0001002670,reiyaz39@apl,75d4c470-c88,d8wj0uun@apl,5a53f848-ec8,34586,2024-03-16T03:52:01,Karnataka,Maharashtra,PNB,ICICI,0,clean
1f0a13fe-4c5d-41,UPI0001004155,ufm8zov7@paytm,713db7ca-950,7h23c42y@oksbi,dac36c42-184,77418,2024-03-18T06:53:47,Tamil Nadu,Telangana,Kotak,PNB,0,clean
ecd2c731-43ca-42,UPI0001002389,5x8a5fbu@apl,a870d6ed-72c,4vssrura@upi,955c4234-bff,126293,2024-03-15T12:36:08,West Bengal,Gujarat,Kotak,PNB,0,clean
2be7326b-834c-4a,UPI0001002992,vt997e4u@upi,6ffdcb98-a38,c2htmqwy@icici,f56a4c57-7ae,174345,2024-03-18T07:09:51,Gujarat,West Bengal,Kotak,BOB,0,clean
15bfe73c-3f91-4e,UPI0001002915,bbrnu8c0@icici,94acc6b0-f97,s5nkb4eh@apl,7ed57be9-1ec,18311,2024-03-18T11:18:44,Maharashtra,Karnataka,BOB,Kotak,0,clean
f4f2ab7c-835a-4d,UPI0001003007,vqy5ibpt@ybl,6254431b-8f0,webnvg5v@upi,e2bf96c9-371,152638,2024-03-16T18:41:03,Tamil Nadu,Telangana,HDFC,ICICI,0,clean
62f31345-564f-4b,UPI0001000358,sb4gf16y@ibl,b39346ac-8d2,lzse99f7@oksbi,ce4481c5-154,164617,2024-03-18T06:42:05,Telangana,Karnataka,HDFC,ICICI,0,clean
52bff363-27a7-40,UPI0001000083,5x8a5fbu@apl,a870d6ed-72c,iymenvg3@paytm,3151edf4-e43,185278,2024-03-15T19:05:45,West Bengal,Gujarat,Kotak,ICICI,0,clean
78baaee3-7b60-40,UPI0001004377,xzamkygv@apl,32a05e88-18a,a83ru7my@apl,88c32907-0d3,165693,2024-03-16T03:32:20,Telangana,Karnataka,BOB,SBI,0,clean
32afb262-7782-41,UPI0001002124,kuuhclrr@ibl,9658742d-f26,aji0y6dp@ybl,db6e078e-7f2,170941,2024-03-15T16:25:36,West Bengal,Tamil Nadu,Kotak,SBI,0,clean
a897a06f-e424-41,UPI0001000508,zzf8s2zg@oksbi,7844cc4a-374,u8el5015@apl,c881ee60-b74,107160,2024-03-16T21:37:43,Tamil Nadu,Tamil Nadu,PNB,Axis,0,clean
2409e593-f516-43,UPI0001001965,hiuit7m1@axl,ac812895-0f0,qfwwxr5r@ibl,26cdf408-d84,64908,2024-03-16T03:18:59,Karnataka,Maharashtra,PNB,ICICI,0,clean
5d81328d-ad7c-4a,UPI0001003809,0cdk36m8@paytm,e75380e3-936,rkmby9ip@ybl,f5ed200a-714,73724,2024-03-17T15:20:07,Tamil Nadu,Maharashtra,HDFC,HDFC,0,clean
c4cb3d4f-8c8f-42,UPI0001003134,wwnc21o0@upi,0d6872fa-a63,cqse3tv1@oksbi,3efd782c-6ec,185082,2024-03-17T05:56:17,Kerala,Gujarat,Axis,Axis,0,clean
4ee8d46a-039d-46,UPI0001002103,k7y6qxds@oksbi,368e12fa-90b,i6yuj7yk@icici,f03c391e-8f7,54594,2024-03-18T02:16:24,Telangana,Tamil Nadu,BOB,Kotak,0,clean
d5e18202-2951-41,UPI0001000525,nfnvuprt@oksbi,1afaa772-d85,la100qxm@ibl,b9b04561-3db,25621,2024-03-17T14:44:55,Karnataka,Telangana,Kotak,BOB,0,clean
aaa9e66f-9ec7-4c,UPI0001003925,7rb1s9dw@ibl,fdf65419-e86,os6zle6k@okaxis,eafa0ae5-1d9,22064,2024-03-16T09:45:55,Tamil Nadu,Karnataka,PNB,HDFC,0,clean
9d098383-be50-43,UPI0001001850,nmeoq4yr@apl,3730892d-042,o57p6bkl@ibl,a0f35ea4-53a,25828,2024-03-18T03:15:30,Tamil Nadu,Tamil Nadu,PNB,Kotak,0,clean
c6f184d5-a7bf-43,UPI0001002225,aacosym0@paytm,7cd0e4eb-ec5,zh13cd5g@upi,227ab300-e54,144858,2024-03-17T12:30:04,Kerala,Tamil Nadu,HDFC,HDFC,0,clean
74379984-bf46-4a,UPI0001000335,wsozctwj@paytm,06c76465-950,6xlpu0dk@apl,2966c875-264,11100,2024-03-18T03:51:29,Maharashtra,Tamil Nadu,SBI,HDFC,0,clean
1dc12aa8-7d95-41,UPI0001003391,z09wftbg@upi,69681540-b97,wjeyub19@icici,2328b533-d95,130557,2024-03-15T22:38:46,Kerala,Karnataka,Kotak,Axis,0,clean
d8f67ea0-6278-46,UPI0001002371,n14eb875@paytm,d2688e7f-3c2,vn1x2gdg@paytm,b8323e22-9c7,131854,2024-03-16T11:43:09,Gujarat,West Bengal,SBI,Axis,0,clean
9b6a8dbe-b8c0-45,UPI0001004073,likwe4bx@upi,9bb85d81-e50,zbffzzdv@okaxis,7664c07f-020,103475,2024-03-17T03:28:55,Telangana,Maharashtra,BOB,SBI,0,clean
48141c8e-b066-45,UPI0001003181,bngz6wmd@axl,de032811-f29,3vg6v5t1@ibl,6109748c-75e,5506,2024-03-16T04:51:51,Kerala,Telangana,PNB,Axis,0,clean
3a2e6071-0af7-45,UPI0001000204,kns832ej@axl,1d7f27e2-928,nbhnal3g@ybl,b9a38cd2-91b,173360,2024-03-17T01:26:45,West Bengal,Telangana,BOB,PNB,0,clean
67557c1f-47de-41,UPI0001003349,yeqahths@paytm,38d6e582-cd0,0lthy25m@oksbi,3c04574b-b03,173324,2024-03-16T14:28:15,Maharashtra,Kerala,Kotak,ICICI,0,clean
265a51a3-9b6f-4f,UPI0001003683,jdm5fc79@upi,a083e671-4cd,89k8yqk9@axl,5e7722a1-6f3,193233,2024-03-17T23:58:47,Maharashtra,Telangana,Kotak,SBI,0,clean
c684b7ac-3b45-47,UPI0001004586,2lhgcsot@ibl,f3952d16-235,i04b7p47@ybl,a3267200-292,94127,2024-03-17T17:02:18,Tamil Nadu,Kerala,ICICI,BOB,0,clean
5641fe22-bd15-49,UPI0001001147,mpkxvhag@paytm,0a090c2a-c48,1yjfe8ud@icici,54c54ed4-726,184124,2024-03-18T00:17:19,Tamil Nadu,Maharashtra,SBI,ICICI,0,clean
875baef4-c795-43,UPI0001000913,xcdyk0x6@oksbi,952171cb-bbd,q20hwobm@okaxis,1f7e151c-59a,47091,2024-03-17T13:13:38,Gujarat,Tamil Nadu,ICICI,SBI,0,clean
79d5e90d-91dd-40,UPI0001003998,gyw6zbnz@axl,9552ed81-97b,i6yuj7yk@icici,f03c391e-8f7,68542,2024-03-17T13:13:33,Karnataka,Tamil Nadu,Kotak,Kotak,0,clean
59438d07-c0a6-40,UPI0001003716,6befflzm@icici,db593e75-f7b,x1gm32wp@okaxis,56954669-560,98455,2024-03-15T22:10:53,Kerala,Kerala,ICICI,HDFC,0,clean
9bd97bfc-b566-49,UPI0001001570,7rb1s9dw@ibl,fdf65419-e86,hkc856wp@axl,d4d7921f-c09,111263,2024-03-17T13:31:11,Tamil Nadu,Kerala,PNB,SBI,0,clean
3f4b3263-6222-43,UPI0001004602,0cdk36m8@paytm,e75380e3-936,1zxyvgiu@okaxis,855b24d8-016,102415,2024-03-16T09:16:07,Tamil Nadu,Gujarat,HDFC,ICICI,0,clean
1b8fddfc-f529-49,UPI0001001976,qzsa7yvd@axl,3c3a17d9-186,vgww4fyb@ibl,baf6a88b-8a5,30216,2024-03-16T05:28:28,Tamil Nadu,Tamil Nadu,SBI,HDFC,0,clean
4f773333-5c0d-4f,UPI0001004610,xorzpgu2@okaxis,150b1c69-9d5,tjlmz04x@okaxis,2bd5d145-db0,15854,2024-03-16T19:22:35,Kerala,Kerala,ICICI,Axis,0,clean
b0fcb795-45ae-48,UPI0001002637,zrf5a7qy@icici,4b4c4d05-3db,xoq2vpgs@icici,3e35461b-eca,14858,2024-03-17T15:09:44,Gujarat,Karnataka,PNB,BOB,0,clean
2fc56983-f1b3-48,UPI0001003520,tk63n2qb@okaxis,b1b0f143-ca6,8gl2zxjm@upi,dc036929-eff,55341,2024-03-16T07:26:38,Maharashtra,Maharashtra,ICICI,Axis,0,clean
e4becfff-607e-4f,UPI0001000465,fewvznvk@icici,93ff3503-d85,qkojtpv6@upi,9097f736-c0b,53599,2024-03-16T17:18:38,Kerala,Tamil Nadu,Kotak,Kotak,0,clean
14ec080f-d658-46,UPI0001002432,2g05kbkv@upi,95960706-af3,myr06nkw@oksbi,9b3bd143-106,14145,2024-03-16T03:34:06,Telangana,Maharashtra,ICICI,BOB,0,clean
ada3b993-0936-45,UPI0001000593,xivzk7a4@paytm,4fddfea1-8cf,gq9cvah7@apl,9226d90b-2a1,180268,2024-03-17T14:18:49,Maharashtra,Gujarat,HDFC,Kotak,0,clean
cde9bf02-df06-4d,UPI0001003994,0kgazu41@ybl,deda1626-f82,hiuit7m1@axl,ac812895-0f0,80950,2024-03-16T16:03:01,Maharashtra,Karnataka,HDFC,PNB,0,clean
86faa2a8-e883-43,UPI0001002361,t0mq8abk@ybl,9638e7a0-a3a,su9rn8qt@icici,7a8c6645-05a,102620,2024-03-16T10:22:31,West Bengal,Karnataka,Kotak,ICICI,0,clean
d222cca2-d41e-44,UPI0001003628,nbhnal3g@ybl,b9a38cd2-91b,x0h3jujd@okaxis,58d8b5c6-ef9,148698,2024-03-16T11:22:28,Telangana,Telangana,PNB,HDFC,0,clean
fee201bd-b67f-45,UPI0001003368,ulzfy981@icici,71106fca-bed,sdnai89y@icici,66c63394-70b,180154,2024-03-16T09:41:46,Kerala,Telangana,SBI,HDFC,0,clean
ff07c47a-6f51-41,UPI0001003387,zh13cd5g@upi,227ab300-e54,erxdouad@paytm,3396a1f3-654,55948,2024-03-17T03:58:35,Tamil Nadu,Maharashtra,HDFC,Kotak,0,clean
7b285680-c1c7-4b,UPI0001003632,ppsfnkom@ybl,ac7006a0-31d,ftaxp0wf@apl,c8a9e7b7-950,168990,2024-03-15T14:31:07,Gujarat,Gujarat,BOB,Kotak,0,clean
619a81f2-9eb4-44,UPI0001000933,webnvg5v@upi,e2bf96c9-371,b7l8v1zo@ibl,60eb54ed-9d1,157684,2024-03-16T10:13:27,Telangana,Gujarat,ICICI,ICICI,0,clean
6c5e32a6-7139-4e,UPI0001003770,eh5sw229@upi,988a62ef-895,ybisbo55@paytm,0adcc0b2-719,171391,2024-03-17T08:02:14,Telangana,Kerala,Axis,ICICI,0,clean
a8f17877-3f2b-47,UPI0001003242,5p5nvqeb@ibl,ba39ac93-7b7,1zdfkblc@upi,58478899-90d,191951,2024-03-17T03:06:47,Gujarat,Tamil Nadu,Axis,ICICI,0,clean
85e8f55e-e756-42,UPI0001004347,pd2tsxtv@upi,30954f8d-335,wwnc21o0@upi,0d6872fa-a63,63668,2024-03-16T10:12:07,Gujarat,Kerala,ICICI,Axis,0,clean
8910b559-13a5-4c,UPI0001004103,qfwwxr5r@ibl,26cdf408-d84,8qqvaecw@okaxis,6ba34083-55e,142818,2024-03-16T23:57:17,Maharashtra,Maharashtra,ICICI,PNB,0,clean
eac8599d-87e4-41,UPI0001002217,u83g47rr@ybl,043e14fa-255,q1s05wnw@upi,8ed524ee-6d2,37010,2024-03-16T23:42:43,Gujarat,Maharashtra,PNB,PNB,0,clean
add6a1ba-5b37-42,UPI0001001139,2zbppfo5@upi,c3f5b069-37e,22555jxu@axl,db40ef7b-9eb,114156,2024-03-16T00:13:03,Maharashtra,Kerala,Kotak,SBI,0,clean
940e7a2d-c4af-45,UPI0001000115,hzn4kgeu@okaxis,10818e5f-69f,rdihsa7h@oksbi,ecf41fd7-09b,11006,2024-03-16T04:13:35,Telangana,Karnataka,BOB,ICICI,0,clean
a3d6337f-9434-43,UPI0001000012,9xuy41ib@upi,8a87cb9e-052,fk8ut0cv@icici,1124eace-ee0,88271,2024-03-15T10:34:26,Rajasthan,Haryana,Axis,BOB,1,L1→L2
a7abfc54-0f4c-46,UPI0001000947,pb8z3v6d@okaxis,080f17ae-0d9,nbhnal3g@ybl,b9a38cd2-91b,124736,2024-03-16T04:28:07,Gujarat,Telangana,PNB,PNB,0,clean
78b2888c-8dca-47,UPI0001002288,rid3dnkn@oksbi,b8fa8960-47b,nfnvuprt@oksbi,1afaa772-d85,99051,2024-03-17T00:53:01,Karnataka,Karnataka,PNB,Kotak,0,clean
1318df10-6e3f-4e,UPI0001002257,almjegqt@apl,5a7a5884-b49,ixz2c9ro@icici,9e2471db-695,100369,2024-03-15T13:01:27,Tamil Nadu,Maharashtra,SBI,BOB,0,clean
504fc1b8-9342-4b,UPI0001003047,x9l8lpqw@paytm,879bbcd2-e77,ophgft4m@apl,403938ca-605,187389,2024-03-17T19:48:49,Kerala,Telangana,Kotak,HDFC,0,clean
404b07ba-c6cd-44,UPI0001000886,o119xp9n@apl,84e5cbf1-b6a,jcitfoyq@ybl,56227fb1-a5a,148919,2024-03-15T18:20:44,Maharashtra,Karnataka,Axis,HDFC,0,clean
2cb43991-6f77-48,UPI0001000089,w9zyn6sj@ybl,3c3c1190-4fb,dz4x1zhq@okaxis,d5b7dcd0-c5f,123750,2024-03-18T07:13:52,Telangana,Telangana,ICICI,Axis,0,clean
e545d501-946f-49,UPI0001001978,9t199dxj@ybl,95e891ca-aea,w3zkwdee@paytm,0d7b14ce-3fb,125511,2024-03-16T08:19:01,West Bengal,Telangana,BOB,SBI,0,clean
ccd283a5-efc3-43,UPI0001004374,tx63cfl0@paytm,ac541769-490,0ebkjf4a@axl,9005bc5c-f39,188354,2024-03-18T06:57:02,Tamil Nadu,Karnataka,Axis,PNB,0,clean
86cea832-baf9-4b,UPI0001002429,g68a1arr@ybl,93972fa1-bff,p7r1m264@ibl,61dacc37-3af,143647,2024-03-17T01:28:35,Gujarat,Kerala,Kotak,Axis,0,clean
809a4756-24da-4d,UPI0001003717,8gl2zxjm@upi,dc036929-eff,kqxlm5q2@axl,96141255-6de,195669,2024-03-18T03:04:48,Maharashtra,West Bengal,Axis,BOB,0,clean
eaf5eca1-17e5-4d,UPI0001004179,0v2zp4ju@upi,32db899d-85a,79flv1xx@paytm,dff63398-c9e,9220,2024-03-17T06:27:02,Telangana,Kerala,HDFC,PNB,0,clean
deef40ff-8d65-4f,UPI0001004068,vpw232ut@icici,10888114-863,mqg1ved3@ibl,9abe9954-38e,43284,2024-03-17T16:38:00,Gujarat,Tamil Nadu,HDFC,ICICI,0,clean
3f2cd217-0a51-4f,UPI0001004035,pgb7r3oc@ybl,1ff47666-0e3,hk2lslay@upi,ff015559-481,90266,2024-03-15T11:32:18,Telangana,Gujarat,HDFC,Axis,0,clean
521a7dc0-9211-4e,UPI0001003503,7zeoqgvz@okaxis,f7e163d4-403,n14eb875@paytm,d2688e7f-3c2,127569,2024-03-17T00:14:02,Kerala,Gujarat,Axis,SBI,0,clean
f80610c3-27be-48,UPI0001001590,zr1yxr2d@okaxis,c1059074-ebc,mcqbnkx9@ibl,8afc3470-686,164304,2024-03-16T08:09:22,Karnataka,Tamil Nadu,Axis,Kotak,0,clean
1e93dcee-9538-4c,UPI0001001025,m2vajepe@ibl,242b4c68-da5,szjnvc7h@axl,e08eea9e-3fa,177170,2024-03-17T14:46:33,Tamil Nadu,Telangana,Axis,BOB,0,clean
3a667b2c-af90-4b,UPI0001000111,82kb700u@ybl,dcd27afa-05a,zb4ldims@paytm,37226f2a-c4f,84443,2024-03-16T05:30:47,Maharashtra,Gujarat,PNB,ICICI,0,clean
d370465d-fbf0-48,UPI0001001962,eaxylnfx@paytm,17fca863-f60,y8fv2bc2@upi,0b17743a-244,101679,2024-03-18T11:12:11,Kerala,Gujarat,ICICI,ICICI,0,clean
7a3e9c75-2b97-45,UPI0001003678,j16dvtja@ybl,404bee3c-794,i4fqcoot@apl,69d84931-b15,107610,2024-03-17T04:23:42,Karnataka,West Bengal,Kotak,HDFC,0,clean
64eb02be-2c3d-45,UPI0001003288,n4regb1a@paytm,29d0cf3a-270,q8ghgbcy@okaxis,d3047a7e-914,167284,2024-03-15T16:04:47,Gujarat,West Bengal,Axis,BOB,0,clean
7aeb5ed1-1bde-42,UPI0001000848,rwzc4xl9@ibl,fa697d18-cd8,5ll1d9s9@okaxis,4e8e9973-82f,8785,2024-03-16T07:12:12,Kerala,Gujarat,Kotak,PNB,0,clean
a5cfcfbf-e4be-41,UPI0001001726,w3zkwdee@paytm,0d7b14ce-3fb,stn3cpud@axl,4a22d1fb-5bc,33176,2024-03-15T21:41:32,Telangana,Tamil Nadu,SBI,Axis,0,clean
2d7756f8-35ff-4e,UPI0001002178,p3jpxgh3@axl,c8b30791-50e,lboriq8h@paytm,d1aedf8e-b07,182378,2024-03-17T10:10:34,Gujarat,West Bengal,BOB,HDFC,0,clean
ca3a5357-5b6f-44,UPI0001004208,ywp0rxxf@icici,536cc49c-7b9,yxtxmgtt@okaxis,7c6e58d5-652,41849,2024-03-15T13:43:45,Kerala,Tamil Nadu,Kotak,BOB,0,clean
35be4f04-dc5f-4a,UPI0001002461,6wpx2cyo@icici,8e6b6450-5a7,rid3dnkn@oksbi,b8fa8960-47b,29445,2024-03-16T22:39:18,West Bengal,Karnataka,BOB,PNB,0,clean
ae811a51-79c0-49,UPI0001000461,kek4aegv@oksbi,6fca54c3-692,hyexf7jx@paytm,855c736c-1a1,178393,2024-03-16T07:33:39,West Bengal,Telangana,PNB,SBI,0,clean
767cd5dc-1f0d-4e,UPI0001000928,w2lm349e@upi,52515f9c-046,w6lqwlvu@upi,dec88820-146,75695,2024-03-16T15:28:56,West Bengal,Maharashtra,Kotak,BOB,0,clean
ad981239-1bf3-4f,UPI0001002094,wusxlmt2@axl,cdd27bc1-dc1,5s4tl0th@okaxis,b194fbf8-08e,67681,2024-03-17T04:42:20,Gujarat,Gujarat,ICICI,Kotak,0,clean
92ffb9d6-28c4-42,UPI0001001210,cd81twhw@okaxis,215eaeac-210,xaprpn6q@oksbi,fc297e6e-aa8,48946,2024-03-16T05:22:47,Kerala,Kerala,BOB,Axis,0,clean
f8f20daa-87ca-45,UPI0001000760,0cdk36m8@paytm,e75380e3-936,7y2lofn1@axl,075bde03-879,120439,2024-03-16T07:06:08,Tamil Nadu,Maharashtra,HDFC,HDFC,0,clean
898d56f6-8922-45,UPI0001003458,1sdieqfb@apl,98401e57-609,j6txfo6v@paytm,8e5cd165-8cb,118664,2024-03-17T16:02:47,Karnataka,Kerala,BOB,HDFC,0,clean
66e3deb0-2923-42,UPI0001000418,hl88kzru@okaxis,2eca5bfe-dc2,3o0llj8y@axl,1c00950a-235,13012,2024-03-16T01:58:19,Gujarat,Maharashtra,ICICI,SBI,0,clean
ffec2601-e2de-47,UPI0001004410,52sq3b9s@apl,ec8fbf62-67f,0t9nt3w5@okaxis,da315726-456,168898,2024-03-15T23:06:11,Gujarat,Tamil Nadu,PNB,PNB,0,clean
05be2e21-6781-4e,UPI0001002564,sqt26q3x@upi,730141f1-80f,hl88kzru@okaxis,2eca5bfe-dc2,197184,2024-03-17T10:18:18,Kerala,Gujarat,Kotak,ICICI,0,clean
de222577-43b5-42,UPI0001000713,uu4ytn02@ibl,0dc94cab-d16,7gu0env5@icici,f2e7fec2-ac8,113078,2024-03-17T05:53:43,Karnataka,West Bengal,Kotak,Axis,0,clean
fd830a34-4cea-49,UPI0001001221,hx2kbvsi@oksbi,ebee6395-f0f,p3jpxgh3@axl,c8b30791-50e,102899,2024-03-18T03:34:11,Tamil Nadu,Gujarat,PNB,BOB,0,clean
5a205cc6-4340-4d,UPI0001003342,szjnvc7h@axl,e08eea9e-3fa,3o0llj8y@axl,1c00950a-235,57546,2024-03-17T13:03:51,Telangana,Maharashtra,BOB,SBI,0,clean
176056c6-3910-47,UPI0001000396,4lorxdtg@apl,65e2fb55-c36,d145bm1e@apl,2174d2e7-76b,22843,2024-03-16T20:53:45,Telangana,West Bengal,ICICI,HDFC,0,clean
e64b9a17-110f-48,UPI0001004260,22555jxu@axl,db40ef7b-9eb,hrrpzlk3@ibl,8b84e2d0-e1e,72968,2024-03-17T13:56:09,Kerala,West Bengal,SBI,SBI,0,clean
7a8112e4-955e-4d,UPI0001001872,04cdpqvl@oksbi,35f93717-d6d,ezjsszwd@icici,4d45d924-039,66563,2024-03-18T01:35:11,Telangana,Telangana,SBI,SBI,0,clean
3d3f72f4-ed90-4b,UPI0001002990,nn8ztv05@ibl,b38f2bd8-1fb,xtnsrtwl@upi,320db857-eb5,59868,2024-03-17T04:09:11,Karnataka,Tamil Nadu,BOB,SBI,0,clean
5729cef6-e663-48,UPI0001000452,sic43olf@ybl,9553f767-1f2,e46aexl6@paytm,cb20a360-856,199104,2024-03-15T17:06:33,Karnataka,Gujarat,PNB,PNB,0,clean
6ba3d9b6-5b9c-44,UPI0001004663,hx2kbvsi@oksbi,ebee6395-f0f,x7pwo6cm@upi,2500e1a0-89a,51926,2024-03-15T11:55:02,Tamil Nadu,Karnataka,PNB,ICICI,0,clean
91d1059c-7302-42,UPI0001003525,811kerpe@icici,c1a2cc6d-cfd,kuuhclrr@ibl,9658742d-f26,158988,2024-03-16T03:31:41,Maharashtra,West Bengal,PNB,Kotak,0,clean
00ac149d-f869-48,UPI0001004695,9v20yar8@okaxis,d55a6885-690,ivrocvit@icici,40e259ef-b8c,168162,2024-03-18T03:33:39,Tamil Nadu,Telangana,PNB,BOB,0,clean
2b1bb1a8-84d3-47,UPI0001003479,wpaytxw1@ybl,a9a1d8cd-197,hrrpzlk3@ibl,8b84e2d0-e1e,55709,2024-03-15T17:35:57,Telangana,West Bengal,PNB,SBI,0,clean
f97dc930-64af-41,UPI0001000838,0t9nt3w5@okaxis,da315726-456,c2htmqwy@icici,f56a4c57-7ae,121179,2024-03-17T04:49:22,Tamil Nadu,West Bengal,PNB,BOB,0,clean
ddd8aeae-2e44-45,UPI0001003262,je2ab2rv@upi,8cc02af2-3b1,k12v2tg5@apl,3903da2e-a66,34747,2024-03-18T02:35:26,West Bengal,Telangana,BOB,Axis,0,clean
77a9be01-4702-45,UPI0001003042,p8637zgf@icici,6443ed3b-45a,mpkxvhag@paytm,0a090c2a-c48,85513,2024-03-16T18:53:51,Kerala,Tamil Nadu,Axis,SBI,0,clean
80d27cf9-5861-4a,UPI0001000720,q1rdxck3@icici,ca1e97cd-4e6,g68a1arr@ybl,93972fa1-bff,125070,2024-03-18T03:56:42,Telangana,Gujarat,HDFC,Kotak,0,clean
dadb368c-5487-44,UPI0001001561,aztkszp7@oksbi,bd9daf6b-41d,vqy5ibpt@ybl,6254431b-8f0,167219,2024-03-15T15:08:07,Tamil Nadu,Tamil Nadu,SBI,HDFC,0,clean
ed07676f-010c-49,UPI0001003569,lzse99f7@oksbi,ce4481c5-154,kuuhclrr@ibl,9658742d-f26,161966,2024-03-16T08:12:49,Karnataka,West Bengal,ICICI,Kotak,0,clean
d3a916df-9bf0-4f,UPI0001001217,jeget1gh@axl,f0c058e9-79c,bfh024kw@paytm,4c7b95ce-541,171004,2024-03-17T18:32:58,Maharashtra,Gujarat,ICICI,PNB,0,clean
359fa2ab-7789-4f,UPI0001001236,tjlmz04x@okaxis,2bd5d145-db0,d76szn9d@ibl,d020762f-d26,99493,2024-03-16T04:10:36,Kerala,Maharashtra,Axis,Kotak,0,clean
d5d4dc7c-28db-45,UPI0001003008,19qzpniq@oksbi,10d15b04-d6f,x2toowt9@apl,e738b31f-0c3,99154,2024-03-17T11:13:55,Tamil Nadu,Kerala,ICICI,SBI,0,clean
548b180b-4091-4f,UPI0001003542,la100qxm@ibl,b9b04561-3db,vqy5ibpt@ybl,6254431b-8f0,2711,2024-03-16T00:18:37,Telangana,Tamil Nadu,BOB,HDFC,0,clean
6be03ba5-bb4d-44,UPI0001002732,c7d2kd1p@apl,044bb7dc-666,1ieixwc4@axl,078dcd14-8a1,179371,2024-03-16T16:53:03,West Bengal,Tamil Nadu,BOB,Kotak,0,clean
4c062ae5-81a4-4a,UPI0001004795,a2m0w10l@ybl,956dfb24-447,t7txkdot@axl,b3d818db-f57,189273,2024-03-16T00:37:22,Gujarat,Gujarat,ICICI,HDFC,0,clean
fe1ec2f5-d4d0-4e,UPI0001003541,g68a1arr@ybl,93972fa1-bff,50e6mpsj@ibl,86246ac8-756,142959,2024-03-17T16:04:31,Gujarat,West Bengal,Kotak,Axis,0,clean
3f6340dc-c7b9-4b,UPI0001002815,y4lmct64@oksbi,c2a29e5d-a8f,myr06nkw@oksbi,9b3bd143-106,108487,2024-03-16T07:36:46,West Bengal,Maharashtra,BOB,BOB,0,clean
1a0215a2-5811-43,UPI0001000890,xzamkygv@apl,32a05e88-18a,y8fv2bc2@upi,0b17743a-244,48751,2024-03-15T10:40:36,Telangana,Gujarat,BOB,ICICI,0,clean
0ffe1ba0-a2bc-4f,UPI0001000572,fqjja26y@oksbi,51114166-54e,70e3p15a@okaxis,d87ecdc6-34f,117024,2024-03-18T04:52:14,Kerala,Karnataka,SBI,SBI,0,clean
1a206182-5924-44,UPI0001004203,ulzfy981@icici,71106fca-bed,vaj2k8xp@apl,90f01618-4ff,42374,2024-03-18T00:37:35,Kerala,Karnataka,SBI,BOB,0,clean
5016cdab-85e3-42,UPI0001000190,78imoe0s@okaxis,0248c411-18c,gq9cvah7@apl,9226d90b-2a1,190606,2024-03-18T01:47:48,Tamil Nadu,Gujarat,Axis,Kotak,0,clean
c03061f7-fd5a-44,UPI0001004592,dh0uyhnq@icici,ea03df36-47b,wovcxek4@apl,be18dda5-608,185683,2024-03-16T07:08:58,Tamil Nadu,Karnataka,HDFC,PNB,0,clean
b371bd0e-66d5-42,UPI0001001957,ej31gymd@upi,213b8037-53d,7zeoqgvz@okaxis,f7e163d4-403,107509,2024-03-17T10:11:19,Telangana,Kerala,HDFC,Axis,0,clean
204a2262-1265-4c,UPI0001002149,kek4aegv@oksbi,6fca54c3-692,ulzfy981@icici,71106fca-bed,50571,2024-03-15T13:31:01,West Bengal,Kerala,PNB,SBI,0,clean
7cb38dc7-212f-4a,UPI0001002230,fewvznvk@icici,93ff3503-d85,pkyrybov@ybl,4f1e5710-28e,47975,2024-03-16T01:53:48,Kerala,Maharashtra,Kotak,HDFC,0,clean
e5a29b34-3dfa-44,UPI0001004049,rwzc4xl9@ibl,fa697d18-cd8,x1gm32wp@okaxis,56954669-560,45495,2024-03-17T21:25:10,Kerala,Kerala,Kotak,HDFC,0,clean
041ec106-5d59-42,UPI0001002975,6wpx2cyo@icici,8e6b6450-5a7,sjt2jpnr@okaxis,d797c026-0e2,107292,2024-03-15T23:44:13,West Bengal,West Bengal,BOB,BOB,0,clean
c9b94f9e-07cf-4e,UPI0001002900,9i6uu13i@oksbi,8752282f-7ab,9rr7s20c@oksbi,5df013ac-e29,105519,2024-03-16T08:37:45,Kerala,Maharashtra,PNB,Kotak,0,clean
4afcdc01-1dac-49,UPI0001000849,82kb700u@ybl,dcd27afa-05a,rdihsa7h@oksbi,ecf41fd7-09b,174889,2024-03-16T20:37:26,Maharashtra,Karnataka,PNB,ICICI,0,clean
16fce618-5bfa-41,UPI0001003510,f6a4fejg@ybl,0ab1b956-6ec,zh13cd5g@upi,227ab300-e54,46676,2024-03-17T11:13:20,West Bengal,Tamil Nadu,HDFC,HDFC,0,clean
df03fee8-2149-49,UPI0001002886,zei3zrrh@oksbi,8a34eeb1-73d,irym81cm@oksbi,4956140d-046,91734,2024-03-17T09:48:27,Kerala,Tamil Nadu,PNB,PNB,0,clean
4b8c3d3a-2e01-4f,UPI0001004487,q1s05wnw@upi,8ed524ee-6d2,kuuhclrr@ibl,9658742d-f26,109270,2024-03-18T06:24:08,Maharashtra,West Bengal,PNB,Kotak,0,clean
052f6e5d-f8ea-4e,UPI0001000103,u8el5015@apl,c881ee60-b74,zzqy72wx@okaxis,5d610321-34c,39386,2024-03-17T07:48:29,Tamil Nadu,Maharashtra,Axis,Axis,0,clean
ebd2a726-531a-43,UPI0001003548,je2ab2rv@upi,8cc02af2-3b1,yc3rwqmm@icici,8b3a52b5-76e,102137,2024-03-17T13:48:55,West Bengal,Tamil Nadu,BOB,Kotak,0,clean
45f925da-5324-40,UPI0001003290,9mda9oek@upi,3941c113-d9b,hyexf7jx@paytm,855c736c-1a1,39171,2024-03-16T17:16:19,Gujarat,Telangana,Kotak,SBI,0,clean
9af3742e-d815-42,UPI0001004554,hv1xg1r1@axl,3f7eef17-fe8,5xqt4p50@apl,23c3bfdf-dc6,156129,2024-03-17T14:13:06,Maharashtra,Kerala,PNB,ICICI,0,clean
e1eed4f3-4bab-41,UPI0001001563,vgww4fyb@ibl,baf6a88b-8a5,12ii826g@axl,2a541c5a-adb,22532,2024-03-18T06:36:08,Tamil Nadu,Maharashtra,HDFC,Axis,0,clean
3b942365-f575-47,UPI0001001645,1yjfe8ud@icici,54c54ed4-726,1n13jcat@upi,cb737bb3-638,196126,2024-03-18T06:27:14,Maharashtra,Maharashtra,ICICI,HDFC,0,clean
a96ec267-0d9f-4d,UPI0001000550,gm25len6@axl,0b265512-1b8,uflsehud@icici,168777e2-a06,46151,2024-03-16T15:26:16,Gujarat,Karnataka,Axis,Axis,0,clean
7a75bb94-7b1c-4d,UPI0001000436,239moft6@axl,0f7c79b6-edf,o119xp9n@apl,84e5cbf1-b6a,11059,2024-03-18T04:39:07,Karnataka,Maharashtra,ICICI,Axis,0,clean
652858bc-e924-49,UPI0001003185,au9dkbpv@upi,60186fb8-833,2g05kbkv@upi,95960706-af3,183642,2024-03-15T21:13:11,Tamil Nadu,Telangana,PNB,ICICI,0,clean
20267732-8596-41,UPI0001003405,a04ux5qr@upi,8029a269-faa,w2lm349e@upi,52515f9c-046,6665,2024-03-17T07:01:51,West Bengal,West Bengal,Kotak,Kotak,0,clean
83400211-4949-42,UPI0001003120,nipar0zj@icici,1e76c35b-bdc,r6n92xf8@oksbi,05a7b3f0-2b3,121344,2024-03-17T08:51:32,Telangana,Gujarat,Kotak,Kotak,0,clean
1f4e101f-a49d-49,UPI0001003240,jtb9xxay@apl,893cdd77-540,et8t63j3@axl,e4ac4b23-0d3,114200,2024-03-16T00:19:07,Gujarat,Karnataka,Axis,BOB,0,clean
07bced48-9bee-4b,UPI0001001743,i4fqcoot@apl,69d84931-b15,o83rlkte@axl,d9bc569f-b59,164421,2024-03-17T10:28:53,West Bengal,Kerala,HDFC,BOB,0,clean
c08e726a-f419-42,UPI0001000579,yv3lxchf@ybl,05438732-9d3,1oxrwk8r@apl,0051a9ea-fd9,26297,2024-03-16T01:34:23,Tamil Nadu,Karnataka,BOB,ICICI,0,clean
0f4153d9-8dca-4a,UPI0001001700,zei3zrrh@oksbi,8a34eeb1-73d,7w7jp61l@oksbi,7f32ed98-3eb,185065,2024-03-16T19:46:38,Kerala,Gujarat,PNB,BOB,0,clean
836bd251-3fe0-4d,UPI0001002049,5ll1d9s9@okaxis,4e8e9973-82f,o57p6bkl@ibl,a0f35ea4-53a,84866,2024-03-16T16:15:37,Gujarat,Tamil Nadu,PNB,Kotak,0,clean
030d4d36-be06-41,UPI0001004836,rdihsa7h@oksbi,ecf41fd7-09b,8ra484nl@paytm,bb2eba83-a1c,104956,2024-03-16T07:10:39,Karnataka,Gujarat,ICICI,Axis,0,clean
60c44933-b7f2-4c,UPI0001003345,dtv25ao2@icici,9e8d1dde-c69,cjiwvhdk@apl,92a1d000-b37,186409,2024-03-16T06:03:49,Tamil Nadu,West Bengal,HDFC,ICICI,0,clean
4dde0651-bcc6-44,UPI0001002818,xlez896d@apl,1f77ec31-a37,aztkszp7@oksbi,bd9daf6b-41d,171763,2024-03-17T09:14:15,Telangana,Tamil Nadu,Kotak,SBI,0,clean
69c414aa-4c9d-4c,UPI0001004717,nmkza3oa@ybl,e74929a0-019,gh2m5zja@okaxis,835cb61e-36d,64684,2024-03-15T13:01:51,Karnataka,Maharashtra,Kotak,SBI,0,clean
8fe1a2ca-bc4d-46,UPI0001003377,tkcd0rle@okaxis,ba81f20d-2be,0vm59m6m@okaxis,f9cbacae-054,85423,2024-03-16T05:30:56,Gujarat,Telangana,SBI,HDFC,0,clean
8f21412b-20fd-4d,UPI0001001827,7dia5u6h@ibl,cc9a4f84-3ff,2zdlx1q8@oksbi,bc5d6484-72a,189752,2024-03-15T22:10:25,Gujarat,West Bengal,PNB,BOB,0,clean
9671839b-fd48-4b,UPI0001001798,uuxk0are@ibl,7992b6ba-0fd,fgzvrctl@icici,8e73c27c-e02,11240,2024-03-17T11:23:57,Telangana,Karnataka,BOB,BOB,0,clean
9d2cfc20-d171-4a,UPI0001003819,zh13cd5g@upi,227ab300-e54,c2htmqwy@icici,f56a4c57-7ae,6425,2024-03-16T13:13:11,Tamil Nadu,West Bengal,HDFC,BOB,0,clean
34b9d424-a563-44,UPI0001000320,1zdfkblc@upi,58478899-90d,9boq0iq2@oksbi,45a62da6-105,186021,2024-03-17T23:59:40,Tamil Nadu,West Bengal,ICICI,SBI,0,clean
2538cac8-60b6-40,UPI0001003608,z2sf6f7l@apl,f4ac893c-cd3,0ubmc97c@axl,43852731-753,120649,2024-03-18T05:10:21,Karnataka,Tamil Nadu,Kotak,SBI,0,clean
b3a826ea-83a9-40,UPI0001001752,eh5sw229@upi,988a62ef-895,nbhds26f@upi,6cb62eb2-7f2,67834,2024-03-16T02:50:42,Telangana,Tamil Nadu,Axis,Axis,0,clean
32bb97aa-53b5-49,UPI0001001857,hl88kzru@okaxis,2eca5bfe-dc2,xf7kzorq@axl,8a77df8c-2c4,188947,2024-03-16T22:06:16,Gujarat,Tamil Nadu,ICICI,Kotak,0,clean
0f98b83e-308f-4c,UPI0001000762,xie0rnuj@paytm,7c49cd93-294,5cozroou@oksbi,1731ed06-891,196683,2024-03-16T12:17:41,Maharashtra,Kerala,PNB,ICICI,0,clean
de510583-65f0-4a,UPI0001002457,w2lm349e@upi,52515f9c-046,asifpwio@ibl,66abea7e-d1b,175050,2024-03-16T18:01:31,West Bengal,Kerala,Kotak,Kotak,0,clean
47b9a679-07b1-40,UPI0001000470,vqyiy1sy@oksbi,692618fb-a65,ywp0rxxf@icici,536cc49c-7b9,177472,2024-03-15T22:45:48,Gujarat,Kerala,ICICI,Kotak,0,clean
178a8e57-f4df-44,UPI0001004363,jtgq01te@ibl,f43f6c1a-19d,7azv2efu@ibl,68d7613a-6e9,105694,2024-03-15T16:51:59,Tamil Nadu,Telangana,ICICI,SBI,0,clean
fa0dd6ce-923a-44,UPI0001001386,jiys2n75@ybl,ab332325-6cf,8xg8y72i@oksbi,958464e8-619,129008,2024-03-17T13:08:22,Tamil Nadu,Gujarat,PNB,Axis,0,clean
fd9f47cd-447b-4b,UPI0001003196,9xn4m41k@okaxis,cc2c3f3e-4c7,vpw232ut@icici,10888114-863,75957,2024-03-16T13:49:49,Gujarat,Gujarat,HDFC,HDFC,0,clean
4e0a109e-a229-42,UPI0001001619,qhkswva9@upi,93e3cdef-acd,fewvznvk@icici,93ff3503-d85,188141,2024-03-18T07:15:01,Maharashtra,Kerala,Kotak,Kotak,0,clean
dddc1a4b-ff05-40,UPI0001002526,0ebkjf4a@axl,9005bc5c-f39,ybisbo55@paytm,0adcc0b2-719,19226,2024-03-17T17:16:40,Karnataka,Kerala,PNB,ICICI,0,clean
94f681e7-ae9a-49,UPI0001000580,bbk7w1da@paytm,4f51dace-926,wr7mkgxu@paytm,f8967d89-388,53009,2024-03-17T04:42:43,Maharashtra,Kerala,Axis,SBI,0,clean
73411838-2fc9-44,UPI0001001935,60plozjc@upi,d72284a1-243,a04ux5qr@upi,8029a269-faa,64928,2024-03-18T05:48:35,West Bengal,West Bengal,SBI,Kotak,0,clean
64f62b19-a759-45,UPI0001002480,w3zkwdee@paytm,0d7b14ce-3fb,2muljavb@paytm,42174022-e10,164240,2024-03-16T12:26:15,Telangana,Kerala,SBI,SBI,0,clean
face0b70-030f-4b,UPI0001001721,8gl2zxjm@upi,dc036929-eff,8bfqnpce@upi,96c75168-b52,53374,2024-03-17T00:40:27,Maharashtra,Telangana,Axis,Axis,0,clean
5968eddc-5716-43,UPI0001003335,bfh024kw@paytm,4c7b95ce-541,yeqahths@paytm,38d6e582-cd0,12726,2024-03-17T08:22:09,Gujarat,Maharashtra,PNB,Kotak,0,clean
bd6437af-a138-43,UPI0001003322,hzn4kgeu@okaxis,10818e5f-69f,dz4x1zhq@okaxis,d5b7dcd0-c5f,130440,2024-03-18T06:22:22,Telangana,Telangana,BOB,Axis,0,clean
0e326d43-8a64-4e,UPI0001003365,811kerpe@icici,c1a2cc6d-cfd,kek4aegv@oksbi,6fca54c3-692,42806,2024-03-18T03:31:40,Maharashtra,West Bengal,PNB,PNB,0,clean
f0133cd8-2f02-45,UPI0001003551,f6a4fejg@ybl,0ab1b956-6ec,kmy9x8sy@upi,3a2ea2b9-ebe,37438,2024-03-17T18:21:09,West Bengal,Gujarat,HDFC,PNB,0,clean
56ac129c-6fb1-43,UPI0001003922,61bw4a7f@axl,69e6f60e-2f1,t6om1fb8@ibl,593dec67-5f5,5293,2024-03-17T07:24:06,Maharashtra,Gujarat,SBI,ICICI,0,clean
eced6cba-dba6-42,UPI0001003382,jcitfoyq@ybl,56227fb1-a5a,pb8z3v6d@okaxis,080f17ae-0d9,83972,2024-03-16T19:06:04,Karnataka,Gujarat,HDFC,PNB,0,clean
f0b8abcf-3370-44,UPI0001002548,s5nkb4eh@apl,7ed57be9-1ec,sjt2jpnr@okaxis,d797c026-0e2,10822,2024-03-17T22:33:26,Karnataka,West Bengal,Kotak,BOB,0,clean
9398a260-3e47-4b,UPI0001000329,ng2igsb9@oksbi,b7684321-a5d,tkcd0rle@okaxis,ba81f20d-2be,40905,2024-03-16T01:49:31,Telangana,Gujarat,Kotak,SBI,0,clean
d528cfed-0d80-46,UPI0001002392,wsozctwj@paytm,06c76465-950,6wpx2cyo@icici,8e6b6450-5a7,191645,2024-03-16T06:53:06,Maharashtra,West Bengal,SBI,BOB,0,clean
902bd546-fb29-48,UPI0001003160,ftu2gc5w@okaxis,5b67e48a-456,y4lmct64@oksbi,c2a29e5d-a8f,190646,2024-03-15T19:32:16,Telangana,West Bengal,Axis,BOB,0,clean
147072a8-dc48-4d,UPI0001003270,nmby49e7@ibl,68a8ef6f-279,7rb1s9dw@ibl,fdf65419-e86,139668,2024-03-16T13:37:50,Kerala,Tamil Nadu,Axis,PNB,0,clean
b98821e4-36ad-4c,UPI0001001520,8n7odkef@apl,91e08ce9-3ec,oieves6f@oksbi,4c26e044-3e8,105659,2024-03-17T00:32:59,Maharashtra,West Bengal,BOB,ICICI,0,clean
b57d5448-01fe-4a,UPI0001002167,jtgq01te@ibl,f43f6c1a-19d,9ln1p0vu@okaxis,a408bd71-981,140920,2024-03-15T16:46:37,Tamil Nadu,Kerala,ICICI,Axis,0,clean
97a51aa2-8bb1-43,UPI0001000026,fazz81sd@paytm,4e1490f5-c9d,q77awudt@icici,afd46ca6-b46,103516,2024-03-15T10:33:10,Rajasthan,Delhi,BOB,ICICI,1,L1→L2
61024a95-92c9-4d,UPI0001003902,n0jbzutr@oksbi,4a3fb95b-e6e,wwnc21o0@upi,0d6872fa-a63,40514,2024-03-16T02:47:04,Gujarat,Kerala,Kotak,Axis,0,clean
c453c563-047a-4e,UPI0001003822,wjeyub19@icici,2328b533-d95,gu3obygh@oksbi,b3e30a41-88d,158488,2024-03-17T01:16:35,Karnataka,Tamil Nadu,Axis,ICICI,0,clean
9194c1cc-345a-47,UPI0001000738,lq5v4ftq@paytm,15386809-9f2,0vm59m6m@okaxis,f9cbacae-054,115047,2024-03-16T15:44:16,Maharashtra,Telangana,Kotak,HDFC,0,clean
ae9c6831-cee6-40,UPI0001000426,8qoagsus@upi,701c0d10-59a,gq9cvah7@apl,9226d90b-2a1,108517,2024-03-15T20:35:03,Kerala,Gujarat,SBI,Kotak,0,clean
63255718-2177-4e,UPI0001003463,nmby49e7@ibl,68a8ef6f-279,zrf5a7qy@icici,4b4c4d05-3db,13639,2024-03-16T06:26:51,Kerala,Gujarat,Axis,PNB,0,clean
e9712ff5-11e2-40,UPI0001002484,b9w4uov5@paytm,1dff960e-c72,1bcppvoh@icici,328ed257-23e,61135,2024-03-17T15:25:02,West Bengal,Karnataka,PNB,SBI,0,clean
7331fb0f-0552-4b,UPI0001002183,ppsfnkom@ybl,ac7006a0-31d,89k8yqk9@axl,5e7722a1-6f3,150032,2024-03-16T10:12:12,Gujarat,Telangana,BOB,SBI,0,clean
1d014bb3-3647-43,UPI0001002749,9qm3p91i@upi,292ebd50-376,hrrpzlk3@ibl,8b84e2d0-e1e,96393,2024-03-15T14:11:31,West Bengal,West Bengal,BOB,SBI,0,clean
9fe299e4-6674-4d,UPI0001002679,6wpx2cyo@icici,8e6b6450-5a7,wviac2e4@axl,ef581a18-a36,43563,2024-03-15T23:35:38,West Bengal,Kerala,BOB,PNB,0,clean
a0d9e31b-fe37-48,UPI0001000112,wr7mkgxu@paytm,f8967d89-388,grf1hx6z@ibl,40f8aee9-d31,133514,2024-03-17T05:11:45,Kerala,Telangana,SBI,SBI,0,clean
e80099f0-e0ad-4d,UPI0001001495,mqg1ved3@ibl,9abe9954-38e,r6k2vmww@oksbi,e85bb9a0-574,48341,2024-03-15T21:41:20,Tamil Nadu,Gujarat,ICICI,PNB,0,clean
c0963a05-6211-4e,UPI0001002296,lboriq8h@paytm,d1aedf8e-b07,zbcgjc36@apl,a45a1f06-4cb,27051,2024-03-16T23:53:03,West Bengal,Telangana,HDFC,Axis,0,clean
cf8570cc-1dea-4e,UPI0001001101,5xqt4p50@apl,23c3bfdf-dc6,e46aexl6@paytm,cb20a360-856,6075,2024-03-16T22:31:41,Kerala,Gujarat,ICICI,PNB,0,clean
2e980089-8b64-47,UPI0001000988,8qoagsus@upi,701c0d10-59a,rkmby9ip@ybl,f5ed200a-714,179511,2024-03-17T11:45:13,Kerala,Maharashtra,SBI,HDFC,0,clean
39775c8e-2208-4d,UPI0001003744,2zdlx1q8@oksbi,bc5d6484-72a,vgww4fyb@ibl,baf6a88b-8a5,77828,2024-03-16T09:03:05,West Bengal,Tamil Nadu,BOB,HDFC,0,clean
3bde5055-d337-40,UPI0001003694,t9t11php@okaxis,cdc97255-ace,jluujmiy@axl,77509db0-051,193470,2024-03-18T04:19:33,West Bengal,West Bengal,ICICI,ICICI,0,clean
9f5ecfa5-b891-4a,UPI0001001870,nfnvuprt@oksbi,1afaa772-d85,tuw9ohtu@oksbi,16e55977-f2b,124863,2024-03-16T04:24:21,Karnataka,West Bengal,Kotak,ICICI,0,clean
2f79ea95-7c0a-43,UPI0001004232,siwjm2c8@axl,76415f9b-a77,q57te8tv@axl,fbac67aa-dd8,8414,2024-03-15T12:59:09,Tamil Nadu,Telangana,Kotak,PNB,0,clean
98ad5914-67db-40,UPI0001003292,239moft6@axl,0f7c79b6-edf,95g3v23g@icici,87088df9-723,100184,2024-03-16T19:44:12,Karnataka,Kerala,ICICI,ICICI,0,clean
41ee31d3-a435-49,UPI0001000206,t9t11php@okaxis,cdc97255-ace,0kgazu41@ybl,deda1626-f82,29173,2024-03-18T11:13:31,West Bengal,Maharashtra,ICICI,HDFC,0,clean
d9a81fd7-8843-4d,UPI0001004392,2wgxo05q@apl,c1eb9500-3af,ng2igsb9@oksbi,b7684321-a5d,52679,2024-03-15T10:34:28,Karnataka,Telangana,Axis,Kotak,0,clean
55413c2e-660b-4c,UPI0001002862,pkyrybov@ybl,4f1e5710-28e,hyp9umyg@ibl,5327d76c-929,88883,2024-03-15T12:06:42,Maharashtra,Maharashtra,HDFC,PNB,0,clean
737aa25f-9e24-4f,UPI0001001052,vpw232ut@icici,10888114-863,w9zyn6sj@ybl,3c3c1190-4fb,14021,2024-03-17T16:38:40,Gujarat,Telangana,HDFC,ICICI,0,clean
db6bcbc5-175b-4a,UPI0001000330,9ln1p0vu@okaxis,a408bd71-981,zzf8s2zg@oksbi,7844cc4a-374,193408,2024-03-17T02:27:43,Kerala,Tamil Nadu,Axis,PNB,0,clean
53a0f31f-b99d-41,UPI0001000530,sjt2jpnr@okaxis,d797c026-0e2,n7s55j2o@icici,0c084f0a-36d,155921,2024-03-16T11:27:36,West Bengal,Karnataka,BOB,ICICI,0,clean
42ba596b-aeb4-47,UPI0001004660,wjeyub19@icici,2328b533-d95,ymk99jcj@apl,c716a5a8-fe4,1102,2024-03-16T05:25:27,Karnataka,Maharashtra,Axis,BOB,0,clean
b8544a39-3c90-43,UPI0001003395,61bw4a7f@axl,69e6f60e-2f1,v1v93kmk@icici,10199d03-28f,148976,2024-03-18T05:00:13,Maharashtra,Gujarat,SBI,HDFC,0,clean
6d54060b-8a40-4c,UPI0001000175,x2toowt9@apl,e738b31f-0c3,4lorxdtg@apl,65e2fb55-c36,186034,2024-03-17T22:53:44,Kerala,Telangana,SBI,ICICI,0,clean
62867cde-3dce-4b,UPI0001003563,gn1w1ht7@axl,61e9276c-1e5,zmf8mdd4@paytm,d6a9a633-5ca,91682,2024-03-16T12:17:10,Tamil Nadu,Tamil Nadu,PNB,BOB,0,clean
5617d89b-b5f1-49,UPI0001000754,je2ab2rv@upi,8cc02af2-3b1,td44k1j6@oksbi,e33499ff-738,128296,2024-03-17T12:49:52,West Bengal,Maharashtra,BOB,BOB,0,clean
09bd8b6d-1b68-4f,UPI0001001974,4j3dab42@okaxis,528a0fca-b7e,b6bndoz6@axl,13339c2c-6a6,162580,2024-03-17T14:40:35,Karnataka,Karnataka,BOB,Kotak,0,clean
149703fa-dbbf-45,UPI0001001754,7rb1s9dw@ibl,fdf65419-e86,2wbxanj4@upi,bfa5558d-959,150247,2024-03-16T11:38:14,Tamil Nadu,Karnataka,PNB,BOB,0,clean
9291b9eb-ee34-42,UPI0001001991,i6yuj7yk@icici,f03c391e-8f7,s5nkb4eh@apl,7ed57be9-1ec,8724,2024-03-16T03:25:59,Tamil Nadu,Karnataka,Kotak,Kotak,0,clean
d680de1e-f3ef-48,UPI0001002654,wtg1m8xf@ibl,34f68cde-274,o2m71hss@ybl,6cafa98d-8f3,154538,2024-03-17T02:24:32,Kerala,Tamil Nadu,HDFC,SBI,0,clean
1653ee7c-e946-4e,UPI0001001254,9yecazrp@oksbi,388259e0-08a,jng7l4lr@ibl,01fe3c1a-6f8,69457,2024-03-15T13:32:21,Maharashtra,Kerala,SBI,Axis,0,clean
243b6014-0811-42,UPI0001002893,l3wxdrlc@upi,38c6e804-3e7,ppsfnkom@ybl,ac7006a0-31d,111598,2024-03-18T04:32:34,Kerala,Gujarat,ICICI,BOB,0,clean
7db88cf7-fb54-43,UPI0001002426,hwy9hecg@axl,4c9f3ceb-6e3,nmby49e7@ibl,68a8ef6f-279,21167,2024-03-16T15:33:17,Telangana,Kerala,SBI,Axis,0,clean
56533295-2ac0-48,UPI0001002090,ge094d6r@axl,323f67af-ede,0v2zp4ju@upi,32db899d-85a,96999,2024-03-18T04:27:53,West Bengal,Telangana,HDFC,HDFC,0,clean
7ea4b18c-baad-4d,UPI0001001908,6wpx2cyo@icici,8e6b6450-5a7,dr5xyfc4@paytm,172a1c93-d06,54694,2024-03-15T11:32:59,West Bengal,Telangana,BOB,SBI,0,clean
f659213f-a19b-48,UPI0001004637,jcitfoyq@ybl,56227fb1-a5a,i7kq1uym@axl,bdef7217-228,57210,2024-03-18T08:50:00,Karnataka,West Bengal,HDFC,BOB,0,clean
75667f1e-bad3-45,UPI0001004269,rw6tm2o0@icici,7b3b2f4a-e30,almjegqt@apl,5a7a5884-b49,99316,2024-03-16T06:07:58,Karnataka,Tamil Nadu,ICICI,SBI,0,clean
0d281310-5383-45,UPI0001003558,hy8nbiqu@axl,294c42d1-181,c01arxab@apl,a094d57c-0e5,161185,2024-03-16T22:06:44,Kerala,Tamil Nadu,PNB,ICICI,0,clean
a47420ac-c4b1-46,UPI0001001005,xyjoa21a@oksbi,27c58270-7c1,nbhds26f@upi,6cb62eb2-7f2,122358,2024-03-15T23:35:11,Karnataka,Tamil Nadu,PNB,Axis,0,clean
fa383066-d39f-4d,UPI0001003837,48c1cqg4@apl,88ccb91c-dbb,0lthy25m@oksbi,3c04574b-b03,53348,2024-03-17T13:08:46,Tamil Nadu,Kerala,BOB,ICICI,0,clean
1eda308c-1138-4d,UPI0001002872,hxid4n1u@apl,5830f07f-146,hwy9hecg@axl,4c9f3ceb-6e3,7588,2024-03-16T19:34:56,Kerala,Telangana,BOB,SBI,0,clean
5e860778-a541-47,UPI0001003428,khzlm72j@ibl,d5592af3-889,q1s05wnw@upi,8ed524ee-6d2,19634,2024-03-17T02:09:07,West Bengal,Maharashtra,Kotak,PNB,0,clean
47ae20c9-eec5-49,UPI0001004031,2g05kbkv@upi,95960706-af3,dr5xyfc4@paytm,172a1c93-d06,20798,2024-03-15T17:57:34,Telangana,Telangana,ICICI,SBI,0,clean
7163a183-930f-43,UPI0001002786,jeget1gh@axl,f0c058e9-79c,a3kkrzd5@oksbi,e9b226cc-92f,54001,2024-03-17T17:05:47,Maharashtra,Maharashtra,ICICI,ICICI,0,clean
8969747b-01e3-40,UPI0001004512,c2htmqwy@icici,f56a4c57-7ae,ppohswq4@ybl,27cf6e96-b10,71348,2024-03-16T05:11:55,West Bengal,Tamil Nadu,BOB,PNB,0,clean
d929ef3d-540c-47,UPI0001003211,0ubmc97c@axl,43852731-753,hx74d0gj@ybl,5db7e9f0-084,152819,2024-03-17T10:25:14,Tamil Nadu,Maharashtra,SBI,BOB,0,clean
2288608a-b391-4c,UPI0001002315,uswbkok3@axl,7f90cc04-8a6,bbk7w1da@paytm,4f51dace-926,70101,2024-03-18T00:20:04,Tamil Nadu,Maharashtra,HDFC,Axis,0,clean
150bed4c-a8b4-44,UPI0001002201,uuxk0are@ibl,7992b6ba-0fd,sc4e5hrd@apl,11c9ca6c-0cd,134074,2024-03-17T15:11:55,Telangana,Tamil Nadu,BOB,PNB,0,clean
73bb156c-03ad-43,UPI0001003025,rlf8a9ke@axl,0a10972f-813,lhlb50at@apl,0232feb6-0e5,161265,2024-03-15T18:54:01,Kerala,West Bengal,PNB,ICICI,0,clean
0e308f5a-37f0-41,UPI0001000037,iiuc039t@oksbi,33371112-6be,i64ciyhe@axl,3c438fde-668,119478,2024-03-15T10:34:30,Rajasthan,Uttarakhand,HDFC,HDFC,1,L1→L2
08828e2f-7744-43,UPI0001001701,ga0x7zcg@ibl,15bb3739-991,au9dkbpv@upi,60186fb8-833,6565,2024-03-16T03:37:41,Karnataka,Tamil Nadu,SBI,PNB,0,clean
b7e48c79-8d74-47,UPI0001000910,5ll1d9s9@okaxis,4e8e9973-82f,rdihsa7h@oksbi,ecf41fd7-09b,25060,2024-03-18T01:41:29,Gujarat,Karnataka,PNB,ICICI,0,clean
d6f4f3f7-7bdf-40,UPI0001001683,7oxk8c1g@axl,46b23fe2-5eb,lcxlvpym@ybl,f3fd02cd-2f8,55185,2024-03-16T18:48:53,Telangana,Maharashtra,Axis,PNB,0,clean
43d6af0c-f2bc-4a,UPI0001002609,jfvyb6li@axl,93910c55-ea9,q20hwobm@okaxis,1f7e151c-59a,53762,2024-03-17T08:54:25,Karnataka,Tamil Nadu,ICICI,SBI,0,clean
909e280d-9fa3-4a,UPI0001000497,ad7x48wz@ibl,f694d29f-aad,pb8z3v6d@okaxis,080f17ae-0d9,10145,2024-03-16T22:01:57,Tamil Nadu,Gujarat,SBI,PNB,0,clean
9b54d2e6-afbd-48,UPI0001004397,stn3cpud@axl,4a22d1fb-5bc,siwjm2c8@axl,76415f9b-a77,81133,2024-03-17T19:06:16,Tamil Nadu,Tamil Nadu,Axis,Kotak,0,clean
0c686bc4-356b-4a,UPI0001004832,hiuit7m1@axl,ac812895-0f0,s43c5ba7@upi,6a3a3aa8-5af,116933,2024-03-17T15:35:59,Karnataka,Karnataka,PNB,Kotak,0,clean
9eae3fb8-40f4-48,UPI0001002752,0ubmc97c@axl,43852731-753,n14eb875@paytm,d2688e7f-3c2,69104,2024-03-16T14:30:12,Tamil Nadu,Gujarat,SBI,SBI,0,clean
8b32725c-b8d9-4b,UPI0001000314,7rb1s9dw@ibl,fdf65419-e86,3o1icns8@axl,d6c09182-2d4,72010,2024-03-18T11:27:42,Tamil Nadu,Maharashtra,PNB,Kotak,0,clean
e021c12c-8896-4f,UPI0001002806,8n7odkef@apl,91e08ce9-3ec,tnqfll7v@ybl,e3cbc039-81c,99828,2024-03-16T06:25:36,Maharashtra,Gujarat,BOB,HDFC,0,clean
fdea7dfb-aff7-4e,UPI0001000806,urvqt3g8@ibl,7b0d2a9d-0f8,3o0llj8y@axl,1c00950a-235,46566,2024-03-18T06:16:56,Gujarat,Maharashtra,Kotak,SBI,0,clean
f98724d2-fa10-4a,UPI0001002253,8bfqnpce@upi,96c75168-b52,5cozroou@oksbi,1731ed06-891,82868,2024-03-17T07:55:17,Telangana,Kerala,Axis,ICICI,0,clean
2a56a1ec-7666-4a,UPI0001003466,hkc856wp@axl,d4d7921f-c09,8bfqnpce@upi,96c75168-b52,84002,2024-03-15T17:39:14,Kerala,Telangana,SBI,Axis,0,clean
58797e0a-cb51-46,UPI0001003264,h25llo3r@ybl,61c41a5e-2b8,ivuzzpqk@ybl,1175d2fb-cc9,179329,2024-03-15T17:52:45,Maharashtra,Tamil Nadu,BOB,BOB,0,clean
07d31ef1-ba8c-49,UPI0001000966,gspk9p38@axl,b85df010-58f,cqse3tv1@oksbi,3efd782c-6ec,103336,2024-03-16T10:22:47,West Bengal,Gujarat,ICICI,Axis,0,clean
2509b7fb-8ea9-40,UPI0001003658,uplvqexu@okaxis,33e404df-c0a,dtv25ao2@icici,9e8d1dde-c69,37185,2024-03-17T02:36:25,Karnataka,Tamil Nadu,BOB,HDFC,0,clean
5fedbaab-4b74-4f,UPI0001003774,f6a4fejg@ybl,0ab1b956-6ec,bbrnu8c0@icici,94acc6b0-f97,92016,2024-03-16T11:02:52,West Bengal,Maharashtra,HDFC,BOB,0,clean
9bf53061-d6e0-4d,UPI0001003517,safyh1fk@paytm,7814c846-782,95g3v23g@icici,87088df9-723,99465,2024-03-18T03:13:22,Tamil Nadu,Kerala,HDFC,ICICI,0,clean
876b64c7-b885-46,UPI0001004299,fewvznvk@icici,93ff3503-d85,0cdk36m8@paytm,e75380e3-936,43325,2024-03-17T02:44:04,Kerala,Tamil Nadu,Kotak,HDFC,0,clean
3fd69d94-3ef2-47,UPI0001003467,vaj2k8xp@apl,90f01618-4ff,qxm0632c@paytm,fc67a622-d29,96605,2024-03-15T16:40:10,Karnataka,Tamil Nadu,BOB,Kotak,0,clean
40d90501-0d64-43,UPI0001004003,tuw6taq6@upi,409c06a8-91d,n7s55j2o@icici,0c084f0a-36d,185680,2024-03-16T12:51:13,Gujarat,Karnataka,Axis,ICICI,0,clean
fd24d756-138d-49,UPI0001000403,vpw232ut@icici,10888114-863,k12v2tg5@apl,3903da2e-a66,10223,2024-03-16T06:27:36,Gujarat,Telangana,HDFC,Axis,0,clean
c9f2c60c-751f-4a,UPI0001000011,9xuy41ib@upi,8a87cb9e-052,6fao72kz@icici,ad5a9dd1-44e,108910,2024-03-15T10:34:26,Rajasthan,Haryana,Axis,PNB,1,L1→L2
390e5c73-f28a-43,UPI0001000609,0mqvindh@icici,d434bc72-c00,zb4ldims@paytm,37226f2a-c4f,72705,2024-03-16T11:30:09,Karnataka,Gujarat,PNB,ICICI,0,clean
04421a52-d186-4c,UPI0001004129,6befflzm@icici,db593e75-f7b,nfnvuprt@oksbi,1afaa772-d85,2017,2024-03-15T15:56:01,Kerala,Karnataka,ICICI,Kotak,0,clean
c241f2df-d0db-48,UPI0001004576,0cdk36m8@paytm,e75380e3-936,c1l7dypm@upi,cee17028-635,73941,2024-03-16T19:32:19,Tamil Nadu,Karnataka,HDFC,ICICI,0,clean
4ac915c0-ab18-4d,UPI0001002234,rw6tm2o0@icici,7b3b2f4a-e30,0w064w3u@okaxis,815a78a7-e61,149022,2024-03-15T17:30:07,Karnataka,Maharashtra,ICICI,SBI,0,clean
5b54393a-d46d-42,UPI0001004537,9t199dxj@ybl,95e891ca-aea,xb94pdzp@ibl,1f77595a-0f7,118546,2024-03-18T03:07:01,West Bengal,Telangana,BOB,ICICI,0,clean
5ff699a7-73ec-43,UPI0001000246,gspk9p38@axl,b85df010-58f,k7y6qxds@oksbi,368e12fa-90b,22501,2024-03-17T03:08:19,West Bengal,Telangana,ICICI,BOB,0,clean
bac00f6b-115a-43,UPI0001001537,xyjoa21a@oksbi,27c58270-7c1,tqlgzui1@ybl,109f1976-af5,91429,2024-03-18T01:12:47,Karnataka,West Bengal,PNB,ICICI,0,clean
dbd01691-9191-43,UPI0001001150,lem1qq4d@paytm,876e2b47-793,811kerpe@icici,c1a2cc6d-cfd,3838,2024-03-17T22:57:21,Telangana,Maharashtra,BOB,PNB,0,clean
55758185-08e8-4a,UPI0001003876,7h23c42y@oksbi,dac36c42-184,pdtz91x7@oksbi,676d9892-38a,51002,2024-03-17T14:49:10,Telangana,Gujarat,PNB,SBI,0,clean
1587f255-03d6-4b,UPI0001003473,sehe2atn@icici,d6c059ff-a09,6wpx2cyo@icici,8e6b6450-5a7,3111,2024-03-16T15:31:14,Maharashtra,West Bengal,HDFC,BOB,0,clean
02e2ccea-012e-49,UPI0001004140,6xlpu0dk@apl,2966c875-264,aacosym0@paytm,7cd0e4eb-ec5,114604,2024-03-17T00:38:12,Tamil Nadu,Kerala,HDFC,HDFC,0,clean
25250216-82a1-42,UPI0001001284,ulzfy981@icici,71106fca-bed,xtnsrtwl@upi,320db857-eb5,37714,2024-03-15T14:45:44,Kerala,Tamil Nadu,SBI,SBI,0,clean
b44d29aa-c098-4e,UPI0001004469,c7d2kd1p@apl,044bb7dc-666,wr7mkgxu@paytm,f8967d89-388,170613,2024-03-17T23:33:21,West Bengal,Kerala,BOB,SBI,0,clean
79af259f-b69b-40,UPI0001000293,sjt2jpnr@okaxis,d797c026-0e2,rflqbmae@apl,a2a8bd54-d6e,186216,2024-03-17T17:17:38,West Bengal,Karnataka,BOB,Kotak,0,clean
7576d6eb-b87e-46,UPI0001000706,xxbw01pd@ibl,76fbf235-4af,60plozjc@upi,d72284a1-243,164821,2024-03-16T00:25:40,Maharashtra,West Bengal,SBI,SBI,0,clean
adcf4c5e-32f2-48,UPI0001001828,kqxlm5q2@axl,96141255-6de,znv0h0gq@ibl,2b7b25ce-4e9,130836,2024-03-16T10:18:24,West Bengal,Gujarat,BOB,HDFC,0,clean
6fcab683-158b-43,UPI0001000541,a83ru7my@apl,88c32907-0d3,qfwwxr5r@ibl,26cdf408-d84,157724,2024-03-17T05:24:37,Karnataka,Maharashtra,SBI,ICICI,0,clean
573569fc-5345-4d,UPI0001003814,9mda9oek@upi,3941c113-d9b,qzsa7yvd@axl,3c3a17d9-186,35036,2024-03-16T09:53:09,Gujarat,Tamil Nadu,Kotak,SBI,0,clean
6ffe18fc-ec70-4b,UPI0001002250,qjqijc1y@ibl,55a726c6-908,c2htmqwy@icici,f56a4c57-7ae,102185,2024-03-17T19:08:13,Karnataka,West Bengal,PNB,BOB,0,clean
5b254da7-d1b6-46,UPI0001000997,52sq3b9s@apl,ec8fbf62-67f,9ltajw25@okaxis,2443c8c7-7e8,178911,2024-03-16T02:58:23,Gujarat,West Bengal,PNB,PNB,0,clean
13beea41-4396-4f,UPI0001004711,i7kq1uym@axl,bdef7217-228,rid3dnkn@oksbi,b8fa8960-47b,27046,2024-03-17T13:16:34,West Bengal,Karnataka,BOB,PNB,0,clean
8195ca38-d0d2-43,UPI0001000182,r94sz2ku@ybl,3c8e10be-1ce,8e9rivh6@icici,ab4ef148-113,180605,2024-03-17T18:44:35,Telangana,Karnataka,Axis,ICICI,0,clean
519710e2-b17d-42,UPI0001000394,1bcppvoh@icici,328ed257-23e,dz4x1zhq@okaxis,d5b7dcd0-c5f,53424,2024-03-17T18:56:49,Karnataka,Telangana,SBI,Axis,0,clean
45254122-a653-4d,UPI0001002068,o57p6bkl@ibl,a0f35ea4-53a,snwywrra@icici,2981fe0d-fe0,4944,2024-03-16T01:33:55,Tamil Nadu,Karnataka,Kotak,Axis,0,clean
1aa78aa8-40b2-45,UPI0001002218,3vg6v5t1@ibl,6109748c-75e,pb8z3v6d@okaxis,080f17ae-0d9,187309,2024-03-18T08:05:20,Telangana,Gujarat,Axis,PNB,0,clean
5da30456-0b2e-4e,UPI0001003586,vt997e4u@upi,6ffdcb98-a38,wusxlmt2@axl,cdd27bc1-dc1,165427,2024-03-17T10:22:37,Gujarat,Gujarat,Kotak,ICICI,0,clean
aae40b86-5fa3-45,UPI0001004092,tx63cfl0@paytm,ac541769-490,7azv2efu@ibl,68d7613a-6e9,116267,2024-03-18T01:28:37,Tamil Nadu,Telangana,Axis,SBI,0,clean
269848b6-2d97-46,UPI0001000598,u9n79gil@upi,388edc83-947,moge4qxx@ybl,686a9e6d-c61,86703,2024-03-18T10:58:40,Karnataka,Gujarat,Kotak,SBI,0,clean
e2064b55-a2ea-45,UPI0001003215,r6n92xf8@oksbi,05a7b3f0-2b3,2zbppfo5@upi,c3f5b069-37e,56209,2024-03-17T10:50:16,Gujarat,Maharashtra,Kotak,Kotak,0,clean
5bddebf2-4574-43,UPI0001002912,04chsdin@okaxis,7193a5d0-081,2sds8b25@icici,bd9e7438-8f4,13758,2024-03-17T20:07:31,Tamil Nadu,Telangana,Kotak,ICICI,0,clean
a550ce8f-1fcb-4e,UPI0001003538,ftu2gc5w@okaxis,5b67e48a-456,kns832ej@axl,1d7f27e2-928,40303,2024-03-15T23:23:11,Telangana,West Bengal,Axis,BOB,0,clean
71b89957-6d1f-46,UPI0001000281,jcn9j3gc@okaxis,59d7c029-a96,c2ihoy7d@paytm,e4f996dd-100,52474,2024-03-16T20:14:54,Tamil Nadu,Tamil Nadu,Kotak,BOB,0,clean
1d9bc2c7-1f42-4f,UPI0001002561,hxid4n1u@apl,5830f07f-146,9rk7d30m@upi,c9d13a46-21b,189833,2024-03-18T05:57:13,Kerala,Maharashtra,BOB,Axis,0,clean
2e59ad5d-c4de-49,UPI0001001218,1yjfe8ud@icici,54c54ed4-726,hl88kzru@okaxis,2eca5bfe-dc2,37017,2024-03-17T22:26:46,Maharashtra,Gujarat,ICICI,ICICI,0,clean
eb6f7356-3fc6-4a,UPI0001001425,kuuhclrr@ibl,9658742d-f26,5xlk8wru@ybl,4c2dd6a9-8c7,22424,2024-03-15T23:05:10,West Bengal,Karnataka,Kotak,SBI,0,clean
49def516-f8b1-4e,UPI0001003082,6kvpuc8d@okaxis,09e9b54f-d22,ulzfy981@icici,71106fca-bed,31163,2024-03-15T11:41:14,Telangana,Kerala,PNB,SBI,0,clean
e5a84cf9-95fb-40,UPI0001001881,ivrocvit@icici,40e259ef-b8c,95g3v23g@icici,87088df9-723,41046,2024-03-17T10:06:11,Telangana,Kerala,BOB,ICICI,0,clean
847d745f-b543-4e,UPI0001004479,ezjsszwd@icici,4d45d924-039,811kerpe@icici,c1a2cc6d-cfd,109861,2024-03-15T20:54:25,Telangana,Maharashtra,SBI,PNB,0,clean
ce5ddcf0-676e-43,UPI0001004574,c7d2kd1p@apl,044bb7dc-666,6xlpu0dk@apl,2966c875-264,138072,2024-03-18T00:09:38,West Bengal,Tamil Nadu,BOB,HDFC,0,clean
f53fbe48-2b7d-44,UPI0001003271,gh2m5zja@okaxis,835cb61e-36d,ytwbozd1@ybl,9637a7ac-2e7,65496,2024-03-18T08:22:17,Maharashtra,Tamil Nadu,SBI,Kotak,0,clean
831e2ee6-76f1-48,UPI0001001118,jiys2n75@ybl,ab332325-6cf,dz4x1zhq@okaxis,d5b7dcd0-c5f,137277,2024-03-18T05:45:36,Tamil Nadu,Telangana,PNB,Axis,0,clean
4d0668df-f5e5-4c,UPI0001004321,h8uzb7kr@oksbi,0dcc2242-7f7,wovcxek4@apl,be18dda5-608,68807,2024-03-16T21:15:51,Karnataka,Karnataka,SBI,PNB,0,clean
34936cb8-a446-4f,UPI0001002944,sb5iqnf7@ybl,ffdb076f-e40,au9dkbpv@upi,60186fb8-833,3523,2024-03-18T07:41:03,Gujarat,Tamil Nadu,Kotak,PNB,0,clean
0ef3916a-2a25-4b,UPI0001003620,ulzfy981@icici,71106fca-bed,vkyrmjlj@paytm,170acc6e-133,144958,2024-03-16T17:09:38,Kerala,Gujarat,SBI,HDFC,0,clean
149056ee-064c-4c,UPI0001003875,sxlul6lg@paytm,0d49bdb5-2c0,tnqfll7v@ybl,e3cbc039-81c,123070,2024-03-16T16:20:58,Tamil Nadu,Gujarat,Kotak,HDFC,0,clean
9b1ae90f-390e-4e,UPI0001001114,lq5v4ftq@paytm,15386809-9f2,6kvpuc8d@okaxis,09e9b54f-d22,29546,2024-03-15T16:49:04,Maharashtra,Telangana,Kotak,PNB,0,clean
cfe514b1-d59a-42,UPI0001000194,4ivsolml@oksbi,3f8344dd-51d,48c1cqg4@apl,88ccb91c-dbb,119679,2024-03-15T23:37:16,Telangana,Tamil Nadu,SBI,BOB,0,clean
5c49a286-6f02-4d,UPI0001002656,zmuf8438@icici,62a8adae-998,q57te8tv@axl,fbac67aa-dd8,59150,2024-03-15T10:30:42,Tamil Nadu,Telangana,ICICI,PNB,0,clean
e756f1d8-0ed2-42,UPI0001000973,ofas1ekt@axl,de630927-308,lfzkicwm@axl,de2ef3f1-ab7,81533,2024-03-16T11:05:12,Maharashtra,Kerala,BOB,SBI,0,clean
205d33a4-f7d8-44,UPI0001000193,qvs8a0tp@axl,964a35db-404,uuxk0are@ibl,7992b6ba-0fd,106522,2024-03-18T01:02:17,Telangana,Telangana,Kotak,BOB,0,clean
c6fc14bb-3c76-42,UPI0001003807,ld4d6af5@oksbi,c6d92344-f08,w6lqwlvu@upi,dec88820-146,102696,2024-03-18T01:39:11,Kerala,Maharashtra,SBI,BOB,0,clean
2de4f8c3-ce78-45,UPI0001001853,gu3obygh@oksbi,b3e30a41-88d,2g05kbkv@upi,95960706-af3,151038,2024-03-15T16:59:39,Tamil Nadu,Telangana,ICICI,ICICI,0,clean
0e9afd2d-1e01-40,UPI0001001637,1n13jcat@upi,cb737bb3-638,t6om1fb8@ibl,593dec67-5f5,95962,2024-03-18T04:17:55,Maharashtra,Gujarat,HDFC,ICICI,0,clean
4c583935-7b1c-4f,UPI0001002060,gn1w1ht7@axl,61e9276c-1e5,r94sz2ku@ybl,3c8e10be-1ce,51603,2024-03-18T06:21:32,Tamil Nadu,Telangana,PNB,Axis,0,clean
78d3aec0-e97e-4a,UPI0001001295,n0jbzutr@oksbi,4a3fb95b-e6e,dn5gjj8m@oksbi,daefad95-27b,193284,2024-03-15T18:21:06,Gujarat,Kerala,Kotak,Axis,0,clean
0d0a1a13-95bb-4e,UPI0001003676,ceouuyla@paytm,c8d44d0a-2c5,yeqahths@paytm,38d6e582-cd0,145951,2024-03-17T17:41:20,West Bengal,Maharashtra,BOB,Kotak,0,clean
e66e8ddb-ccc7-45,UPI0001000696,z2t4h20r@ybl,d41e17b8-b9f,reiyaz39@apl,75d4c470-c88,197753,2024-03-15T21:36:40,Tamil Nadu,Karnataka,HDFC,PNB,0,clean
ee622696-6051-4b,UPI0001000226,0ebkjf4a@axl,9005bc5c-f39,x7pwo6cm@upi,2500e1a0-89a,24606,2024-03-15T23:07:21,Karnataka,Karnataka,PNB,ICICI,0,clean
133dab58-e5dc-46,UPI0001004688,0ljch2vf@oksbi,cab331dd-0d9,cd81twhw@okaxis,215eaeac-210,176141,2024-03-17T23:10:57,West Bengal,Kerala,Axis,BOB,0,clean
9fc39f92-2466-4b,UPI0001004213,w3zkwdee@paytm,0d7b14ce-3fb,zbffzzdv@okaxis,7664c07f-020,47589,2024-03-15T19:09:21,Telangana,Maharashtra,SBI,SBI,0,clean
95002a85-2eea-4e,UPI0001003968,z09wftbg@upi,69681540-b97,6befflzm@icici,db593e75-f7b,151989,2024-03-16T03:48:34,Kerala,Kerala,Kotak,ICICI,0,clean
c320d195-4061-48,UPI0001004234,wpaytxw1@ybl,a9a1d8cd-197,5x8a5fbu@apl,a870d6ed-72c,122902,2024-03-16T21:35:04,Telangana,West Bengal,PNB,Kotak,0,clean
828cab2a-c749-4f,UPI0001004051,l3wxdrlc@upi,38c6e804-3e7,o75rh8lx@ibl,08de2ce8-4d4,163928,2024-03-17T09:31:28,Kerala,Karnataka,ICICI,PNB,0,clean
bb8799c3-0f2d-41,UPI0001003873,9qm3p91i@upi,292ebd50-376,811kerpe@icici,c1a2cc6d-cfd,9329,2024-03-18T05:52:32,West Bengal,Maharashtra,BOB,PNB,0,clean
5aaec468-7045-4f,UPI0001004803,n0jbzutr@oksbi,4a3fb95b-e6e,qzxebb9e@okaxis,8ebd5aae-250,185188,2024-03-16T01:29:15,Gujarat,West Bengal,Kotak,Kotak,0,clean
153ac7f3-c562-49,UPI0001002024,78imoe0s@okaxis,0248c411-18c,0q0mftg6@ybl,1c02f161-954,118671,2024-03-17T08:17:51,Tamil Nadu,Gujarat,Axis,Kotak,0,clean
e6b26aaf-f0e3-44,UPI0001002295,ac6pe63l@ybl,fe6486c9-5e6,hxid4n1u@apl,5830f07f-146,109499,2024-03-15T16:45:09,Tamil Nadu,Kerala,Axis,BOB,0,clean
937fffbd-088e-49,UPI0001000999,95g3v23g@icici,87088df9-723,rid3dnkn@oksbi,b8fa8960-47b,133129,2024-03-17T19:46:56,Kerala,Karnataka,ICICI,PNB,0,clean
433e0e76-c482-44,UPI0001002132,hyexf7jx@paytm,855c736c-1a1,ixz2c9ro@icici,9e2471db-695,113670,2024-03-15T22:08:16,Telangana,Maharashtra,SBI,BOB,0,clean
7a25c3ba-86f4-45,UPI0001003040,cd81twhw@okaxis,215eaeac-210,al8m1g9f@paytm,f6b9e535-824,97098,2024-03-16T20:02:11,Kerala,Maharashtra,BOB,BOB,0,clean
e0dfede1-5cab-45,UPI0001001545,td44k1j6@oksbi,e33499ff-738,xcdyk0x6@oksbi,952171cb-bbd,104889,2024-03-18T05:23:06,Maharashtra,Gujarat,BOB,ICICI,0,clean
092eb749-5c08-4d,UPI0001002646,j9rm7pyx@ibl,4a9e6a11-177,zr1yxr2d@okaxis,c1059074-ebc,144483,2024-03-16T04:55:37,Gujarat,Karnataka,BOB,Axis,0,clean
c7680fa4-a807-48,UPI0001000536,qvs8a0tp@axl,964a35db-404,kicjn2fo@upi,1c3c8bbe-fc6,76800,2024-03-17T09:30:33,Telangana,Kerala,Kotak,SBI,0,clean
5735c46c-7aa8-44,UPI0001000024,84azytjx@ibl,265d56de-027,4ufel624@upi,2337c244-4c7,191066,2024-03-15T10:33:27,Rajasthan,Uttarakhand,ICICI,HDFC,1,L1→L2
06e1a5f2-fa29-40,UPI0001000727,d9fkxzuu@axl,1433fde1-1dd,239moft6@axl,0f7c79b6-edf,188369,2024-03-18T02:32:08,Tamil Nadu,Karnataka,PNB,ICICI,0,clean
03c49a75-19a1-43,UPI0001000042,fgzvrctl@icici,8e73c27c-e02,vkyrmjlj@paytm,170acc6e-133,133548,2024-03-16T14:59:49,Karnataka,Gujarat,BOB,HDFC,0,clean
d681513d-4a60-40,UPI0001003337,9yecazrp@oksbi,388259e0-08a,9rk7d30m@upi,c9d13a46-21b,85823,2024-03-18T05:12:02,Maharashtra,Maharashtra,SBI,Axis,0,clean
f32ba817-bd0e-4a,UPI0001001301,70e3p15a@okaxis,d87ecdc6-34f,uu4ytn02@ibl,0dc94cab-d16,150205,2024-03-17T12:32:39,Karnataka,Karnataka,SBI,Kotak,0,clean
2345d912-16af-49,UPI0001001122,ivrocvit@icici,40e259ef-b8c,z2sf6f7l@apl,f4ac893c-cd3,173378,2024-03-16T13:14:04,Telangana,Karnataka,BOB,Kotak,0,clean
271e3576-173b-41,UPI0001003547,p3jpxgh3@axl,c8b30791-50e,rdihsa7h@oksbi,ecf41fd7-09b,64607,2024-03-17T03:03:20,Gujarat,Karnataka,BOB,ICICI,0,clean
a2657534-fe21-48,UPI0001000231,03o4gkww@paytm,a371a87c-ef1,ej31gymd@upi,213b8037-53d,47843,2024-03-15T13:10:45,Gujarat,Telangana,PNB,HDFC,0,clean
82467b6e-33d0-4f,UPI0001000804,iwg0odwm@axl,b06871d7-817,w6m7b5c8@paytm,6ac34a96-9d8,72234,2024-03-15T11:36:24,Gujarat,Gujarat,PNB,PNB,0,clean
e9f6135f-e713-44,UPI0001001528,4ivsolml@oksbi,3f8344dd-51d,9rr7s20c@oksbi,5df013ac-e29,45606,2024-03-17T00:49:05,Telangana,Maharashtra,SBI,Kotak,0,clean
cc97ace0-4a90-4b,UPI0001003314,9rk7d30m@upi,c9d13a46-21b,je2ab2rv@upi,8cc02af2-3b1,188563,2024-03-16T01:47:11,Maharashtra,West Bengal,Axis,BOB,0,clean
24b15d81-e84f-43,UPI0001003472,uhz1gv0e@oksbi,3097941d-05e,17mgfxc0@ybl,cf96bd32-f7f,87057,2024-03-17T14:06:06,Tamil Nadu,Gujarat,ICICI,SBI,0,clean
d0e2ebc8-9747-44,UPI0001004102,7h23c42y@oksbi,dac36c42-184,ivrocvit@icici,40e259ef-b8c,162376,2024-03-15T17:40:21,Telangana,Telangana,PNB,BOB,0,clean
6897d7a2-e746-42,UPI0001003033,lboriq8h@paytm,d1aedf8e-b07,1n13jcat@upi,cb737bb3-638,72116,2024-03-17T19:38:45,West Bengal,Maharashtra,HDFC,HDFC,0,clean
b927f90a-61e6-42,UPI0001002436,9v20yar8@okaxis,d55a6885-690,1zdfkblc@upi,58478899-90d,88072,2024-03-16T07:41:41,Tamil Nadu,Tamil Nadu,PNB,ICICI,0,clean
f9f84202-271e-4e,UPI0001001418,o75rh8lx@ibl,08de2ce8-4d4,vn1x2gdg@paytm,b8323e22-9c7,172479,2024-03-17T22:54:18,Karnataka,West Bengal,PNB,Axis,0,clean
be393250-0820-4e,UPI0001001196,aiy4va13@ybl,143b620b-637,fqjja26y@oksbi,51114166-54e,14837,2024-03-16T21:23:41,Maharashtra,Kerala,BOB,SBI,0,clean
65680067-fffa-46,UPI0001002635,moge4qxx@ybl,686a9e6d-c61,ezqacj4t@icici,8eb3737e-59f,58965,2024-03-17T00:19:09,Gujarat,West Bengal,SBI,Axis,0,clean
133c4b3f-ec75-48,UPI0001003253,tuw6taq6@upi,409c06a8-91d,mcqbnkx9@ibl,8afc3470-686,16008,2024-03-16T18:35:17,Gujarat,Tamil Nadu,Axis,Kotak,0,clean
8724ee6e-d087-45,UPI0001000004,zmf8mdd4@paytm,d6a9a633-5ca,fazz81sd@paytm,4e1490f5-c9d,502416,2024-03-15T10:30:18,Tamil Nadu,Rajasthan,BOB,BOB,1,L0→L1
24275e39-c257-4c,UPI0001001996,93wxa73j@oksbi,dd8493a4-c29,bbrnu8c0@icici,94acc6b0-f97,91264,2024-03-16T20:05:12,Kerala,Maharashtra,ICICI,BOB,0,clean
2df46882-8a09-43,UPI0001004088,xlez896d@apl,1f77ec31-a37,hx2kbvsi@oksbi,ebee6395-f0f,28259,2024-03-15T18:52:44,Telangana,Tamil Nadu,Kotak,PNB,0,clean
4a7c0228-ff2f-4c,UPI0001002795,5ixva1nk@ybl,3f9ee135-4b0,gyw6zbnz@axl,9552ed81-97b,185984,2024-03-18T08:21:52,Tamil Nadu,Karnataka,ICICI,Kotak,0,clean
ed9286a1-30a6-49,UPI0001003260,sb5iqnf7@ybl,ffdb076f-e40,jdm5fc79@upi,a083e671-4cd,94655,2024-03-16T03:14:56,Gujarat,Maharashtra,Kotak,Kotak,0,clean
a67c7ba7-0765-45,UPI0001002313,n14eb875@paytm,d2688e7f-3c2,uswrgvz9@ybl,c0de6a5e-0b9,40253,2024-03-17T17:05:36,Gujarat,Kerala,SBI,SBI,0,clean
f97db43f-050b-40,UPI0001000560,03o4gkww@paytm,a371a87c-ef1,c2htmqwy@icici,f56a4c57-7ae,154463,2024-03-16T11:24:34,Gujarat,West Bengal,PNB,BOB,0,clean
d54fb4d6-bd00-4c,UPI0001001470,dh0uyhnq@icici,ea03df36-47b,5p1v3zo7@icici,5ec1cb78-2d9,122678,2024-03-17T07:16:27,Tamil Nadu,Telangana,HDFC,Kotak,0,clean
bd5ad78d-3297-4e,UPI0001000110,x2toowt9@apl,e738b31f-0c3,08j3trp0@paytm,6434509b-398,106553,2024-03-18T02:19:09,Kerala,Karnataka,SBI,ICICI,0,clean
2a420178-708b-49,UPI0001003973,eyr8lnoe@upi,ae9b4688-14f,u9n79gil@upi,388edc83-947,189163,2024-03-17T09:18:51,Telangana,Karnataka,BOB,Kotak,0,clean
e7252cec-2b4e-46,UPI0001004368,myzycwti@axl,40c797bc-53e,k7y6qxds@oksbi,368e12fa-90b,57216,2024-03-15T16:07:07,Tamil Nadu,Telangana,Axis,BOB,0,clean
ab919072-929c-43,UPI0001001782,likwe4bx@upi,9bb85d81-e50,8qqvaecw@okaxis,6ba34083-55e,40359,2024-03-18T08:09:27,Telangana,Maharashtra,BOB,PNB,0,clean
7a14d141-0ebe-40,UPI0001001886,xlez896d@apl,1f77ec31-a37,nbhds26f@upi,6cb62eb2-7f2,26641,2024-03-18T01:42:38,Telangana,Tamil Nadu,Kotak,Axis,0,clean
26a1cf62-2052-4b,UPI0001002782,hx74d0gj@ybl,5db7e9f0-084,md270stl@apl,05beb72c-5c8,168053,2024-03-16T16:07:41,Maharashtra,West Bengal,BOB,Axis,0,clean
458ea926-6c5a-43,UPI0001000892,sc4e5hrd@apl,11c9ca6c-0cd,q8ghgbcy@okaxis,d3047a7e-914,119891,2024-03-18T03:15:46,Tamil Nadu,West Bengal,PNB,BOB,0,clean
67269c31-256e-40,UPI0001001813,ouhtcs1k@ibl,7eebd174-73c,ixz2c9ro@icici,9e2471db-695,152575,2024-03-17T16:22:25,Tamil Nadu,Maharashtra,HDFC,BOB,0,clean
91a3ddf0-a35c-45,UPI0001001319,wsozctwj@paytm,06c76465-950,d9fkxzuu@axl,1433fde1-1dd,74708,2024-03-16T04:31:20,Maharashtra,Tamil Nadu,SBI,PNB,0,clean
6f1634e9-4e7a-44,UPI0001000309,xcdyk0x6@oksbi,952171cb-bbd,hx2kbvsi@oksbi,ebee6395-f0f,122956,2024-03-17T17:37:57,Gujarat,Tamil Nadu,ICICI,PNB,0,clean
f46b20f0-a1d7-40,UPI0001003735,uplvqexu@okaxis,33e404df-c0a,7w7jp61l@oksbi,7f32ed98-3eb,113274,2024-03-15T21:53:40,Karnataka,Gujarat,BOB,BOB,0,clean
7564470e-af5a-4e,UPI0001003779,8ra484nl@paytm,bb2eba83-a1c,tkcd0rle@okaxis,ba81f20d-2be,93849,2024-03-17T19:59:08,Gujarat,Gujarat,Axis,SBI,0,clean
a6fc5602-252c-4d,UPI0001003174,vpw232ut@icici,10888114-863,ixz2c9ro@icici,9e2471db-695,118198,2024-03-17T04:52:05,Gujarat,Maharashtra,HDFC,BOB,0,clean
5dc08cc9-66b9-4d,UPI0001002252,tjlmz04x@okaxis,2bd5d145-db0,95g3v23g@icici,87088df9-723,99502,2024-03-16T08:20:25,Kerala,Kerala,Axis,ICICI,0,clean
6430e010-80b9-4a,UPI0001002431,pgb7r3oc@ybl,1ff47666-0e3,8e9rivh6@icici,ab4ef148-113,110645,2024-03-15T22:12:21,Telangana,Karnataka,HDFC,ICICI,0,clean
042f7675-ecbc-42,UPI0001004433,2zbppfo5@upi,c3f5b069-37e,d76szn9d@ibl,d020762f-d26,123036,2024-03-17T21:43:13,Maharashtra,Maharashtra,Kotak,Kotak,0,clean
28680cfa-9c90-44,UPI0001000641,snwywrra@icici,2981fe0d-fe0,0vm59m6m@okaxis,f9cbacae-054,164808,2024-03-16T11:09:13,Karnataka,Telangana,Axis,HDFC,0,clean
6b04daae-7fac-4b,UPI0001000637,ouhtcs1k@ibl,7eebd174-73c,9rr7s20c@oksbi,5df013ac-e29,24456,2024-03-15T12:56:01,Tamil Nadu,Maharashtra,HDFC,Kotak,0,clean
e065adf7-514f-4a,UPI0001003238,1yjfe8ud@icici,54c54ed4-726,b6bndoz6@axl,13339c2c-6a6,137976,2024-03-16T02:03:36,Maharashtra,Karnataka,ICICI,Kotak,0,clean
e0833cd6-2f17-46,UPI0001003521,myr06nkw@oksbi,9b3bd143-106,hiuit7m1@axl,ac812895-0f0,109057,2024-03-16T15:47:11,Maharashtra,Karnataka,BOB,PNB,0,clean
b194ecd9-aa24-4c,UPI0001002003,0ui22kx7@apl,0cb4a777-b67,tqlgzui1@ybl,109f1976-af5,41458,2024-03-17T21:10:55,Karnataka,West Bengal,Axis,ICICI,0,clean
01728eb0-5dfb-46,UPI0001002062,091c795r@upi,e21f0d08-204,myzycwti@axl,40c797bc-53e,78665,2024-03-16T19:43:09,Karnataka,Tamil Nadu,BOB,Axis,0,clean
90af5a54-b8df-42,UPI0001003651,vgww4fyb@ibl,baf6a88b-8a5,vpw232ut@icici,10888114-863,33982,2024-03-16T09:35:59,Tamil Nadu,Gujarat,HDFC,HDFC,0,clean
6f348d83-30c1-45,UPI0001000219,a7sqrf1l@upi,03564e58-3fd,xaprpn6q@oksbi,fc297e6e-aa8,83472,2024-03-17T11:06:24,Tamil Nadu,Kerala,ICICI,Axis,0,clean
9753edea-5003-41,UPI0001003045,ceouuyla@paytm,c8d44d0a-2c5,wjeyub19@icici,2328b533-d95,122979,2024-03-17T06:17:09,West Bengal,Karnataka,BOB,Axis,0,clean
9dfd8922-2c10-49,UPI0001004298,0t9nt3w5@okaxis,da315726-456,g10ur5l8@ybl,d0c45167-d84,65487,2024-03-17T02:01:16,Tamil Nadu,Tamil Nadu,PNB,HDFC,0,clean
27a8a934-904a-45,UPI0001002516,hgbmfbuv@upi,aab2c0e3-bcd,ge094d6r@axl,323f67af-ede,30737,2024-03-16T03:27:03,West Bengal,West Bengal,SBI,HDFC,0,clean
99bc7ca2-b562-47,UPI0001002807,bbrnu8c0@icici,94acc6b0-f97,ixntm9tm@axl,2474cb36-956,85810,2024-03-16T05:09:05,Maharashtra,Gujarat,BOB,ICICI,0,clean
81b4dbdc-997e-40,UPI0001003657,d6357oon@apl,5cbf8094-1fa,bjlzy1uu@upi,382cfba4-cfb,175767,2024-03-17T01:40:43,Telangana,Telangana,SBI,Kotak,0,clean
1a0e014b-8b9b-48,UPI0001001750,52sq3b9s@apl,ec8fbf62-67f,lboriq8h@paytm,d1aedf8e-b07,141199,2024-03-17T18:38:54,Gujarat,West Bengal,PNB,HDFC,0,clean
e6254792-b673-4c,UPI0001000456,xyjoa21a@oksbi,27c58270-7c1,961j88qe@apl,08348a0c-8d8,84499,2024-03-17T14:07:02,Karnataka,Telangana,PNB,Kotak,0,clean
ea3a10e4-2e28-45,UPI0001003833,7rb1s9dw@ibl,fdf65419-e86,1sdieqfb@apl,98401e57-609,115403,2024-03-18T09:35:36,Tamil Nadu,Karnataka,PNB,BOB,0,clean
aab9788d-a5fe-42,UPI0001000662,ccprhvlz@upi,e917e480-79b,p767j2dg@paytm,291be5ac-6df,192618,2024-03-17T04:51:15,Telangana,Maharashtra,Axis,Kotak,0,clean
be6f91fe-39ec-40,UPI0001000875,5xqt4p50@apl,23c3bfdf-dc6,8k06moxs@oksbi,116067d7-992,72837,2024-03-16T13:07:24,Kerala,Kerala,ICICI,HDFC,0,clean
b0683597-3d89-4b,UPI0001001851,vaj2k8xp@apl,90f01618-4ff,kqxlm5q2@axl,96141255-6de,27974,2024-03-16T16:16:22,Karnataka,West Bengal,BOB,BOB,0,clean
032b8ff6-d7ae-45,UPI0001000263,jtgq01te@ibl,f43f6c1a-19d,bikcidkw@upi,f7982aa6-df8,103516,2024-03-16T18:49:05,Tamil Nadu,Tamil Nadu,ICICI,HDFC,0,clean
586ad5aa-10c8-45,UPI0001001391,5e5iz31y@axl,9bc82871-9c1,7oxk8c1g@axl,46b23fe2-5eb,34069,2024-03-18T00:23:51,Maharashtra,Telangana,HDFC,Axis,0,clean
5aac0a70-ccac-48,UPI0001001596,w2lm349e@upi,52515f9c-046,likwe4bx@upi,9bb85d81-e50,57582,2024-03-17T16:27:38,West Bengal,Telangana,Kotak,BOB,0,clean
a55acb14-76d8-4f,UPI0001000518,aiy4va13@ybl,143b620b-637,c1l7dypm@upi,cee17028-635,87948,2024-03-18T05:20:15,Maharashtra,Karnataka,BOB,ICICI,0,clean
f27562b7-f702-41,UPI0001002477,i4fqcoot@apl,69d84931-b15,iiji44m2@ibl,333ff240-187,111871,2024-03-16T19:14:51,West Bengal,Karnataka,HDFC,SBI,0,clean
5b9016a6-665a-4b,UPI0001001915,ftaxp0wf@apl,c8a9e7b7-950,x1gm32wp@okaxis,56954669-560,108933,2024-03-17T10:47:53,Gujarat,Kerala,Kotak,HDFC,0,clean
0107e00d-5dcc-4c,UPI0001004599,dtv25ao2@icici,9e8d1dde-c69,b7v1w4k2@icici,6a37d574-e6f,194189,2024-03-16T19:04:15,Tamil Nadu,Karnataka,HDFC,ICICI,0,clean
cd940a47-0685-47,UPI0001004019,zmuf8438@icici,62a8adae-998,xie0rnuj@paytm,7c49cd93-294,105997,2024-03-16T02:59:46,Tamil Nadu,Maharashtra,ICICI,PNB,0,clean
ddad562c-f1cf-4e,UPI0001004490,12ii826g@axl,2a541c5a-adb,rw6tm2o0@icici,7b3b2f4a-e30,67789,2024-03-17T00:46:04,Maharashtra,Karnataka,Axis,ICICI,0,clean
9eb46712-ccd7-4e,UPI0001004714,2jwoclyt@upi,92c5bab8-7ba,ftaxp0wf@apl,c8a9e7b7-950,25713,2024-03-17T08:25:14,Telangana,Gujarat,PNB,Kotak,0,clean
95b12b4a-69cc-41,UPI0001000602,yxtxmgtt@okaxis,7c6e58d5-652,q1rdxck3@icici,ca1e97cd-4e6,137967,2024-03-15T18:59:03,Tamil Nadu,Telangana,BOB,HDFC,0,clean
c5a774bb-4db2-41,UPI0001003565,ivrocvit@icici,40e259ef-b8c,0me8f840@apl,d2acd40e-25c,1508,2024-03-17T04:10:02,Telangana,Maharashtra,BOB,BOB,0,clean
6f80734e-d10c-4e,UPI0001003614,dtm4vxjj@ibl,52136084-c7a,zb4ldims@paytm,37226f2a-c4f,10745,2024-03-17T12:55:18,Tamil Nadu,Gujarat,ICICI,ICICI,0,clean
53ceec3f-1d53-4d,UPI0001001313,nmeoq4yr@apl,3730892d-042,hiuit7m1@axl,ac812895-0f0,11498,2024-03-18T09:15:14,Tamil Nadu,Karnataka,PNB,PNB,0,clean
0465a4ae-88c2-47,UPI0001000439,vgox22in@okaxis,9d6a6b21-955,zzqy72wx@okaxis,5d610321-34c,80496,2024-03-16T22:43:11,Kerala,Maharashtra,Axis,Axis,0,clean
c8155aad-99f9-42,UPI0001003660,safyh1fk@paytm,7814c846-782,fqjja26y@oksbi,51114166-54e,118104,2024-03-15T18:33:21,Tamil Nadu,Kerala,HDFC,SBI,0,clean
b72e3c59-77d0-4b,UPI0001002777,9bp4m18o@upi,2e0f0c6a-2ee,z2t4h20r@ybl,d41e17b8-b9f,154724,2024-03-17T16:53:50,Gujarat,Tamil Nadu,SBI,HDFC,0,clean
524cf91e-64b1-47,UPI0001000486,17mgfxc0@ybl,cf96bd32-f7f,bfh024kw@paytm,4c7b95ce-541,1036,2024-03-17T22:30:57,Gujarat,Gujarat,SBI,PNB,0,clean
35e9d6a2-edc4-45,UPI0001003131,4lorxdtg@apl,65e2fb55-c36,3dd03uvu@upi,cf3db828-3cc,1256,2024-03-16T04:38:54,Telangana,Tamil Nadu,ICICI,PNB,0,clean
d983cece-d732-4e,UPI0001001981,almjegqt@apl,5a7a5884-b49,q20hwobm@okaxis,1f7e151c-59a,89570,2024-03-15T21:26:23,Tamil Nadu,Tamil Nadu,SBI,SBI,0,clean
bd4acf86-658e-4e,UPI0001004463,tjlmz04x@okaxis,2bd5d145-db0,fgzvrctl@icici,8e73c27c-e02,43320,2024-03-16T04:28:12,Kerala,Karnataka,Axis,BOB,0,clean
047aceb7-efda-4d,UPI0001002721,dtm4vxjj@ibl,52136084-c7a,kuuhclrr@ibl,9658742d-f26,197415,2024-03-15T15:14:41,Tamil Nadu,West Bengal,ICICI,Kotak,0,clean
b586d404-c255-4e,UPI0001000642,ophgft4m@apl,403938ca-605,sic43olf@ybl,9553f767-1f2,104063,2024-03-17T16:37:14,Telangana,Karnataka,HDFC,PNB,0,clean
74f37970-19d5-48,UPI0001002675,ytwbozd1@ybl,9637a7ac-2e7,n7s55j2o@icici,0c084f0a-36d,51688,2024-03-16T11:42:29,Tamil Nadu,Karnataka,Kotak,ICICI,0,clean
65918525-13a3-4b,UPI0001003417,m92h3tv3@okaxis,56581c10-823,0v2zp4ju@upi,32db899d-85a,166958,2024-03-18T11:11:22,West Bengal,Telangana,ICICI,HDFC,0,clean
9f74a0a1-aa03-40,UPI0001000156,adf7pchc@ybl,abb0956f-413,ofas1ekt@axl,de630927-308,30375,2024-03-17T15:59:58,Gujarat,Maharashtra,PNB,BOB,0,clean
0fd76ab9-0d1c-45,UPI0001000346,jcitfoyq@ybl,56227fb1-a5a,ftu2gc5w@okaxis,5b67e48a-456,109617,2024-03-17T00:50:37,Karnataka,Telangana,HDFC,Axis,0,clean
e2f8b2d4-09f4-47,UPI0001000921,p2fmr0tj@apl,e15d55b9-ba9,9bp4m18o@upi,2e0f0c6a-2ee,185955,2024-03-15T20:42:08,Karnataka,Gujarat,Kotak,SBI,0,clean
f7b16ceb-a7a4-46,UPI0001001525,pkyrybov@ybl,4f1e5710-28e,hxid4n1u@apl,5830f07f-146,174408,2024-03-17T05:20:03,Maharashtra,Kerala,HDFC,BOB,0,clean
adb899a2-d44e-40,UPI0001002519,d6357oon@apl,5cbf8094-1fa,qhkswva9@upi,93e3cdef-acd,61265,2024-03-16T02:45:58,Telangana,Maharashtra,SBI,Kotak,0,clean
7cac3310-41a7-49,UPI0001003232,hl88kzru@okaxis,2eca5bfe-dc2,jfvyb6li@axl,93910c55-ea9,49399,2024-03-15T19:46:29,Gujarat,Karnataka,ICICI,ICICI,0,clean
0fc49f4c-8353-40,UPI0001001018,ufm8zov7@paytm,713db7ca-950,gm25len6@axl,0b265512-1b8,92060,2024-03-17T16:00:30,Tamil Nadu,Gujarat,Kotak,Axis,0,clean
a4009111-8ec6-4d,UPI0001001225,bfh024kw@paytm,4c7b95ce-541,8n7odkef@apl,91e08ce9-3ec,99203,2024-03-17T23:08:42,Gujarat,Maharashtra,PNB,BOB,0,clean
5da70623-4d54-40,UPI0001002649,almjegqt@apl,5a7a5884-b49,hyexf7jx@paytm,855c736c-1a1,165743,2024-03-15T20:29:53,Tamil Nadu,Telangana,SBI,SBI,0,clean
c9f37657-a2b2-4f,UPI0001004015,ly4lyk83@icici,d20ed545-b8a,yc3rwqmm@icici,8b3a52b5-76e,124674,2024-03-18T03:08:56,Telangana,Tamil Nadu,SBI,Kotak,0,clean
6cd7584f-2b49-45,UPI0001002896,gn1w1ht7@axl,61e9276c-1e5,ac6pe63l@ybl,fe6486c9-5e6,22634,2024-03-16T12:02:02,Tamil Nadu,Tamil Nadu,PNB,Axis,0,clean
6bfd19d2-6e7f-47,UPI0001002135,kicjn2fo@upi,1c3c8bbe-fc6,qjqijc1y@ibl,55a726c6-908,164356,2024-03-16T05:08:21,Kerala,Karnataka,SBI,PNB,0,clean
a61a164a-ccad-41,UPI0001000348,o75rh8lx@ibl,08de2ce8-4d4,j9rm7pyx@ibl,4a9e6a11-177,49571,2024-03-16T13:41:05,Karnataka,Gujarat,PNB,BOB,0,clean
951675cb-8417-47,UPI0001000794,dn5gjj8m@oksbi,daefad95-27b,znv0h0gq@ibl,2b7b25ce-4e9,111128,2024-03-15T20:05:16,Kerala,Gujarat,Axis,HDFC,0,clean
51e0a4e5-4e39-47,UPI0001001059,mx9djoyo@okaxis,bb266567-4bb,9jpnbzug@okaxis,0fd97e8e-b69,21149,2024-03-17T10:31:47,Tamil Nadu,Telangana,Kotak,PNB,0,clean
5ea82e46-dd41-4b,UPI0001003418,1bcppvoh@icici,328ed257-23e,ve3dzeed@okaxis,e8f965a5-a64,182937,2024-03-17T10:44:20,Karnataka,Kerala,SBI,Kotak,0,clean
c3f8dcf4-a70a-4a,UPI0001004697,9t199dxj@ybl,95e891ca-aea,n0jbzutr@oksbi,4a3fb95b-e6e,97355,2024-03-16T14:45:25,West Bengal,Gujarat,BOB,Kotak,0,clean
58aed420-7e64-44,UPI0001004393,ccprhvlz@upi,e917e480-79b,oieves6f@oksbi,4c26e044-3e8,190773,2024-03-15T21:57:31,Telangana,West Bengal,Axis,ICICI,0,clean
a1a3f872-3597-4c,UPI0001000099,reiyaz39@apl,75d4c470-c88,nmeoq4yr@apl,3730892d-042,90360,2024-03-17T04:01:37,Karnataka,Tamil Nadu,PNB,PNB,0,clean
ec4e2644-7978-4d,UPI0001004195,pkyrybov@ybl,4f1e5710-28e,w9zyn6sj@ybl,3c3c1190-4fb,31419,2024-03-17T20:33:16,Maharashtra,Telangana,HDFC,ICICI,0,clean
3bf4ccc8-ec16-4a,UPI0001004202,3o1icns8@axl,d6c09182-2d4,78imoe0s@okaxis,0248c411-18c,161904,2024-03-15T21:13:36,Maharashtra,Tamil Nadu,Kotak,Axis,0,clean
7be763f4-3f51-49,UPI0001001356,2zbppfo5@upi,c3f5b069-37e,j9rm7pyx@ibl,4a9e6a11-177,13158,2024-03-18T11:03:57,Maharashtra,Gujarat,Kotak,BOB,0,clean
b4e4b025-3c09-43,UPI0001003681,jtb9xxay@apl,893cdd77-540,jy62zeeq@upi,2197e198-4e7,28649,2024-03-17T07:57:43,Gujarat,Tamil Nadu,Axis,SBI,0,clean
f26f6323-974f-43,UPI0001000451,3o0llj8y@axl,1c00950a-235,c7d2kd1p@apl,044bb7dc-666,147130,2024-03-15T20:42:39,Maharashtra,West Bengal,SBI,BOB,0,clean
d3d79bca-5e83-44,UPI0001003645,t9t11php@okaxis,cdc97255-ace,7y2lofn1@axl,075bde03-879,142368,2024-03-16T23:13:50,West Bengal,Maharashtra,ICICI,HDFC,0,clean
444aefd1-35b2-46,UPI0001002497,q57te8tv@axl,fbac67aa-dd8,wovcxek4@apl,be18dda5-608,146327,2024-03-16T07:31:47,Telangana,Karnataka,PNB,PNB,0,clean
f72d4a89-1608-4c,UPI0001003853,lcxlvpym@ybl,f3fd02cd-2f8,ophgft4m@apl,403938ca-605,120233,2024-03-18T07:19:36,Maharashtra,Telangana,PNB,HDFC,0,clean
3de3a5a8-37b4-49,UPI0001003352,mxb9yo18@apl,59117312-cf3,091c795r@upi,e21f0d08-204,124672,2024-03-16T15:20:22,Gujarat,Karnataka,SBI,BOB,0,clean
aed58d60-783b-49,UPI0001001911,yeqahths@paytm,38d6e582-cd0,1oxrwk8r@apl,0051a9ea-fd9,97960,2024-03-17T13:32:09,Maharashtra,Karnataka,Kotak,ICICI,0,clean
1e881cdb-2672-47,UPI0001001550,aiy4va13@ybl,143b620b-637,7y2lofn1@axl,075bde03-879,111906,2024-03-16T20:17:40,Maharashtra,Maharashtra,BOB,HDFC,0,clean
62ca1fb4-53db-4e,UPI0001001808,6befflzm@icici,db593e75-f7b,stn3cpud@axl,4a22d1fb-5bc,114209,2024-03-16T20:36:49,Kerala,Tamil Nadu,ICICI,Axis,0,clean
ab2ac016-e323-44,UPI0001001519,z2sf6f7l@apl,f4ac893c-cd3,su9rn8qt@icici,7a8c6645-05a,190127,2024-03-17T10:08:21,Karnataka,Karnataka,Kotak,ICICI,0,clean
e6d2dd57-fca2-41,UPI0001003142,urvqt3g8@ibl,7b0d2a9d-0f8,9mda9oek@upi,3941c113-d9b,98316,2024-03-15T11:00:04,Gujarat,Gujarat,Kotak,Kotak,0,clean
16e659e6-aca6-49,UPI0001001481,gh2m5zja@okaxis,835cb61e-36d,1uu7zy6t@apl,d28e8866-080,187490,2024-03-16T06:15:47,Maharashtra,Tamil Nadu,SBI,BOB,0,clean
91ab7a5a-bd85-41,UPI0001001930,c8bbi4wi@axl,72e6b18a-a53,82kb700u@ybl,dcd27afa-05a,40532,2024-03-17T06:25:16,Gujarat,Maharashtra,PNB,PNB,0,clean
3c9ca689-dd91-43,UPI0001000542,jtb9xxay@apl,893cdd77-540,vqyiy1sy@oksbi,692618fb-a65,88491,2024-03-17T00:56:21,Gujarat,Gujarat,Axis,ICICI,0,clean
45efa478-dc06-47,UPI0001001045,c1l7dypm@upi,cee17028-635,bfh024kw@paytm,4c7b95ce-541,185006,2024-03-17T12:30:23,Karnataka,Gujarat,ICICI,PNB,0,clean
23d5b7b6-9194-40,UPI0001004624,96khub2r@icici,8faab40b-0cf,sb5iqnf7@ybl,ffdb076f-e40,111485,2024-03-18T08:44:57,Karnataka,Gujarat,SBI,Kotak,0,clean
0b364376-3eb4-41,UPI0001000438,gh2m5zja@okaxis,835cb61e-36d,szjnvc7h@axl,e08eea9e-3fa,37952,2024-03-16T05:20:37,Maharashtra,Telangana,SBI,BOB,0,clean
63d3881e-efac-4c,UPI0001000972,sic43olf@ybl,9553f767-1f2,w7kyhqin@upi,79bd47f7-d48,17623,2024-03-16T14:08:00,Karnataka,Telangana,PNB,Kotak,0,clean
6f7a4eac-5d3d-48,UPI0001003986,k0ucc1m3@apl,18efcd83-447,zbffzzdv@okaxis,7664c07f-020,121573,2024-03-16T06:44:46,Gujarat,Maharashtra,BOB,SBI,0,clean
0c0f9664-6d23-4c,UPI0001000719,ulzfy981@icici,71106fca-bed,vgww4fyb@ibl,baf6a88b-8a5,97081,2024-03-17T20:09:43,Kerala,Tamil Nadu,SBI,HDFC,0,clean
b0516ee2-325e-42,UPI0001002264,tuw9ohtu@oksbi,16e55977-f2b,f5gcl9lc@axl,07d8fa8c-cff,13624,2024-03-16T18:35:33,West Bengal,Telangana,ICICI,ICICI,0,clean
16b1d1b6-414d-4c,UPI0001000592,6zpxvpbl@okaxis,aadb54c8-2d0,kuuhclrr@ibl,9658742d-f26,173213,2024-03-17T07:51:14,Kerala,West Bengal,Axis,Kotak,0,clean
2e19c7a0-62eb-42,UPI0001002783,mb1l6314@ibl,d40c7f91-9fe,1sdieqfb@apl,98401e57-609,19570,2024-03-16T16:38:41,Kerala,Karnataka,ICICI,BOB,0,clean
34f8bad1-6b9c-46,UPI0001000189,9bp4m18o@upi,2e0f0c6a-2ee,9rr7s20c@oksbi,5df013ac-e29,156465,2024-03-17T13:37:14,Gujarat,Maharashtra,SBI,Kotak,0,clean
04ca60b7-daec-49,UPI0001001500,w3zkwdee@paytm,0d7b14ce-3fb,hx2kbvsi@oksbi,ebee6395-f0f,75755,2024-03-16T08:47:08,Telangana,Tamil Nadu,SBI,PNB,0,clean
d31842e2-d7c9-49,UPI0001001219,zb4ldims@paytm,37226f2a-c4f,jluujmiy@axl,77509db0-051,2890,2024-03-16T06:52:32,Gujarat,West Bengal,ICICI,ICICI,0,clean
05501c42-83b1-41,UPI0001004018,n0jbzutr@oksbi,4a3fb95b-e6e,53sflse4@ybl,35771e25-0a2,68571,2024-03-16T05:24:11,Gujarat,Kerala,Kotak,HDFC,0,clean
2e43c4d5-7e84-4c,UPI0001004744,r6k2vmww@oksbi,e85bb9a0-574,nn8ztv05@ibl,b38f2bd8-1fb,105477,2024-03-15T11:48:37,Gujarat,Karnataka,PNB,BOB,0,clean
1df74e2e-c32e-46,UPI0001002489,c7d2kd1p@apl,044bb7dc-666,a7sqrf1l@upi,03564e58-3fd,118422,2024-03-16T12:35:21,West Bengal,Tamil Nadu,BOB,ICICI,0,clean
1a3ba389-a8c5-4e,UPI0001004221,j6txfo6v@paytm,8e5cd165-8cb,6befflzm@icici,db593e75-f7b,178181,2024-03-16T00:51:56,Kerala,Kerala,HDFC,ICICI,0,clean
4273d9fc-6bd5-49,UPI0001000594,p7r1m264@ibl,61dacc37-3af,qhkswva9@upi,93e3cdef-acd,79048,2024-03-17T04:07:01,Kerala,Maharashtra,Axis,Kotak,0,clean
e78140bb-ecbd-42,UPI0001000234,pdtz91x7@oksbi,676d9892-38a,4j3dab42@okaxis,528a0fca-b7e,161567,2024-03-17T18:29:36,Gujarat,Karnataka,SBI,BOB,0,clean
5adfd2c2-b8cc-47,UPI0001003745,eyr8lnoe@upi,ae9b4688-14f,u7fbmenu@okaxis,2b0e6e2e-1f6,67317,2024-03-16T18:34:52,Telangana,Kerala,BOB,ICICI,0,clean
44f46983-761f-41,UPI0001002663,5xlk8wru@ybl,4c2dd6a9-8c7,961j88qe@apl,08348a0c-8d8,19679,2024-03-17T03:33:29,Karnataka,Telangana,SBI,Kotak,0,clean
b616f608-5170-44,UPI0001001195,d8wj0uun@apl,5a53f848-ec8,0t9nt3w5@okaxis,da315726-456,121822,2024-03-18T04:59:53,Maharashtra,Tamil Nadu,ICICI,PNB,0,clean
86c94c2b-23ac-44,UPI0001004134,5cozroou@oksbi,1731ed06-891,mx9djoyo@okaxis,bb266567-4bb,138314,2024-03-17T07:30:00,Kerala,Tamil Nadu,ICICI,Kotak,0,clean
fc8ed20f-9108-42,UPI0001000370,2sds8b25@icici,bd9e7438-8f4,dr5xyfc4@paytm,172a1c93-d06,163736,2024-03-17T06:58:44,Telangana,Telangana,ICICI,SBI,0,clean
c2ebf1fd-1f9e-45,UPI0001003305,hy8nbiqu@axl,294c42d1-181,je2ab2rv@upi,8cc02af2-3b1,132303,2024-03-17T11:21:04,Kerala,West Bengal,PNB,BOB,0,clean
90c3121d-59d5-48,UPI0001002056,tk63n2qb@okaxis,b1b0f143-ca6,ivuzzpqk@ybl,1175d2fb-cc9,86277,2024-03-17T08:22:39,Maharashtra,Tamil Nadu,ICICI,BOB,0,clean
aed2e691-b52f-48,UPI0001004535,ej31gymd@upi,213b8037-53d,erxdouad@paytm,3396a1f3-654,6635,2024-03-17T16:29:09,Telangana,Maharashtra,HDFC,Kotak,0,clean
7f01f554-09a2-49,UPI0001003404,3o0llj8y@axl,1c00950a-235,uzpeal2w@upi,05950436-fc1,12474,2024-03-16T06:37:37,Maharashtra,Telangana,SBI,SBI,0,clean
9ce631f6-a35e-49,UPI0001002173,6kvpuc8d@okaxis,09e9b54f-d22,hkc856wp@axl,d4d7921f-c09,48387,2024-03-16T14:51:55,Telangana,Kerala,PNB,SBI,0,clean
ed7ae8d7-4b2e-49,UPI0001002277,o2m71hss@ybl,6cafa98d-8f3,7zeoqgvz@okaxis,f7e163d4-403,160137,2024-03-17T10:06:50,Tamil Nadu,Kerala,SBI,Axis,0,clean
bbe21209-9003-44,UPI0001002175,u7fbmenu@okaxis,2b0e6e2e-1f6,zfhomtzz@oksbi,a65a521d-a01,30932,2024-03-15T22:40:08,Kerala,West Bengal,ICICI,Axis,0,clean
a3866ce2-f556-4a,UPI0001004427,p7r1m264@ibl,61dacc37-3af,kicjn2fo@upi,1c3c8bbe-fc6,33749,2024-03-17T11:33:58,Kerala,Kerala,Axis,SBI,0,clean
a0fdd4aa-cb08-41,UPI0001000938,t9t11php@okaxis,cdc97255-ace,h61iaoim@ybl,e6db924d-173,189595,2024-03-18T00:22:04,West Bengal,West Bengal,ICICI,ICICI,0,clean
ae485853-0fa8-4f,UPI0001004639,dn5gjj8m@oksbi,daefad95-27b,iiji44m2@ibl,333ff240-187,55100,2024-03-16T21:19:18,Kerala,Karnataka,Axis,SBI,0,clean
16c3e341-92be-49,UPI0001003440,ceouuyla@paytm,c8d44d0a-2c5,5xlk8wru@ybl,4c2dd6a9-8c7,186558,2024-03-17T14:53:21,West Bengal,Karnataka,BOB,SBI,0,clean
3597465e-0a2e-4e,UPI0001000881,xivzk7a4@paytm,4fddfea1-8cf,5p5nvqeb@ibl,ba39ac93-7b7,187042,2024-03-16T19:27:56,Maharashtra,Gujarat,HDFC,Axis,0,clean
c1de8ec4-b764-41,UPI0001003115,bbrnu8c0@icici,94acc6b0-f97,89k8yqk9@axl,5e7722a1-6f3,35286,2024-03-17T18:26:44,Maharashtra,Telangana,BOB,SBI,0,clean
b839feed-540f-44,UPI0001000709,zmuf8438@icici,62a8adae-998,8xg8y72i@oksbi,958464e8-619,176871,2024-03-15T22:30:03,Tamil Nadu,Gujarat,ICICI,Axis,0,clean
f3819e31-9da4-4a,UPI0001004382,webnvg5v@upi,e2bf96c9-371,hwy9hecg@axl,4c9f3ceb-6e3,74789,2024-03-16T23:18:21,Telangana,Telangana,ICICI,SBI,0,clean
875b13f4-40a7-4e,UPI0001003403,asifpwio@ibl,66abea7e-d1b,zr1yxr2d@okaxis,c1059074-ebc,134847,2024-03-17T04:41:14,Kerala,Karnataka,Kotak,Axis,0,clean
ad6f5def-8a78-4e,UPI0001004640,urvqt3g8@ibl,7b0d2a9d-0f8,95g3v23g@icici,87088df9-723,67561,2024-03-18T08:55:30,Gujarat,Kerala,Kotak,ICICI,0,clean
b84c9dac-7947-4a,UPI0001003721,o2m71hss@ybl,6cafa98d-8f3,xtnsrtwl@upi,320db857-eb5,153721,2024-03-15T20:30:15,Tamil Nadu,Tamil Nadu,SBI,SBI,0,clean
596e6c39-5c63-46,UPI0001003887,o57p6bkl@ibl,a0f35ea4-53a,ejzhyapd@icici,fc2bbd6e-bd4,193177,2024-03-17T16:34:22,Tamil Nadu,Telangana,Kotak,ICICI,0,clean
0b6dcf82-0f8b-4e,UPI0001002963,wovcxek4@apl,be18dda5-608,rc6zs62y@oksbi,f17ab0c6-4a0,82392,2024-03-16T05:34:28,Karnataka,Karnataka,PNB,SBI,0,clean
098164cc-adc6-44,UPI0001003675,12ii826g@axl,2a541c5a-adb,rdihsa7h@oksbi,ecf41fd7-09b,142924,2024-03-17T22:42:00,Maharashtra,Karnataka,Axis,ICICI,0,clean
9bfd6c28-f500-42,UPI0001002773,jy62zeeq@upi,2197e198-4e7,9ryllwb7@icici,786ee19f-951,153478,2024-03-18T02:56:50,Tamil Nadu,Gujarat,SBI,SBI,0,clean
7f2e4e79-cbd1-4c,UPI0001000512,9qm3p91i@upi,292ebd50-376,mx3y9rge@axl,10c50102-d01,88241,2024-03-15T21:26:36,West Bengal,Kerala,BOB,SBI,0,clean
a6fe2004-b743-4e,UPI0001000585,q8ghgbcy@okaxis,d3047a7e-914,f0onjpi1@paytm,f1306f21-cef,39633,2024-03-17T12:44:14,West Bengal,Karnataka,BOB,ICICI,0,clean
a11c55cc-27ef-4a,UPI0001002211,c2htmqwy@icici,f56a4c57-7ae,mix7ib5n@ibl,4590ba2b-076,16997,2024-03-16T19:10:17,West Bengal,Gujarat,BOB,Axis,0,clean
9f34114a-6689-43,UPI0001003425,sygjjfgj@paytm,333e6ba7-55b,hyp9umyg@ibl,5327d76c-929,74344,2024-03-17T15:12:27,Kerala,Maharashtra,Axis,PNB,0,clean
9a93b31f-e649-41,UPI0001004825,14ve92mp@upi,3be433cf-adf,9jpnbzug@okaxis,0fd97e8e-b69,199614,2024-03-16T21:41:36,Gujarat,Telangana,SBI,PNB,0,clean
400b9051-8e79-42,UPI0001002953,9mda9oek@upi,3941c113-d9b,wviac2e4@axl,ef581a18-a36,125578,2024-03-15T16:47:02,Gujarat,Kerala,Kotak,PNB,0,clean
a40c27c1-a491-4e,UPI0001001351,zmuf8438@icici,62a8adae-998,zfhomtzz@oksbi,a65a521d-a01,35786,2024-03-16T10:16:49,Tamil Nadu,West Bengal,ICICI,Axis,0,clean
f734f5e5-285e-44,UPI0001002917,lhlb50at@apl,0232feb6-0e5,vgww4fyb@ibl,baf6a88b-8a5,175536,2024-03-15T18:50:50,West Bengal,Tamil Nadu,ICICI,HDFC,0,clean
ae708421-e131-40,UPI0001000133,a5xin9dl@icici,ad258476-426,nfnvuprt@oksbi,1afaa772-d85,76381,2024-03-18T09:01:02,Tamil Nadu,Karnataka,SBI,Kotak,0,clean
ea5ba64e-af0d-40,UPI0001001374,q8ghgbcy@okaxis,d3047a7e-914,x4sn6sm5@axl,b28fc016-34a,19921,2024-03-17T03:27:59,West Bengal,Kerala,BOB,BOB,0,clean
c339264b-81c6-44,UPI0001004621,uuxk0are@ibl,7992b6ba-0fd,x2toowt9@apl,e738b31f-0c3,8907,2024-03-16T04:20:54,Telangana,Kerala,BOB,SBI,0,clean
76331a07-f39c-41,UPI0001003247,z6us7rp4@ibl,a8bc7367-673,zh13cd5g@upi,227ab300-e54,160055,2024-03-16T06:02:58,Karnataka,Tamil Nadu,Kotak,HDFC,0,clean
894d5980-62cf-47,UPI0001002023,961j88qe@apl,08348a0c-8d8,oieves6f@oksbi,4c26e044-3e8,17769,2024-03-18T10:46:46,Telangana,West Bengal,Kotak,ICICI,0,clean
ad42831c-a0a3-4f,UPI0001003050,rkmby9ip@ybl,f5ed200a-714,5e5iz31y@axl,9bc82871-9c1,54575,2024-03-16T18:12:18,Maharashtra,Maharashtra,HDFC,HDFC,0,clean
99c887a7-bd47-48,UPI0001001785,qfwwxr5r@ibl,26cdf408-d84,4c3baewc@oksbi,165a3feb-cd2,36183,2024-03-17T00:30:04,Maharashtra,Tamil Nadu,ICICI,SBI,0,clean
c762bb18-4548-40,UPI0001000302,6kvpuc8d@okaxis,09e9b54f-d22,z6us7rp4@ibl,a8bc7367-673,34020,2024-03-18T02:25:53,Telangana,Karnataka,PNB,Kotak,0,clean
7e03c1c3-ffd6-4f,UPI0001001376,uplvqexu@okaxis,33e404df-c0a,nbhnal3g@ybl,b9a38cd2-91b,173811,2024-03-15T15:10:40,Karnataka,Telangana,BOB,PNB,0,clean
10e5e276-41e6-4d,UPI0001002448,5ixva1nk@ybl,3f9ee135-4b0,wpaytxw1@ybl,a9a1d8cd-197,152597,2024-03-16T02:12:15,Tamil Nadu,Telangana,ICICI,PNB,0,clean
2be95472-04f4-43,UPI0001002533,qhkswva9@upi,93e3cdef-acd,5x8a5fbu@apl,a870d6ed-72c,97896,2024-03-15T18:20:40,Maharashtra,West Bengal,Kotak,Kotak,0,clean
5677ca8b-c6a1-4e,UPI0001000962,vt997e4u@upi,6ffdcb98-a38,so8w5038@okaxis,0a9225e3-208,119591,2024-03-18T09:15:53,Gujarat,Karnataka,Kotak,Axis,0,clean
58bff6f7-a0f9-47,UPI0001003236,asifpwio@ibl,66abea7e-d1b,04cdpqvl@oksbi,35f93717-d6d,184111,2024-03-16T07:36:41,Kerala,Telangana,Kotak,SBI,0,clean
f3f5803e-ec9a-4b,UPI0001000082,gu3obygh@oksbi,b3e30a41-88d,0ui22kx7@apl,0cb4a777-b67,11214,2024-03-17T08:53:11,Tamil Nadu,Karnataka,ICICI,Axis,0,clean
896bc4a9-4cd2-48,UPI0001004184,hk2lslay@upi,ff015559-481,sxlul6lg@paytm,0d49bdb5-2c0,32020,2024-03-18T09:29:08,Gujarat,Tamil Nadu,Axis,Kotak,0,clean
dfd75603-19e0-41,UPI0001001767,0ljch2vf@oksbi,cab331dd-0d9,znv0h0gq@ibl,2b7b25ce-4e9,69392,2024-03-18T07:58:07,West Bengal,Gujarat,Axis,HDFC,0,clean
e927bc0a-91de-4d,UPI0001003437,sqt26q3x@upi,730141f1-80f,nn8ztv05@ibl,b38f2bd8-1fb,2590,2024-03-17T19:38:03,Kerala,Karnataka,Kotak,BOB,0,clean
957a7557-03cd-47,UPI0001000343,ve3dzeed@okaxis,e8f965a5-a64,5ixva1nk@ybl,3f9ee135-4b0,66922,2024-03-17T07:46:37,Kerala,Tamil Nadu,Kotak,ICICI,0,clean
e8f0e0d7-2f7a-42,UPI0001000958,eh5sw229@upi,988a62ef-895,reiyaz39@apl,75d4c470-c88,189914,2024-03-17T05:58:50,Telangana,Karnataka,Axis,PNB,0,clean
e3ef65f1-ce98-42,UPI0001002338,lboriq8h@paytm,d1aedf8e-b07,6xlpu0dk@apl,2966c875-264,183314,2024-03-16T05:33:00,West Bengal,Tamil Nadu,HDFC,HDFC,0,clean
f36e5541-01dc-4d,UPI0001001736,5x8a5fbu@apl,a870d6ed-72c,lboriq8h@paytm,d1aedf8e-b07,85243,2024-03-15T15:39:54,West Bengal,West Bengal,Kotak,HDFC,0,clean
06175c3b-44f2-43,UPI0001000242,iymenvg3@paytm,3151edf4-e43,sb4gf16y@ibl,b39346ac-8d2,111129,2024-03-15T14:42:10,Gujarat,Telangana,ICICI,HDFC,0,clean
b901e556-1a68-41,UPI0001002545,rid3dnkn@oksbi,b8fa8960-47b,wtg1m8xf@ibl,34f68cde-274,71124,2024-03-18T03:44:20,Karnataka,Kerala,PNB,HDFC,0,clean
3a81cead-9dd7-43,UPI0001003984,jdm5fc79@upi,a083e671-4cd,qjqijc1y@ibl,55a726c6-908,26311,2024-03-17T05:53:16,Maharashtra,Karnataka,Kotak,PNB,0,clean
4307bd87-7f6c-47,UPI0001000057,grf1hx6z@ibl,40f8aee9-d31,9tr74qge@oksbi,2dc01c43-46d,53508,2024-03-17T04:38:02,Telangana,Telangana,SBI,PNB,0,clean
6b2a20bc-953a-47,UPI0001000654,p8637zgf@icici,6443ed3b-45a,mpkxvhag@paytm,0a090c2a-c48,154501,2024-03-15T11:44:01,Kerala,Tamil Nadu,Axis,SBI,0,clean
ba34a3b7-3f77-4e,UPI0001001606,kmy9x8sy@upi,3a2ea2b9-ebe,vgww4fyb@ibl,baf6a88b-8a5,44136,2024-03-18T11:10:30,Gujarat,Tamil Nadu,PNB,HDFC,0,clean
643e3a81-2efc-42,UPI0001001810,jtb9xxay@apl,893cdd77-540,zh13cd5g@upi,227ab300-e54,159523,2024-03-18T05:25:59,Gujarat,Tamil Nadu,Axis,HDFC,0,clean
765870e5-8d0d-45,UPI0001003518,tqlgzui1@ybl,109f1976-af5,1uu7zy6t@apl,d28e8866-080,82609,2024-03-16T11:20:43,West Bengal,Tamil Nadu,ICICI,BOB,0,clean
d5440de3-46bc-47,UPI0001003209,i04b7p47@ybl,a3267200-292,eaxylnfx@paytm,17fca863-f60,178815,2024-03-16T03:15:56,Kerala,Kerala,BOB,ICICI,0,clean
8f25ff39-b7c6-4a,UPI0001004685,zmf8mdd4@paytm,d6a9a633-5ca,gyw6zbnz@axl,9552ed81-97b,69629,2024-03-18T03:57:27,Tamil Nadu,Karnataka,BOB,Kotak,0,clean
523057e3-70bc-4e,UPI0001000485,zrf5a7qy@icici,4b4c4d05-3db,zbffzzdv@okaxis,7664c07f-020,86603,2024-03-15T13:28:44,Gujarat,Maharashtra,PNB,SBI,0,clean
1f6c11e4-739e-4d,UPI0001002153,nqdxamw2@icici,0ec40a2e-3f7,9i6uu13i@oksbi,8752282f-7ab,90459,2024-03-17T11:53:13,Gujarat,Kerala,Kotak,PNB,0,clean
a96eb1e3-3d4e-47,UPI0001003367,dtv25ao2@icici,9e8d1dde-c69,iymenvg3@paytm,3151edf4-e43,176229,2024-03-18T10:39:45,Tamil Nadu,Gujarat,HDFC,ICICI,0,clean
ee76a808-90a1-4f,UPI0001002104,7rm6j8y6@axl,36890ab2-d16,siwjm2c8@axl,76415f9b-a77,120531,2024-03-17T13:08:48,Kerala,Tamil Nadu,PNB,Kotak,0,clean
723d3380-9577-4b,UPI0001003413,khzlm72j@ibl,d5592af3-889,uswbkok3@axl,7f90cc04-8a6,87171,2024-03-15T14:31:26,West Bengal,Tamil Nadu,Kotak,HDFC,0,clean
ce62006c-a788-47,UPI0001001737,vgww4fyb@ibl,baf6a88b-8a5,kns832ej@axl,1d7f27e2-928,148501,2024-03-15T11:38:33,Tamil Nadu,West Bengal,HDFC,BOB,0,clean
c71f4e7f-d0b6-4e,UPI0001003085,jcitfoyq@ybl,56227fb1-a5a,lfzkicwm@axl,de2ef3f1-ab7,8312,2024-03-18T04:23:40,Karnataka,Kerala,HDFC,SBI,0,clean
6ed2fac3-90b5-41,UPI0001000711,a3kkrzd5@oksbi,e9b226cc-92f,szjnvc7h@axl,e08eea9e-3fa,2403,2024-03-17T11:08:33,Maharashtra,Telangana,ICICI,BOB,0,clean
10812a77-d8d9-4f,UPI0001000415,u83g47rr@ybl,043e14fa-255,04chsdin@okaxis,7193a5d0-081,142040,2024-03-16T19:45:53,Gujarat,Tamil Nadu,PNB,Kotak,0,clean
6083f121-0432-45,UPI0001001054,hiuit7m1@axl,ac812895-0f0,7azv2efu@ibl,68d7613a-6e9,42035,2024-03-17T17:44:06,Karnataka,Telangana,PNB,SBI,0,clean
866c2de7-a6c1-40,UPI0001001742,urvqt3g8@ibl,7b0d2a9d-0f8,m92h3tv3@okaxis,56581c10-823,43065,2024-03-15T14:01:13,Gujarat,West Bengal,Kotak,ICICI,0,clean
de97e92d-d9f2-4d,UPI0001003906,w9zyn6sj@ybl,3c3c1190-4fb,1zdfkblc@upi,58478899-90d,174141,2024-03-16T07:07:03,Telangana,Tamil Nadu,ICICI,ICICI,0,clean
eac2c436-3052-42,UPI0001003355,1yjfe8ud@icici,54c54ed4-726,tx63cfl0@paytm,ac541769-490,145000,2024-03-17T20:32:32,Maharashtra,Tamil Nadu,ICICI,Axis,0,clean
b3477e48-397e-46,UPI0001004475,3vg6v5t1@ibl,6109748c-75e,tahukwqv@axl,c57bb97d-993,163955,2024-03-16T21:06:49,Telangana,Tamil Nadu,Axis,BOB,0,clean
fa273a09-33c9-4f,UPI0001003572,zb4ldims@paytm,37226f2a-c4f,ofas1ekt@axl,de630927-308,114833,2024-03-16T18:24:14,Gujarat,Maharashtra,ICICI,BOB,0,clean
fc7d20dd-9b80-4f,UPI0001002956,wsozctwj@paytm,06c76465-950,6kvpuc8d@okaxis,09e9b54f-d22,130092,2024-03-18T09:11:15,Maharashtra,Telangana,SBI,PNB,0,clean
80d20287-038d-44,UPI0001002945,k0ucc1m3@apl,18efcd83-447,i7kq1uym@axl,bdef7217-228,68526,2024-03-18T07:32:26,Gujarat,West Bengal,BOB,BOB,0,clean
a8bcafe6-efb2-4b,UPI0001004076,g25cfzfd@icici,ad809e95-47e,9boq0iq2@oksbi,45a62da6-105,81499,2024-03-17T09:47:10,Gujarat,West Bengal,BOB,SBI,0,clean
e5d90df4-3427-4a,UPI0001001534,hx2kbvsi@oksbi,ebee6395-f0f,z2sf6f7l@apl,f4ac893c-cd3,25619,2024-03-17T11:38:20,Tamil Nadu,Karnataka,PNB,Kotak,0,clean
fcc0b970-d865-4a,UPI0001001948,0v2zp4ju@upi,32db899d-85a,ppsfnkom@ybl,ac7006a0-31d,96989,2024-03-15T12:57:51,Telangana,Gujarat,HDFC,BOB,0,clean
eba5b90d-bdd1-4e,UPI0001001300,uuxk0are@ibl,7992b6ba-0fd,sdygflij@okaxis,f4e28f71-353,22922,2024-03-16T18:19:34,Telangana,Telangana,BOB,Axis,0,clean
877ef0cb-952f-4a,UPI0001003341,i7kq1uym@axl,bdef7217-228,7gu0env5@icici,f2e7fec2-ac8,79437,2024-03-16T16:06:44,West Bengal,West Bengal,BOB,Axis,0,clean
448d1b1d-bdb8-43,UPI0001000355,89k8yqk9@axl,5e7722a1-6f3,3dd03uvu@upi,cf3db828-3cc,35919,2024-03-15T11:42:07,Telangana,Tamil Nadu,SBI,PNB,0,clean
1a811478-f7e2-44,UPI0001000575,t0mq8abk@ybl,9638e7a0-a3a,jdm5fc79@upi,a083e671-4cd,83605,2024-03-16T20:54:01,West Bengal,Maharashtra,Kotak,Kotak,0,clean
1a60c3e9-bc89-48,UPI0001000391,g68a1arr@ybl,93972fa1-bff,y8fv2bc2@upi,0b17743a-244,95301,2024-03-16T07:16:18,Gujarat,Gujarat,Kotak,ICICI,0,clean
45321c1c-eaea-43,UPI0001001578,hyexf7jx@paytm,855c736c-1a1,8bfqnpce@upi,96c75168-b52,5407,2024-03-17T16:12:08,Telangana,Telangana,SBI,Axis,0,clean
c2323b04-19e0-45,UPI0001004227,38diuovw@icici,83febe55-d55,h61iaoim@ybl,e6db924d-173,13063,2024-03-16T12:31:32,Karnataka,West Bengal,Axis,ICICI,0,clean
72f1e215-076f-44,UPI0001001811,fuu5f07b@axl,d7955ac1-ec5,nfnvuprt@oksbi,1afaa772-d85,11536,2024-03-16T00:07:53,Telangana,Karnataka,HDFC,Kotak,0,clean
c22b0430-6618-41,UPI0001001013,xaprpn6q@oksbi,fc297e6e-aa8,kek4aegv@oksbi,6fca54c3-692,199366,2024-03-17T16:47:16,Kerala,West Bengal,Axis,PNB,0,clean
170b93e6-a5d2-41,UPI0001000818,hyp9umyg@ibl,5327d76c-929,5ixva1nk@ybl,3f9ee135-4b0,60469,2024-03-17T02:10:54,Maharashtra,Tamil Nadu,PNB,ICICI,0,clean
e683fd6f-b732-47,UPI0001001866,dn5gjj8m@oksbi,daefad95-27b,ppsfnkom@ybl,ac7006a0-31d,192535,2024-03-16T10:45:38,Kerala,Gujarat,Axis,BOB,0,clean
d02d49b6-07f8-41,UPI0001001702,reiyaz39@apl,75d4c470-c88,wsozctwj@paytm,06c76465-950,104389,2024-03-18T01:21:03,Karnataka,Maharashtra,PNB,SBI,0,clean
dd4cd5bc-c5f6-40,UPI0001000440,1eeurxhw@icici,8f237b1a-04e,jae58hux@oksbi,d23b9c8f-278,128634,2024-03-15T10:37:35,Telangana,West Bengal,HDFC,BOB,0,clean
f3537098-ca4f-4f,UPI0001003951,xivzk7a4@paytm,4fddfea1-8cf,iymenvg3@paytm,3151edf4-e43,28298,2024-03-15T10:41:51,Maharashtra,Gujarat,HDFC,ICICI,0,clean
0814da7c-b4b7-4f,UPI0001000763,bikcidkw@upi,f7982aa6-df8,pb8z3v6d@okaxis,080f17ae-0d9,190805,2024-03-16T00:13:50,Tamil Nadu,Gujarat,HDFC,PNB,0,clean
93edc20a-a44c-47,UPI0001001941,fewvznvk@icici,93ff3503-d85,52sq3b9s@apl,ec8fbf62-67f,59356,2024-03-15T15:06:34,Kerala,Gujarat,Kotak,PNB,0,clean
24e9752a-0aaa-42,UPI0001004249,vgww4fyb@ibl,baf6a88b-8a5,bikcidkw@upi,f7982aa6-df8,48377,2024-03-18T09:28:17,Tamil Nadu,Tamil Nadu,HDFC,HDFC,0,clean
f97a0023-4d39-4f,UPI0001004120,961j88qe@apl,08348a0c-8d8,adf7pchc@ybl,abb0956f-413,172236,2024-03-17T15:55:10,Telangana,Gujarat,Kotak,PNB,0,clean
1548e789-851f-42,UPI0001003132,g68a1arr@ybl,93972fa1-bff,dh0uyhnq@icici,ea03df36-47b,130771,2024-03-15T11:15:36,Gujarat,Tamil Nadu,Kotak,HDFC,0,clean
60a20610-acdf-4a,UPI0001000128,ywp0rxxf@icici,536cc49c-7b9,zbffzzdv@okaxis,7664c07f-020,23064,2024-03-16T04:43:19,Kerala,Maharashtra,Kotak,SBI,0,clean
69b03de3-f28e-4f,UPI0001002861,uflsehud@icici,168777e2-a06,xaprpn6q@oksbi,fc297e6e-aa8,146877,2024-03-17T13:10:33,Karnataka,Kerala,Axis,Axis,0,clean
04738098-cc56-4e,UPI0001004696,jng7l4lr@ibl,01fe3c1a-6f8,ph6fe0mp@oksbi,a9ee26ae-49a,109680,2024-03-17T00:36:17,Kerala,Gujarat,Axis,HDFC,0,clean
23796b86-a8b4-41,UPI0001002820,nipar0zj@icici,1e76c35b-bdc,hx74d0gj@ybl,5db7e9f0-084,70434,2024-03-17T15:37:31,Telangana,Maharashtra,Kotak,BOB,0,clean
f34402f6-a4fb-49,UPI0001000900,5p5nvqeb@ibl,ba39ac93-7b7,o75rh8lx@ibl,08de2ce8-4d4,189788,2024-03-16T03:56:57,Gujarat,Karnataka,Axis,PNB,0,clean
42c7e365-44d6-4e,UPI0001002802,4j3dab42@okaxis,528a0fca-b7e,ufm8zov7@paytm,713db7ca-950,124143,2024-03-17T14:03:45,Karnataka,Tamil Nadu,BOB,Kotak,0,clean
72958afe-8f61-48,UPI0001003095,9ryllwb7@icici,786ee19f-951,uhz1gv0e@oksbi,3097941d-05e,120311,2024-03-17T14:28:11,Gujarat,Tamil Nadu,SBI,ICICI,0,clean
122a3d32-0dbd-4f,UPI0001001280,sic43olf@ybl,9553f767-1f2,mpkxvhag@paytm,0a090c2a-c48,27862,2024-03-15T16:52:57,Karnataka,Tamil Nadu,PNB,SBI,0,clean
dc480d88-c2cf-42,UPI0001003812,i4fqcoot@apl,69d84931-b15,4vssrura@upi,955c4234-bff,107208,2024-03-15T16:39:52,West Bengal,Gujarat,HDFC,PNB,0,clean
95e47411-6a83-40,UPI0001001409,szjnvc7h@axl,e08eea9e-3fa,8xg8y72i@oksbi,958464e8-619,11584,2024-03-16T06:48:19,Telangana,Gujarat,BOB,Axis,0,clean
1edc88f9-d92f-4a,UPI0001001246,sb5iqnf7@ybl,ffdb076f-e40,wsozctwj@paytm,06c76465-950,164463,2024-03-17T11:25:04,Gujarat,Maharashtra,Kotak,SBI,0,clean
9aa20bef-979e-41,UPI0001004295,4vssrura@upi,955c4234-bff,2lhgcsot@ibl,f3952d16-235,1228,2024-03-17T20:09:26,Gujarat,Tamil Nadu,PNB,ICICI,0,clean
d33dfd6a-d778-4d,UPI0001003748,rw6tm2o0@icici,7b3b2f4a-e30,6wpx2cyo@icici,8e6b6450-5a7,88255,2024-03-18T07:25:52,Karnataka,West Bengal,ICICI,BOB,0,clean
f52ee711-c682-48,UPI0001000321,fr91ipwh@upi,0e051c39-642,2g05kbkv@upi,95960706-af3,156267,2024-03-15T10:51:02,West Bengal,Telangana,SBI,ICICI,0,clean
52bd9bf6-2fb8-49,UPI0001000384,m2vajepe@ibl,242b4c68-da5,0ui22kx7@apl,0cb4a777-b67,59925,2024-03-16T02:05:14,Tamil Nadu,Karnataka,Axis,Axis,0,clean
fdcbe3d6-4f8d-4f,UPI0001001327,8k06moxs@oksbi,116067d7-992,5rtwiyki@ibl,58346645-d7d,20766,2024-03-16T15:06:32,Kerala,Gujarat,HDFC,Axis,0,clean
a96a3833-2e39-47,UPI0001000950,h8uzb7kr@oksbi,0dcc2242-7f7,091c795r@upi,e21f0d08-204,145072,2024-03-17T15:45:13,Karnataka,Karnataka,SBI,BOB,0,clean
ac23c8f0-6d1b-4d,UPI0001004415,pgb7r3oc@ybl,1ff47666-0e3,1ieixwc4@axl,078dcd14-8a1,147476,2024-03-16T03:50:15,Telangana,Tamil Nadu,HDFC,Kotak,0,clean
975ffd81-8329-49,UPI0001000331,qvs8a0tp@axl,964a35db-404,93wxa73j@oksbi,dd8493a4-c29,94621,2024-03-15T23:23:23,Telangana,Kerala,Kotak,ICICI,0,clean
592610d4-e646-42,UPI0001002563,pgb7r3oc@ybl,1ff47666-0e3,c1l7dypm@upi,cee17028-635,102784,2024-03-17T00:10:24,Telangana,Karnataka,HDFC,ICICI,0,clean
7dbe2eb8-dfc8-47,UPI0001002472,su9rn8qt@icici,7a8c6645-05a,kuuhclrr@ibl,9658742d-f26,64540,2024-03-18T10:24:39,Karnataka,West Bengal,ICICI,Kotak,0,clean
11c1e5bb-0008-45,UPI0001003269,eyr8lnoe@upi,ae9b4688-14f,jy62zeeq@upi,2197e198-4e7,159914,2024-03-15T16:25:10,Telangana,Tamil Nadu,BOB,SBI,0,clean
0004b314-8902-4c,UPI0001000167,fuu5f07b@axl,d7955ac1-ec5,myzycwti@axl,40c797bc-53e,198300,2024-03-15T23:20:07,Telangana,Tamil Nadu,HDFC,Axis,0,clean
0fa7eb42-9f68-47,UPI0001001766,asifpwio@ibl,66abea7e-d1b,2lhgcsot@ibl,f3952d16-235,151809,2024-03-17T13:58:13,Kerala,Tamil Nadu,Kotak,ICICI,0,clean
59100178-87fe-46,UPI0001003099,t9t11php@okaxis,cdc97255-ace,vt997e4u@upi,6ffdcb98-a38,70930,2024-03-15T21:34:00,West Bengal,Gujarat,ICICI,Kotak,0,clean
4dbf9df8-0dd3-4c,UPI0001004547,pgb7r3oc@ybl,1ff47666-0e3,lzse99f7@oksbi,ce4481c5-154,119102,2024-03-16T12:59:32,Telangana,Karnataka,HDFC,ICICI,0,clean
b27357d1-56d9-4c,UPI0001003594,zh13cd5g@upi,227ab300-e54,9rk7d30m@upi,c9d13a46-21b,182934,2024-03-17T14:04:24,Tamil Nadu,Maharashtra,HDFC,Axis,0,clean
8385a7b1-de6f-43,UPI0001003696,sb5iqnf7@ybl,ffdb076f-e40,d145bm1e@apl,2174d2e7-76b,147573,2024-03-17T10:22:49,Gujarat,West Bengal,Kotak,HDFC,0,clean
cb900486-b71d-4d,UPI0001001401,vkyrmjlj@paytm,170acc6e-133,14ve92mp@upi,3be433cf-adf,189827,2024-03-15T13:21:24,Gujarat,Gujarat,HDFC,SBI,0,clean
e927eee1-fb6a-49,UPI0001001198,jtb9xxay@apl,893cdd77-540,g25cfzfd@icici,ad809e95-47e,181534,2024-03-17T05:25:03,Gujarat,Gujarat,Axis,BOB,0,clean
31f07096-7c5d-4b,UPI0001001427,o83rlkte@axl,d9bc569f-b59,c2htmqwy@icici,f56a4c57-7ae,124629,2024-03-18T05:16:53,Kerala,West Bengal,BOB,BOB,0,clean
94fa1d32-dcfb-43,UPI0001001433,5rdoqivb@paytm,dfee9bf2-48b,4c3baewc@oksbi,165a3feb-cd2,121445,2024-03-18T00:02:35,Telangana,Tamil Nadu,Axis,SBI,0,clean
497f4813-6947-4d,UPI0001002772,kuuhclrr@ibl,9658742d-f26,je2ab2rv@upi,8cc02af2-3b1,112737,2024-03-17T15:33:20,West Bengal,West Bengal,Kotak,BOB,0,clean
2cb0d47a-7e5c-42,UPI0001002928,hy8nbiqu@axl,294c42d1-181,o119xp9n@apl,84e5cbf1-b6a,153294,2024-03-18T11:28:07,Kerala,Maharashtra,PNB,Axis,0,clean
d20bece5-5010-4d,UPI0001002269,eh5sw229@upi,988a62ef-895,bbrnu8c0@icici,94acc6b0-f97,111456,2024-03-16T07:45:01,Telangana,Maharashtra,Axis,BOB,0,clean
5a413502-6249-49,UPI0001000788,n0jbzutr@oksbi,4a3fb95b-e6e,19qzpniq@oksbi,10d15b04-d6f,173294,2024-03-18T06:58:08,Gujarat,Tamil Nadu,Kotak,ICICI,0,clean
f790765e-ece6-49,UPI0001002164,reiyaz39@apl,75d4c470-c88,et8t63j3@axl,e4ac4b23-0d3,3198,2024-03-16T03:07:55,Karnataka,Karnataka,PNB,BOB,0,clean
a620b6e9-4465-47,UPI0001000915,0ljch2vf@oksbi,cab331dd-0d9,lfzkicwm@axl,de2ef3f1-ab7,169614,2024-03-17T13:36:46,West Bengal,Kerala,Axis,SBI,0,clean
870487db-f3f4-46,UPI0001003829,9ln1p0vu@okaxis,a408bd71-981,vaj2k8xp@apl,90f01618-4ff,108929,2024-03-16T19:00:35,Kerala,Karnataka,Axis,BOB,0,clean
db76461f-27ac-4f,UPI0001003589,znv0h0gq@ibl,2b7b25ce-4e9,o57p6bkl@ibl,a0f35ea4-53a,122944,2024-03-17T18:56:07,Gujarat,Tamil Nadu,HDFC,Kotak,0,clean
646894cf-4367-47,UPI0001002144,7rb1s9dw@ibl,fdf65419-e86,hyexf7jx@paytm,855c736c-1a1,180802,2024-03-15T23:44:40,Tamil Nadu,Telangana,PNB,SBI,0,clean
657b15cc-b421-49,UPI0001003443,os6zle6k@okaxis,eafa0ae5-1d9,ejzhyapd@icici,fc2bbd6e-bd4,113965,2024-03-17T00:54:59,Karnataka,Telangana,HDFC,ICICI,0,clean
5a9a3876-4f8d-41,UPI0001002834,l3wxdrlc@upi,38c6e804-3e7,961j88qe@apl,08348a0c-8d8,180334,2024-03-17T22:03:32,Kerala,Telangana,ICICI,Kotak,0,clean
e176c8c3-d8dc-43,UPI0001000454,fewvznvk@icici,93ff3503-d85,q1rdxck3@icici,ca1e97cd-4e6,139923,2024-03-16T09:31:17,Kerala,Telangana,Kotak,HDFC,0,clean
96c4a5a2-8ac1-41,UPI0001001408,14ve92mp@upi,3be433cf-adf,wusxlmt2@axl,cdd27bc1-dc1,138533,2024-03-16T00:02:25,Gujarat,Gujarat,SBI,ICICI,0,clean
f7f678e8-59c3-4d,UPI0001002735,ve3dzeed@okaxis,e8f965a5-a64,bbk7w1da@paytm,4f51dace-926,8530,2024-03-16T01:40:17,Kerala,Maharashtra,Kotak,Axis,0,clean
21ee2183-72ba-40,UPI0001003301,0ljch2vf@oksbi,cab331dd-0d9,la100qxm@ibl,b9b04561-3db,154333,2024-03-16T21:16:49,West Bengal,Telangana,Axis,BOB,0,clean
283b0fec-9e07-42,UPI0001000750,hx2kbvsi@oksbi,ebee6395-f0f,ay64yfds@ibl,05351dc8-a9a,125878,2024-03-16T14:01:18,Tamil Nadu,Karnataka,PNB,ICICI,0,clean
0d92c729-3071-4f,UPI0001003739,mb1l6314@ibl,d40c7f91-9fe,2sds8b25@icici,bd9e7438-8f4,27045,2024-03-17T10:48:15,Kerala,Telangana,ICICI,ICICI,0,clean
6267cc84-02d4-4f,UPI0001002767,p3jpxgh3@axl,c8b30791-50e,9t199dxj@ybl,95e891ca-aea,147690,2024-03-15T18:08:46,Gujarat,West Bengal,BOB,BOB,0,clean
c2f459a6-8f33-44,UPI0001003508,1zxyvgiu@okaxis,855b24d8-016,vgww4fyb@ibl,baf6a88b-8a5,58253,2024-03-18T09:59:11,Gujarat,Tamil Nadu,ICICI,HDFC,0,clean
7dd62d5f-fe4c-4b,UPI0001003714,tahukwqv@axl,c57bb97d-993,qfwwxr5r@ibl,26cdf408-d84,151781,2024-03-15T16:53:20,Tamil Nadu,Maharashtra,BOB,ICICI,0,clean
3a648db4-b12d-4f,UPI0001000610,h61iaoim@ybl,e6db924d-173,e9vifttd@ibl,afcf7781-db7,105157,2024-03-16T18:03:21,West Bengal,Telangana,ICICI,Axis,0,clean
f490fb39-f079-43,UPI0001001082,3vg6v5t1@ibl,6109748c-75e,p767j2dg@paytm,291be5ac-6df,188561,2024-03-16T21:55:06,Telangana,Maharashtra,Axis,Kotak,0,clean
53858f18-3dc1-4b,UPI0001003776,o57p6bkl@ibl,a0f35ea4-53a,9ku8s63e@apl,c9b6fdb8-698,35428,2024-03-17T06:46:50,Tamil Nadu,Maharashtra,Kotak,SBI,0,clean
80a6f401-4a7d-44,UPI0001003497,2lhgcsot@ibl,f3952d16-235,asifpwio@ibl,66abea7e-d1b,118823,2024-03-15T20:20:11,Tamil Nadu,Kerala,ICICI,Kotak,0,clean
2a4cc310-fb95-42,UPI0001000756,uu4ytn02@ibl,0dc94cab-d16,vt997e4u@upi,6ffdcb98-a38,178207,2024-03-17T22:52:48,Karnataka,Gujarat,Kotak,Kotak,0,clean
192084dd-2c84-4e,UPI0001001466,7gu0env5@icici,f2e7fec2-ac8,lzse99f7@oksbi,ce4481c5-154,56572,2024-03-16T08:10:53,West Bengal,Karnataka,Axis,ICICI,0,clean
8530d77e-2db0-46,UPI0001003449,78imoe0s@okaxis,0248c411-18c,2muljavb@paytm,42174022-e10,1107,2024-03-18T09:57:51,Tamil Nadu,Kerala,Axis,SBI,0,clean
e98a7d77-51ff-49,UPI0001000683,hx74d0gj@ybl,5db7e9f0-084,wpaytxw1@ybl,a9a1d8cd-197,154721,2024-03-15T19:56:56,Maharashtra,Telangana,BOB,PNB,0,clean
1641f7be-e35d-43,UPI0001001125,nn8ztv05@ibl,b38f2bd8-1fb,j9rm7pyx@ibl,4a9e6a11-177,55199,2024-03-18T06:02:54,Karnataka,Gujarat,BOB,BOB,0,clean
415c827c-e2f9-49,UPI0001000119,9yecazrp@oksbi,388259e0-08a,ifrml29q@ybl,7e962fc5-e68,73356,2024-03-16T11:31:05,Maharashtra,Tamil Nadu,SBI,ICICI,0,clean
5a0597c4-3870-44,UPI0001004527,zh13cd5g@upi,227ab300-e54,8qqvaecw@okaxis,6ba34083-55e,163739,2024-03-16T21:40:29,Tamil Nadu,Maharashtra,HDFC,PNB,0,clean
722fc9ed-cc7f-4b,UPI0001001444,ppohswq4@ybl,27cf6e96-b10,2muljavb@paytm,42174022-e10,121841,2024-03-16T13:29:21,Tamil Nadu,Kerala,PNB,SBI,0,clean
d9f6c395-a160-4f,UPI0001003478,lhlb50at@apl,0232feb6-0e5,vgww4fyb@ibl,baf6a88b-8a5,196686,2024-03-15T17:41:17,West Bengal,Tamil Nadu,ICICI,HDFC,0,clean
fb0a73a4-e021-4e,UPI0001000978,mx3y9rge@axl,10c50102-d01,lhlb50at@apl,0232feb6-0e5,197590,2024-03-17T13:16:22,Kerala,West Bengal,SBI,ICICI,0,clean
da5333a5-a4be-4e,UPI0001000582,7gu0env5@icici,f2e7fec2-ac8,1bcppvoh@icici,328ed257-23e,197732,2024-03-18T08:28:16,West Bengal,Karnataka,Axis,SBI,0,clean
8b9f7a5f-4672-4f,UPI0001000457,w83y0mah@ibl,9ca3624a-117,7zeoqgvz@okaxis,f7e163d4-403,6598,2024-03-17T05:57:11,Karnataka,Kerala,ICICI,Axis,0,clean
60a7e206-dc8a-47,UPI0001000411,fqjja26y@oksbi,51114166-54e,v1v93kmk@icici,10199d03-28f,141384,2024-03-17T04:54:46,Kerala,Gujarat,SBI,HDFC,0,clean
f511534d-d3cf-4e,UPI0001002969,38diuovw@icici,83febe55-d55,ezjsszwd@icici,4d45d924-039,114770,2024-03-16T03:46:25,Karnataka,Telangana,Axis,SBI,0,clean
3966174d-a498-41,UPI0001002955,sc4e5hrd@apl,11c9ca6c-0cd,nmkza3oa@ybl,e74929a0-019,152799,2024-03-17T16:37:22,Tamil Nadu,Karnataka,PNB,Kotak,0,clean
255b3504-2b73-4e,UPI0001004177,tjlmz04x@okaxis,2bd5d145-db0,0ljch2vf@oksbi,cab331dd-0d9,170844,2024-03-18T09:54:01,Kerala,West Bengal,Axis,Axis,0,clean
75d9cfb1-f8a3-48,UPI0001000322,w6lqwlvu@upi,dec88820-146,znv0h0gq@ibl,2b7b25ce-4e9,119277,2024-03-17T04:16:46,Maharashtra,Gujarat,BOB,HDFC,0,clean
ea552486-8197-4a,UPI0001000770,zh13cd5g@upi,227ab300-e54,je2ab2rv@upi,8cc02af2-3b1,181849,2024-03-15T22:19:29,Tamil Nadu,West Bengal,HDFC,BOB,0,clean
5c6fc902-aa1d-40,UPI0001001354,0ljch2vf@oksbi,cab331dd-0d9,w3zkwdee@paytm,0d7b14ce-3fb,84500,2024-03-17T18:41:32,West Bengal,Telangana,Axis,SBI,0,clean
2e33d81c-93c9-4d,UPI0001003436,0v2zp4ju@upi,32db899d-85a,a3kkrzd5@oksbi,e9b226cc-92f,153234,2024-03-16T20:36:15,Telangana,Maharashtra,HDFC,ICICI,0,clean
ec77ef6b-f8d1-4a,UPI0001004351,u9n79gil@upi,388edc83-947,zmuf8438@icici,62a8adae-998,71970,2024-03-17T09:15:17,Karnataka,Tamil Nadu,Kotak,ICICI,0,clean
dfab8d2a-36aa-40,UPI0001002013,adf7pchc@ybl,abb0956f-413,f0onjpi1@paytm,f1306f21-cef,20365,2024-03-16T10:41:54,Gujarat,Karnataka,PNB,ICICI,0,clean
87f36b9c-97a3-42,UPI0001003074,p8637zgf@icici,6443ed3b-45a,v1v93kmk@icici,10199d03-28f,23972,2024-03-18T08:17:24,Kerala,Gujarat,Axis,HDFC,0,clean
72c3faf7-baf7-48,UPI0001000916,53sflse4@ybl,35771e25-0a2,1bcppvoh@icici,328ed257-23e,191016,2024-03-15T12:08:06,Kerala,Karnataka,HDFC,SBI,0,clean
d7a4019c-11b8-48,UPI0001004474,9qm3p91i@upi,292ebd50-376,08j3trp0@paytm,6434509b-398,197904,2024-03-17T04:02:27,West Bengal,Karnataka,BOB,ICICI,0,clean
1040fec5-702e-43,UPI0001002803,89k8yqk9@axl,5e7722a1-6f3,sdnai89y@icici,66c63394-70b,120044,2024-03-16T09:20:11,Telangana,Telangana,SBI,HDFC,0,clean
eaafb73e-dcf2-47,UPI0001002753,i4fqcoot@apl,69d84931-b15,2lhgcsot@ibl,f3952d16-235,163862,2024-03-16T02:26:43,West Bengal,Tamil Nadu,HDFC,ICICI,0,clean
63cc2c34-0338-48,UPI0001002812,gm25len6@axl,0b265512-1b8,ybisbo55@paytm,0adcc0b2-719,188508,2024-03-16T14:29:36,Gujarat,Kerala,Axis,ICICI,0,clean
22811643-0f6b-4c,UPI0001002800,jfvyb6li@axl,93910c55-ea9,4vssrura@upi,955c4234-bff,109386,2024-03-16T20:01:10,Karnataka,Gujarat,ICICI,PNB,0,clean
17ca30d2-0f26-4b,UPI0001004539,yeqahths@paytm,38d6e582-cd0,ay64yfds@ibl,05351dc8-a9a,15341,2024-03-15T15:15:52,Maharashtra,Karnataka,Kotak,ICICI,0,clean
9ba2c65d-2019-41,UPI0001001084,y8fv2bc2@upi,0b17743a-244,ng2igsb9@oksbi,b7684321-a5d,189783,2024-03-18T00:57:56,Gujarat,Telangana,ICICI,Kotak,0,clean
d66b60a9-a4bf-4a,UPI0001002443,5hcbbmhn@axl,d47e844a-967,yxtxmgtt@okaxis,7c6e58d5-652,90747,2024-03-16T03:55:37,Karnataka,Tamil Nadu,Kotak,BOB,0,clean
0799289d-5e23-4d,UPI0001001900,tjlmz04x@okaxis,2bd5d145-db0,gspk9p38@axl,b85df010-58f,138794,2024-03-15T15:42:05,Kerala,West Bengal,Axis,ICICI,0,clean
9062c455-e205-48,UPI0001004432,k12v2tg5@apl,3903da2e-a66,zzf8s2zg@oksbi,7844cc4a-374,164449,2024-03-16T06:28:08,Telangana,Tamil Nadu,Axis,PNB,0,clean
16e2dfba-48d8-42,UPI0001000265,k7y6qxds@oksbi,368e12fa-90b,u83g47rr@ybl,043e14fa-255,42502,2024-03-17T19:10:20,Telangana,Gujarat,BOB,PNB,0,clean
f62ff15c-5b71-40,UPI0001000929,0mqvindh@icici,d434bc72-c00,rflqbmae@apl,a2a8bd54-d6e,180531,2024-03-16T01:01:10,Karnataka,Karnataka,PNB,Kotak,0,clean
bae350a6-f0e4-41,UPI0001003477,811kerpe@icici,c1a2cc6d-cfd,je2ab2rv@upi,8cc02af2-3b1,125906,2024-03-17T07:18:52,Maharashtra,West Bengal,PNB,BOB,0,clean
688353f4-9d10-47,UPI0001000859,fuu5f07b@axl,d7955ac1-ec5,c1l7dypm@upi,cee17028-635,113001,2024-03-16T12:00:45,Telangana,Karnataka,HDFC,ICICI,0,clean
446ada9e-1649-48,UPI0001004644,jae58hux@oksbi,d23b9c8f-278,tuw9ohtu@oksbi,16e55977-f2b,22439,2024-03-17T10:13:30,West Bengal,West Bengal,BOB,ICICI,0,clean
f79e0bb0-3860-49,UPI0001000385,0kgazu41@ybl,deda1626-f82,t6om1fb8@ibl,593dec67-5f5,89713,2024-03-17T08:19:02,Maharashtra,Gujarat,HDFC,ICICI,0,clean
bd09b9e2-e58f-47,UPI0001002303,1n0lh9p8@oksbi,3e215a9e-0c6,o83rlkte@axl,d9bc569f-b59,88066,2024-03-17T20:52:39,Tamil Nadu,Kerala,PNB,BOB,0,clean
edb84bb8-50a2-45,UPI0001000757,9qm3p91i@upi,292ebd50-376,tqlgzui1@ybl,109f1976-af5,138871,2024-03-16T22:48:44,West Bengal,West Bengal,BOB,ICICI,0,clean
85edbe92-f0da-40,UPI0001004046,6befflzm@icici,db593e75-f7b,sygjjfgj@paytm,333e6ba7-55b,171474,2024-03-15T16:49:49,Kerala,Kerala,ICICI,Axis,0,clean
b9a70765-1e75-41,UPI0001003633,mix7ib5n@ibl,4590ba2b-076,likwe4bx@upi,9bb85d81-e50,53989,2024-03-17T16:53:56,Gujarat,Telangana,Axis,BOB,0,clean
7618da0f-2982-4a,UPI0001001406,ppsfnkom@ybl,ac7006a0-31d,b6bndoz6@axl,13339c2c-6a6,98510,2024-03-17T04:56:13,Gujarat,Karnataka,BOB,Kotak,0,clean
29d16a0b-b3fe-41,UPI0001004284,i9kqdgbk@upi,feaf9f0b-cd9,dr5xyfc4@paytm,172a1c93-d06,84752,2024-03-16T06:27:40,Gujarat,Telangana,Axis,SBI,0,clean
ec975579-79f5-4d,UPI0001003416,wsozctwj@paytm,06c76465-950,c2htmqwy@icici,f56a4c57-7ae,49382,2024-03-17T21:58:05,Maharashtra,West Bengal,SBI,BOB,0,clean
278f7d59-0382-44,UPI0001002605,5xlk8wru@ybl,4c2dd6a9-8c7,14ve92mp@upi,3be433cf-adf,88971,2024-03-16T17:01:59,Karnataka,Gujarat,SBI,SBI,0,clean
094f641f-41fe-49,UPI0001004366,hxid4n1u@apl,5830f07f-146,hzn4kgeu@okaxis,10818e5f-69f,139672,2024-03-15T22:11:40,Kerala,Telangana,BOB,BOB,0,clean
ddac07ba-6167-4d,UPI0001004050,f5gcl9lc@axl,07d8fa8c-cff,c7d2kd1p@apl,044bb7dc-666,80119,2024-03-17T07:43:37,Telangana,West Bengal,ICICI,BOB,0,clean
36c2340d-2761-48,UPI0001000543,xcdyk0x6@oksbi,952171cb-bbd,nn8ztv05@ibl,b38f2bd8-1fb,119592,2024-03-15T16:01:14,Gujarat,Karnataka,ICICI,BOB,0,clean
0fb60fb2-11a0-47,UPI0001002771,1bcppvoh@icici,328ed257-23e,ophgft4m@apl,403938ca-605,87241,2024-03-18T10:21:58,Karnataka,Telangana,SBI,HDFC,0,clean
00fa8e58-e1fa-48,UPI0001000157,2jwoclyt@upi,92c5bab8-7ba,2sds8b25@icici,bd9e7438-8f4,34901,2024-03-15T13:00:22,Telangana,Telangana,PNB,ICICI,0,clean
060e6211-b5ec-4d,UPI0001001451,almjegqt@apl,5a7a5884-b49,2lhgcsot@ibl,f3952d16-235,4203,2024-03-16T10:47:18,Tamil Nadu,Tamil Nadu,SBI,ICICI,0,clean
c2f0bca7-580b-4c,UPI0001004648,hgbmfbuv@upi,aab2c0e3-bcd,ev361xsn@ybl,253a3b26-f4f,2617,2024-03-16T23:30:37,West Bengal,Gujarat,SBI,PNB,0,clean
cb76a0a1-dcaa-4b,UPI0001001438,dr5xyfc4@paytm,172a1c93-d06,d145bm1e@apl,2174d2e7-76b,164645,2024-03-18T06:01:08,Telangana,West Bengal,SBI,HDFC,0,clean
da94d641-b45c-4d,UPI0001004548,xf7kzorq@axl,8a77df8c-2c4,w2lm349e@upi,52515f9c-046,153378,2024-03-15T18:50:31,Tamil Nadu,West Bengal,Kotak,Kotak,0,clean
9739c50c-8126-43,UPI0001003952,ceouuyla@paytm,c8d44d0a-2c5,ej31gymd@upi,213b8037-53d,4412,2024-03-18T08:53:50,West Bengal,Telangana,BOB,HDFC,0,clean
c88ac3a4-fba2-4a,UPI0001000564,lq5v4ftq@paytm,15386809-9f2,eh5sw229@upi,988a62ef-895,174433,2024-03-15T18:40:32,Maharashtra,Telangana,Kotak,Axis,0,clean
753f173b-3edd-41,UPI0001001727,l3zyt91q@oksbi,8cf20348-4b6,nmeoq4yr@apl,3730892d-042,190428,2024-03-18T04:37:10,Maharashtra,Tamil Nadu,SBI,PNB,0,clean
6e99df51-c1cf-49,UPI0001000259,c1l7dypm@upi,cee17028-635,hx74d0gj@ybl,5db7e9f0-084,6024,2024-03-15T15:23:47,Karnataka,Maharashtra,ICICI,BOB,0,clean
fd54c2f1-ed40-49,UPI0001003845,aji0y6dp@ybl,db6e078e-7f2,mb1l6314@ibl,d40c7f91-9fe,55061,2024-03-16T13:30:03,Tamil Nadu,Kerala,SBI,ICICI,0,clean
c91b19b1-0d88-4e,UPI0001002302,08j3trp0@paytm,6434509b-398,3o1icns8@axl,d6c09182-2d4,57829,2024-03-18T04:53:01,Karnataka,Maharashtra,ICICI,Kotak,0,clean
8d5f98d7-e2a3-48,UPI0001000989,kmy9x8sy@upi,3a2ea2b9-ebe,961j88qe@apl,08348a0c-8d8,20160,2024-03-16T06:06:40,Gujarat,Telangana,PNB,Kotak,0,clean
eeebfc6b-842f-46,UPI0001000019,iujv6oh9@icici,5a5897dd-aca,i64ciyhe@axl,3c438fde-668,88286,2024-03-15T10:34:25,Uttarakhand,Uttarakhand,Axis,HDFC,1,L1→L2
87313efd-bb75-4f,UPI0001002808,rc6zs62y@oksbi,f17ab0c6-4a0,p2fmr0tj@apl,e15d55b9-ba9,176079,2024-03-17T20:54:57,Karnataka,Karnataka,SBI,Kotak,0,clean
93d65116-aa67-4d,UPI0001002575,3vg6v5t1@ibl,6109748c-75e,zbcgjc36@apl,a45a1f06-4cb,15579,2024-03-16T23:45:13,Telangana,Telangana,Axis,Axis,0,clean
762259ba-6e9c-45,UPI0001004686,a2m0w10l@ybl,956dfb24-447,2g05kbkv@upi,95960706-af3,46078,2024-03-15T17:16:51,Gujarat,Telangana,ICICI,ICICI,0,clean
f0a46680-20db-42,UPI0001001414,x7pwo6cm@upi,2500e1a0-89a,2wbxanj4@upi,bfa5558d-959,142502,2024-03-16T05:36:47,Karnataka,Karnataka,ICICI,BOB,0,clean
a7fb3ed4-5bbe-4c,UPI0001003229,yc3rwqmm@icici,8b3a52b5-76e,erxdouad@paytm,3396a1f3-654,111517,2024-03-17T01:40:25,Tamil Nadu,Maharashtra,Kotak,Kotak,0,clean
e5898c6d-4c8c-4d,UPI0001002600,mx3y9rge@axl,10c50102-d01,d145bm1e@apl,2174d2e7-76b,190018,2024-03-16T06:43:38,Kerala,West Bengal,SBI,HDFC,0,clean
2f47b0d9-03e3-40,UPI0001003828,61bw4a7f@axl,69e6f60e-2f1,ofas1ekt@axl,de630927-308,184818,2024-03-16T23:16:38,Maharashtra,Maharashtra,SBI,BOB,0,clean
7873c4de-d977-46,UPI0001001289,rflqbmae@apl,a2a8bd54-d6e,tahukwqv@axl,c57bb97d-993,12143,2024-03-16T14:43:24,Karnataka,Tamil Nadu,Kotak,BOB,0,clean
ebdae179-4fc4-4c,UPI0001003707,hgbmfbuv@upi,aab2c0e3-bcd,s8q349dx@ybl,f92d00fe-76e,137620,2024-03-17T13:03:06,West Bengal,Telangana,SBI,HDFC,0,clean
1c51b596-6453-4b,UPI0001004071,2wbxanj4@upi,bfa5558d-959,aacosym0@paytm,7cd0e4eb-ec5,71138,2024-03-16T20:35:10,Karnataka,Kerala,BOB,HDFC,0,clean
360597ae-4fcf-41,UPI0001004677,m2vajepe@ibl,242b4c68-da5,k12v2tg5@apl,3903da2e-a66,54956,2024-03-16T19:04:19,Tamil Nadu,Telangana,Axis,Axis,0,clean
fc0e2688-cd79-46,UPI0001003024,eaxylnfx@paytm,17fca863-f60,8gl2zxjm@upi,dc036929-eff,124742,2024-03-17T01:55:08,Kerala,Maharashtra,ICICI,Axis,0,clean
82c506e3-69d4-46,UPI0001003624,hwy9hecg@axl,4c9f3ceb-6e3,jcitfoyq@ybl,56227fb1-a5a,178668,2024-03-17T07:16:24,Telangana,Karnataka,SBI,HDFC,0,clean
9a31bf34-5fb5-4e,UPI0001001830,9kkh4a3y@paytm,898ace33-3f3,sb5iqnf7@ybl,ffdb076f-e40,95255,2024-03-16T06:40:20,Karnataka,Gujarat,Kotak,Kotak,0,clean
d27d1a00-c6c2-4a,UPI0001001914,tkcd0rle@okaxis,ba81f20d-2be,yc3rwqmm@icici,8b3a52b5-76e,71964,2024-03-17T15:14:00,Gujarat,Tamil Nadu,SBI,Kotak,0,clean
bd2151fa-efaf-4e,UPI0001002854,38diuovw@icici,83febe55-d55,fewvznvk@icici,93ff3503-d85,162376,2024-03-15T14:58:08,Karnataka,Kerala,Axis,Kotak,0,clean
fffc0781-9e60-4e,UPI0001004419,xyjoa21a@oksbi,27c58270-7c1,xf5gzpl1@axl,2fa2cb90-de4,89143,2024-03-16T04:32:08,Karnataka,West Bengal,PNB,ICICI,0,clean
7334c961-bc1f-4c,UPI0001004095,x9l8lpqw@paytm,879bbcd2-e77,7w7jp61l@oksbi,7f32ed98-3eb,24990,2024-03-18T03:04:15,Kerala,Gujarat,Kotak,BOB,0,clean
2bec9197-a6db-43,UPI0001003655,hzn4kgeu@okaxis,10818e5f-69f,9v20yar8@okaxis,d55a6885-690,162370,2024-03-17T07:05:20,Telangana,Tamil Nadu,BOB,PNB,0,clean
4226f4b7-4f81-4d,UPI0001003106,lcxlvpym@ybl,f3fd02cd-2f8,19qzpniq@oksbi,10d15b04-d6f,145717,2024-03-16T04:54:34,Maharashtra,Tamil Nadu,PNB,ICICI,0,clean
2f315f8c-6d24-4e,UPI0001004543,gu3obygh@oksbi,b3e30a41-88d,bngz6wmd@axl,de032811-f29,117580,2024-03-17T04:15:16,Tamil Nadu,Kerala,ICICI,PNB,0,clean
d071c38e-7828-4e,UPI0001003105,0vm59m6m@okaxis,f9cbacae-054,f0onjpi1@paytm,f1306f21-cef,51525,2024-03-17T17:56:35,Telangana,Karnataka,HDFC,ICICI,0,clean
26a11251-6875-4d,UPI0001000705,kuuhclrr@ibl,9658742d-f26,k12v2tg5@apl,3903da2e-a66,50801,2024-03-16T20:27:55,West Bengal,Telangana,Kotak,Axis,0,clean
efe283fa-1231-48,UPI0001004214,1eeurxhw@icici,8f237b1a-04e,qhkswva9@upi,93e3cdef-acd,115630,2024-03-16T10:30:23,Telangana,Maharashtra,HDFC,Kotak,0,clean
d7a1bc47-9564-49,UPI0001000807,i4fqcoot@apl,69d84931-b15,a7sqrf1l@upi,03564e58-3fd,128850,2024-03-15T23:03:22,West Bengal,Tamil Nadu,HDFC,ICICI,0,clean
e92e03b5-b21c-4f,UPI0001003897,nbhnal3g@ybl,b9a38cd2-91b,dtm4vxjj@ibl,52136084-c7a,111086,2024-03-15T21:01:26,Telangana,Tamil Nadu,PNB,ICICI,0,clean
12dba5d4-2f75-43,UPI0001000209,ytwbozd1@ybl,9637a7ac-2e7,dr5xyfc4@paytm,172a1c93-d06,155438,2024-03-17T11:09:43,Tamil Nadu,Telangana,Kotak,SBI,0,clean
2dac0879-60ba-4e,UPI0001000033,f1t2tala@upi,f0016135-2e5,cs4cc5o7@okaxis,a0f1b798-634,148562,2024-03-15T10:33:28,Uttarakhand,Rajasthan,BOB,Kotak,1,L1→L2
62a6fcc4-5b68-41,UPI0001003848,erxdouad@paytm,3396a1f3-654,m92h3tv3@okaxis,56581c10-823,160981,2024-03-15T10:30:33,Maharashtra,West Bengal,Kotak,ICICI,0,clean
9495bb01-9332-46,UPI0001003001,gn1w1ht7@axl,61e9276c-1e5,1oxrwk8r@apl,0051a9ea-fd9,156739,2024-03-18T07:18:49,Tamil Nadu,Karnataka,PNB,ICICI,0,clean
c6d48c3c-76b3-48,UPI0001004135,ay64yfds@ibl,05351dc8-a9a,aztkszp7@oksbi,bd9daf6b-41d,60339,2024-03-17T21:41:12,Karnataka,Tamil Nadu,ICICI,SBI,0,clean
c82e6a02-6b2b-41,UPI0001001898,w83y0mah@ibl,9ca3624a-117,nn8ztv05@ibl,b38f2bd8-1fb,84783,2024-03-18T10:00:39,Karnataka,Karnataka,ICICI,BOB,0,clean
f29fa27a-d72a-48,UPI0001004440,x1gm32wp@okaxis,56954669-560,bbk7w1da@paytm,4f51dace-926,168354,2024-03-17T23:20:45,Kerala,Maharashtra,HDFC,Axis,0,clean
785d2691-34a1-4b,UPI0001004430,3o0llj8y@axl,1c00950a-235,zr1yxr2d@okaxis,c1059074-ebc,1490,2024-03-17T13:20:18,Maharashtra,Karnataka,SBI,Axis,0,clean
b218bbb3-fe9e-42,UPI0001003730,w3zkwdee@paytm,0d7b14ce-3fb,ofas1ekt@axl,de630927-308,105896,2024-03-16T04:28:28,Telangana,Maharashtra,SBI,BOB,0,clean
e8754412-a38a-49,UPI0001000716,rwzc4xl9@ibl,fa697d18-cd8,9kkh4a3y@paytm,898ace33-3f3,26760,2024-03-15T10:59:55,Kerala,Karnataka,Kotak,Kotak,0,clean
78d94faf-0d86-43,UPI0001002440,zmf8mdd4@paytm,d6a9a633-5ca,so8w5038@okaxis,0a9225e3-208,137594,2024-03-16T21:06:50,Tamil Nadu,Karnataka,BOB,Axis,0,clean
ee613782-98a4-45,UPI0001000130,zrf5a7qy@icici,4b4c4d05-3db,stn3cpud@axl,4a22d1fb-5bc,198710,2024-03-17T10:35:00,Gujarat,Tamil Nadu,PNB,Axis,0,clean
7b7d4e03-5592-45,UPI0001002952,hv1xg1r1@axl,3f7eef17-fe8,ac6pe63l@ybl,fe6486c9-5e6,190870,2024-03-17T13:07:42,Maharashtra,Tamil Nadu,PNB,Axis,0,clean
35dc1a70-34f8-47,UPI0001001479,0ljch2vf@oksbi,cab331dd-0d9,w83y0mah@ibl,9ca3624a-117,46053,2024-03-17T23:17:55,West Bengal,Karnataka,Axis,ICICI,0,clean
d720406b-4be9-4d,UPI0001000244,os6zle6k@okaxis,eafa0ae5-1d9,q1rdxck3@icici,ca1e97cd-4e6,144864,2024-03-16T09:11:54,Karnataka,Telangana,HDFC,HDFC,0,clean
c4bcb968-a3ad-4e,UPI0001003275,q20hwobm@okaxis,1f7e151c-59a,9rk7d30m@upi,c9d13a46-21b,109993,2024-03-17T12:59:48,Tamil Nadu,Maharashtra,SBI,Axis,0,clean
ca023ea2-9e1a-48,UPI0001001307,1g1r1dww@apl,2645ceb7-5d8,5cozroou@oksbi,1731ed06-891,107614,2024-03-15T18:07:05,Karnataka,Kerala,Axis,ICICI,0,clean
19ecf5d4-f481-40,UPI0001001251,ivrocvit@icici,40e259ef-b8c,sqt26q3x@upi,730141f1-80f,76015,2024-03-15T20:04:36,Telangana,Kerala,BOB,Kotak,0,clean
f1070194-e4ea-4e,UPI0001003237,04chsdin@okaxis,7193a5d0-081,5s4tl0th@okaxis,b194fbf8-08e,190700,2024-03-16T07:34:22,Tamil Nadu,Gujarat,Kotak,Kotak,0,clean
796c8545-c78f-4c,UPI0001002965,811kerpe@icici,c1a2cc6d-cfd,s8q349dx@ybl,f92d00fe-76e,93710,2024-03-16T18:22:40,Maharashtra,Telangana,PNB,HDFC,0,clean
08677837-1d46-45,UPI0001003125,6xlpu0dk@apl,2966c875-264,5s4tl0th@okaxis,b194fbf8-08e,187348,2024-03-17T13:38:27,Tamil Nadu,Gujarat,HDFC,Kotak,0,clean
d2b5bebd-5598-46,UPI0001000097,vgox22in@okaxis,9d6a6b21-955,tahukwqv@axl,c57bb97d-993,193886,2024-03-15T12:48:12,Kerala,Tamil Nadu,Axis,BOB,0,clean
52c02d75-dcbd-48,UPI0001004187,safyh1fk@paytm,7814c846-782,uhz1gv0e@oksbi,3097941d-05e,134691,2024-03-17T20:02:41,Tamil Nadu,Tamil Nadu,HDFC,ICICI,0,clean
1a848bc2-76e0-42,UPI0001000129,u9n79gil@upi,388edc83-947,xf5gzpl1@axl,2fa2cb90-de4,138204,2024-03-17T04:34:59,Karnataka,West Bengal,Kotak,ICICI,0,clean
e84911bc-6ace-49,UPI0001003754,3o1icns8@axl,d6c09182-2d4,ivrocvit@icici,40e259ef-b8c,27356,2024-03-16T20:10:16,Maharashtra,Telangana,Kotak,BOB,0,clean
4f270740-1ab4-42,UPI0001001381,7rb1s9dw@ibl,fdf65419-e86,y4lmct64@oksbi,c2a29e5d-a8f,1338,2024-03-17T17:34:31,Tamil Nadu,West Bengal,PNB,BOB,0,clean
d446f0df-ea54-47,UPI0001002828,b6bndoz6@axl,13339c2c-6a6,jdm5fc79@upi,a083e671-4cd,188919,2024-03-16T00:43:31,Karnataka,Maharashtra,Kotak,Kotak,0,clean
25f1dd68-9248-41,UPI0001002445,c2htmqwy@icici,f56a4c57-7ae,52sq3b9s@apl,ec8fbf62-67f,33175,2024-03-17T15:46:41,West Bengal,Gujarat,BOB,PNB,0,clean
1558fa0d-02ad-49,UPI0001001763,z6us7rp4@ibl,a8bc7367-673,ildzmfb7@axl,9749e680-bdd,4254,2024-03-16T05:10:02,Karnataka,Maharashtra,Kotak,PNB,0,clean
73df9b0b-5a06-46,UPI0001002985,9mda9oek@upi,3941c113-d9b,ga0x7zcg@ibl,15bb3739-991,17626,2024-03-18T04:38:44,Gujarat,Karnataka,Kotak,SBI,0,clean
4aa9d5ed-9829-4d,UPI0001004531,2zdlx1q8@oksbi,bc5d6484-72a,so8w5038@okaxis,0a9225e3-208,23162,2024-03-17T09:35:51,West Bengal,Karnataka,BOB,Axis,0,clean
34197095-1466-43,UPI0001001231,1sdieqfb@apl,98401e57-609,a83ru7my@apl,88c32907-0d3,192559,2024-03-16T16:36:57,Karnataka,Karnataka,BOB,SBI,0,clean
1800b40b-4f4a-4f,UPI0001001031,mxb9yo18@apl,59117312-cf3,uhz1gv0e@oksbi,3097941d-05e,79652,2024-03-17T02:02:52,Gujarat,Tamil Nadu,SBI,ICICI,0,clean
2aa36be4-3903-44,UPI0001002657,091c795r@upi,e21f0d08-204,fvl03dut@paytm,4d39a635-f9c,114335,2024-03-17T13:28:56,Karnataka,Gujarat,BOB,Kotak,0,clean
56beff0c-e91d-40,UPI0001003396,r6n92xf8@oksbi,05a7b3f0-2b3,ufm8zov7@paytm,713db7ca-950,112268,2024-03-18T01:27:30,Gujarat,Tamil Nadu,Kotak,Kotak,0,clean
b11ade61-c56d-42,UPI0001002690,sxlul6lg@paytm,0d49bdb5-2c0,ac6pe63l@ybl,fe6486c9-5e6,194726,2024-03-18T02:12:32,Tamil Nadu,Tamil Nadu,Kotak,Axis,0,clean
71098273-b44e-48,UPI0001000894,2g05kbkv@upi,95960706-af3,s5nkb4eh@apl,7ed57be9-1ec,31722,2024-03-16T07:44:02,Telangana,Karnataka,ICICI,Kotak,0,clean
054690e0-4744-43,UPI0001004534,c1l7dypm@upi,cee17028-635,j9rm7pyx@ibl,4a9e6a11-177,148120,2024-03-17T01:56:39,Karnataka,Gujarat,ICICI,BOB,0,clean
7edf543f-ee97-44,UPI0001002498,0me8f840@apl,d2acd40e-25c,a83ru7my@apl,88c32907-0d3,164918,2024-03-15T13:12:17,Maharashtra,Karnataka,BOB,SBI,0,clean
8a086d64-d70b-49,UPI0001003293,iymenvg3@paytm,3151edf4-e43,9bp4m18o@upi,2e0f0c6a-2ee,63263,2024-03-16T04:16:18,Gujarat,Gujarat,ICICI,SBI,0,clean
172f19fb-494a-45,UPI0001003159,c01arxab@apl,a094d57c-0e5,9t199dxj@ybl,95e891ca-aea,53501,2024-03-17T02:21:34,Tamil Nadu,West Bengal,ICICI,BOB,0,clean
9acde1d6-f1d8-4f,UPI0001001673,9i6uu13i@oksbi,8752282f-7ab,yv3lxchf@ybl,05438732-9d3,160283,2024-03-16T13:06:43,Kerala,Tamil Nadu,PNB,BOB,0,clean
81f2192c-c123-44,UPI0001002664,hyexf7jx@paytm,855c736c-1a1,rkmby9ip@ybl,f5ed200a-714,46949,2024-03-18T04:42:55,Telangana,Maharashtra,SBI,HDFC,0,clean
3bae4fa6-a11e-4f,UPI0001003166,hv1xg1r1@axl,3f7eef17-fe8,vgox22in@okaxis,9d6a6b21-955,139420,2024-03-15T17:55:55,Maharashtra,Kerala,PNB,Axis,0,clean
0401ce2a-d292-48,UPI0001000651,cd81twhw@okaxis,215eaeac-210,f0onjpi1@paytm,f1306f21-cef,180756,2024-03-17T03:24:42,Kerala,Karnataka,BOB,ICICI,0,clean
1bbfdac6-aa8c-42,UPI0001000998,q8ghgbcy@okaxis,d3047a7e-914,u8el5015@apl,c881ee60-b74,164243,2024-03-17T02:53:05,West Bengal,Tamil Nadu,BOB,Axis,0,clean
c8eeb3ea-2a80-40,UPI0001001190,vgox22in@okaxis,9d6a6b21-955,dtm4vxjj@ibl,52136084-c7a,108046,2024-03-17T21:31:58,Kerala,Tamil Nadu,Axis,ICICI,0,clean
1e6ceed3-0567-45,UPI0001002494,l3wxdrlc@upi,38c6e804-3e7,p2fmr0tj@apl,e15d55b9-ba9,57217,2024-03-17T15:26:21,Kerala,Karnataka,ICICI,Kotak,0,clean
3ac934bb-18d7-49,UPI0001002080,ej31gymd@upi,213b8037-53d,x1gm32wp@okaxis,56954669-560,23954,2024-03-16T12:58:10,Telangana,Kerala,HDFC,HDFC,0,clean
be685ddd-e6dd-4f,UPI0001000018,iujv6oh9@icici,5a5897dd-aca,hwjr64dp@paytm,080daaa8-b85,123975,2024-03-15T10:34:25,Uttarakhand,Delhi,Axis,SBI,1,L1→L2
20d13757-d91a-45,UPI0001001929,48c1cqg4@apl,88ccb91c-dbb,xie0rnuj@paytm,7c49cd93-294,190530,2024-03-17T02:32:36,Tamil Nadu,Maharashtra,BOB,PNB,0,clean
6f00b494-d7c4-41,UPI0001004332,2lhgcsot@ibl,f3952d16-235,7w7jp61l@oksbi,7f32ed98-3eb,182263,2024-03-15T13:12:28,Tamil Nadu,Gujarat,ICICI,BOB,0,clean
aaf207bc-96f7-47,UPI0001004084,qzxebb9e@okaxis,8ebd5aae-250,lboriq8h@paytm,d1aedf8e-b07,37689,2024-03-15T14:26:39,West Bengal,West Bengal,Kotak,HDFC,0,clean
49213fb5-386b-49,UPI0001001936,ppsfnkom@ybl,ac7006a0-31d,s43c5ba7@upi,6a3a3aa8-5af,143925,2024-03-17T02:33:07,Gujarat,Karnataka,BOB,Kotak,0,clean
e4103aac-739e-4d,UPI0001001887,mcqbnkx9@ibl,8afc3470-686,1uu7zy6t@apl,d28e8866-080,88946,2024-03-17T21:29:42,Tamil Nadu,Tamil Nadu,Kotak,BOB,0,clean
4f543de7-7e57-46,UPI0001004365,9ku8s63e@apl,c9b6fdb8-698,ouhtcs1k@ibl,7eebd174-73c,114263,2024-03-15T11:53:02,Maharashtra,Tamil Nadu,SBI,HDFC,0,clean
585163e6-cbde-42,UPI0001004682,reiyaz39@apl,75d4c470-c88,oieves6f@oksbi,4c26e044-3e8,74767,2024-03-17T04:38:13,Karnataka,West Bengal,PNB,ICICI,0,clean
bdf54783-cb86-4e,UPI0001003727,38diuovw@icici,83febe55-d55,uflsehud@icici,168777e2-a06,86415,2024-03-15T18:26:08,Karnataka,Karnataka,Axis,Axis,0,clean
b5167fe5-a80c-4b,UPI0001000631,myzycwti@axl,40c797bc-53e,zei3zrrh@oksbi,8a34eeb1-73d,72131,2024-03-16T05:58:22,Tamil Nadu,Kerala,Axis,PNB,0,clean
542fec5d-f016-40,UPI0001000984,uswrgvz9@ybl,c0de6a5e-0b9,sehe2atn@icici,d6c059ff-a09,179140,2024-03-16T05:19:45,Kerala,Maharashtra,SBI,HDFC,0,clean
676d55db-d86c-41,UPI0001001282,6wpx2cyo@icici,8e6b6450-5a7,b6bndoz6@axl,13339c2c-6a6,36448,2024-03-18T04:44:19,West Bengal,Karnataka,BOB,Kotak,0,clean
0a4c19be-6b36-45,UPI0001002120,gu3obygh@oksbi,b3e30a41-88d,rid3dnkn@oksbi,b8fa8960-47b,46381,2024-03-15T12:06:57,Tamil Nadu,Karnataka,ICICI,PNB,0,clean
adbdac9e-46f8-4e,UPI0001001227,53sflse4@ybl,35771e25-0a2,t6om1fb8@ibl,593dec67-5f5,34427,2024-03-17T04:07:37,Kerala,Gujarat,HDFC,ICICI,0,clean
77f5dbab-94e8-4e,UPI0001003399,tuw9ohtu@oksbi,16e55977-f2b,e46aexl6@paytm,cb20a360-856,139545,2024-03-18T07:09:30,West Bengal,Gujarat,ICICI,PNB,0,clean
72b66929-ab0f-46,UPI0001004485,1zxyvgiu@okaxis,855b24d8-016,eh5sw229@upi,988a62ef-895,113471,2024-03-16T21:30:00,Gujarat,Telangana,ICICI,Axis,0,clean
d2a9672e-3e40-42,UPI0001001778,hl88kzru@okaxis,2eca5bfe-dc2,53sflse4@ybl,35771e25-0a2,158031,2024-03-16T06:06:55,Gujarat,Kerala,ICICI,HDFC,0,clean
b067177c-6d74-49,UPI0001004819,jdm5fc79@upi,a083e671-4cd,a83ru7my@apl,88c32907-0d3,147102,2024-03-15T14:13:14,Maharashtra,Karnataka,Kotak,SBI,0,clean
29f35671-96ab-45,UPI0001002025,rdihsa7h@oksbi,ecf41fd7-09b,hrrpzlk3@ibl,8b84e2d0-e1e,131492,2024-03-17T01:18:31,Karnataka,West Bengal,ICICI,SBI,0,clean
3c7be8d1-be59-43,UPI0001003408,tx63cfl0@paytm,ac541769-490,aji0y6dp@ybl,db6e078e-7f2,37273,2024-03-17T16:05:29,Tamil Nadu,Tamil Nadu,Axis,SBI,0,clean
99522edf-f4f4-4b,UPI0001001705,siwjm2c8@axl,76415f9b-a77,sc4e5hrd@apl,11c9ca6c-0cd,141745,2024-03-18T00:48:36,Tamil Nadu,Tamil Nadu,Kotak,PNB,0,clean
b6593ac7-4523-46,UPI0001003500,dtv25ao2@icici,9e8d1dde-c69,9xn4m41k@okaxis,cc2c3f3e-4c7,180949,2024-03-18T08:56:51,Tamil Nadu,Gujarat,HDFC,HDFC,0,clean
a4dfd5ed-9ef0-4d,UPI0001004828,x9l8lpqw@paytm,879bbcd2-e77,jfvyb6li@axl,93910c55-ea9,159814,2024-03-18T07:57:00,Kerala,Karnataka,Kotak,ICICI,0,clean
97a8c3ce-9d38-4b,UPI0001002580,0ljch2vf@oksbi,cab331dd-0d9,53sflse4@ybl,35771e25-0a2,122777,2024-03-16T02:04:03,West Bengal,Kerala,Axis,HDFC,0,clean
2649a8b7-a780-46,UPI0001003540,b6bndoz6@axl,13339c2c-6a6,uswrgvz9@ybl,c0de6a5e-0b9,30031,2024-03-17T10:04:09,Karnataka,Kerala,Kotak,SBI,0,clean
8058fc4f-c614-4e,UPI0001002240,239moft6@axl,0f7c79b6-edf,myr06nkw@oksbi,9b3bd143-106,161491,2024-03-16T21:21:31,Karnataka,Maharashtra,ICICI,BOB,0,clean
a0a2c690-d758-48,UPI0001002682,dr5xyfc4@paytm,172a1c93-d06,wr7mkgxu@paytm,f8967d89-388,150822,2024-03-17T06:54:07,Telangana,Kerala,SBI,SBI,0,clean
3b2f28b7-3dcd-4d,UPI0001001446,8qqvaecw@okaxis,6ba34083-55e,w9zyn6sj@ybl,3c3c1190-4fb,124722,2024-03-15T11:50:26,Maharashtra,Telangana,PNB,ICICI,0,clean
b7b852bd-f18d-43,UPI0001002708,vkyrmjlj@paytm,170acc6e-133,1n0lh9p8@oksbi,3e215a9e-0c6,27999,2024-03-16T19:55:36,Gujarat,Tamil Nadu,HDFC,PNB,0,clean
414cbb0c-f849-4c,UPI0001004136,9tr74qge@oksbi,2dc01c43-46d,vt997e4u@upi,6ffdcb98-a38,24127,2024-03-17T19:22:27,Telangana,Gujarat,PNB,Kotak,0,clean
9d00799a-7495-4e,UPI0001004664,aiy4va13@ybl,143b620b-637,ezqacj4t@icici,8eb3737e-59f,51680,2024-03-15T16:41:32,Maharashtra,West Bengal,BOB,Axis,0,clean
0903952b-1b29-46,UPI0001004237,d145bm1e@apl,2174d2e7-76b,pd2tsxtv@upi,30954f8d-335,124296,2024-03-17T13:55:08,West Bengal,Gujarat,HDFC,ICICI,0,clean
5513d109-fa7b-47,UPI0001004706,1zdfkblc@upi,58478899-90d,sqt26q3x@upi,730141f1-80f,168522,2024-03-17T21:25:41,Tamil Nadu,Kerala,ICICI,Kotak,0,clean
19eff382-499d-4d,UPI0001001215,5ixva1nk@ybl,3f9ee135-4b0,gq9cvah7@apl,9226d90b-2a1,39340,2024-03-15T13:48:29,Tamil Nadu,Gujarat,ICICI,Kotak,0,clean
3929e090-8f0b-47,UPI0001003221,rw6tm2o0@icici,7b3b2f4a-e30,vgox22in@okaxis,9d6a6b21-955,177910,2024-03-15T15:52:15,Karnataka,Kerala,ICICI,Axis,0,clean
bb7c5480-795e-42,UPI0001004772,b7l8v1zo@ibl,60eb54ed-9d1,5cozroou@oksbi,1731ed06-891,87399,2024-03-15T16:56:38,Gujarat,Kerala,ICICI,ICICI,0,clean
972c0fb0-72b6-43,UPI0001002075,yv3lxchf@ybl,05438732-9d3,n7s55j2o@icici,0c084f0a-36d,37176,2024-03-16T05:36:33,Tamil Nadu,Karnataka,BOB,ICICI,0,clean
f5064807-393c-4d,UPI0001001096,qzxebb9e@okaxis,8ebd5aae-250,0vm59m6m@okaxis,f9cbacae-054,73388,2024-03-15T20:06:57,West Bengal,Telangana,Kotak,HDFC,0,clean
a5b58be7-ef79-43,UPI0001004724,ybisbo55@paytm,0adcc0b2-719,5e5iz31y@axl,9bc82871-9c1,48719,2024-03-17T04:11:17,Kerala,Maharashtra,ICICI,HDFC,0,clean
51a51ea4-1f09-48,UPI0001002728,0ebkjf4a@axl,9005bc5c-f39,i9kqdgbk@upi,feaf9f0b-cd9,114916,2024-03-18T03:01:45,Karnataka,Gujarat,PNB,Axis,0,clean
54e8bd65-c651-4f,UPI0001000813,8gl2zxjm@upi,dc036929-eff,3dd03uvu@upi,cf3db828-3cc,37900,2024-03-17T11:06:47,Maharashtra,Tamil Nadu,Axis,PNB,0,clean
05d06fb3-f81d-4c,UPI0001002105,ufm8zov7@paytm,713db7ca-950,x2toowt9@apl,e738b31f-0c3,129391,2024-03-18T00:05:38,Tamil Nadu,Kerala,Kotak,SBI,0,clean
292e7f54-644e-4e,UPI0001001449,rwzc4xl9@ibl,fa697d18-cd8,et8t63j3@axl,e4ac4b23-0d3,16519,2024-03-17T22:08:10,Kerala,Karnataka,Kotak,BOB,0,clean
6b0ee98f-fad7-4a,UPI0001001715,hv1xg1r1@axl,3f7eef17-fe8,t6om1fb8@ibl,593dec67-5f5,58929,2024-03-17T04:04:29,Maharashtra,Gujarat,PNB,ICICI,0,clean
ce04af61-8cdd-4c,UPI0001003369,j3bqrr87@okaxis,f8adb759-ff2,hl88kzru@okaxis,2eca5bfe-dc2,106675,2024-03-15T17:54:11,Gujarat,Gujarat,Axis,ICICI,0,clean
2c14defd-5161-48,UPI0001002714,xf5gzpl1@axl,2fa2cb90-de4,uhz1gv0e@oksbi,3097941d-05e,42007,2024-03-16T03:27:58,West Bengal,Tamil Nadu,ICICI,ICICI,0,clean
a9259ba6-0369-43,UPI0001002197,ytwbozd1@ybl,9637a7ac-2e7,hyexf7jx@paytm,855c736c-1a1,16142,2024-03-17T17:32:55,Tamil Nadu,Telangana,Kotak,SBI,0,clean
a1f04e29-e8cf-4f,UPI0001003736,fr91ipwh@upi,0e051c39-642,yxtxmgtt@okaxis,7c6e58d5-652,118559,2024-03-16T17:35:41,West Bengal,Tamil Nadu,SBI,BOB,0,clean
03059d89-e663-4a,UPI0001003912,82kb700u@ybl,dcd27afa-05a,m92h3tv3@okaxis,56581c10-823,40035,2024-03-15T21:51:50,Maharashtra,West Bengal,PNB,ICICI,0,clean
ab71d104-52c8-44,UPI0001004002,rw6tm2o0@icici,7b3b2f4a-e30,eyr8lnoe@upi,ae9b4688-14f,179594,2024-03-16T12:39:30,Karnataka,Telangana,ICICI,BOB,0,clean
0c2e44fa-8025-41,UPI0001001559,uu4ytn02@ibl,0dc94cab-d16,5a5piskf@oksbi,2c0c791b-29d,78132,2024-03-15T14:04:17,Karnataka,Telangana,Kotak,ICICI,0,clean
05549ae3-9a8c-4f,UPI0001001149,so8w5038@okaxis,0a9225e3-208,a04ux5qr@upi,8029a269-faa,44185,2024-03-16T09:51:57,Karnataka,West Bengal,Axis,Kotak,0,clean
02641fd8-e640-4d,UPI0001000268,rid3dnkn@oksbi,b8fa8960-47b,yv3lxchf@ybl,05438732-9d3,87721,2024-03-17T17:26:58,Karnataka,Tamil Nadu,PNB,BOB,0,clean
8615c31d-c2b8-47,UPI0001002967,mpkxvhag@paytm,0a090c2a-c48,ad7x48wz@ibl,f694d29f-aad,150936,2024-03-16T14:47:34,Tamil Nadu,Tamil Nadu,SBI,SBI,0,clean
23b15696-3454-42,UPI0001001352,a7sqrf1l@upi,03564e58-3fd,jng7l4lr@ibl,01fe3c1a-6f8,134029,2024-03-15T20:39:57,Tamil Nadu,Kerala,ICICI,Axis,0,clean
9453b60a-3dd9-49,UPI0001004153,2ei9212p@okaxis,bf8daac7-444,b7l8v1zo@ibl,60eb54ed-9d1,51977,2024-03-18T03:22:24,Kerala,Gujarat,SBI,ICICI,0,clean
dad42257-9365-47,UPI0001000896,bbrnu8c0@icici,94acc6b0-f97,uswrgvz9@ybl,c0de6a5e-0b9,73312,2024-03-16T03:47:55,Maharashtra,Kerala,BOB,SBI,0,clean
7d117599-16f3-41,UPI0001001526,vn1x2gdg@paytm,b8323e22-9c7,r6k2vmww@oksbi,e85bb9a0-574,81574,2024-03-16T05:21:22,West Bengal,Gujarat,Axis,PNB,0,clean
b04eaa32-f8ce-41,UPI0001004428,yv3lxchf@ybl,05438732-9d3,ybisbo55@paytm,0adcc0b2-719,85331,2024-03-17T18:06:44,Tamil Nadu,Kerala,BOB,ICICI,0,clean
bb299c36-cedf-44,UPI0001001244,a5xin9dl@icici,ad258476-426,8bfqnpce@upi,96c75168-b52,150019,2024-03-17T23:02:22,Tamil Nadu,Telangana,SBI,Axis,0,clean
4deb0dac-be94-4d,UPI0001002645,j6txfo6v@paytm,8e5cd165-8cb,xb94pdzp@ibl,1f77595a-0f7,37844,2024-03-18T11:09:27,Kerala,Telangana,HDFC,ICICI,0,clean
f58a4ba1-5685-46,UPI0001001482,kns832ej@axl,1d7f27e2-928,g68a1arr@ybl,93972fa1-bff,35010,2024-03-15T20:56:53,West Bengal,Gujarat,BOB,Kotak,0,clean
d9a9f1d2-426a-45,UPI0001004024,ly4lyk83@icici,d20ed545-b8a,2ei9212p@okaxis,bf8daac7-444,77708,2024-03-16T07:09:56,Telangana,Kerala,SBI,SBI,0,clean
c032c44b-ca85-4a,UPI0001004638,jcn9j3gc@okaxis,59d7c029-a96,td44k1j6@oksbi,e33499ff-738,195260,2024-03-17T04:51:04,Tamil Nadu,Maharashtra,Kotak,BOB,0,clean
89f08bc0-9efa-43,UPI0001002019,xf7kzorq@axl,8a77df8c-2c4,gn1w1ht7@axl,61e9276c-1e5,16958,2024-03-18T01:52:57,Tamil Nadu,Tamil Nadu,Kotak,PNB,0,clean
fee6eec0-9e43-4b,UPI0001002223,il8sa3id@upi,0ff28a1c-817,9tr74qge@oksbi,2dc01c43-46d,149447,2024-03-17T21:04:21,Gujarat,Telangana,SBI,PNB,0,clean
5896f76f-d3cc-43,UPI0001001558,9boq0iq2@oksbi,45a62da6-105,dh0uyhnq@icici,ea03df36-47b,13626,2024-03-17T09:46:27,West Bengal,Tamil Nadu,SBI,HDFC,0,clean
71319661-f53e-4b,UPI0001002950,5a5piskf@oksbi,2c0c791b-29d,p2fmr0tj@apl,e15d55b9-ba9,155277,2024-03-16T21:20:10,Telangana,Karnataka,ICICI,Kotak,0,clean
5ceb82e0-1aae-40,UPI0001003663,2g05kbkv@upi,95960706-af3,2muljavb@paytm,42174022-e10,60877,2024-03-17T09:10:13,Telangana,Kerala,ICICI,SBI,0,clean
fd92dd69-7f1a-44,UPI0001001047,q1rdxck3@icici,ca1e97cd-4e6,o75rh8lx@ibl,08de2ce8-4d4,81082,2024-03-17T16:13:15,Telangana,Karnataka,HDFC,PNB,0,clean
d866e6ce-6fe5-42,UPI0001003740,vpw232ut@icici,10888114-863,fr91ipwh@upi,0e051c39-642,178454,2024-03-15T16:12:08,Gujarat,West Bengal,HDFC,SBI,0,clean
87db626c-83ff-44,UPI0001003182,70e3p15a@okaxis,d87ecdc6-34f,7oxk8c1g@axl,46b23fe2-5eb,117202,2024-03-17T11:33:43,Karnataka,Telangana,SBI,Axis,0,clean
b27c7b33-e002-45,UPI0001002778,z09wftbg@upi,69681540-b97,hiuit7m1@axl,ac812895-0f0,187323,2024-03-16T22:41:32,Kerala,Karnataka,Kotak,PNB,0,clean
de9704dc-b726-47,UPI0001003621,yc3rwqmm@icici,8b3a52b5-76e,9t199dxj@ybl,95e891ca-aea,69158,2024-03-16T00:05:22,Tamil Nadu,West Bengal,Kotak,BOB,0,clean
e67ac70a-1e69-43,UPI0001004715,x4sn6sm5@axl,b28fc016-34a,tuw6taq6@upi,409c06a8-91d,131596,2024-03-15T20:36:25,Kerala,Gujarat,BOB,Axis,0,clean
b2af26dc-c863-4d,UPI0001002447,css9toqw@upi,5ff36244-509,ga0x7zcg@ibl,15bb3739-991,66805,2024-03-16T03:06:11,Maharashtra,Karnataka,ICICI,SBI,0,clean
d1a45d3f-ff4d-49,UPI0001002717,zbffzzdv@okaxis,7664c07f-020,8qqvaecw@okaxis,6ba34083-55e,181748,2024-03-16T19:02:18,Maharashtra,Maharashtra,SBI,PNB,0,clean
1c480b10-75b5-4e,UPI0001001601,kns832ej@axl,1d7f27e2-928,wwnc21o0@upi,0d6872fa-a63,76104,2024-03-15T11:04:53,West Bengal,Kerala,BOB,Axis,0,clean
84f80459-92f0-41,UPI0001001249,rwzc4xl9@ibl,fa697d18-cd8,xaprpn6q@oksbi,fc297e6e-aa8,59225,2024-03-17T00:29:53,Kerala,Kerala,Kotak,Axis,0,clean
704f4af5-19f2-4e,UPI0001004495,dn5gjj8m@oksbi,daefad95-27b,e9vifttd@ibl,afcf7781-db7,119155,2024-03-15T12:45:26,Kerala,Telangana,Axis,Axis,0,clean
d64536b6-82ce-4e,UPI0001004550,fgzvrctl@icici,8e73c27c-e02,5s4tl0th@okaxis,b194fbf8-08e,187200,2024-03-17T11:40:25,Karnataka,Gujarat,BOB,Kotak,0,clean
c5ac0f06-06a7-40,UPI0001002629,wpaytxw1@ybl,a9a1d8cd-197,7gu0env5@icici,f2e7fec2-ac8,199596,2024-03-17T20:35:56,Telangana,West Bengal,PNB,Axis,0,clean
7ba014d0-d408-4c,UPI0001003304,52sq3b9s@apl,ec8fbf62-67f,9tr74qge@oksbi,2dc01c43-46d,103529,2024-03-17T12:29:46,Gujarat,Telangana,PNB,PNB,0,clean
2d8facf8-031d-48,UPI0001000376,nipar0zj@icici,1e76c35b-bdc,x4sn6sm5@axl,b28fc016-34a,171549,2024-03-17T09:20:30,Telangana,Kerala,Kotak,BOB,0,clean
8190f864-6044-4c,UPI0001002827,rwzc4xl9@ibl,fa697d18-cd8,9v20yar8@okaxis,d55a6885-690,175276,2024-03-17T22:18:33,Kerala,Tamil Nadu,Kotak,PNB,0,clean
06bcdc99-c4ff-46,UPI0001003202,dtv25ao2@icici,9e8d1dde-c69,f0onjpi1@paytm,f1306f21-cef,197119,2024-03-16T18:28:23,Tamil Nadu,Karnataka,HDFC,ICICI,0,clean
e2c3c161-2712-43,UPI0001004082,o57p6bkl@ibl,a0f35ea4-53a,2qc6dr08@ibl,edc4c65a-097,111531,2024-03-16T22:00:20,Tamil Nadu,West Bengal,Kotak,PNB,0,clean
f8417113-59e3-4d,UPI0001001337,yeqahths@paytm,38d6e582-cd0,fgzvrctl@icici,8e73c27c-e02,33341,2024-03-18T06:45:49,Maharashtra,Karnataka,Kotak,BOB,0,clean
9f682c3f-f033-4c,UPI0001003313,ouhtcs1k@ibl,7eebd174-73c,1n13jcat@upi,cb737bb3-638,119303,2024-03-16T21:38:15,Tamil Nadu,Maharashtra,HDFC,HDFC,0,clean
e672394c-e9d1-48,UPI0001003900,vpw232ut@icici,10888114-863,wovcxek4@apl,be18dda5-608,1494,2024-03-18T03:55:54,Gujarat,Karnataka,HDFC,PNB,0,clean
2dbb9387-6011-40,UPI0001004583,x7pwo6cm@upi,2500e1a0-89a,bbk7w1da@paytm,4f51dace-926,153272,2024-03-17T19:26:55,Karnataka,Maharashtra,ICICI,Axis,0,clean
5dc17177-174a-4c,UPI0001001180,ixntm9tm@axl,2474cb36-956,9t199dxj@ybl,95e891ca-aea,93464,2024-03-16T18:21:43,Gujarat,West Bengal,ICICI,BOB,0,clean
b51da6d5-9471-41,UPI0001003913,pdtz91x7@oksbi,676d9892-38a,zzf8s2zg@oksbi,7844cc4a-374,66764,2024-03-17T07:40:22,Gujarat,Tamil Nadu,SBI,PNB,0,clean
676168ba-5b3d-43,UPI0001004060,sqt26q3x@upi,730141f1-80f,sygjjfgj@paytm,333e6ba7-55b,50943,2024-03-16T17:43:11,Kerala,Kerala,Kotak,Axis,0,clean
fa30246c-3f3a-4f,UPI0001003246,rlf8a9ke@axl,0a10972f-813,u7fbmenu@okaxis,2b0e6e2e-1f6,183834,2024-03-16T13:34:35,Kerala,Kerala,PNB,ICICI,0,clean
60b38b14-9b24-41,UPI0001001923,fewvznvk@icici,93ff3503-d85,9ku8s63e@apl,c9b6fdb8-698,53486,2024-03-15T22:05:54,Kerala,Maharashtra,Kotak,SBI,0,clean
6ad0ac1a-20c5-40,UPI0001000979,jcn9j3gc@okaxis,59d7c029-a96,hxid4n1u@apl,5830f07f-146,184697,2024-03-15T22:51:26,Tamil Nadu,Kerala,Kotak,BOB,0,clean
7015c3e9-02a5-48,UPI0001001488,o83rlkte@axl,d9bc569f-b59,ph6fe0mp@oksbi,a9ee26ae-49a,175539,2024-03-15T17:34:12,Kerala,Gujarat,BOB,HDFC,0,clean
59726ad9-14ad-45,UPI0001004723,5e5iz31y@axl,9bc82871-9c1,lq5v4ftq@paytm,15386809-9f2,52000,2024-03-17T01:20:49,Maharashtra,Maharashtra,HDFC,Kotak,0,clean
00d830e1-76a6-4c,UPI0001002351,tkcd0rle@okaxis,ba81f20d-2be,hx2kbvsi@oksbi,ebee6395-f0f,105644,2024-03-17T16:21:59,Gujarat,Tamil Nadu,SBI,PNB,0,clean
be1b4e24-86cd-47,UPI0001003296,uuxk0are@ibl,7992b6ba-0fd,lcxlvpym@ybl,f3fd02cd-2f8,9605,2024-03-16T16:34:05,Telangana,Maharashtra,BOB,PNB,0,clean
0ef4bb61-b852-4e,UPI0001002874,9mda9oek@upi,3941c113-d9b,aiy4va13@ybl,143b620b-637,111245,2024-03-16T01:53:39,Gujarat,Maharashtra,Kotak,BOB,0,clean
09b05c31-0f26-40,UPI0001001063,q1rdxck3@icici,ca1e97cd-4e6,qkojtpv6@upi,9097f736-c0b,72580,2024-03-15T21:29:09,Telangana,Tamil Nadu,HDFC,Kotak,0,clean
eb313f9e-33eb-41,UPI0001004080,d6357oon@apl,5cbf8094-1fa,9ku8s63e@apl,c9b6fdb8-698,117504,2024-03-15T20:14:14,Telangana,Maharashtra,SBI,SBI,0,clean
48f16278-3b99-41,UPI0001001734,9i6uu13i@oksbi,8752282f-7ab,ccprhvlz@upi,e917e480-79b,184319,2024-03-15T21:11:41,Kerala,Telangana,PNB,Axis,0,clean
00c3f086-548d-41,UPI0001004001,79flv1xx@paytm,dff63398-c9e,ppohswq4@ybl,27cf6e96-b10,36179,2024-03-15T11:58:41,Kerala,Tamil Nadu,PNB,PNB,0,clean
423cb854-2e34-46,UPI0001002667,9tr74qge@oksbi,2dc01c43-46d,uhz1gv0e@oksbi,3097941d-05e,130331,2024-03-17T18:58:38,Telangana,Tamil Nadu,PNB,ICICI,0,clean
ed95bbce-468f-4d,UPI0001001576,irym81cm@oksbi,4956140d-046,1ieixwc4@axl,078dcd14-8a1,73075,2024-03-18T03:12:02,Tamil Nadu,Tamil Nadu,PNB,Kotak,0,clean
8656a7e9-1728-4e,UPI0001000707,xlez896d@apl,1f77ec31-a37,5rtwiyki@ibl,58346645-d7d,77341,2024-03-15T20:54:07,Telangana,Gujarat,Kotak,Axis,0,clean
ef599ae6-2f7f-4a,UPI0001003217,9boq0iq2@oksbi,45a62da6-105,qhkswva9@upi,93e3cdef-acd,67286,2024-03-16T10:07:03,West Bengal,Maharashtra,SBI,Kotak,0,clean
ecd02112-9c37-42,UPI0001001071,myzycwti@axl,40c797bc-53e,qzsa7yvd@axl,3c3a17d9-186,47339,2024-03-18T11:10:38,Tamil Nadu,Tamil Nadu,Axis,SBI,0,clean
50364d68-764b-49,UPI0001003840,2qc6dr08@ibl,edc4c65a-097,uuxk0are@ibl,7992b6ba-0fd,10742,2024-03-18T02:40:07,West Bengal,Telangana,PNB,BOB,0,clean
4e9a0909-8b75-4c,UPI0001000557,xf7kzorq@axl,8a77df8c-2c4,xb94pdzp@ibl,1f77595a-0f7,38362,2024-03-16T03:20:12,Tamil Nadu,Telangana,Kotak,ICICI,0,clean
2316034c-cf73-46,UPI0001000081,mxb9yo18@apl,59117312-cf3,hk2lslay@upi,ff015559-481,14016,2024-03-16T00:54:23,Gujarat,Gujarat,SBI,Axis,0,clean
24ec83d8-ddb9-44,UPI0001000801,9v20yar8@okaxis,d55a6885-690,2jwoclyt@upi,92c5bab8-7ba,71311,2024-03-16T02:04:07,Tamil Nadu,Telangana,PNB,PNB,0,clean
2a33ce48-def8-43,UPI0001004501,jiys2n75@ybl,ab332325-6cf,nmeoq4yr@apl,3730892d-042,3676,2024-03-17T18:10:04,Tamil Nadu,Tamil Nadu,PNB,PNB,0,clean
12919ad9-f4f1-44,UPI0001002041,ph6fe0mp@oksbi,a9ee26ae-49a,w83y0mah@ibl,9ca3624a-117,3899,2024-03-17T02:10:10,Gujarat,Karnataka,HDFC,ICICI,0,clean
a518c94f-d6c3-46,UPI0001003804,irym81cm@oksbi,4956140d-046,jeget1gh@axl,f0c058e9-79c,172033,2024-03-17T19:40:10,Tamil Nadu,Maharashtra,PNB,ICICI,0,clean
32d7a5a2-a32c-4a,UPI0001000055,xqkwqh5k@paytm,28070a63-70b,kmy9x8sy@upi,3a2ea2b9-ebe,119773,2024-03-16T08:54:23,Karnataka,Gujarat,Axis,PNB,0,clean
d2787397-cbf2-40,UPI0001000171,5p1v3zo7@icici,5ec1cb78-2d9,t7txkdot@axl,b3d818db-f57,191486,2024-03-16T17:02:36,Telangana,Gujarat,Kotak,HDFC,0,clean
4399576a-90e3-49,UPI0001000688,yv3lxchf@ybl,05438732-9d3,gq9cvah7@apl,9226d90b-2a1,193349,2024-03-16T17:45:30,Tamil Nadu,Gujarat,BOB,Kotak,0,clean
cee93e87-0513-42,UPI0001001574,z2sf6f7l@apl,f4ac893c-cd3,eaxylnfx@paytm,17fca863-f60,13300,2024-03-17T10:06:30,Karnataka,Kerala,Kotak,ICICI,0,clean
35a8d4c1-2ab6-42,UPI0001000064,os6zle6k@okaxis,eafa0ae5-1d9,c8bbi4wi@axl,72e6b18a-a53,191869,2024-03-17T17:17:55,Karnataka,Gujarat,HDFC,PNB,0,clean
e0f66cd5-d389-4c,UPI0001002297,cjiwvhdk@apl,92a1d000-b37,gu3obygh@oksbi,b3e30a41-88d,101833,2024-03-17T17:34:38,West Bengal,Tamil Nadu,ICICI,ICICI,0,clean
8a063687-222b-48,UPI0001002596,2jwoclyt@upi,92c5bab8-7ba,8e9rivh6@icici,ab4ef148-113,158754,2024-03-15T20:21:07,Telangana,Karnataka,PNB,ICICI,0,clean
baf4cdd0-cf03-4a,UPI0001000487,bikcidkw@upi,f7982aa6-df8,x4sn6sm5@axl,b28fc016-34a,45991,2024-03-17T15:05:57,Tamil Nadu,Kerala,HDFC,BOB,0,clean
699f47ff-2a8e-40,UPI0001003362,03o4gkww@paytm,a371a87c-ef1,ytwbozd1@ybl,9637a7ac-2e7,140519,2024-03-16T20:19:25,Gujarat,Tamil Nadu,PNB,Kotak,0,clean
3c4a08e4-df44-49,UPI0001000863,uzpeal2w@upi,05950436-fc1,wsozctwj@paytm,06c76465-950,5129,2024-03-16T11:35:55,Telangana,Maharashtra,SBI,SBI,0,clean
06b5e916-b811-42,UPI0001003868,zzf8s2zg@oksbi,7844cc4a-374,ybisbo55@paytm,0adcc0b2-719,39368,2024-03-15T16:36:03,Tamil Nadu,Kerala,PNB,ICICI,0,clean
9f535de8-a4d4-4c,UPI0001004309,5s4tl0th@okaxis,b194fbf8-08e,aji0y6dp@ybl,db6e078e-7f2,71523,2024-03-18T01:57:01,Gujarat,Tamil Nadu,Kotak,SBI,0,clean
097569c1-e3f3-4e,UPI0001000774,ywp0rxxf@icici,536cc49c-7b9,ay64yfds@ibl,05351dc8-a9a,150611,2024-03-17T23:47:44,Kerala,Karnataka,Kotak,ICICI,0,clean
3fb82503-e10f-46,UPI0001003485,0v2zp4ju@upi,32db899d-85a,2wgxo05q@apl,c1eb9500-3af,15832,2024-03-17T19:22:56,Telangana,Karnataka,HDFC,Axis,0,clean
87db84b5-e45c-46,UPI0001000930,m92h3tv3@okaxis,56581c10-823,ch8jwwdx@oksbi,b6a72442-d1f,27169,2024-03-16T22:52:04,West Bengal,West Bengal,ICICI,HDFC,0,clean
d5b60a25-7a78-46,UPI0001000663,y8fv2bc2@upi,0b17743a-244,vkyrmjlj@paytm,170acc6e-133,14675,2024-03-16T18:21:43,Gujarat,Gujarat,ICICI,HDFC,0,clean
fd67e5ea-3ba3-45,UPI0001004775,snwywrra@icici,2981fe0d-fe0,12ii826g@axl,2a541c5a-adb,199116,2024-03-18T02:17:19,Karnataka,Maharashtra,Axis,Axis,0,clean
a7f90bba-fa6f-48,UPI0001000611,b6bndoz6@axl,13339c2c-6a6,ve3dzeed@okaxis,e8f965a5-a64,129201,2024-03-17T20:59:36,Karnataka,Kerala,Kotak,Kotak,0,clean
c772798d-03cf-41,UPI0001001411,7rb1s9dw@ibl,fdf65419-e86,3o0llj8y@axl,1c00950a-235,99552,2024-03-17T13:38:52,Tamil Nadu,Maharashtra,PNB,SBI,0,clean
2ebf0d7d-7a2a-41,UPI0001002460,a5xin9dl@icici,ad258476-426,dje153a5@axl,ebe017d3-bb6,196668,2024-03-17T21:03:18,Tamil Nadu,Telangana,SBI,Axis,0,clean
82fd434f-5e3b-42,UPI0001002634,grf1hx6z@ibl,40f8aee9-d31,52sq3b9s@apl,ec8fbf62-67f,51474,2024-03-16T09:26:12,Telangana,Gujarat,SBI,PNB,0,clean
b44aacec-5cff-46,UPI0001002709,wtg1m8xf@ibl,34f68cde-274,z2t4h20r@ybl,d41e17b8-b9f,19600,2024-03-18T05:11:49,Kerala,Tamil Nadu,HDFC,HDFC,0,clean
7048f27d-8a90-46,UPI0001003799,h25llo3r@ybl,61c41a5e-2b8,xxbw01pd@ibl,76fbf235-4af,143028,2024-03-15T13:30:21,Maharashtra,Maharashtra,BOB,SBI,0,clean
e8a04b52-10fa-40,UPI0001000094,f6a4fejg@ybl,0ab1b956-6ec,tuw9ohtu@oksbi,16e55977-f2b,39285,2024-03-18T01:39:55,West Bengal,West Bengal,HDFC,ICICI,0,clean
aee4fcc0-61f9-45,UPI0001003089,jng7l4lr@ibl,01fe3c1a-6f8,8ra484nl@paytm,bb2eba83-a1c,62164,2024-03-18T08:48:59,Kerala,Gujarat,Axis,Axis,0,clean
4a26482d-103a-4e,UPI0001003815,6xlpu0dk@apl,2966c875-264,5x8a5fbu@apl,a870d6ed-72c,104652,2024-03-15T11:39:21,Tamil Nadu,West Bengal,HDFC,Kotak,0,clean
ab70149d-dfcb-40,UPI0001000700,a04ux5qr@upi,8029a269-faa,rkmby9ip@ybl,f5ed200a-714,183035,2024-03-17T16:03:26,West Bengal,Maharashtra,Kotak,HDFC,0,clean
e3a1d234-3865-4f,UPI0001001127,wviac2e4@axl,ef581a18-a36,4lorxdtg@apl,65e2fb55-c36,28198,2024-03-16T02:44:58,Kerala,Telangana,PNB,ICICI,0,clean
4275e278-b326-47,UPI0001004821,0me8f840@apl,d2acd40e-25c,6befflzm@icici,db593e75-f7b,173686,2024-03-17T18:46:59,Maharashtra,Kerala,BOB,ICICI,0,clean
8c30c522-3881-45,UPI0001000147,ifrml29q@ybl,7e962fc5-e68,2lhgcsot@ibl,f3952d16-235,48537,2024-03-15T23:08:48,Tamil Nadu,Tamil Nadu,ICICI,ICICI,0,clean
cebc755b-a858-47,UPI0001002562,nn8ztv05@ibl,b38f2bd8-1fb,g10ur5l8@ybl,d0c45167-d84,66520,2024-03-15T20:59:55,Karnataka,Tamil Nadu,BOB,HDFC,0,clean
8490c4ae-e9d8-47,UPI0001003422,y8fv2bc2@upi,0b17743a-244,wsozctwj@paytm,06c76465-950,79067,2024-03-16T16:35:54,Gujarat,Maharashtra,ICICI,SBI,0,clean
6dae1bb6-f9f6-46,UPI0001001603,udojen0j@apl,f8265746-bc4,rflqbmae@apl,a2a8bd54-d6e,152584,2024-03-17T15:56:26,West Bengal,Karnataka,BOB,Kotak,0,clean
0b85ad89-3dd2-49,UPI0001002077,ixz2c9ro@icici,9e2471db-695,7w7jp61l@oksbi,7f32ed98-3eb,94106,2024-03-17T05:35:26,Maharashtra,Gujarat,BOB,BOB,0,clean
f9ee3329-c524-4c,UPI0001004482,hyexf7jx@paytm,855c736c-1a1,uuxk0are@ibl,7992b6ba-0fd,73319,2024-03-17T05:01:42,Telangana,Telangana,SBI,BOB,0,clean
a62fc0f6-9968-4f,UPI0001004830,vgox22in@okaxis,9d6a6b21-955,9boq0iq2@oksbi,45a62da6-105,63569,2024-03-16T15:58:48,Kerala,West Bengal,Axis,SBI,0,clean
a060a7f3-a22a-44,UPI0001000054,bjlzy1uu@upi,382cfba4-cfb,8xg8y72i@oksbi,958464e8-619,14744,2024-03-17T17:39:13,Telangana,Gujarat,Kotak,Axis,0,clean
43ff8dbe-26e0-49,UPI0001002595,kmy9x8sy@upi,3a2ea2b9-ebe,szjnvc7h@axl,e08eea9e-3fa,91147,2024-03-16T04:26:03,Gujarat,Telangana,PNB,BOB,0,clean
05e853ab-1407-4d,UPI0001001392,jy62zeeq@upi,2197e198-4e7,l3wxdrlc@upi,38c6e804-3e7,158063,2024-03-17T15:13:15,Tamil Nadu,Kerala,SBI,ICICI,0,clean
0945e7a6-735b-40,UPI0001000614,x1gm32wp@okaxis,56954669-560,kuuhclrr@ibl,9658742d-f26,46408,2024-03-17T15:45:11,Kerala,West Bengal,HDFC,Kotak,0,clean
a227ef41-edd5-49,UPI0001004307,css9toqw@upi,5ff36244-509,vqy5ibpt@ybl,6254431b-8f0,192327,2024-03-16T10:21:18,Maharashtra,Tamil Nadu,ICICI,HDFC,0,clean
1bc3a455-74df-43,UPI0001002994,5p5nvqeb@ibl,ba39ac93-7b7,60plozjc@upi,d72284a1-243,82188,2024-03-18T02:54:36,Gujarat,West Bengal,Axis,SBI,0,clean
b5ec816c-cef2-49,UPI0001000416,rkmby9ip@ybl,f5ed200a-714,7y2lofn1@axl,075bde03-879,190950,2024-03-17T17:02:07,Maharashtra,Maharashtra,HDFC,HDFC,0,clean
a2233dd9-0eab-4a,UPI0001000505,oieves6f@oksbi,4c26e044-3e8,xaprpn6q@oksbi,fc297e6e-aa8,182162,2024-03-18T07:09:16,West Bengal,Kerala,ICICI,Axis,0,clean
c7f50756-17a6-42,UPI0001004126,f0onjpi1@paytm,f1306f21-cef,fqjja26y@oksbi,51114166-54e,151212,2024-03-16T14:45:23,Karnataka,Kerala,ICICI,SBI,0,clean
c195b7bb-4a2d-4c,UPI0001000803,nmkza3oa@ybl,e74929a0-019,pb8z3v6d@okaxis,080f17ae-0d9,87929,2024-03-16T20:39:55,Karnataka,Gujarat,Kotak,PNB,0,clean
82b254c5-9c16-47,UPI0001002415,s5nkb4eh@apl,7ed57be9-1ec,96khub2r@icici,8faab40b-0cf,89813,2024-03-16T02:09:51,Karnataka,Karnataka,Kotak,SBI,0,clean
6375996f-3237-4f,UPI0001004045,k7y6qxds@oksbi,368e12fa-90b,89k8yqk9@axl,5e7722a1-6f3,42460,2024-03-16T02:22:24,Telangana,Telangana,BOB,SBI,0,clean
e64506db-da60-40,UPI0001003170,ej31gymd@upi,213b8037-53d,7y2lofn1@axl,075bde03-879,46867,2024-03-17T03:21:14,Telangana,Maharashtra,HDFC,HDFC,0,clean
139a4ae4-f510-42,UPI0001000068,webnvg5v@upi,e2bf96c9-371,vpw232ut@icici,10888114-863,126137,2024-03-15T22:58:31,Telangana,Gujarat,ICICI,HDFC,0,clean
0464e915-b7d1-48,UPI0001002631,nmeoq4yr@apl,3730892d-042,rflqbmae@apl,a2a8bd54-d6e,167427,2024-03-18T10:45:09,Tamil Nadu,Karnataka,PNB,Kotak,0,clean
5e3cfee1-09ef-44,UPI0001000954,r6n92xf8@oksbi,05a7b3f0-2b3,zmuf8438@icici,62a8adae-998,156194,2024-03-16T06:31:09,Gujarat,Tamil Nadu,Kotak,ICICI,0,clean
f1e17194-0407-4e,UPI0001002565,z09wftbg@upi,69681540-b97,hgbmfbuv@upi,aab2c0e3-bcd,11593,2024-03-16T09:55:50,Kerala,West Bengal,Kotak,SBI,0,clean
10c82ef5-8669-4d,UPI0001004040,1g1r1dww@apl,2645ceb7-5d8,zmf8mdd4@paytm,d6a9a633-5ca,142039,2024-03-16T15:06:02,Karnataka,Tamil Nadu,Axis,BOB,0,clean
7dcbf2f0-817e-42,UPI0001001896,tnqfll7v@ybl,e3cbc039-81c,1n0lh9p8@oksbi,3e215a9e-0c6,52415,2024-03-17T00:10:27,Gujarat,Tamil Nadu,HDFC,PNB,0,clean
12b190b4-1121-4d,UPI0001004349,0ljch2vf@oksbi,cab331dd-0d9,iwg0odwm@axl,b06871d7-817,179739,2024-03-16T06:39:01,West Bengal,Gujarat,Axis,PNB,0,clean
ade6548d-daa9-4c,UPI0001001431,ivrocvit@icici,40e259ef-b8c,zmf8mdd4@paytm,d6a9a633-5ca,70792,2024-03-16T13:18:35,Telangana,Tamil Nadu,BOB,BOB,0,clean
2ef0af0f-323b-43,UPI0001004598,zh13cd5g@upi,227ab300-e54,5p1v3zo7@icici,5ec1cb78-2d9,193539,2024-03-17T09:34:35,Tamil Nadu,Telangana,HDFC,Kotak,0,clean
47016adc-5d11-44,UPI0001004064,9iy4x41d@apl,e541dc70-08b,04chsdin@okaxis,7193a5d0-081,188696,2024-03-15T14:44:54,Karnataka,Tamil Nadu,Axis,Kotak,0,clean
58682fb4-fc8a-43,UPI0001003421,ppsfnkom@ybl,ac7006a0-31d,5hcbbmhn@axl,d47e844a-967,42731,2024-03-17T21:56:43,Gujarat,Karnataka,BOB,Kotak,0,clean
0e73d028-2315-49,UPI0001002298,19qzpniq@oksbi,10d15b04-d6f,hl88kzru@okaxis,2eca5bfe-dc2,134864,2024-03-18T09:00:02,Tamil Nadu,Gujarat,ICICI,ICICI,0,clean
bbf98a8d-9cdb-46,UPI0001001831,uhz1gv0e@oksbi,3097941d-05e,f6a4fejg@ybl,0ab1b956-6ec,50252,2024-03-17T02:28:32,Tamil Nadu,West Bengal,ICICI,HDFC,0,clean
4a138e90-5a5d-40,UPI0001002141,xtnsrtwl@upi,320db857-eb5,b7l8v1zo@ibl,60eb54ed-9d1,128735,2024-03-16T00:50:46,Tamil Nadu,Gujarat,SBI,ICICI,0,clean
c4d8cab3-e211-40,UPI0001000741,o57p6bkl@ibl,a0f35ea4-53a,091c795r@upi,e21f0d08-204,82648,2024-03-17T11:06:47,Tamil Nadu,Karnataka,Kotak,BOB,0,clean
71cd7425-1faa-4a,UPI0001002615,p767j2dg@paytm,291be5ac-6df,8xg8y72i@oksbi,958464e8-619,111773,2024-03-18T10:11:57,Maharashtra,Gujarat,Kotak,Axis,0,clean
08b9cba5-3f89-4a,UPI0001002883,61bw4a7f@axl,69e6f60e-2f1,fr91ipwh@upi,0e051c39-642,130624,2024-03-18T11:28:49,Maharashtra,West Bengal,SBI,SBI,0,clean
d0ae93f2-7d23-40,UPI0001002434,zmuf8438@icici,62a8adae-998,38diuovw@icici,83febe55-d55,123504,2024-03-17T08:55:34,Tamil Nadu,Karnataka,ICICI,Axis,0,clean
8e7f584c-0c38-48,UPI0001001104,mqg1ved3@ibl,9abe9954-38e,5hcbbmhn@axl,d47e844a-967,10755,2024-03-17T06:11:01,Tamil Nadu,Karnataka,ICICI,Kotak,0,clean
53262ed1-63ac-44,UPI0001001072,5p1v3zo7@icici,5ec1cb78-2d9,ixntm9tm@axl,2474cb36-956,31225,2024-03-17T05:52:30,Telangana,Gujarat,Kotak,ICICI,0,clean
1dd1d58d-3207-4c,UPI0001000752,x9l8lpqw@paytm,879bbcd2-e77,yeqahths@paytm,38d6e582-cd0,188395,2024-03-16T13:24:46,Kerala,Maharashtra,Kotak,Kotak,0,clean
a0b7004d-5919-46,UPI0001002471,ejzhyapd@icici,fc2bbd6e-bd4,j3bqrr87@okaxis,f8adb759-ff2,28580,2024-03-16T17:27:18,Telangana,Gujarat,ICICI,Axis,0,clean
db300760-aa89-41,UPI0001004758,2sds8b25@icici,bd9e7438-8f4,6wpx2cyo@icici,8e6b6450-5a7,35950,2024-03-15T23:07:43,Telangana,West Bengal,ICICI,BOB,0,clean
2dac6580-d036-42,UPI0001000017,iujv6oh9@icici,5a5897dd-aca,5ju9bvm2@apl,339b321f-064,102734,2024-03-15T10:34:25,Uttarakhand,Uttarakhand,Axis,Kotak,1,L1→L2
b6bd0696-b0a6-4d,UPI0001004500,9xn4m41k@okaxis,cc2c3f3e-4c7,5s4tl0th@okaxis,b194fbf8-08e,73370,2024-03-15T18:43:17,Gujarat,Gujarat,HDFC,Kotak,0,clean
55c8aa13-c20f-41,UPI0001004784,091c795r@upi,e21f0d08-204,ezqacj4t@icici,8eb3737e-59f,118007,2024-03-15T21:59:09,Karnataka,West Bengal,BOB,Axis,0,clean
15528bfa-95e9-4f,UPI0001001478,zr1yxr2d@okaxis,c1059074-ebc,7zeoqgvz@okaxis,f7e163d4-403,188727,2024-03-17T23:08:40,Karnataka,Kerala,Axis,Axis,0,clean
e648c7f1-bfa2-45,UPI0001002668,yv2stn7e@icici,659a844c-450,9qm3p91i@upi,292ebd50-376,43049,2024-03-15T18:15:28,Karnataka,West Bengal,Kotak,BOB,0,clean
09299809-b9e8-40,UPI0001003575,8n7odkef@apl,91e08ce9-3ec,hyexf7jx@paytm,855c736c-1a1,196317,2024-03-15T21:02:21,Maharashtra,Telangana,BOB,SBI,0,clean
d5645685-fbd4-48,UPI0001000229,9i6uu13i@oksbi,8752282f-7ab,zzf8s2zg@oksbi,7844cc4a-374,174421,2024-03-18T07:50:12,Kerala,Tamil Nadu,PNB,PNB,0,clean
536f6073-fc0d-44,UPI0001004053,ulzfy981@icici,71106fca-bed,ivuzzpqk@ybl,1175d2fb-cc9,110258,2024-03-18T01:53:48,Kerala,Tamil Nadu,SBI,BOB,0,clean
c16330bc-40f6-44,UPI0001001755,fvl03dut@paytm,4d39a635-f9c,hxid4n1u@apl,5830f07f-146,37880,2024-03-16T15:12:05,Gujarat,Kerala,Kotak,BOB,0,clean
f05075bf-1790-48,UPI0001002152,vt997e4u@upi,6ffdcb98-a38,2qc6dr08@ibl,edc4c65a-097,94220,2024-03-17T13:30:44,Gujarat,West Bengal,Kotak,PNB,0,clean
d2430a63-5100-4c,UPI0001004659,0ljch2vf@oksbi,cab331dd-0d9,78imoe0s@okaxis,0248c411-18c,14361,2024-03-17T15:11:35,West Bengal,Tamil Nadu,Axis,Axis,0,clean
153a6a33-36c4-46,UPI0001004665,zzf8s2zg@oksbi,7844cc4a-374,hgbmfbuv@upi,aab2c0e3-bcd,88381,2024-03-17T05:28:44,Tamil Nadu,West Bengal,PNB,SBI,0,clean
a47bf893-6d42-4d,UPI0001000467,xorzpgu2@okaxis,150b1c69-9d5,uuxk0are@ibl,7992b6ba-0fd,30667,2024-03-16T20:33:20,Kerala,Telangana,ICICI,BOB,0,clean
6e35ca87-1a02-43,UPI0001002655,xzamkygv@apl,32a05e88-18a,b7v1w4k2@icici,6a37d574-e6f,11133,2024-03-15T14:23:10,Telangana,Karnataka,BOB,ICICI,0,clean
38396b4c-4840-4a,UPI0001004603,almjegqt@apl,5a7a5884-b49,x7pwo6cm@upi,2500e1a0-89a,166224,2024-03-17T08:04:18,Tamil Nadu,Karnataka,SBI,ICICI,0,clean
0d25e248-4414-41,UPI0001004588,f0onjpi1@paytm,f1306f21-cef,1sdieqfb@apl,98401e57-609,111454,2024-03-17T16:49:52,Karnataka,Karnataka,ICICI,BOB,0,clean
32947549-0d7f-43,UPI0001002182,qjqijc1y@ibl,55a726c6-908,mqg1ved3@ibl,9abe9954-38e,64261,2024-03-16T03:37:01,Karnataka,Tamil Nadu,PNB,ICICI,0,clean
1b7d17c2-315b-48,UPI0001002188,dje153a5@axl,ebe017d3-bb6,rc6zs62y@oksbi,f17ab0c6-4a0,3689,2024-03-16T01:03:42,Telangana,Karnataka,Axis,SBI,0,clean
dedcefb6-2e0c-49,UPI0001000380,ftaxp0wf@apl,c8a9e7b7-950,bbrnu8c0@icici,94acc6b0-f97,129927,2024-03-17T00:45:13,Gujarat,Maharashtra,Kotak,BOB,0,clean
4ab49a92-d9a9-46,UPI0001003282,almjegqt@apl,5a7a5884-b49,bikcidkw@upi,f7982aa6-df8,79746,2024-03-17T10:40:29,Tamil Nadu,Tamil Nadu,SBI,HDFC,0,clean
159db130-cb63-4d,UPI0001001437,sb5iqnf7@ybl,ffdb076f-e40,g68a1arr@ybl,93972fa1-bff,30296,2024-03-15T15:26:27,Gujarat,Gujarat,Kotak,Kotak,0,clean
84dfbf06-bb71-43,UPI0001001623,3o0llj8y@axl,1c00950a-235,nn8ztv05@ibl,b38f2bd8-1fb,38768,2024-03-16T20:18:52,Maharashtra,Karnataka,SBI,BOB,0,clean
5a527f90-4059-4a,UPI0001003552,td44k1j6@oksbi,e33499ff-738,ld4d6af5@oksbi,c6d92344-f08,51174,2024-03-16T09:31:19,Maharashtra,Kerala,BOB,SBI,0,clean
09696b3e-67ca-46,UPI0001001443,a3kkrzd5@oksbi,e9b226cc-92f,0mqvindh@icici,d434bc72-c00,54098,2024-03-17T10:03:38,Maharashtra,Karnataka,ICICI,PNB,0,clean
022d95ad-2fb3-40,UPI0001003534,jiys2n75@ybl,ab332325-6cf,s5nkb4eh@apl,7ed57be9-1ec,89535,2024-03-15T22:42:13,Tamil Nadu,Karnataka,PNB,Kotak,0,clean
6c99c015-3dc6-41,UPI0001002417,vaj2k8xp@apl,90f01618-4ff,c1l7dypm@upi,cee17028-635,112079,2024-03-16T23:32:54,Karnataka,Karnataka,BOB,ICICI,0,clean
5bdc196c-c70c-4d,UPI0001000569,b9w4uov5@paytm,1dff960e-c72,lcxlvpym@ybl,f3fd02cd-2f8,119010,2024-03-16T16:55:13,West Bengal,Maharashtra,PNB,PNB,0,clean
7bdb1e54-f12c-4e,UPI0001003370,c1l7dypm@upi,cee17028-635,hk2lslay@upi,ff015559-481,162487,2024-03-17T05:43:23,Karnataka,Gujarat,ICICI,Axis,0,clean
c549bfd0-00f4-48,UPI0001000286,sjt2jpnr@okaxis,d797c026-0e2,6wpx2cyo@icici,8e6b6450-5a7,50450,2024-03-16T20:48:47,West Bengal,West Bengal,BOB,BOB,0,clean
f0b4d34e-428c-40,UPI0001004375,17mgfxc0@ybl,cf96bd32-f7f,7zeoqgvz@okaxis,f7e163d4-403,121995,2024-03-17T07:28:52,Gujarat,Kerala,SBI,Axis,0,clean
f12bac5b-65ac-4d,UPI0001000771,jy62zeeq@upi,2197e198-4e7,p2fmr0tj@apl,e15d55b9-ba9,170975,2024-03-17T10:47:40,Tamil Nadu,Karnataka,SBI,Kotak,0,clean
f620045c-d169-4d,UPI0001004472,tjlmz04x@okaxis,2bd5d145-db0,8ra484nl@paytm,bb2eba83-a1c,67456,2024-03-17T09:55:19,Kerala,Gujarat,Axis,Axis,0,clean
df5c8c61-ea3e-4d,UPI0001002258,8ra484nl@paytm,bb2eba83-a1c,h61iaoim@ybl,e6db924d-173,111685,2024-03-15T21:57:16,Gujarat,West Bengal,Axis,ICICI,0,clean
86e94330-b403-43,UPI0001001977,0me8f840@apl,d2acd40e-25c,wusxlmt2@axl,cdd27bc1-dc1,10822,2024-03-16T04:26:24,Maharashtra,Gujarat,BOB,ICICI,0,clean
b3a30b6f-422f-41,UPI0001001350,5xlk8wru@ybl,4c2dd6a9-8c7,d76szn9d@ibl,d020762f-d26,194669,2024-03-17T17:48:48,Karnataka,Maharashtra,SBI,Kotak,0,clean
4ce29810-905c-41,UPI0001001587,091c795r@upi,e21f0d08-204,239moft6@axl,0f7c79b6-edf,21106,2024-03-18T01:05:22,Karnataka,Karnataka,BOB,ICICI,0,clean
c58f3b7d-a7cf-40,UPI0001003197,iiji44m2@ibl,333ff240-187,1n13jcat@upi,cb737bb3-638,53784,2024-03-16T01:30:17,Karnataka,Maharashtra,SBI,HDFC,0,clean
7113db2c-ad81-4f,UPI0001003767,c1l7dypm@upi,cee17028-635,9tr74qge@oksbi,2dc01c43-46d,189464,2024-03-15T14:42:19,Karnataka,Telangana,ICICI,PNB,0,clean
db89b61e-b90f-4d,UPI0001000447,nbhds26f@upi,6cb62eb2-7f2,9ku8s63e@apl,c9b6fdb8-698,89366,2024-03-18T07:32:42,Tamil Nadu,Maharashtra,Axis,SBI,0,clean
16da8032-6c1c-4e,UPI0001001805,zbcgjc36@apl,a45a1f06-4cb,3o1icns8@axl,d6c09182-2d4,86700,2024-03-17T16:12:53,Telangana,Maharashtra,Axis,Kotak,0,clean
f210143b-e1de-4e,UPI0001003167,xzamkygv@apl,32a05e88-18a,z6us7rp4@ibl,a8bc7367-673,143544,2024-03-17T17:32:47,Telangana,Karnataka,BOB,Kotak,0,clean
b79dbb0b-0d1f-44,UPI0001003859,cqse3tv1@oksbi,3efd782c-6ec,vgww4fyb@ibl,baf6a88b-8a5,114417,2024-03-16T02:26:06,Gujarat,Tamil Nadu,Axis,HDFC,0,clean
f9d420d7-c37a-45,UPI0001001191,iymenvg3@paytm,3151edf4-e43,i7kq1uym@axl,bdef7217-228,110841,2024-03-15T22:18:08,Gujarat,West Bengal,ICICI,BOB,0,clean
1f9e57e3-fe91-40,UPI0001002910,z6us7rp4@ibl,a8bc7367-673,i04b7p47@ybl,a3267200-292,106139,2024-03-17T15:57:06,Karnataka,Kerala,Kotak,BOB,0,clean
b9690f71-d945-46,UPI0001000296,961j88qe@apl,08348a0c-8d8,xoq2vpgs@icici,3e35461b-eca,176343,2024-03-15T15:30:16,Telangana,Karnataka,Kotak,BOB,0,clean
0c18f8b2-38a9-4f,UPI0001000120,qhkswva9@upi,93e3cdef-acd,wviac2e4@axl,ef581a18-a36,117274,2024-03-15T22:02:25,Maharashtra,Kerala,Kotak,PNB,0,clean
737d71f5-251e-41,UPI0001001298,x0h3jujd@okaxis,58d8b5c6-ef9,xcdyk0x6@oksbi,952171cb-bbd,100453,2024-03-17T22:17:59,Telangana,Gujarat,HDFC,ICICI,0,clean
43ec7462-2629-49,UPI0001003811,vqyiy1sy@oksbi,692618fb-a65,a04ux5qr@upi,8029a269-faa,124746,2024-03-15T10:59:16,Gujarat,West Bengal,ICICI,Kotak,0,clean
cae7abb3-ac75-4c,UPI0001004167,ytwbozd1@ybl,9637a7ac-2e7,jluujmiy@axl,77509db0-051,56147,2024-03-17T20:33:25,Tamil Nadu,West Bengal,Kotak,ICICI,0,clean
98c7a42b-5742-4f,UPI0001004242,aztkszp7@oksbi,bd9daf6b-41d,t0mq8abk@ybl,9638e7a0-a3a,156439,2024-03-17T11:10:41,Tamil Nadu,West Bengal,SBI,Kotak,0,clean
6ca36255-fc22-48,UPI0001001512,qfwwxr5r@ibl,26cdf408-d84,ywp0rxxf@icici,536cc49c-7b9,85170,2024-03-17T10:06:24,Maharashtra,Kerala,ICICI,Kotak,0,clean
0f422dd2-8f96-40,UPI0001002281,0ubmc97c@axl,43852731-753,9boq0iq2@oksbi,45a62da6-105,139146,2024-03-18T01:13:48,Tamil Nadu,West Bengal,SBI,SBI,0,clean
0cfbf16f-5295-48,UPI0001004186,uswbkok3@axl,7f90cc04-8a6,u9n79gil@upi,388edc83-947,151137,2024-03-16T22:19:05,Tamil Nadu,Karnataka,HDFC,Kotak,0,clean
45df5953-d354-41,UPI0001004403,vqyiy1sy@oksbi,692618fb-a65,x7pwo6cm@upi,2500e1a0-89a,79233,2024-03-17T14:07:13,Gujarat,Karnataka,ICICI,ICICI,0,clean
09757a21-396a-42,UPI0001004738,1sdieqfb@apl,98401e57-609,xzamkygv@apl,32a05e88-18a,71776,2024-03-16T14:00:58,Karnataka,Telangana,BOB,BOB,0,clean
067be022-0e10-46,UPI0001000102,x0h3jujd@okaxis,58d8b5c6-ef9,1oxrwk8r@apl,0051a9ea-fd9,127441,2024-03-17T09:48:49,Telangana,Karnataka,HDFC,ICICI,0,clean
fa0492bf-b718-4d,UPI0001001213,fuu5f07b@axl,d7955ac1-ec5,7dia5u6h@ibl,cc9a4f84-3ff,154840,2024-03-18T01:53:42,Telangana,Gujarat,HDFC,PNB,0,clean
a500beea-4e01-48,UPI0001001557,ac6pe63l@ybl,fe6486c9-5e6,yv2stn7e@icici,659a844c-450,10944,2024-03-16T02:25:31,Tamil Nadu,Karnataka,Axis,Kotak,0,clean
d5480666-d5b4-46,UPI0001002031,xtnsrtwl@upi,320db857-eb5,hiuit7m1@axl,ac812895-0f0,100496,2024-03-16T05:55:23,Tamil Nadu,Karnataka,SBI,PNB,0,clean
e220ff8b-eb66-4a,UPI0001004658,0q0mftg6@ybl,1c02f161-954,vt997e4u@upi,6ffdcb98-a38,79455,2024-03-16T02:51:48,Gujarat,Gujarat,Kotak,Kotak,0,clean
b1f54917-4a3f-48,UPI0001002470,q1rdxck3@icici,ca1e97cd-4e6,7azv2efu@ibl,68d7613a-6e9,81821,2024-03-17T13:31:04,Telangana,Telangana,HDFC,SBI,0,clean
94d23128-58f7-4f,UPI0001001321,wjeyub19@icici,2328b533-d95,2wgxo05q@apl,c1eb9500-3af,123887,2024-03-17T00:09:01,Karnataka,Karnataka,Axis,Axis,0,clean
931d5a65-7fab-42,UPI0001001776,1eeurxhw@icici,8f237b1a-04e,nipar0zj@icici,1e76c35b-bdc,134430,2024-03-16T10:39:53,Telangana,Telangana,HDFC,Kotak,0,clean
c574f62b-6e8c-4d,UPI0001000623,i7kq1uym@axl,bdef7217-228,r6n92xf8@oksbi,05a7b3f0-2b3,167975,2024-03-17T21:54:21,West Bengal,Gujarat,BOB,Kotak,0,clean
91392896-ce0c-40,UPI0001001904,qkojtpv6@upi,9097f736-c0b,x1gm32wp@okaxis,56954669-560,179849,2024-03-17T18:17:32,Tamil Nadu,Kerala,Kotak,HDFC,0,clean
39011b81-4309-46,UPI0001001967,d9fkxzuu@axl,1433fde1-1dd,v1v93kmk@icici,10199d03-28f,177758,2024-03-15T23:20:04,Tamil Nadu,Gujarat,PNB,HDFC,0,clean
fb487398-bfcf-40,UPI0001001952,ph6fe0mp@oksbi,a9ee26ae-49a,9boq0iq2@oksbi,45a62da6-105,192769,2024-03-17T19:58:24,Gujarat,West Bengal,HDFC,SBI,0,clean
535e16c6-5e26-46,UPI0001002549,8bfqnpce@upi,96c75168-b52,o2m71hss@ybl,6cafa98d-8f3,108027,2024-03-18T09:59:39,Telangana,Tamil Nadu,Axis,SBI,0,clean
17f3c509-34dd-4d,UPI0001001398,1eeurxhw@icici,8f237b1a-04e,jcitfoyq@ybl,56227fb1-a5a,81374,2024-03-17T19:56:14,Telangana,Karnataka,HDFC,HDFC,0,clean
65ace5cf-c178-4c,UPI0001001324,u7fbmenu@okaxis,2b0e6e2e-1f6,kqxlm5q2@axl,96141255-6de,134402,2024-03-18T04:20:37,Kerala,West Bengal,ICICI,BOB,0,clean
dd68a7d1-dc8d-4f,UPI0001000555,i4fqcoot@apl,69d84931-b15,lem1qq4d@paytm,876e2b47-793,63453,2024-03-17T10:21:23,West Bengal,Telangana,HDFC,BOB,0,clean
6a92d612-5e1e-4d,UPI0001000434,ga0x7zcg@ibl,15bb3739-991,sqt26q3x@upi,730141f1-80f,147045,2024-03-17T10:28:07,Karnataka,Kerala,SBI,Kotak,0,clean
a2297978-95bc-41,UPI0001002193,2lhgcsot@ibl,f3952d16-235,sic43olf@ybl,9553f767-1f2,19090,2024-03-16T05:12:08,Tamil Nadu,Karnataka,ICICI,PNB,0,clean
63d58636-ffbb-45,UPI0001002316,cqse3tv1@oksbi,3efd782c-6ec,qfwwxr5r@ibl,26cdf408-d84,43912,2024-03-18T01:37:05,Gujarat,Maharashtra,Axis,ICICI,0,clean
e497e2fe-9aa2-4d,UPI0001001302,sdygflij@okaxis,f4e28f71-353,pb8z3v6d@okaxis,080f17ae-0d9,70950,2024-03-16T19:20:41,Telangana,Gujarat,Axis,PNB,0,clean
71034bc6-c4d9-43,UPI0001003311,snwywrra@icici,2981fe0d-fe0,q1s05wnw@upi,8ed524ee-6d2,97811,2024-03-17T10:55:19,Karnataka,Maharashtra,Axis,PNB,0,clean
1820b8bc-72f9-43,UPI0001004217,4vssrura@upi,955c4234-bff,k0ucc1m3@apl,18efcd83-447,14735,2024-03-16T05:20:55,Gujarat,Gujarat,PNB,BOB,0,clean
344b3cda-35b6-4e,UPI0001004387,qzxebb9e@okaxis,8ebd5aae-250,k0ucc1m3@apl,18efcd83-447,110600,2024-03-16T03:49:34,West Bengal,Gujarat,Kotak,BOB,0,clean
cfadfb4b-d5a7-4c,UPI0001002378,h8uzb7kr@oksbi,0dcc2242-7f7,stn3cpud@axl,4a22d1fb-5bc,58931,2024-03-17T19:46:19,Karnataka,Tamil Nadu,SBI,Axis,0,clean
95878ae9-63c7-47,UPI0001001193,2wgxo05q@apl,c1eb9500-3af,o57p6bkl@ibl,a0f35ea4-53a,163262,2024-03-18T08:27:36,Karnataka,Tamil Nadu,Axis,Kotak,0,clean
a86c1586-3721-46,UPI0001001899,t9t11php@okaxis,cdc97255-ace,i4fqcoot@apl,69d84931-b15,130946,2024-03-16T23:19:43,West Bengal,West Bengal,ICICI,HDFC,0,clean
d734f198-bca7-47,UPI0001000002,ivuzzpqk@ybl,1175d2fb-cc9,f1t2tala@upi,f0016135-2e5,513872,2024-03-15T10:30:30,Tamil Nadu,Uttarakhand,BOB,BOB,1,L0→L1
ddb25d90-4d3d-49,UPI0001002495,7dia5u6h@ibl,cc9a4f84-3ff,nmkza3oa@ybl,e74929a0-019,132542,2024-03-16T16:29:36,Gujarat,Karnataka,PNB,Kotak,0,clean
c0624152-730f-46,UPI0001002202,wusxlmt2@axl,cdd27bc1-dc1,cd81twhw@okaxis,215eaeac-210,41731,2024-03-16T17:08:33,Gujarat,Kerala,ICICI,BOB,0,clean
018530a9-f4cb-45,UPI0001002925,ceouuyla@paytm,c8d44d0a-2c5,kek4aegv@oksbi,6fca54c3-692,13372,2024-03-18T01:00:36,West Bengal,West Bengal,BOB,PNB,0,clean
2e5a099b-fa07-4d,UPI0001003653,irym81cm@oksbi,4956140d-046,zbcgjc36@apl,a45a1f06-4cb,38035,2024-03-17T22:01:10,Tamil Nadu,Telangana,PNB,Axis,0,clean
8311c4aa-c1ad-44,UPI0001004794,vaj2k8xp@apl,90f01618-4ff,811kerpe@icici,c1a2cc6d-cfd,2520,2024-03-17T22:56:10,Karnataka,Maharashtra,BOB,PNB,0,clean
877123a0-09de-4b,UPI0001002466,rdihsa7h@oksbi,ecf41fd7-09b,cqse3tv1@oksbi,3efd782c-6ec,115352,2024-03-16T03:31:49,Karnataka,Gujarat,ICICI,Axis,0,clean
f8f43120-774a-49,UPI0001002624,jtb9xxay@apl,893cdd77-540,ge094d6r@axl,323f67af-ede,185979,2024-03-15T19:21:18,Gujarat,West Bengal,Axis,HDFC,0,clean
fc78fde8-af01-4f,UPI0001003755,zei3zrrh@oksbi,8a34eeb1-73d,9tr74qge@oksbi,2dc01c43-46d,119326,2024-03-16T01:03:48,Kerala,Telangana,PNB,PNB,0,clean
80e8c8a8-bad0-47,UPI0001002254,vgww4fyb@ibl,baf6a88b-8a5,8qqvaecw@okaxis,6ba34083-55e,76699,2024-03-16T15:54:38,Tamil Nadu,Maharashtra,HDFC,PNB,0,clean
2b6df6d9-26e3-43,UPI0001000767,9bp4m18o@upi,2e0f0c6a-2ee,erxdouad@paytm,3396a1f3-654,114223,2024-03-16T06:10:46,Gujarat,Maharashtra,SBI,Kotak,0,clean
00971080-3d04-48,UPI0001000692,e1i1p0bq@ibl,3130fc81-4e9,6xlpu0dk@apl,2966c875-264,169424,2024-03-17T11:55:45,Tamil Nadu,Tamil Nadu,Kotak,HDFC,0,clean
689861f6-f2a8-4b,UPI0001001330,q1rdxck3@icici,ca1e97cd-4e6,p3jpxgh3@axl,c8b30791-50e,136902,2024-03-17T18:50:17,Telangana,Gujarat,HDFC,BOB,0,clean
354556d9-984f-4f,UPI0001003346,9qm3p91i@upi,292ebd50-376,kns832ej@axl,1d7f27e2-928,189465,2024-03-15T14:08:41,West Bengal,West Bengal,BOB,BOB,0,clean
59a201ca-6827-4f,UPI0001001618,tqlgzui1@ybl,109f1976-af5,n0jbzutr@oksbi,4a3fb95b-e6e,109837,2024-03-16T20:26:45,West Bengal,Gujarat,ICICI,Kotak,0,clean
ee73f468-3b74-48,UPI0001000350,w7kyhqin@upi,79bd47f7-d48,50e6mpsj@ibl,86246ac8-756,140583,2024-03-15T12:30:25,Telangana,West Bengal,Kotak,Axis,0,clean
93582092-7bb5-4a,UPI0001001626,xie0rnuj@paytm,7c49cd93-294,o75rh8lx@ibl,08de2ce8-4d4,25960,2024-03-17T05:11:44,Maharashtra,Karnataka,PNB,PNB,0,clean
7066143e-61d1-4b,UPI0001004189,9iy4x41d@apl,e541dc70-08b,zei3zrrh@oksbi,8a34eeb1-73d,157208,2024-03-15T15:54:30,Karnataka,Kerala,Axis,PNB,0,clean
da3dfef9-a339-42,UPI0001004224,tkcd0rle@okaxis,ba81f20d-2be,rc6zs62y@oksbi,f17ab0c6-4a0,24919,2024-03-17T04:30:12,Gujarat,Karnataka,SBI,SBI,0,clean
10fea2c4-4291-45,UPI0001000797,vaj2k8xp@apl,90f01618-4ff,6wpx2cyo@icici,8e6b6450-5a7,18996,2024-03-16T21:10:44,Karnataka,West Bengal,BOB,BOB,0,clean
5d253c0f-1b13-4b,UPI0001002817,5rdoqivb@paytm,dfee9bf2-48b,f5gcl9lc@axl,07d8fa8c-cff,144851,2024-03-16T04:45:57,Telangana,Telangana,Axis,ICICI,0,clean
7c9af426-b7ac-4f,UPI0001002864,zh13cd5g@upi,227ab300-e54,o57p6bkl@ibl,a0f35ea4-53a,4986,2024-03-16T11:14:54,Tamil Nadu,Tamil Nadu,HDFC,Kotak,0,clean
1cd82d7f-ca64-4c,UPI0001002334,wviac2e4@axl,ef581a18-a36,5rdoqivb@paytm,dfee9bf2-48b,75595,2024-03-16T18:09:51,Kerala,Telangana,PNB,Axis,0,clean
b17ab3ce-08eb-43,UPI0001000045,s8q349dx@ybl,f92d00fe-76e,d8wj0uun@apl,5a53f848-ec8,11802,2024-03-15T17:11:23,Telangana,Maharashtra,HDFC,ICICI,0,clean
23a82ee0-cb48-48,UPI0001003790,qxm0632c@paytm,fc67a622-d29,s43c5ba7@upi,6a3a3aa8-5af,49133,2024-03-16T23:30:16,Tamil Nadu,Karnataka,Kotak,Kotak,0,clean
1dffc1e7-67d3-48,UPI0001002830,tuw6taq6@upi,409c06a8-91d,2zdlx1q8@oksbi,bc5d6484-72a,136538,2024-03-16T17:38:09,Gujarat,West Bengal,Axis,BOB,0,clean
f0d66ea2-8c93-46,UPI0001003402,qvs8a0tp@axl,964a35db-404,r6k2vmww@oksbi,e85bb9a0-574,165641,2024-03-17T10:51:19,Telangana,Gujarat,Kotak,PNB,0,clean
77a602f4-3ddf-49,UPI0001004497,2g05kbkv@upi,95960706-af3,x9l8lpqw@paytm,879bbcd2-e77,56116,2024-03-18T04:11:26,Telangana,Kerala,ICICI,Kotak,0,clean
60a9e239-39b1-4a,UPI0001004246,9mda9oek@upi,3941c113-d9b,8gl2zxjm@upi,dc036929-eff,37882,2024-03-17T00:40:42,Gujarat,Maharashtra,Kotak,Axis,0,clean
796c3bd1-ee8d-46,UPI0001001781,7dia5u6h@ibl,cc9a4f84-3ff,so8w5038@okaxis,0a9225e3-208,43920,2024-03-16T15:23:59,Gujarat,Karnataka,PNB,Axis,0,clean
60ea8a6b-d562-4d,UPI0001001770,ivrocvit@icici,40e259ef-b8c,0kgazu41@ybl,deda1626-f82,144391,2024-03-17T21:12:06,Telangana,Maharashtra,BOB,HDFC,0,clean
bb18c517-3ab5-4a,UPI0001004834,ywp0rxxf@icici,536cc49c-7b9,nbhds26f@upi,6cb62eb2-7f2,145160,2024-03-15T17:38:22,Kerala,Tamil Nadu,Kotak,Axis,0,clean
469f6767-7297-43,UPI0001000753,ophgft4m@apl,403938ca-605,kuuhclrr@ibl,9658742d-f26,59501,2024-03-15T17:29:55,Telangana,West Bengal,HDFC,Kotak,0,clean
412c91e1-b042-42,UPI0001000650,7w7jp61l@oksbi,7f32ed98-3eb,e1i1p0bq@ibl,3130fc81-4e9,182354,2024-03-16T03:51:11,Gujarat,Tamil Nadu,BOB,Kotak,0,clean
a32e0685-4278-40,UPI0001004063,jcn9j3gc@okaxis,59d7c029-a96,dje153a5@axl,ebe017d3-bb6,30259,2024-03-16T14:51:18,Tamil Nadu,Telangana,Kotak,Axis,0,clean
6f968933-0583-45,UPI0001000704,hwy9hecg@axl,4c9f3ceb-6e3,1ieixwc4@axl,078dcd14-8a1,53175,2024-03-15T18:17:11,Telangana,Tamil Nadu,SBI,Kotak,0,clean
6ea5661f-6f2c-49,UPI0001001644,k2n7h9g1@ybl,917fb905-ca8,6zpxvpbl@okaxis,aadb54c8-2d0,120908,2024-03-18T11:28:40,Telangana,Kerala,PNB,Axis,0,clean
7982f422-07ea-45,UPI0001003786,jluujmiy@axl,77509db0-051,9jpnbzug@okaxis,0fd97e8e-b69,122558,2024-03-15T14:07:46,West Bengal,Telangana,ICICI,PNB,0,clean
b70be8df-86fb-47,UPI0001001883,5ixva1nk@ybl,3f9ee135-4b0,1eeurxhw@icici,8f237b1a-04e,117181,2024-03-15T14:09:02,Tamil Nadu,Telangana,ICICI,HDFC,0,clean
b688ba57-213f-40,UPI0001000661,c01arxab@apl,a094d57c-0e5,ftaxp0wf@apl,c8a9e7b7-950,170381,2024-03-16T23:18:01,Tamil Nadu,Gujarat,ICICI,Kotak,0,clean
f7ba2ffd-37d1-46,UPI0001004239,uhz1gv0e@oksbi,3097941d-05e,ouhtcs1k@ibl,7eebd174-73c,164313,2024-03-16T01:59:03,Tamil Nadu,Tamil Nadu,ICICI,HDFC,0,clean
5237f79e-a39c-4a,UPI0001003204,jtgq01te@ibl,f43f6c1a-19d,tqlgzui1@ybl,109f1976-af5,9218,2024-03-15T17:56:31,Tamil Nadu,West Bengal,ICICI,ICICI,0,clean
14c05788-e79b-4c,UPI0001003178,5xlk8wru@ybl,4c2dd6a9-8c7,zfhomtzz@oksbi,a65a521d-a01,81626,2024-03-15T14:12:38,Karnataka,West Bengal,SBI,Axis,0,clean
b91db995-7ff0-4b,UPI0001004012,e46aexl6@paytm,cb20a360-856,xivzk7a4@paytm,4fddfea1-8cf,195064,2024-03-15T21:27:20,Gujarat,Maharashtra,PNB,HDFC,0,clean
14f016a1-4937-4b,UPI0001001624,nmeoq4yr@apl,3730892d-042,q57te8tv@axl,fbac67aa-dd8,29803,2024-03-16T07:53:26,Tamil Nadu,Telangana,PNB,PNB,0,clean
3d468436-e59c-4e,UPI0001002681,vt997e4u@upi,6ffdcb98-a38,5xqt4p50@apl,23c3bfdf-dc6,135057,2024-03-17T02:38:29,Gujarat,Kerala,Kotak,ICICI,0,clean
e9839a9e-0245-4d,UPI0001002984,eh5sw229@upi,988a62ef-895,wusxlmt2@axl,cdd27bc1-dc1,194574,2024-03-18T00:27:58,Telangana,Gujarat,Axis,ICICI,0,clean
54a42454-f321-43,UPI0001004131,bbk7w1da@paytm,4f51dace-926,4c3baewc@oksbi,165a3feb-cd2,105350,2024-03-16T21:55:07,Maharashtra,Tamil Nadu,Axis,SBI,0,clean
cead0e1e-c5a7-41,UPI0001000100,sdnai89y@icici,66c63394-70b,tuw9ohtu@oksbi,16e55977-f2b,139479,2024-03-18T08:58:29,Telangana,West Bengal,HDFC,ICICI,0,clean
5b358f8d-0045-40,UPI0001004250,ve3dzeed@okaxis,e8f965a5-a64,wovcxek4@apl,be18dda5-608,106686,2024-03-15T17:45:39,Kerala,Karnataka,Kotak,PNB,0,clean
72d92058-8e4b-45,UPI0001002731,4j3dab42@okaxis,528a0fca-b7e,hiuit7m1@axl,ac812895-0f0,179167,2024-03-18T05:30:25,Karnataka,Karnataka,BOB,PNB,0,clean
7d529bb8-2abd-4f,UPI0001002723,9jpnbzug@okaxis,0fd97e8e-b69,la100qxm@ibl,b9b04561-3db,117830,2024-03-17T12:00:12,Telangana,Telangana,PNB,BOB,0,clean
2feb0d7a-d621-45,UPI0001003711,kmy9x8sy@upi,3a2ea2b9-ebe,bngz6wmd@axl,de032811-f29,129392,2024-03-18T06:35:17,Gujarat,Kerala,PNB,PNB,0,clean
04c69996-b7a3-4d,UPI0001002154,7y2lofn1@axl,075bde03-879,79flv1xx@paytm,dff63398-c9e,162834,2024-03-18T00:10:39,Maharashtra,Kerala,HDFC,PNB,0,clean
33232ba8-75be-46,UPI0001002231,9ln1p0vu@okaxis,a408bd71-981,aiy4va13@ybl,143b620b-637,11256,2024-03-15T18:47:06,Kerala,Maharashtra,Axis,BOB,0,clean
d8217aa8-caaf-4f,UPI0001001771,jiys2n75@ybl,ab332325-6cf,52sq3b9s@apl,ec8fbf62-67f,90251,2024-03-18T04:46:04,Tamil Nadu,Gujarat,PNB,PNB,0,clean
0036c3ae-5357-46,UPI0001000967,grf1hx6z@ibl,40f8aee9-d31,iymenvg3@paytm,3151edf4-e43,159118,2024-03-15T20:22:44,Telangana,Gujarat,SBI,ICICI,0,clean
9cd4cca1-aafa-47,UPI0001003796,9mda9oek@upi,3941c113-d9b,hv1xg1r1@axl,3f7eef17-fe8,9713,2024-03-15T15:08:21,Gujarat,Maharashtra,Kotak,PNB,0,clean
e1516c8a-0471-40,UPI0001004253,u8el5015@apl,c881ee60-b74,rlf8a9ke@axl,0a10972f-813,181302,2024-03-17T01:32:22,Tamil Nadu,Kerala,Axis,PNB,0,clean
2c43ef9c-3654-49,UPI0001004182,9ku8s63e@apl,c9b6fdb8-698,8n7odkef@apl,91e08ce9-3ec,169481,2024-03-17T19:12:13,Maharashtra,Maharashtra,SBI,BOB,0,clean
ebfb020c-5fd8-45,UPI0001003319,gspk9p38@axl,b85df010-58f,wovcxek4@apl,be18dda5-608,149023,2024-03-17T14:44:42,West Bengal,Karnataka,ICICI,PNB,0,clean
b69748f9-95ae-4e,UPI0001002222,kuuhclrr@ibl,9658742d-f26,jdm5fc79@upi,a083e671-4cd,98803,2024-03-16T17:55:30,West Bengal,Maharashtra,Kotak,Kotak,0,clean
5b90b0d3-73a7-45,UPI0001002174,95g3v23g@icici,87088df9-723,nmby49e7@ibl,68a8ef6f-279,129829,2024-03-16T16:15:28,Kerala,Kerala,ICICI,Axis,0,clean
8e0cb60c-5d2c-40,UPI0001002695,j9rm7pyx@ibl,4a9e6a11-177,r94sz2ku@ybl,3c8e10be-1ce,129292,2024-03-17T18:44:48,Gujarat,Telangana,BOB,Axis,0,clean
6090969b-426e-44,UPI0001000513,u7fbmenu@okaxis,2b0e6e2e-1f6,08j3trp0@paytm,6434509b-398,193816,2024-03-16T15:14:27,Kerala,Karnataka,ICICI,ICICI,0,clean
b09ab6bf-63d7-48,UPI0001003677,0mqvindh@icici,d434bc72-c00,e9vifttd@ibl,afcf7781-db7,82671,2024-03-16T09:37:28,Karnataka,Telangana,PNB,Axis,0,clean
cb4fccba-5b23-4d,UPI0001004407,2wgxo05q@apl,c1eb9500-3af,3vg6v5t1@ibl,6109748c-75e,123368,2024-03-15T17:19:11,Karnataka,Telangana,Axis,Axis,0,clean
7898690d-9208-42,UPI0001001630,hy8nbiqu@axl,294c42d1-181,v1v93kmk@icici,10199d03-28f,37205,2024-03-16T05:03:18,Kerala,Gujarat,PNB,HDFC,0,clean
c1564dab-278a-4d,UPI0001004727,ulzfy981@icici,71106fca-bed,css9toqw@upi,5ff36244-509,157222,2024-03-15T23:59:08,Kerala,Maharashtra,SBI,ICICI,0,clean
32a54874-45d3-47,UPI0001002028,ezjsszwd@icici,4d45d924-039,c2ihoy7d@paytm,e4f996dd-100,85531,2024-03-17T13:59:55,Telangana,Tamil Nadu,SBI,BOB,0,clean
22b645a6-598b-42,UPI0001002085,t7txkdot@axl,b3d818db-f57,0q0mftg6@ybl,1c02f161-954,85159,2024-03-17T12:18:40,Gujarat,Gujarat,HDFC,Kotak,0,clean
7d5d29b7-0eb2-4e,UPI0001000402,9bp4m18o@upi,2e0f0c6a-2ee,lhlb50at@apl,0232feb6-0e5,105790,2024-03-16T07:57:03,Gujarat,West Bengal,SBI,ICICI,0,clean
e6c22277-045b-42,UPI0001003550,8ra484nl@paytm,bb2eba83-a1c,hxid4n1u@apl,5830f07f-146,57571,2024-03-17T00:12:11,Gujarat,Kerala,Axis,BOB,0,clean
946ddf40-42e9-4d,UPI0001004383,5e5iz31y@axl,9bc82871-9c1,z6us7rp4@ibl,a8bc7367-673,106968,2024-03-16T07:25:10,Maharashtra,Karnataka,HDFC,Kotak,0,clean
fbc88eb4-07fb-4b,UPI0001004280,4ivsolml@oksbi,3f8344dd-51d,uplvqexu@okaxis,33e404df-c0a,162227,2024-03-15T19:20:19,Telangana,Karnataka,SBI,BOB,0,clean
8038d4eb-ac23-4c,UPI0001004360,grf1hx6z@ibl,40f8aee9-d31,1n13jcat@upi,cb737bb3-638,36641,2024-03-17T11:34:47,Telangana,Maharashtra,SBI,HDFC,0,clean
d2966e65-50be-4d,UPI0001001989,ytwbozd1@ybl,9637a7ac-2e7,1n0lh9p8@oksbi,3e215a9e-0c6,113995,2024-03-17T05:32:17,Tamil Nadu,Tamil Nadu,Kotak,PNB,0,clean
a078feef-24fd-4a,UPI0001004091,zbcgjc36@apl,a45a1f06-4cb,nn8ztv05@ibl,b38f2bd8-1fb,79015,2024-03-16T17:12:53,Telangana,Karnataka,Axis,BOB,0,clean
361cbcf2-0edf-45,UPI0001001661,mx3y9rge@axl,10c50102-d01,a7sqrf1l@upi,03564e58-3fd,166943,2024-03-17T20:30:16,Kerala,Tamil Nadu,SBI,ICICI,0,clean
88f468c8-7b66-43,UPI0001004401,3o0llj8y@axl,1c00950a-235,ay64yfds@ibl,05351dc8-a9a,193264,2024-03-15T21:18:41,Maharashtra,Karnataka,SBI,ICICI,0,clean
f7453431-fe4d-4b,UPI0001002983,xtnsrtwl@upi,320db857-eb5,ejzhyapd@icici,fc2bbd6e-bd4,109654,2024-03-17T14:24:04,Tamil Nadu,Telangana,SBI,ICICI,0,clean
1ca3fccb-469f-4a,UPI0001003102,u7fbmenu@okaxis,2b0e6e2e-1f6,h61iaoim@ybl,e6db924d-173,142491,2024-03-17T03:36:25,Kerala,West Bengal,ICICI,ICICI,0,clean
8d9c7a0d-a704-44,UPI0001000117,cqse3tv1@oksbi,3efd782c-6ec,h61iaoim@ybl,e6db924d-173,94188,2024-03-15T21:50:03,Gujarat,West Bengal,Axis,ICICI,0,clean
1b3b049b-4a6c-4c,UPI0001002652,u7fbmenu@okaxis,2b0e6e2e-1f6,5hcbbmhn@axl,d47e844a-967,82733,2024-03-17T06:29:48,Kerala,Karnataka,ICICI,Kotak,0,clean
884ff249-b74b-4d,UPI0001001458,ivrocvit@icici,40e259ef-b8c,c2htmqwy@icici,f56a4c57-7ae,175742,2024-03-17T22:43:10,Telangana,West Bengal,BOB,BOB,0,clean
c32ca94c-f8f0-49,UPI0001003536,pgb7r3oc@ybl,1ff47666-0e3,6kvpuc8d@okaxis,09e9b54f-d22,71963,2024-03-18T07:24:54,Telangana,Telangana,HDFC,PNB,0,clean
b77a6c66-6b77-40,UPI0001003004,nmeoq4yr@apl,3730892d-042,x0h3jujd@okaxis,58d8b5c6-ef9,86392,2024-03-17T10:08:03,Tamil Nadu,Telangana,PNB,HDFC,0,clean
026d7367-e636-42,UPI0001001671,03o4gkww@paytm,a371a87c-ef1,1sdieqfb@apl,98401e57-609,56393,2024-03-17T02:02:19,Gujarat,Karnataka,PNB,BOB,0,clean
2be99ad1-f47b-41,UPI0001001943,bfh024kw@paytm,4c7b95ce-541,xorzpgu2@okaxis,150b1c69-9d5,74547,2024-03-17T11:58:58,Gujarat,Kerala,PNB,ICICI,0,clean
c06b8a18-0a94-48,UPI0001000953,md270stl@apl,05beb72c-5c8,aiy4va13@ybl,143b620b-637,184368,2024-03-16T00:12:37,West Bengal,Maharashtra,Axis,BOB,0,clean
b40b52a7-27fa-4a,UPI0001002483,j3bqrr87@okaxis,f8adb759-ff2,0vm59m6m@okaxis,f9cbacae-054,4807,2024-03-15T19:36:36,Gujarat,Telangana,Axis,HDFC,0,clean
5bbe0be9-47a5-4e,UPI0001001729,7h23c42y@oksbi,dac36c42-184,7rb1s9dw@ibl,fdf65419-e86,83568,2024-03-17T15:42:13,Telangana,Tamil Nadu,PNB,PNB,0,clean
0470bc41-fc55-46,UPI0001002733,tuw9ohtu@oksbi,16e55977-f2b,2g05kbkv@upi,95960706-af3,8337,2024-03-17T09:18:24,West Bengal,Telangana,ICICI,ICICI,0,clean
6b2ce210-410b-41,UPI0001000573,nmby49e7@ibl,68a8ef6f-279,38diuovw@icici,83febe55-d55,122463,2024-03-18T04:09:21,Kerala,Karnataka,Axis,Axis,0,clean
79583563-43e6-4f,UPI0001001263,d9fkxzuu@axl,1433fde1-1dd,7w7jp61l@oksbi,7f32ed98-3eb,60204,2024-03-15T13:29:03,Tamil Nadu,Gujarat,PNB,BOB,0,clean
d55cb353-71f5-4f,UPI0001003059,ccprhvlz@upi,e917e480-79b,rwzc4xl9@ibl,fa697d18-cd8,60666,2024-03-17T01:30:02,Telangana,Kerala,Axis,Kotak,0,clean
91c23802-d847-4f,UPI0001000511,mqg1ved3@ibl,9abe9954-38e,vgox22in@okaxis,9d6a6b21-955,140068,2024-03-17T19:50:00,Tamil Nadu,Kerala,ICICI,Axis,0,clean
ac3734c6-ccec-40,UPI0001002394,ej31gymd@upi,213b8037-53d,zbcgjc36@apl,a45a1f06-4cb,18480,2024-03-15T19:39:55,Telangana,Telangana,HDFC,Axis,0,clean
e8cc29a6-012d-40,UPI0001002284,961j88qe@apl,08348a0c-8d8,e46aexl6@paytm,cb20a360-856,188812,2024-03-17T14:18:16,Telangana,Gujarat,Kotak,PNB,0,clean
10c22848-d110-40,UPI0001000387,091c795r@upi,e21f0d08-204,p7r1m264@ibl,61dacc37-3af,135605,2024-03-16T00:15:03,Karnataka,Kerala,BOB,Axis,0,clean
8f7cf1ed-c636-40,UPI0001000571,2wgxo05q@apl,c1eb9500-3af,1zxyvgiu@okaxis,855b24d8-016,144823,2024-03-15T20:38:48,Karnataka,Gujarat,Axis,ICICI,0,clean
f9abb990-6168-4a,UPI0001004055,myzycwti@axl,40c797bc-53e,sdnai89y@icici,66c63394-70b,187898,2024-03-16T00:06:53,Tamil Nadu,Telangana,Axis,HDFC,0,clean
f91d3ad0-ba34-4d,UPI0001002063,70e3p15a@okaxis,d87ecdc6-34f,08j3trp0@paytm,6434509b-398,8055,2024-03-17T15:35:23,Karnataka,Karnataka,SBI,ICICI,0,clean
15736569-ea21-4d,UPI0001002534,7rb1s9dw@ibl,fdf65419-e86,ad7x48wz@ibl,f694d29f-aad,159063,2024-03-15T14:16:09,Tamil Nadu,Tamil Nadu,PNB,SBI,0,clean
2b2b5e6b-778a-4b,UPI0001001834,r6k2vmww@oksbi,e85bb9a0-574,8qoagsus@upi,701c0d10-59a,157254,2024-03-17T14:24:16,Gujarat,Kerala,PNB,SBI,0,clean
02014a92-441a-42,UPI0001002476,aji0y6dp@ybl,db6e078e-7f2,g25cfzfd@icici,ad809e95-47e,51203,2024-03-16T09:36:46,Tamil Nadu,Gujarat,SBI,BOB,0,clean
9ab325b8-9949-4a,UPI0001000830,12ii826g@axl,2a541c5a-adb,ld4d6af5@oksbi,c6d92344-f08,96720,2024-03-16T04:02:22,Maharashtra,Kerala,Axis,SBI,0,clean
8206e532-5225-46,UPI0001003808,fewvznvk@icici,93ff3503-d85,08j3trp0@paytm,6434509b-398,67054,2024-03-17T03:25:59,Kerala,Karnataka,Kotak,ICICI,0,clean
e38d7e29-e8ab-4c,UPI0001002036,5p5nvqeb@ibl,ba39ac93-7b7,os6zle6k@okaxis,eafa0ae5-1d9,60200,2024-03-16T11:01:38,Gujarat,Karnataka,Axis,HDFC,0,clean
5ebc36b9-c565-4f,UPI0001001772,n0jbzutr@oksbi,4a3fb95b-e6e,dh0uyhnq@icici,ea03df36-47b,112308,2024-03-15T14:04:08,Gujarat,Tamil Nadu,Kotak,HDFC,0,clean
8dfbc672-9bd5-4c,UPI0001002510,stn3cpud@axl,4a22d1fb-5bc,nbhds26f@upi,6cb62eb2-7f2,154016,2024-03-17T05:26:28,Tamil Nadu,Tamil Nadu,Axis,Axis,0,clean
487200b0-51f7-40,UPI0001003530,4vssrura@upi,955c4234-bff,ac6pe63l@ybl,fe6486c9-5e6,175710,2024-03-16T06:11:26,Gujarat,Tamil Nadu,PNB,Axis,0,clean
ef4bc56e-9b7e-43,UPI0001000034,f1t2tala@upi,f0016135-2e5,hwjr64dp@paytm,080daaa8-b85,139037,2024-03-15T10:33:28,Uttarakhand,Delhi,BOB,SBI,1,L1→L2
2e8649c4-eb6b-43,UPI0001001001,4vssrura@upi,955c4234-bff,zfhomtzz@oksbi,a65a521d-a01,147510,2024-03-15T11:39:54,Gujarat,West Bengal,PNB,Axis,0,clean
297401d5-e381-47,UPI0001003037,k12v2tg5@apl,3903da2e-a66,uswrgvz9@ybl,c0de6a5e-0b9,125994,2024-03-17T05:44:27,Telangana,Kerala,Axis,SBI,0,clean
4d2a5b9d-e086-48,UPI0001003193,7oxk8c1g@axl,46b23fe2-5eb,css9toqw@upi,5ff36244-509,34352,2024-03-17T22:08:35,Telangana,Maharashtra,Axis,ICICI,0,clean
292dd74f-2866-48,UPI0001004633,n7s55j2o@icici,0c084f0a-36d,ejzhyapd@icici,fc2bbd6e-bd4,153737,2024-03-17T08:17:57,Karnataka,Telangana,ICICI,ICICI,0,clean
d70a23cf-c912-45,UPI0001000868,8qoagsus@upi,701c0d10-59a,xivzk7a4@paytm,4fddfea1-8cf,65241,2024-03-17T03:27:03,Kerala,Maharashtra,SBI,HDFC,0,clean
bf6c0109-4789-41,UPI0001003878,bikcidkw@upi,f7982aa6-df8,19qzpniq@oksbi,10d15b04-d6f,23356,2024-03-16T07:09:06,Tamil Nadu,Tamil Nadu,HDFC,ICICI,0,clean
85b3ed61-afd0-40,UPI0001002246,ybisbo55@paytm,0adcc0b2-719,wtg1m8xf@ibl,34f68cde-274,194267,2024-03-17T12:24:39,Kerala,Kerala,ICICI,HDFC,0,clean
be68079c-6650-47,UPI0001002788,n4regb1a@paytm,29d0cf3a-270,jfvyb6li@axl,93910c55-ea9,138071,2024-03-17T11:54:37,Gujarat,Karnataka,Axis,ICICI,0,clean
c8c08c84-e21e-49,UPI0001004017,s8q349dx@ybl,f92d00fe-76e,sb4gf16y@ibl,b39346ac-8d2,20678,2024-03-15T13:45:53,Telangana,Telangana,HDFC,HDFC,0,clean
260a653c-d45b-4f,UPI0001000148,xlez896d@apl,1f77ec31-a37,9jpnbzug@okaxis,0fd97e8e-b69,85069,2024-03-17T03:22:54,Telangana,Telangana,Kotak,PNB,0,clean
d4fa153a-f6c3-4e,UPI0001000361,tahukwqv@axl,c57bb97d-993,vqyiy1sy@oksbi,692618fb-a65,127652,2024-03-17T22:31:55,Tamil Nadu,Gujarat,BOB,ICICI,0,clean
05a150a3-7955-43,UPI0001003535,8ra484nl@paytm,bb2eba83-a1c,w7kyhqin@upi,79bd47f7-d48,58967,2024-03-18T07:18:54,Gujarat,Telangana,Axis,Kotak,0,clean
d44621ad-7b0a-43,UPI0001004613,0ubmc97c@axl,43852731-753,sdnai89y@icici,66c63394-70b,167465,2024-03-16T16:42:49,Tamil Nadu,Telangana,SBI,HDFC,0,clean
0e7cea10-496f-40,UPI0001000301,webnvg5v@upi,e2bf96c9-371,zzf8s2zg@oksbi,7844cc4a-374,37670,2024-03-16T19:37:20,Telangana,Tamil Nadu,ICICI,PNB,0,clean
098a1870-28e2-42,UPI0001000902,myzycwti@axl,40c797bc-53e,x1gm32wp@okaxis,56954669-560,93687,2024-03-16T15:16:17,Tamil Nadu,Kerala,Axis,HDFC,0,clean
1511cdad-1044-47,UPI0001002940,3o1icns8@axl,d6c09182-2d4,zr1yxr2d@okaxis,c1059074-ebc,19009,2024-03-18T08:29:25,Maharashtra,Karnataka,Kotak,Axis,0,clean
6261fdb7-aa46-4b,UPI0001003732,zbffzzdv@okaxis,7664c07f-020,la100qxm@ibl,b9b04561-3db,149489,2024-03-16T17:43:22,Maharashtra,Telangana,SBI,BOB,0,clean
de0ca023-9e0d-49,UPI0001001423,grf1hx6z@ibl,40f8aee9-d31,08j3trp0@paytm,6434509b-398,104662,2024-03-16T15:58:23,Telangana,Karnataka,SBI,ICICI,0,clean
70459731-1c6a-46,UPI0001003570,jtb9xxay@apl,893cdd77-540,ifrml29q@ybl,7e962fc5-e68,160791,2024-03-15T17:33:28,Gujarat,Tamil Nadu,Axis,ICICI,0,clean
589118db-f2f2-4b,UPI0001000015,c6uzhr5x@oksbi,cfb89590-9fa,nujza7tz@okaxis,7ad6092b-73c,169664,2024-03-15T10:33:51,Rajasthan,Uttarakhand,ICICI,ICICI,1,L1→L2
af54bfd7-c6b1-42,UPI0001003468,ulzfy981@icici,71106fca-bed,iymenvg3@paytm,3151edf4-e43,160277,2024-03-16T21:57:25,Kerala,Gujarat,SBI,ICICI,0,clean
eadb18ea-4125-48,UPI0001001875,p3jpxgh3@axl,c8b30791-50e,khzlm72j@ibl,d5592af3-889,5847,2024-03-15T18:05:03,Gujarat,West Bengal,BOB,Kotak,0,clean
492dfad8-705d-48,UPI0001003150,kuuhclrr@ibl,9658742d-f26,04cdpqvl@oksbi,35f93717-d6d,156121,2024-03-17T03:13:00,West Bengal,Telangana,Kotak,SBI,0,clean
c41e3689-a78b-46,UPI0001004212,7h23c42y@oksbi,dac36c42-184,rkmby9ip@ybl,f5ed200a-714,148763,2024-03-17T15:58:01,Telangana,Maharashtra,PNB,HDFC,0,clean
4a6d7389-d508-4f,UPI0001004121,2wbxanj4@upi,bfa5558d-959,eaxylnfx@paytm,17fca863-f60,116730,2024-03-15T15:38:26,Karnataka,Kerala,BOB,ICICI,0,clean
c8353021-f20e-42,UPI0001004533,wtg1m8xf@ibl,34f68cde-274,19qzpniq@oksbi,10d15b04-d6f,38951,2024-03-17T11:22:23,Kerala,Tamil Nadu,HDFC,ICICI,0,clean
54f013a8-a8ae-4d,UPI0001001879,a04ux5qr@upi,8029a269-faa,fr91ipwh@upi,0e051c39-642,45691,2024-03-16T11:10:39,West Bengal,West Bengal,Kotak,SBI,0,clean
e8a07862-6f48-4c,UPI0001004209,tuw9ohtu@oksbi,16e55977-f2b,stn3cpud@axl,4a22d1fb-5bc,140894,2024-03-16T17:26:05,West Bengal,Tamil Nadu,ICICI,Axis,0,clean
9ff0020d-9d1a-4a,UPI0001004435,ng2igsb9@oksbi,b7684321-a5d,5e5iz31y@axl,9bc82871-9c1,105831,2024-03-17T01:16:30,Telangana,Maharashtra,Kotak,HDFC,0,clean
6b4d33dd-4597-4f,UPI0001004408,vn1x2gdg@paytm,b8323e22-9c7,z2sf6f7l@apl,f4ac893c-cd3,196083,2024-03-18T00:24:30,West Bengal,Karnataka,Axis,Kotak,0,clean
7d0a3d78-5a0d-41,UPI0001003117,a3kkrzd5@oksbi,e9b226cc-92f,e46aexl6@paytm,cb20a360-856,147056,2024-03-16T09:54:00,Maharashtra,Gujarat,ICICI,PNB,0,clean
bfe8ba18-b683-4d,UPI0001003543,m92h3tv3@okaxis,56581c10-823,webnvg5v@upi,e2bf96c9-371,86146,2024-03-16T20:05:34,West Bengal,Telangana,ICICI,ICICI,0,clean
e2171f00-b502-49,UPI0001003494,pgb7r3oc@ybl,1ff47666-0e3,9ln1p0vu@okaxis,a408bd71-981,153836,2024-03-17T05:54:25,Telangana,Kerala,HDFC,Axis,0,clean
c0b4b057-12c5-42,UPI0001001428,ejzhyapd@icici,fc2bbd6e-bd4,f0onjpi1@paytm,f1306f21-cef,61430,2024-03-15T18:19:31,Telangana,Karnataka,ICICI,ICICI,0,clean
4977a98d-b86a-4e,UPI0001000273,9rr7s20c@oksbi,5df013ac-e29,2lhgcsot@ibl,f3952d16-235,80597,2024-03-17T03:06:05,Maharashtra,Tamil Nadu,Kotak,ICICI,0,clean
5930b233-98e7-48,UPI0001002129,vkyrmjlj@paytm,170acc6e-133,uzpeal2w@upi,05950436-fc1,84572,2024-03-17T06:56:11,Gujarat,Telangana,HDFC,SBI,0,clean
64a32aa2-bdf9-49,UPI0001001757,safyh1fk@paytm,7814c846-782,nn8ztv05@ibl,b38f2bd8-1fb,65978,2024-03-16T14:46:11,Tamil Nadu,Karnataka,HDFC,BOB,0,clean
1dec41ea-9dc6-4a,UPI0001002601,qvs8a0tp@axl,964a35db-404,4lorxdtg@apl,65e2fb55-c36,39266,2024-03-15T19:45:28,Telangana,Telangana,Kotak,ICICI,0,clean
c2209e80-b35a-44,UPI0001002762,uuxk0are@ibl,7992b6ba-0fd,p3jpxgh3@axl,c8b30791-50e,26027,2024-03-16T17:21:27,Telangana,Gujarat,BOB,BOB,0,clean
2a3163fd-db78-41,UPI0001000561,19qzpniq@oksbi,10d15b04-d6f,sc4e5hrd@apl,11c9ca6c-0cd,39445,2024-03-17T03:45:03,Tamil Nadu,Tamil Nadu,ICICI,PNB,0,clean
6e39054e-06e5-4f,UPI0001000574,wsozctwj@paytm,06c76465-950,d76szn9d@ibl,d020762f-d26,123065,2024-03-17T17:56:23,Maharashtra,Maharashtra,SBI,Kotak,0,clean
0ba86fdd-0088-47,UPI0001004568,rc6zs62y@oksbi,f17ab0c6-4a0,safyh1fk@paytm,7814c846-782,108966,2024-03-18T05:20:46,Karnataka,Tamil Nadu,SBI,HDFC,0,clean
86de7081-7ccb-41,UPI0001003320,e1i1p0bq@ibl,3130fc81-4e9,zb4ldims@paytm,37226f2a-c4f,59745,2024-03-16T00:28:43,Tamil Nadu,Gujarat,Kotak,ICICI,0,clean
06fbeff3-eb55-4f,UPI0001003231,0v2zp4ju@upi,32db899d-85a,td44k1j6@oksbi,e33499ff-738,2720,2024-03-16T04:59:23,Telangana,Maharashtra,HDFC,BOB,0,clean
a2e7a07b-5ae1-49,UPI0001002096,wovcxek4@apl,be18dda5-608,gh2m5zja@okaxis,835cb61e-36d,117296,2024-03-18T04:19:25,Karnataka,Maharashtra,PNB,SBI,0,clean
a236feac-8c6d-4f,UPI0001000101,7y2lofn1@axl,075bde03-879,ejzhyapd@icici,fc2bbd6e-bd4,35091,2024-03-17T01:40:50,Maharashtra,Telangana,HDFC,ICICI,0,clean
05809738-4169-4c,UPI0001002632,rwzc4xl9@ibl,fa697d18-cd8,jtb9xxay@apl,893cdd77-540,27486,2024-03-16T23:31:49,Kerala,Gujarat,Kotak,Axis,0,clean
f20b5982-9603-4a,UPI0001004350,kqxlm5q2@axl,96141255-6de,w6m7b5c8@paytm,6ac34a96-9d8,157948,2024-03-17T23:13:00,West Bengal,Gujarat,BOB,PNB,0,clean
18863ff1-bba4-40,UPI0001002186,2sds8b25@icici,bd9e7438-8f4,iymenvg3@paytm,3151edf4-e43,10921,2024-03-16T15:42:09,Telangana,Gujarat,ICICI,ICICI,0,clean
15761c2e-8af2-49,UPI0001004310,tahukwqv@axl,c57bb97d-993,7rb1s9dw@ibl,fdf65419-e86,140627,2024-03-17T16:25:08,Tamil Nadu,Tamil Nadu,BOB,PNB,0,clean
562a6f30-dbbe-4e,UPI0001001613,0mqvindh@icici,d434bc72-c00,qvs8a0tp@axl,964a35db-404,116801,2024-03-16T17:20:11,Karnataka,Telangana,PNB,Kotak,0,clean
e111f9f9-d220-46,UPI0001001710,gu3obygh@oksbi,b3e30a41-88d,wovcxek4@apl,be18dda5-608,194207,2024-03-16T06:11:21,Tamil Nadu,Karnataka,ICICI,PNB,0,clean
8c433368-f7db-48,UPI0001003155,a3kkrzd5@oksbi,e9b226cc-92f,qfwwxr5r@ibl,26cdf408-d84,108819,2024-03-18T10:06:13,Maharashtra,Maharashtra,ICICI,ICICI,0,clean
c6b2451c-24ae-48,UPI0001000993,e46aexl6@paytm,cb20a360-856,mxb9yo18@apl,59117312-cf3,93133,2024-03-15T21:34:11,Gujarat,Gujarat,PNB,SBI,0,clean
0c7f01d1-6079-45,UPI0001000362,d76szn9d@ibl,d020762f-d26,bjlzy1uu@upi,382cfba4-cfb,64103,2024-03-16T11:48:36,Maharashtra,Telangana,Kotak,Kotak,0,clean
6ba24c1b-1809-4b,UPI0001001739,gn1w1ht7@axl,61e9276c-1e5,nqdxamw2@icici,0ec40a2e-3f7,55504,2024-03-16T23:53:39,Tamil Nadu,Gujarat,PNB,Kotak,0,clean
9ce125f3-4528-4a,UPI0001001708,q8ghgbcy@okaxis,d3047a7e-914,p767j2dg@paytm,291be5ac-6df,23497,2024-03-17T22:09:41,West Bengal,Maharashtra,BOB,Kotak,0,clean
25864b84-a7d8-46,UPI0001003975,qxm0632c@paytm,fc67a622-d29,4vssrura@upi,955c4234-bff,61078,2024-03-17T04:44:19,Tamil Nadu,Gujarat,Kotak,PNB,0,clean
3a5ed6a2-a091-42,UPI0001004244,c1l7dypm@upi,cee17028-635,d9fkxzuu@axl,1433fde1-1dd,127522,2024-03-15T10:35:11,Karnataka,Tamil Nadu,ICICI,PNB,0,clean
d3d3ca80-12e7-4c,UPI0001004492,zmf8mdd4@paytm,d6a9a633-5ca,s43c5ba7@upi,6a3a3aa8-5af,53378,2024-03-16T12:03:26,Tamil Nadu,Karnataka,BOB,Kotak,0,clean
ca1fbd43-21da-48,UPI0001004562,zzqy72wx@okaxis,5d610321-34c,0ljch2vf@oksbi,cab331dd-0d9,154152,2024-03-16T02:44:30,Maharashtra,West Bengal,Axis,Axis,0,clean
f701c1e0-e57b-4f,UPI0001001075,vaj2k8xp@apl,90f01618-4ff,xaprpn6q@oksbi,fc297e6e-aa8,136289,2024-03-18T04:18:09,Karnataka,Kerala,BOB,Axis,0,clean
e98fdf6c-df68-46,UPI0001003782,78imoe0s@okaxis,0248c411-18c,7oxk8c1g@axl,46b23fe2-5eb,71832,2024-03-15T23:06:13,Tamil Nadu,Telangana,Axis,Axis,0,clean
178fc55e-9a89-46,UPI0001000202,ixntm9tm@axl,2474cb36-956,04cdpqvl@oksbi,35f93717-d6d,31730,2024-03-17T11:58:20,Gujarat,Telangana,ICICI,SBI,0,clean
b33cb6f1-a275-4e,UPI0001000942,cd81twhw@okaxis,215eaeac-210,i6yuj7yk@icici,f03c391e-8f7,36733,2024-03-16T17:54:26,Kerala,Tamil Nadu,BOB,Kotak,0,clean
86feddfc-2162-4d,UPI0001003029,sxlul6lg@paytm,0d49bdb5-2c0,z6us7rp4@ibl,a8bc7367-673,141232,2024-03-15T11:36:30,Tamil Nadu,Karnataka,Kotak,Kotak,0,clean
e33a319e-6f30-40,UPI0001002546,hrrpzlk3@ibl,8b84e2d0-e1e,0w064w3u@okaxis,815a78a7-e61,13344,2024-03-17T08:49:52,West Bengal,Maharashtra,SBI,SBI,0,clean
77bedc9b-5b92-41,UPI0001000207,q1rdxck3@icici,ca1e97cd-4e6,f5gcl9lc@axl,07d8fa8c-cff,180166,2024-03-18T08:06:30,Telangana,Telangana,HDFC,ICICI,0,clean
9b3a99da-449f-49,UPI0001002797,3dd03uvu@upi,cf3db828-3cc,9rr7s20c@oksbi,5df013ac-e29,159511,2024-03-16T05:26:53,Tamil Nadu,Maharashtra,PNB,Kotak,0,clean
38e7ad2f-d594-4f,UPI0001002559,a3kkrzd5@oksbi,e9b226cc-92f,239moft6@axl,0f7c79b6-edf,169631,2024-03-17T01:56:19,Maharashtra,Karnataka,ICICI,ICICI,0,clean
2ace2db2-c657-49,UPI0001000736,j16dvtja@ybl,404bee3c-794,i6yuj7yk@icici,f03c391e-8f7,59169,2024-03-15T19:11:21,Karnataka,Tamil Nadu,Kotak,Kotak,0,clean
7a9b09dd-4f82-49,UPI0001003096,ivuzzpqk@ybl,1175d2fb-cc9,hrrpzlk3@ibl,8b84e2d0-e1e,73624,2024-03-17T05:17:37,Tamil Nadu,West Bengal,BOB,SBI,0,clean
3071ddc6-eca7-44,UPI0001002458,82kb700u@ybl,dcd27afa-05a,sdygflij@okaxis,f4e28f71-353,115175,2024-03-15T16:46:00,Maharashtra,Telangana,PNB,Axis,0,clean
f46b64f6-5512-49,UPI0001003863,9iy4x41d@apl,e541dc70-08b,t7txkdot@axl,b3d818db-f57,37599,2024-03-17T01:39:01,Karnataka,Gujarat,Axis,HDFC,0,clean
e22ee167-bc39-42,UPI0001003607,9ln1p0vu@okaxis,a408bd71-981,4lorxdtg@apl,65e2fb55-c36,79737,2024-03-16T00:56:29,Kerala,Telangana,Axis,ICICI,0,clean
1447c7ab-6ce5-44,UPI0001004369,ufm8zov7@paytm,713db7ca-950,dje153a5@axl,ebe017d3-bb6,194691,2024-03-16T17:10:01,Tamil Nadu,Telangana,Kotak,Axis,0,clean
645bdebb-4b12-42,UPI0001001372,5rtwiyki@ibl,58346645-d7d,kjxjq5nv@axl,e4a54308-6a3,58811,2024-03-15T19:50:10,Gujarat,Gujarat,Axis,Axis,0,clean
2064d12e-4d8e-44,UPI0001000264,9yecazrp@oksbi,388259e0-08a,x1gm32wp@okaxis,56954669-560,198855,2024-03-16T16:49:13,Maharashtra,Kerala,SBI,HDFC,0,clean
d4a7e593-b347-4b,UPI0001004786,i7kq1uym@axl,bdef7217-228,t6om1fb8@ibl,593dec67-5f5,100843,2024-03-15T12:00:01,West Bengal,Gujarat,BOB,ICICI,0,clean
0af39b01-d4ad-4a,UPI0001003898,xyjoa21a@oksbi,27c58270-7c1,al8m1g9f@paytm,f6b9e535-824,43277,2024-03-17T03:18:06,Karnataka,Maharashtra,PNB,BOB,0,clean
7c2f7310-6cae-45,UPI0001002863,siwjm2c8@axl,76415f9b-a77,a83ru7my@apl,88c32907-0d3,35793,2024-03-16T06:08:18,Tamil Nadu,Karnataka,Kotak,SBI,0,clean
a6f05c90-27ff-4c,UPI0001001375,bbk7w1da@paytm,4f51dace-926,zzf8s2zg@oksbi,7844cc4a-374,26829,2024-03-18T04:50:12,Maharashtra,Tamil Nadu,Axis,PNB,0,clean
6d7261fb-b779-46,UPI0001000944,vaj2k8xp@apl,90f01618-4ff,c1l7dypm@upi,cee17028-635,60823,2024-03-17T11:35:37,Karnataka,Karnataka,BOB,ICICI,0,clean
3524de8a-13c1-46,UPI0001003884,o75rh8lx@ibl,08de2ce8-4d4,wsozctwj@paytm,06c76465-950,107559,2024-03-15T13:33:05,Karnataka,Maharashtra,PNB,SBI,0,clean
95c50fc3-3a7b-40,UPI0001002636,je2ab2rv@upi,8cc02af2-3b1,vn1x2gdg@paytm,b8323e22-9c7,113189,2024-03-17T14:06:35,West Bengal,West Bengal,BOB,Axis,0,clean
e0284c5a-6155-41,UPI0001002157,k7y6qxds@oksbi,368e12fa-90b,iwg0odwm@axl,b06871d7-817,101099,2024-03-18T07:19:06,Telangana,Gujarat,BOB,PNB,0,clean
ff7e1845-8b2a-4a,UPI0001000710,i04b7p47@ybl,a3267200-292,likwe4bx@upi,9bb85d81-e50,2394,2024-03-15T15:36:13,Kerala,Telangana,BOB,BOB,0,clean
d7675079-3d0d-40,UPI0001000183,hyexf7jx@paytm,855c736c-1a1,o119xp9n@apl,84e5cbf1-b6a,112687,2024-03-16T11:24:04,Telangana,Maharashtra,SBI,Axis,0,clean
7902b6b4-c461-40,UPI0001003961,9xn4m41k@okaxis,cc2c3f3e-4c7,2zdlx1q8@oksbi,bc5d6484-72a,96097,2024-03-16T04:35:20,Gujarat,West Bengal,HDFC,BOB,0,clean
1479881d-203b-43,UPI0001002177,jdm5fc79@upi,a083e671-4cd,dh0uyhnq@icici,ea03df36-47b,183717,2024-03-17T17:31:45,Maharashtra,Tamil Nadu,Kotak,HDFC,0,clean
e425828f-e1f9-4a,UPI0001004023,fewvznvk@icici,93ff3503-d85,ad7x48wz@ibl,f694d29f-aad,129427,2024-03-15T23:57:10,Kerala,Tamil Nadu,Kotak,SBI,0,clean
f3b3046d-6d3c-4c,UPI0001003496,96khub2r@icici,8faab40b-0cf,jae58hux@oksbi,d23b9c8f-278,39148,2024-03-16T18:01:15,Karnataka,West Bengal,SBI,BOB,0,clean
06c22b30-4ac9-4b,UPI0001001268,lboriq8h@paytm,d1aedf8e-b07,c2htmqwy@icici,f56a4c57-7ae,96892,2024-03-17T07:42:21,West Bengal,West Bengal,HDFC,BOB,0,clean
7d9a8a79-d956-41,UPI0001003852,2lhgcsot@ibl,f3952d16-235,hv1xg1r1@axl,3f7eef17-fe8,62129,2024-03-16T04:13:31,Tamil Nadu,Maharashtra,ICICI,PNB,0,clean
d28fad24-f3f9-4c,UPI0001003315,xorzpgu2@okaxis,150b1c69-9d5,dz4x1zhq@okaxis,d5b7dcd0-c5f,75450,2024-03-15T17:12:16,Kerala,Telangana,ICICI,Axis,0,clean
8c9a786d-e8e1-40,UPI0001000014,c6uzhr5x@oksbi,cfb89590-9fa,fy6452h2@icici,40d3e7ae-38e,95833,2024-03-15T10:33:51,Rajasthan,Rajasthan,ICICI,Axis,1,L1→L2
4639d5cf-872e-4d,UPI0001002978,rc6zs62y@oksbi,f17ab0c6-4a0,et8t63j3@axl,e4ac4b23-0d3,105517,2024-03-17T05:19:53,Karnataka,Karnataka,SBI,BOB,0,clean
676c0fdf-19c5-41,UPI0001000466,ywp0rxxf@icici,536cc49c-7b9,5xqt4p50@apl,23c3bfdf-dc6,129731,2024-03-18T04:18:32,Kerala,Kerala,Kotak,ICICI,0,clean
204765d3-3477-46,UPI0001002134,d76szn9d@ibl,d020762f-d26,q57te8tv@axl,fbac67aa-dd8,141851,2024-03-16T08:26:02,Maharashtra,Telangana,Kotak,PNB,0,clean
896e7a76-d5f2-40,UPI0001001816,5ixva1nk@ybl,3f9ee135-4b0,9kkh4a3y@paytm,898ace33-3f3,165157,2024-03-17T18:12:58,Tamil Nadu,Karnataka,ICICI,Kotak,0,clean
2ac720e6-814e-4c,UPI0001002265,au9dkbpv@upi,60186fb8-833,1zxyvgiu@okaxis,855b24d8-016,119277,2024-03-16T05:48:09,Tamil Nadu,Gujarat,PNB,ICICI,0,clean
6e7da78e-94b7-44,UPI0001004746,zzqy72wx@okaxis,5d610321-34c,wviac2e4@axl,ef581a18-a36,82171,2024-03-16T07:27:58,Maharashtra,Kerala,Axis,PNB,0,clean
72b84432-c903-4a,UPI0001000961,gyw6zbnz@axl,9552ed81-97b,mpkxvhag@paytm,0a090c2a-c48,42534,2024-03-15T11:55:53,Karnataka,Tamil Nadu,Kotak,SBI,0,clean
f3e98f39-53a1-4b,UPI0001002411,hl88kzru@okaxis,2eca5bfe-dc2,uhz1gv0e@oksbi,3097941d-05e,174715,2024-03-17T10:11:21,Gujarat,Tamil Nadu,ICICI,ICICI,0,clean
e5b06d63-b853-40,UPI0001002437,mqg1ved3@ibl,9abe9954-38e,ve3dzeed@okaxis,e8f965a5-a64,184183,2024-03-16T00:10:51,Tamil Nadu,Kerala,ICICI,Kotak,0,clean
164abd7d-3ec1-4e,UPI0001003361,hx2kbvsi@oksbi,ebee6395-f0f,nmkza3oa@ybl,e74929a0-019,129735,2024-03-17T18:29:45,Tamil Nadu,Karnataka,PNB,Kotak,0,clean
b0946b02-c6d5-48,UPI0001002155,erxdouad@paytm,3396a1f3-654,38diuovw@icici,83febe55-d55,178526,2024-03-18T00:32:31,Maharashtra,Karnataka,Kotak,Axis,0,clean
67aeb198-f30d-4d,UPI0001000214,0w064w3u@okaxis,815a78a7-e61,4vssrura@upi,955c4234-bff,65410,2024-03-16T17:11:19,Maharashtra,Gujarat,SBI,PNB,0,clean
b9d21098-c2b7-4f,UPI0001004108,xtnsrtwl@upi,320db857-eb5,gyw6zbnz@axl,9552ed81-97b,5215,2024-03-18T03:47:25,Tamil Nadu,Karnataka,SBI,Kotak,0,clean
b9bf2e84-ea0d-42,UPI0001000154,6befflzm@icici,db593e75-f7b,2wbxanj4@upi,bfa5558d-959,49892,2024-03-18T10:09:44,Kerala,Karnataka,ICICI,BOB,0,clean
800a616c-e987-48,UPI0001002958,i6yuj7yk@icici,f03c391e-8f7,8ra484nl@paytm,bb2eba83-a1c,99429,2024-03-17T07:36:49,Tamil Nadu,Gujarat,Kotak,Axis,0,clean
9a1dad1a-e1e6-4c,UPI0001000232,7azv2efu@ibl,68d7613a-6e9,7zeoqgvz@okaxis,f7e163d4-403,49400,2024-03-18T01:43:42,Telangana,Kerala,SBI,Axis,0,clean
3878c85c-71ce-44,UPI0001000238,2wbxanj4@upi,bfa5558d-959,b6bndoz6@axl,13339c2c-6a6,17389,2024-03-16T13:24:26,Karnataka,Karnataka,BOB,Kotak,0,clean
ccafa04d-cde1-44,UPI0001004600,nmby49e7@ibl,68a8ef6f-279,zzf8s2zg@oksbi,7844cc4a-374,102490,2024-03-15T13:59:58,Kerala,Tamil Nadu,Axis,PNB,0,clean
9d8ae457-6af4-43,UPI0001000366,0kgazu41@ybl,deda1626-f82,wwnc21o0@upi,0d6872fa-a63,127928,2024-03-18T04:07:46,Maharashtra,Kerala,HDFC,Axis,0,clean
70550e3c-76db-4a,UPI0001004473,qfwwxr5r@ibl,26cdf408-d84,ga0x7zcg@ibl,15bb3739-991,151220,2024-03-18T07:25:17,Maharashtra,Karnataka,ICICI,SBI,0,clean
c9d729f7-759b-46,UPI0001003325,nbhnal3g@ybl,b9a38cd2-91b,rq9nz612@okaxis,1b4f813a-e5e,83949,2024-03-16T06:43:23,Telangana,Karnataka,PNB,BOB,0,clean
ff11a137-b232-4f,UPI0001000822,fqjja26y@oksbi,51114166-54e,x7pwo6cm@upi,2500e1a0-89a,75434,2024-03-18T09:29:31,Kerala,Karnataka,SBI,ICICI,0,clean
4653b61c-d936-4a,UPI0001003673,bbk7w1da@paytm,4f51dace-926,q8ghgbcy@okaxis,d3047a7e-914,124870,2024-03-18T03:04:56,Maharashtra,West Bengal,Axis,BOB,0,clean
a06d2adb-f666-42,UPI0001003410,50e6mpsj@ibl,86246ac8-756,jdm5fc79@upi,a083e671-4cd,105597,2024-03-17T01:06:28,West Bengal,Maharashtra,Axis,Kotak,0,clean
76d9dbf6-77e5-4b,UPI0001003123,xorzpgu2@okaxis,150b1c69-9d5,qvs8a0tp@axl,964a35db-404,48964,2024-03-15T19:36:34,Kerala,Telangana,ICICI,Kotak,0,clean
96c2622d-3f99-4f,UPI0001002919,a7sqrf1l@upi,03564e58-3fd,vqy5ibpt@ybl,6254431b-8f0,169998,2024-03-18T02:29:58,Tamil Nadu,Tamil Nadu,ICICI,HDFC,0,clean
ce91a3ad-5241-46,UPI0001002450,jcitfoyq@ybl,56227fb1-a5a,hzn4kgeu@okaxis,10818e5f-69f,19426,2024-03-17T12:38:13,Karnataka,Telangana,HDFC,BOB,0,clean
226bb0e3-7185-42,UPI0001001562,k2n7h9g1@ybl,917fb905-ca8,hzn4kgeu@okaxis,10818e5f-69f,10097,2024-03-18T07:17:25,Telangana,Telangana,PNB,BOB,0,clean
3156579b-5a57-4b,UPI0001000889,3o1icns8@axl,d6c09182-2d4,rflqbmae@apl,a2a8bd54-d6e,147955,2024-03-17T11:55:38,Maharashtra,Karnataka,Kotak,Kotak,0,clean
f3b56857-9f37-4c,UPI0001003725,38diuovw@icici,83febe55-d55,ay64yfds@ibl,05351dc8-a9a,15985,2024-03-18T05:50:52,Karnataka,Karnataka,Axis,ICICI,0,clean
8feff458-6a52-4f,UPI0001002684,wr7mkgxu@paytm,f8967d89-388,70e3p15a@okaxis,d87ecdc6-34f,81003,2024-03-16T20:07:03,Kerala,Karnataka,SBI,SBI,0,clean
a6e039c1-7352-41,UPI0001003461,5ll1d9s9@okaxis,4e8e9973-82f,uuxk0are@ibl,7992b6ba-0fd,171188,2024-03-17T03:15:45,Gujarat,Telangana,PNB,BOB,0,clean
54d6f4ca-135a-41,UPI0001001723,mb1l6314@ibl,d40c7f91-9fe,nbhds26f@upi,6cb62eb2-7f2,115749,2024-03-16T02:23:24,Kerala,Tamil Nadu,ICICI,Axis,0,clean
0e4f2e14-169f-45,UPI0001003680,9kkh4a3y@paytm,898ace33-3f3,lq5v4ftq@paytm,15386809-9f2,134680,2024-03-15T16:36:32,Karnataka,Maharashtra,Kotak,Kotak,0,clean
ed81efb3-2c82-43,UPI0001004654,xoq2vpgs@icici,3e35461b-eca,xf7kzorq@axl,8a77df8c-2c4,66080,2024-03-16T15:57:30,Karnataka,Tamil Nadu,BOB,Kotak,0,clean
c5019fde-c288-41,UPI0001000960,dje153a5@axl,ebe017d3-bb6,0v2zp4ju@upi,32db899d-85a,168915,2024-03-15T15:08:48,Telangana,Telangana,Axis,HDFC,0,clean
751d05ce-95a6-41,UPI0001000811,0v2zp4ju@upi,32db899d-85a,n4regb1a@paytm,29d0cf3a-270,106052,2024-03-18T00:07:08,Telangana,Gujarat,HDFC,Axis,0,clean
9c1487a0-d9e8-40,UPI0001002971,i9kqdgbk@upi,feaf9f0b-cd9,n7s55j2o@icici,0c084f0a-36d,111888,2024-03-15T13:09:53,Gujarat,Karnataka,Axis,ICICI,0,clean
953a88b8-6ca4-4e,UPI0001002851,q57te8tv@axl,fbac67aa-dd8,0w064w3u@okaxis,815a78a7-e61,37104,2024-03-15T16:37:38,Telangana,Maharashtra,PNB,SBI,0,clean
908e0ccb-d27d-4f,UPI0001002641,1oxrwk8r@apl,0051a9ea-fd9,jfvyb6li@axl,93910c55-ea9,159550,2024-03-16T14:50:42,Karnataka,Karnataka,ICICI,ICICI,0,clean
e100c79b-73bb-47,UPI0001003600,q20hwobm@okaxis,1f7e151c-59a,tnqfll7v@ybl,e3cbc039-81c,152368,2024-03-15T12:58:17,Tamil Nadu,Gujarat,SBI,HDFC,0,clean
cce76b21-3ca1-49,UPI0001000233,dtm4vxjj@ibl,52136084-c7a,x1gm32wp@okaxis,56954669-560,195065,2024-03-17T21:47:59,Tamil Nadu,Kerala,ICICI,HDFC,0,clean
e09a1af9-e99e-4c,UPI0001004180,1oxrwk8r@apl,0051a9ea-fd9,hx2kbvsi@oksbi,ebee6395-f0f,65506,2024-03-17T18:47:58,Karnataka,Tamil Nadu,ICICI,PNB,0,clean
400466b1-64ee-41,UPI0001000831,kek4aegv@oksbi,6fca54c3-692,qkojtpv6@upi,9097f736-c0b,111314,2024-03-18T01:54:10,West Bengal,Tamil Nadu,PNB,Kotak,0,clean
4f4f195c-15a6-42,UPI0001002669,q20hwobm@okaxis,1f7e151c-59a,pkyrybov@ybl,4f1e5710-28e,190822,2024-03-17T14:18:55,Tamil Nadu,Maharashtra,SBI,HDFC,0,clean
5cdc9795-9631-47,UPI0001003909,jtb9xxay@apl,893cdd77-540,8n7odkef@apl,91e08ce9-3ec,79493,2024-03-16T04:38:15,Gujarat,Maharashtra,Axis,BOB,0,clean
deb55cf1-f0ba-49,UPI0001001641,g25cfzfd@icici,ad809e95-47e,12ii826g@axl,2a541c5a-adb,127377,2024-03-17T10:30:42,Gujarat,Maharashtra,BOB,Axis,0,clean
c7f94ee5-7b85-4a,UPI0001000469,hyexf7jx@paytm,855c736c-1a1,tk63n2qb@okaxis,b1b0f143-ca6,61773,2024-03-15T12:47:35,Telangana,Maharashtra,SBI,ICICI,0,clean
98134d77-5c0a-49,UPI0001003593,5a5piskf@oksbi,2c0c791b-29d,uhz1gv0e@oksbi,3097941d-05e,188245,2024-03-16T06:14:25,Telangana,Tamil Nadu,ICICI,ICICI,0,clean
7f02ba92-37a0-4f,UPI0001002029,nbhds26f@upi,6cb62eb2-7f2,ac6pe63l@ybl,fe6486c9-5e6,119035,2024-03-16T05:39:47,Tamil Nadu,Tamil Nadu,Axis,Axis,0,clean
54dcd4c6-e7df-49,UPI0001004573,48c1cqg4@apl,88ccb91c-dbb,hiuit7m1@axl,ac812895-0f0,115837,2024-03-15T14:52:08,Tamil Nadu,Karnataka,BOB,PNB,0,clean
380e62f1-0247-40,UPI0001003374,xzamkygv@apl,32a05e88-18a,5e5iz31y@axl,9bc82871-9c1,179721,2024-03-18T00:47:06,Telangana,Maharashtra,BOB,HDFC,0,clean
032b2f7d-5640-48,UPI0001000853,szjnvc7h@axl,e08eea9e-3fa,14ve92mp@upi,3be433cf-adf,33562,2024-03-16T05:52:32,Telangana,Gujarat,BOB,SBI,0,clean
abc17a26-c8b6-4f,UPI0001001146,hx2kbvsi@oksbi,ebee6395-f0f,nqdxamw2@icici,0ec40a2e-3f7,75991,2024-03-15T10:36:11,Tamil Nadu,Gujarat,PNB,Kotak,0,clean
50d16464-6514-40,UPI0001001384,5rdoqivb@paytm,dfee9bf2-48b,pdtz91x7@oksbi,676d9892-38a,91910,2024-03-18T00:03:42,Telangana,Gujarat,Axis,SBI,0,clean
ffb20b8e-4dcd-4b,UPI0001003136,tnqfll7v@ybl,e3cbc039-81c,os6zle6k@okaxis,eafa0ae5-1d9,123708,2024-03-16T09:02:10,Gujarat,Karnataka,HDFC,HDFC,0,clean
a1afecca-2236-4c,UPI0001002291,stn3cpud@axl,4a22d1fb-5bc,sc4e5hrd@apl,11c9ca6c-0cd,199403,2024-03-16T04:11:50,Tamil Nadu,Tamil Nadu,Axis,PNB,0,clean
e553c9aa-3027-4b,UPI0001004343,safyh1fk@paytm,7814c846-782,6xlpu0dk@apl,2966c875-264,142280,2024-03-16T23:25:14,Tamil Nadu,Tamil Nadu,HDFC,HDFC,0,clean
b74728e4-400b-4f,UPI0001002413,fqjja26y@oksbi,51114166-54e,17mgfxc0@ybl,cf96bd32-f7f,25659,2024-03-18T05:05:49,Kerala,Gujarat,SBI,SBI,0,clean
3136cc6a-e859-4e,UPI0001000352,61bw4a7f@axl,69e6f60e-2f1,xf5gzpl1@axl,2fa2cb90-de4,172916,2024-03-18T00:49:39,Maharashtra,West Bengal,SBI,ICICI,0,clean
f43bbadc-dd9c-4a,UPI0001004302,h25llo3r@ybl,61c41a5e-2b8,wpaytxw1@ybl,a9a1d8cd-197,44948,2024-03-15T20:01:22,Maharashtra,Telangana,BOB,PNB,0,clean
f429e092-b364-4b,UPI0001004411,xcdyk0x6@oksbi,952171cb-bbd,i7kq1uym@axl,bdef7217-228,158696,2024-03-17T08:57:31,Gujarat,West Bengal,ICICI,BOB,0,clean
45c30518-7fa0-45,UPI0001003235,w6m7b5c8@paytm,6ac34a96-9d8,sjt2jpnr@okaxis,d797c026-0e2,197615,2024-03-18T08:30:11,Gujarat,West Bengal,PNB,BOB,0,clean
b9b4a206-58ad-43,UPI0001001544,jtgq01te@ibl,f43f6c1a-19d,5a5piskf@oksbi,2c0c791b-29d,126500,2024-03-15T14:46:26,Tamil Nadu,Telangana,ICICI,ICICI,0,clean
e1fe5070-900e-4b,UPI0001003056,1zxyvgiu@okaxis,855b24d8-016,9iy4x41d@apl,e541dc70-08b,187869,2024-03-16T10:32:24,Gujarat,Karnataka,ICICI,Axis,0,clean
011bdce8-1ef2-4a,UPI0001002730,h25llo3r@ybl,61c41a5e-2b8,2zbppfo5@upi,c3f5b069-37e,197046,2024-03-15T15:20:41,Maharashtra,Maharashtra,BOB,Kotak,0,clean
988789c4-6e93-43,UPI0001001245,k2n7h9g1@ybl,917fb905-ca8,0ui22kx7@apl,0cb4a777-b67,146959,2024-03-16T04:21:04,Telangana,Karnataka,PNB,Axis,0,clean
5a724fe4-319c-46,UPI0001000353,5ixva1nk@ybl,3f9ee135-4b0,jcn9j3gc@okaxis,59d7c029-a96,162175,2024-03-17T09:14:43,Tamil Nadu,Tamil Nadu,ICICI,Kotak,0,clean
eae136a6-5357-43,UPI0001000203,091c795r@upi,e21f0d08-204,zh13cd5g@upi,227ab300-e54,116513,2024-03-17T20:32:02,Karnataka,Tamil Nadu,BOB,HDFC,0,clean
ce45465d-9d39-46,UPI0001002720,uflsehud@icici,168777e2-a06,dtv25ao2@icici,9e8d1dde-c69,118953,2024-03-18T08:02:29,Karnataka,Tamil Nadu,Axis,HDFC,0,clean
5194060d-4b0f-44,UPI0001001602,b7l8v1zo@ibl,60eb54ed-9d1,03o4gkww@paytm,a371a87c-ef1,122140,2024-03-16T09:13:58,Gujarat,Gujarat,ICICI,PNB,0,clean
d94a31f8-6fee-40,UPI0001002236,o2m71hss@ybl,6cafa98d-8f3,1sdieqfb@apl,98401e57-609,58286,2024-03-16T21:29:35,Tamil Nadu,Karnataka,SBI,BOB,0,clean
6f21a646-72b7-4f,UPI0001000085,m2vajepe@ibl,242b4c68-da5,8k06moxs@oksbi,116067d7-992,125934,2024-03-16T13:18:47,Tamil Nadu,Kerala,Axis,HDFC,0,clean
b9c5e4e2-a005-4c,UPI0001000578,q8ghgbcy@okaxis,d3047a7e-914,wr7mkgxu@paytm,f8967d89-388,169230,2024-03-15T21:20:17,West Bengal,Kerala,BOB,SBI,0,clean
4b53493d-07ae-4b,UPI0001002694,x0h3jujd@okaxis,58d8b5c6-ef9,22555jxu@axl,db40ef7b-9eb,110565,2024-03-16T08:06:34,Telangana,Kerala,HDFC,SBI,0,clean
d142ec24-eeb5-4d,UPI0001002766,rflqbmae@apl,a2a8bd54-d6e,c2htmqwy@icici,f56a4c57-7ae,139229,2024-03-16T02:14:37,Karnataka,West Bengal,Kotak,BOB,0,clean
f3de1e39-59d4-40,UPI0001003009,sdygflij@okaxis,f4e28f71-353,q1s05wnw@upi,8ed524ee-6d2,194633,2024-03-18T10:09:27,Telangana,Maharashtra,Axis,PNB,0,clean
c2eb4b8b-ded6-43,UPI0001003606,ld4d6af5@oksbi,c6d92344-f08,ng2igsb9@oksbi,b7684321-a5d,133946,2024-03-16T11:21:38,Kerala,Telangana,SBI,Kotak,0,clean
8ace40aa-c99d-48,UPI0001004589,xaprpn6q@oksbi,fc297e6e-aa8,xf7kzorq@axl,8a77df8c-2c4,113747,2024-03-16T13:38:39,Kerala,Tamil Nadu,Axis,Kotak,0,clean
38b02bcb-98c9-42,UPI0001000140,pb8z3v6d@okaxis,080f17ae-0d9,ge094d6r@axl,323f67af-ede,126456,2024-03-18T10:57:55,Gujarat,West Bengal,PNB,HDFC,0,clean
bfcb8ac2-d6d6-46,UPI0001004623,a7sqrf1l@upi,03564e58-3fd,9jpnbzug@okaxis,0fd97e8e-b69,10885,2024-03-15T20:27:13,Tamil Nadu,Telangana,ICICI,PNB,0,clean
e3cd70ec-ee94-46,UPI0001000161,xb94pdzp@ibl,1f77595a-0f7,6befflzm@icici,db593e75-f7b,34241,2024-03-16T05:14:14,Telangana,Kerala,ICICI,ICICI,0,clean
deccd729-e4e9-48,UPI0001000010,9xuy41ib@upi,8a87cb9e-052,02dgtfgq@ibl,dd73d947-4f8,160691,2024-03-15T10:34:26,Rajasthan,Haryana,Axis,Axis,1,L1→L2
f438f095-dc93-43,UPI0001001188,ybisbo55@paytm,0adcc0b2-719,eaxylnfx@paytm,17fca863-f60,82619,2024-03-18T03:29:43,Kerala,Kerala,ICICI,ICICI,0,clean
0f2f8eff-7a49-40,UPI0001000526,zbffzzdv@okaxis,7664c07f-020,xtnsrtwl@upi,320db857-eb5,173442,2024-03-15T11:59:24,Maharashtra,Tamil Nadu,SBI,SBI,0,clean
fc6e05a3-8847-46,UPI0001002743,ufm8zov7@paytm,713db7ca-950,x0h3jujd@okaxis,58d8b5c6-ef9,21368,2024-03-17T03:41:34,Tamil Nadu,Telangana,Kotak,HDFC,0,clean
c0b16d65-ced5-4b,UPI0001002040,811kerpe@icici,c1a2cc6d-cfd,5rdoqivb@paytm,dfee9bf2-48b,136490,2024-03-18T02:21:13,Maharashtra,Telangana,PNB,Axis,0,clean
31f96c62-0a98-40,UPI0001002951,oq2zdo74@ibl,c1cf6d05-d52,d8wj0uun@apl,5a53f848-ec8,111511,2024-03-18T10:27:32,West Bengal,Maharashtra,BOB,ICICI,0,clean
c016407c-ba05-43,UPI0001004048,04cdpqvl@oksbi,35f93717-d6d,il8sa3id@upi,0ff28a1c-817,110543,2024-03-17T19:55:41,Telangana,Gujarat,SBI,SBI,0,clean
e60e25a8-708f-44,UPI0001000681,dn5gjj8m@oksbi,daefad95-27b,96khub2r@icici,8faab40b-0cf,98609,2024-03-18T00:55:59,Kerala,Karnataka,Axis,SBI,0,clean
5f27623f-ce1d-4f,UPI0001003693,o119xp9n@apl,84e5cbf1-b6a,sxlul6lg@paytm,0d49bdb5-2c0,75863,2024-03-16T08:11:18,Maharashtra,Tamil Nadu,Axis,Kotak,0,clean
e231a5f9-d84a-48,UPI0001002425,48c1cqg4@apl,88ccb91c-dbb,i6yuj7yk@icici,f03c391e-8f7,83943,2024-03-16T01:41:36,Tamil Nadu,Tamil Nadu,BOB,Kotak,0,clean
48064feb-670f-42,UPI0001003641,1bcppvoh@icici,328ed257-23e,lhlb50at@apl,0232feb6-0e5,112034,2024-03-16T08:41:54,Karnataka,West Bengal,SBI,ICICI,0,clean
0b57e24e-64cc-49,UPI0001003515,22555jxu@axl,db40ef7b-9eb,6zpxvpbl@okaxis,aadb54c8-2d0,133819,2024-03-17T04:30:17,Kerala,Kerala,SBI,Axis,0,clean
997a8d19-573d-41,UPI0001001080,wjeyub19@icici,2328b533-d95,19qzpniq@oksbi,10d15b04-d6f,122932,2024-03-18T01:57:32,Karnataka,Tamil Nadu,Axis,ICICI,0,clean
90110ef1-2393-48,UPI0001001364,811kerpe@icici,c1a2cc6d-cfd,0me8f840@apl,d2acd40e-25c,54722,2024-03-18T09:23:32,Maharashtra,Maharashtra,PNB,BOB,0,clean
7ef833c5-0e2a-43,UPI0001004496,mx3y9rge@axl,10c50102-d01,jcitfoyq@ybl,56227fb1-a5a,163608,2024-03-17T01:21:59,Kerala,Karnataka,SBI,HDFC,0,clean
57dddeee-70c9-4d,UPI0001001609,jy62zeeq@upi,2197e198-4e7,a2m0w10l@ybl,956dfb24-447,42804,2024-03-17T20:53:46,Tamil Nadu,Gujarat,SBI,ICICI,0,clean
d818ce56-9f20-4f,UPI0001001271,hk2lslay@upi,ff015559-481,u7fbmenu@okaxis,2b0e6e2e-1f6,141066,2024-03-18T10:32:51,Gujarat,Kerala,Axis,ICICI,0,clean
760b3921-ce03-46,UPI0001000581,9iy4x41d@apl,e541dc70-08b,ppohswq4@ybl,27cf6e96-b10,79855,2024-03-16T21:42:45,Karnataka,Tamil Nadu,Axis,PNB,0,clean
898ee588-a336-4a,UPI0001002123,xzamkygv@apl,32a05e88-18a,vqyiy1sy@oksbi,692618fb-a65,49801,2024-03-16T17:14:28,Telangana,Gujarat,BOB,ICICI,0,clean
ee0cf1db-05a7-47,UPI0001003189,m92h3tv3@okaxis,56581c10-823,uu4ytn02@ibl,0dc94cab-d16,56755,2024-03-16T10:28:56,West Bengal,Karnataka,ICICI,Kotak,0,clean
90318614-1b11-4e,UPI0001004201,2qc6dr08@ibl,edc4c65a-097,kuuhclrr@ibl,9658742d-f26,152600,2024-03-16T09:19:53,West Bengal,West Bengal,PNB,Kotak,0,clean
e200c90c-67ee-45,UPI0001001494,tuw9ohtu@oksbi,16e55977-f2b,89k8yqk9@axl,5e7722a1-6f3,148923,2024-03-17T21:35:07,West Bengal,Telangana,ICICI,SBI,0,clean
e2738d30-8897-43,UPI0001004725,78imoe0s@okaxis,0248c411-18c,s43c5ba7@upi,6a3a3aa8-5af,196758,2024-03-16T07:54:53,Tamil Nadu,Karnataka,Axis,Kotak,0,clean
1a040d24-79d6-4a,UPI0001001669,et8t63j3@axl,e4ac4b23-0d3,urvqt3g8@ibl,7b0d2a9d-0f8,116681,2024-03-17T06:10:43,Karnataka,Gujarat,BOB,Kotak,0,clean
636a84ff-784c-41,UPI0001002692,ppsfnkom@ybl,ac7006a0-31d,zbcgjc36@apl,a45a1f06-4cb,24687,2024-03-18T01:27:52,Gujarat,Telangana,BOB,Axis,0,clean
1b3585a7-2502-49,UPI0001003347,1ieixwc4@axl,078dcd14-8a1,i9kqdgbk@upi,feaf9f0b-cd9,190883,2024-03-18T01:20:15,Tamil Nadu,Gujarat,Kotak,Axis,0,clean
99b37436-f1e1-4e,UPI0001000568,ge094d6r@axl,323f67af-ede,la100qxm@ibl,b9b04561-3db,167775,2024-03-15T14:43:14,West Bengal,Telangana,HDFC,BOB,0,clean
1c026ed7-00d9-42,UPI0001002837,k2n7h9g1@ybl,917fb905-ca8,ezqacj4t@icici,8eb3737e-59f,62574,2024-03-18T06:55:59,Telangana,West Bengal,PNB,Axis,0,clean
e931731a-7901-4b,UPI0001002026,kqxlm5q2@axl,96141255-6de,wr7mkgxu@paytm,f8967d89-388,195789,2024-03-16T10:44:37,West Bengal,Kerala,BOB,SBI,0,clean
2d42e77b-97fe-4e,UPI0001003890,aztkszp7@oksbi,bd9daf6b-41d,ch8jwwdx@oksbi,b6a72442-d1f,191999,2024-03-16T19:49:24,Tamil Nadu,West Bengal,SBI,HDFC,0,clean
6200cd51-f4b0-4c,UPI0001004075,s43c5ba7@upi,6a3a3aa8-5af,z2sf6f7l@apl,f4ac893c-cd3,130631,2024-03-17T13:42:04,Karnataka,Karnataka,Kotak,Kotak,0,clean
1539c5bf-fcf0-42,UPI0001003860,8ra484nl@paytm,bb2eba83-a1c,h8uzb7kr@oksbi,0dcc2242-7f7,64546,2024-03-17T19:35:59,Gujarat,Karnataka,Axis,SBI,0,clean
aeb58da5-c28a-4b,UPI0001000375,19qzpniq@oksbi,10d15b04-d6f,8ra484nl@paytm,bb2eba83-a1c,186985,2024-03-17T11:56:53,Tamil Nadu,Gujarat,ICICI,Axis,0,clean
7c4c2c07-2b89-49,UPI0001000850,l3wxdrlc@upi,38c6e804-3e7,5p5nvqeb@ibl,ba39ac93-7b7,130410,2024-03-16T02:50:48,Kerala,Gujarat,ICICI,Axis,0,clean
44412c68-852d-47,UPI0001003590,9boq0iq2@oksbi,45a62da6-105,mqg1ved3@ibl,9abe9954-38e,132402,2024-03-16T00:52:37,West Bengal,Tamil Nadu,SBI,ICICI,0,clean
9f170b39-de19-4b,UPI0001000093,td44k1j6@oksbi,e33499ff-738,0ubmc97c@axl,43852731-753,20671,2024-03-15T23:40:17,Maharashtra,Tamil Nadu,BOB,SBI,0,clean
3f6f3f2b-b20e-42,UPI0001000638,c8bbi4wi@axl,72e6b18a-a53,uu4ytn02@ibl,0dc94cab-d16,50871,2024-03-15T18:44:56,Gujarat,Karnataka,PNB,Kotak,0,clean
7674fe2c-51f1-4b,UPI0001003327,kns832ej@axl,1d7f27e2-928,zzf8s2zg@oksbi,7844cc4a-374,133010,2024-03-17T20:46:17,West Bengal,Tamil Nadu,BOB,PNB,0,clean
3d899070-4f8d-49,UPI0001000983,95g3v23g@icici,87088df9-723,ac6pe63l@ybl,fe6486c9-5e6,21144,2024-03-15T22:15:14,Kerala,Tamil Nadu,ICICI,Axis,0,clean
7dcc5289-0c6c-43,UPI0001003406,eyr8lnoe@upi,ae9b4688-14f,xzamkygv@apl,32a05e88-18a,74631,2024-03-18T11:10:29,Telangana,Telangana,BOB,BOB,0,clean
2a08e615-c16b-4d,UPI0001002780,j16dvtja@ybl,404bee3c-794,79flv1xx@paytm,dff63398-c9e,87609,2024-03-15T13:38:59,Karnataka,Kerala,Kotak,PNB,0,clean
aca7c5a3-9d35-4a,UPI0001004104,ly4lyk83@icici,d20ed545-b8a,uswrgvz9@ybl,c0de6a5e-0b9,136753,2024-03-17T05:10:32,Telangana,Kerala,SBI,SBI,0,clean
db6810fd-1157-46,UPI0001003173,h61iaoim@ybl,e6db924d-173,ulzfy981@icici,71106fca-bed,116979,2024-03-16T22:15:03,West Bengal,Kerala,ICICI,SBI,0,clean
b9ed95ae-8fe3-4b,UPI0001003384,79flv1xx@paytm,dff63398-c9e,c01arxab@apl,a094d57c-0e5,189343,2024-03-16T20:34:04,Kerala,Tamil Nadu,PNB,ICICI,0,clean
5a53e1cf-e0a5-4b,UPI0001001986,n4regb1a@paytm,29d0cf3a-270,su9rn8qt@icici,7a8c6645-05a,50837,2024-03-18T03:47:33,Gujarat,Karnataka,Axis,ICICI,0,clean
802bda4c-e35d-4b,UPI0001003149,tnqfll7v@ybl,e3cbc039-81c,9rr7s20c@oksbi,5df013ac-e29,11995,2024-03-15T14:59:04,Gujarat,Maharashtra,HDFC,Kotak,0,clean
f0c1ff42-ca2b-40,UPI0001002065,1g1r1dww@apl,2645ceb7-5d8,sqt26q3x@upi,730141f1-80f,156172,2024-03-17T19:18:20,Karnataka,Kerala,Axis,Kotak,0,clean
b7ccc65d-8857-46,UPI0001004330,hzn4kgeu@okaxis,10818e5f-69f,pgb7r3oc@ybl,1ff47666-0e3,63033,2024-03-18T03:53:58,Telangana,Telangana,BOB,HDFC,0,clean
5ec221b7-373c-4a,UPI0001003866,zr1yxr2d@okaxis,c1059074-ebc,h61iaoim@ybl,e6db924d-173,84819,2024-03-17T11:06:38,Karnataka,West Bengal,Axis,ICICI,0,clean
52dc5654-4a87-43,UPI0001003300,oi0e0vgn@ybl,f2b82c08-c17,5a5piskf@oksbi,2c0c791b-29d,70902,2024-03-18T01:51:50,West Bengal,Telangana,Axis,ICICI,0,clean
51ca716e-ad18-4f,UPI0001002323,6zpxvpbl@okaxis,aadb54c8-2d0,jcn9j3gc@okaxis,59d7c029-a96,190364,2024-03-17T13:33:37,Kerala,Tamil Nadu,Axis,Kotak,0,clean
ecf96f87-9732-43,UPI0001000883,1n0lh9p8@oksbi,3e215a9e-0c6,5xlk8wru@ybl,4c2dd6a9-8c7,188542,2024-03-16T02:28:27,Tamil Nadu,Karnataka,PNB,SBI,0,clean
906ab8b9-07a5-4c,UPI0001001531,2wgxo05q@apl,c1eb9500-3af,zmf8mdd4@paytm,d6a9a633-5ca,125632,2024-03-16T06:52:06,Karnataka,Tamil Nadu,Axis,BOB,0,clean
d76b9a01-ecde-43,UPI0001000731,hwy9hecg@axl,4c9f3ceb-6e3,d145bm1e@apl,2174d2e7-76b,197960,2024-03-15T21:36:27,Telangana,West Bengal,SBI,HDFC,0,clean
995f07c1-8431-4a,UPI0001004030,c8bbi4wi@axl,72e6b18a-a53,et8t63j3@axl,e4ac4b23-0d3,70267,2024-03-16T10:13:25,Gujarat,Karnataka,PNB,BOB,0,clean
b1bc68aa-3dea-46,UPI0001002934,0w064w3u@okaxis,815a78a7-e61,2lhgcsot@ibl,f3952d16-235,68524,2024-03-15T23:24:59,Maharashtra,Tamil Nadu,SBI,ICICI,0,clean
9c098e58-b4bf-41,UPI0001001695,siwjm2c8@axl,76415f9b-a77,ay64yfds@ibl,05351dc8-a9a,143784,2024-03-16T20:05:33,Tamil Nadu,Karnataka,Kotak,ICICI,0,clean
f8397579-161a-47,UPI0001004099,38diuovw@icici,83febe55-d55,04cdpqvl@oksbi,35f93717-d6d,129660,2024-03-17T11:23:36,Karnataka,Telangana,Axis,SBI,0,clean
a5ac784a-2169-41,UPI0001002367,pkyrybov@ybl,4f1e5710-28e,ouhtcs1k@ibl,7eebd174-73c,134923,2024-03-18T01:47:58,Maharashtra,Tamil Nadu,HDFC,HDFC,0,clean
bd7954b2-7ca0-4b,UPI0001002610,uswrgvz9@ybl,c0de6a5e-0b9,5s4tl0th@okaxis,b194fbf8-08e,23668,2024-03-15T13:54:09,Kerala,Gujarat,SBI,Kotak,0,clean
b494ac63-00fb-41,UPI0001004545,kqxlm5q2@axl,96141255-6de,lcxlvpym@ybl,f3fd02cd-2f8,156042,2024-03-18T05:34:52,West Bengal,Maharashtra,BOB,PNB,0,clean
c5adad7e-fc65-48,UPI0001001665,vgww4fyb@ibl,baf6a88b-8a5,j9rm7pyx@ibl,4a9e6a11-177,72665,2024-03-18T10:02:19,Tamil Nadu,Gujarat,HDFC,BOB,0,clean
52ce1ebc-ac78-4b,UPI0001003733,o2m71hss@ybl,6cafa98d-8f3,iwg0odwm@axl,b06871d7-817,162683,2024-03-15T18:15:00,Tamil Nadu,Gujarat,SBI,PNB,0,clean
b58c7b77-2358-48,UPI0001002754,0lthy25m@oksbi,3c04574b-b03,q8ghgbcy@okaxis,d3047a7e-914,151747,2024-03-15T20:29:53,Kerala,West Bengal,ICICI,BOB,0,clean
40bb2eee-ffa7-4f,UPI0001004687,nmby49e7@ibl,68a8ef6f-279,uuxk0are@ibl,7992b6ba-0fd,93982,2024-03-16T17:57:48,Kerala,Telangana,Axis,BOB,0,clean
1b657dcd-906f-41,UPI0001002143,a3kkrzd5@oksbi,e9b226cc-92f,8gl2zxjm@upi,dc036929-eff,103470,2024-03-16T15:06:22,Maharashtra,Maharashtra,ICICI,Axis,0,clean
770ec132-809a-45,UPI0001001711,r6n92xf8@oksbi,05a7b3f0-2b3,ildzmfb7@axl,9749e680-bdd,170327,2024-03-17T05:59:33,Gujarat,Maharashtra,Kotak,PNB,0,clean
5b6d1561-6936-42,UPI0001002856,au9dkbpv@upi,60186fb8-833,vgww4fyb@ibl,baf6a88b-8a5,52391,2024-03-16T13:32:18,Tamil Nadu,Tamil Nadu,PNB,HDFC,0,clean
f4ae2f56-2f28-4b,UPI0001003287,i04b7p47@ybl,a3267200-292,x4sn6sm5@axl,b28fc016-34a,40163,2024-03-15T23:13:32,Kerala,Kerala,BOB,BOB,0,clean
bcdad86a-4d8e-45,UPI0001001102,lq5v4ftq@paytm,15386809-9f2,52sq3b9s@apl,ec8fbf62-67f,151431,2024-03-15T11:28:29,Maharashtra,Gujarat,Kotak,PNB,0,clean
800ab493-a5a7-45,UPI0001000267,sdygflij@okaxis,f4e28f71-353,z09wftbg@upi,69681540-b97,21496,2024-03-18T01:00:47,Telangana,Kerala,Axis,Kotak,0,clean
6b86b512-b320-4e,UPI0001000251,r6k2vmww@oksbi,e85bb9a0-574,5xqt4p50@apl,23c3bfdf-dc6,157739,2024-03-16T02:19:51,Gujarat,Kerala,PNB,ICICI,0,clean
c4dda58f-ce0c-4c,UPI0001000073,ga0x7zcg@ibl,15bb3739-991,nmby49e7@ibl,68a8ef6f-279,6899,2024-03-17T20:59:49,Karnataka,Kerala,SBI,Axis,0,clean
e9de33d4-8d35-4b,UPI0001003432,o75rh8lx@ibl,08de2ce8-4d4,uhz1gv0e@oksbi,3097941d-05e,138341,2024-03-18T09:40:09,Karnataka,Tamil Nadu,PNB,ICICI,0,clean
c9842da2-52dd-4d,UPI0001001240,08j3trp0@paytm,6434509b-398,5xlk8wru@ybl,4c2dd6a9-8c7,175784,2024-03-15T22:43:02,Karnataka,Karnataka,ICICI,SBI,0,clean
e9859f8d-a14b-49,UPI0001003251,aiy4va13@ybl,143b620b-637,kns832ej@axl,1d7f27e2-928,144993,2024-03-16T14:09:18,Maharashtra,West Bengal,BOB,BOB,0,clean
c54ee7da-dcc0-4e,UPI0001004641,811kerpe@icici,c1a2cc6d-cfd,d6357oon@apl,5cbf8094-1fa,140339,2024-03-18T06:44:36,Maharashtra,Telangana,PNB,SBI,0,clean
353d618c-1e50-43,UPI0001000359,hkc856wp@axl,d4d7921f-c09,e1i1p0bq@ibl,3130fc81-4e9,121984,2024-03-16T05:00:27,Kerala,Tamil Nadu,SBI,Kotak,0,clean
d7263c21-a093-4c,UPI0001000787,aji0y6dp@ybl,db6e078e-7f2,vgww4fyb@ibl,baf6a88b-8a5,79300,2024-03-15T16:03:57,Tamil Nadu,Tamil Nadu,SBI,HDFC,0,clean
5af85972-c2e7-4d,UPI0001004329,a7sqrf1l@upi,03564e58-3fd,nfnvuprt@oksbi,1afaa772-d85,103694,2024-03-16T07:19:47,Tamil Nadu,Karnataka,ICICI,Kotak,0,clean
c56942b1-d04a-41,UPI0001002693,a7sqrf1l@upi,03564e58-3fd,vaj2k8xp@apl,90f01618-4ff,48312,2024-03-16T00:10:12,Tamil Nadu,Karnataka,ICICI,BOB,0,clean
7ac8ea65-475f-43,UPI0001004789,eyr8lnoe@upi,ae9b4688-14f,3o1icns8@axl,d6c09182-2d4,170443,2024-03-17T16:25:11,Telangana,Maharashtra,BOB,Kotak,0,clean
19ce8c17-098a-45,UPI0001000936,0w064w3u@okaxis,815a78a7-e61,9rk7d30m@upi,c9d13a46-21b,70073,2024-03-15T20:20:00,Maharashtra,Maharashtra,SBI,Axis,0,clean
bb676a8b-14a2-44,UPI0001004037,zb4ldims@paytm,37226f2a-c4f,ildzmfb7@axl,9749e680-bdd,67033,2024-03-16T21:54:36,Gujarat,Maharashtra,ICICI,PNB,0,clean
41074c6b-620b-43,UPI0001002740,tk63n2qb@okaxis,b1b0f143-ca6,kek4aegv@oksbi,6fca54c3-692,35390,2024-03-18T07:17:36,Maharashtra,West Bengal,ICICI,PNB,0,clean
96dfc68b-74be-47,UPI0001000934,wtg1m8xf@ibl,34f68cde-274,0lthy25m@oksbi,3c04574b-b03,175421,2024-03-17T01:09:52,Kerala,Kerala,HDFC,ICICI,0,clean
c083c743-2f39-47,UPI0001000410,n0jbzutr@oksbi,4a3fb95b-e6e,8k06moxs@oksbi,116067d7-992,106538,2024-03-16T12:26:19,Gujarat,Kerala,Kotak,HDFC,0,clean
13beeba9-8dc8-45,UPI0001003451,hx2kbvsi@oksbi,ebee6395-f0f,ixz2c9ro@icici,9e2471db-695,145347,2024-03-17T00:42:16,Tamil Nadu,Maharashtra,PNB,BOB,0,clean
cef58a6e-5f87-45,UPI0001001992,0ebkjf4a@axl,9005bc5c-f39,myzycwti@axl,40c797bc-53e,193081,2024-03-15T12:49:24,Karnataka,Tamil Nadu,PNB,Axis,0,clean
c231bf0b-202a-45,UPI0001003917,wr7mkgxu@paytm,f8967d89-388,5p5nvqeb@ibl,ba39ac93-7b7,21552,2024-03-18T05:39:29,Kerala,Gujarat,SBI,Axis,0,clean
521c99dc-ffa8-45,UPI0001004616,bfh024kw@paytm,4c7b95ce-541,bjlzy1uu@upi,382cfba4-cfb,101286,2024-03-16T09:37:35,Gujarat,Telangana,PNB,Kotak,0,clean
e0b62988-1125-4a,UPI0001002964,myzycwti@axl,40c797bc-53e,x9l8lpqw@paytm,879bbcd2-e77,147519,2024-03-17T05:36:24,Tamil Nadu,Kerala,Axis,Kotak,0,clean
3b4eb8b1-28a4-45,UPI0001000174,qhkswva9@upi,93e3cdef-acd,zmf8mdd4@paytm,d6a9a633-5ca,190645,2024-03-15T23:29:13,Maharashtra,Tamil Nadu,Kotak,BOB,0,clean
5bff9d14-f357-45,UPI0001003757,yv3lxchf@ybl,05438732-9d3,xaprpn6q@oksbi,fc297e6e-aa8,151323,2024-03-17T15:06:51,Tamil Nadu,Kerala,BOB,Axis,0,clean
fb482121-661d-42,UPI0001000108,sdnai89y@icici,66c63394-70b,hiuit7m1@axl,ac812895-0f0,90637,2024-03-16T04:53:28,Telangana,Karnataka,HDFC,PNB,0,clean
941f1ae3-5dab-44,UPI0001001997,l3wxdrlc@upi,38c6e804-3e7,yv2stn7e@icici,659a844c-450,70406,2024-03-15T21:28:28,Kerala,Karnataka,ICICI,Kotak,0,clean
b880fb21-d4e1-44,UPI0001002116,96khub2r@icici,8faab40b-0cf,5rdoqivb@paytm,dfee9bf2-48b,119839,2024-03-18T09:47:17,Karnataka,Telangana,SBI,Axis,0,clean
1eedea6a-3ca8-46,UPI0001000622,ufm8zov7@paytm,713db7ca-950,su9rn8qt@icici,7a8c6645-05a,54861,2024-03-18T02:32:29,Tamil Nadu,Karnataka,Kotak,ICICI,0,clean
e70b523d-44ce-45,UPI0001000722,ixz2c9ro@icici,9e2471db-695,hgbmfbuv@upi,aab2c0e3-bcd,12494,2024-03-17T04:13:28,Maharashtra,West Bengal,BOB,SBI,0,clean
81ef005b-738a-4e,UPI0001001041,tahukwqv@axl,c57bb97d-993,mpkxvhag@paytm,0a090c2a-c48,152866,2024-03-15T15:12:18,Tamil Nadu,Tamil Nadu,BOB,SBI,0,clean
0b931c60-d786-43,UPI0001001493,cjiwvhdk@apl,92a1d000-b37,xb94pdzp@ibl,1f77595a-0f7,90009,2024-03-17T22:06:53,West Bengal,Telangana,ICICI,ICICI,0,clean
fe6f47c0-1856-4e,UPI0001001640,eyr8lnoe@upi,ae9b4688-14f,z09wftbg@upi,69681540-b97,127704,2024-03-16T08:25:33,Telangana,Kerala,BOB,Kotak,0,clean
f6bfc4cd-997a-48,UPI0001004470,8gl2zxjm@upi,dc036929-eff,wr7mkgxu@paytm,f8967d89-388,76554,2024-03-15T18:54:33,Maharashtra,Kerala,Axis,SBI,0,clean
b585a6ae-c850-4f,UPI0001001607,0mqvindh@icici,d434bc72-c00,r6k2vmww@oksbi,e85bb9a0-574,97570,2024-03-15T13:17:38,Karnataka,Gujarat,PNB,PNB,0,clean
a57ffb3f-989e-48,UPI0001002986,t6om1fb8@ibl,593dec67-5f5,hy8nbiqu@axl,294c42d1-181,141596,2024-03-18T08:10:02,Gujarat,Kerala,ICICI,PNB,0,clean
fd763657-a493-49,UPI0001003111,wpaytxw1@ybl,a9a1d8cd-197,8xg8y72i@oksbi,958464e8-619,161552,2024-03-15T19:53:01,Telangana,Gujarat,PNB,Axis,0,clean
30f959f6-66c2-4f,UPI0001004761,1g1r1dww@apl,2645ceb7-5d8,t0mq8abk@ybl,9638e7a0-a3a,172257,2024-03-15T21:48:05,Karnataka,West Bengal,Axis,Kotak,0,clean
7e20a2d5-f8b5-49,UPI0001002306,fvl03dut@paytm,4d39a635-f9c,v1v93kmk@icici,10199d03-28f,175171,2024-03-18T09:16:47,Gujarat,Gujarat,Kotak,HDFC,0,clean
d29f0efd-2c49-49,UPI0001001322,ppsfnkom@ybl,ac7006a0-31d,9rk7d30m@upi,c9d13a46-21b,12194,2024-03-17T00:29:09,Gujarat,Maharashtra,BOB,Axis,0,clean
e2ff4797-4210-47,UPI0001004607,ufm8zov7@paytm,713db7ca-950,2jwoclyt@upi,92c5bab8-7ba,135142,2024-03-15T22:55:36,Tamil Nadu,Telangana,Kotak,PNB,0,clean
ebc53df6-53fe-43,UPI0001003003,vgww4fyb@ibl,baf6a88b-8a5,reiyaz39@apl,75d4c470-c88,186453,2024-03-16T02:36:32,Tamil Nadu,Karnataka,HDFC,PNB,0,clean
174fbb1e-68de-47,UPI0001000143,xcdyk0x6@oksbi,952171cb-bbd,ge094d6r@axl,323f67af-ede,15838,2024-03-16T04:50:29,Gujarat,West Bengal,ICICI,HDFC,0,clean
d92f49fc-d02c-40,UPI0001000131,xxbw01pd@ibl,76fbf235-4af,zbcgjc36@apl,a45a1f06-4cb,72151,2024-03-17T15:41:35,Maharashtra,Telangana,SBI,Axis,0,clean
d80360ae-6c47-48,UPI0001002179,w7kyhqin@upi,79bd47f7-d48,xivzk7a4@paytm,4fddfea1-8cf,124666,2024-03-15T14:47:27,Telangana,Maharashtra,Kotak,HDFC,0,clean
6b911506-9dae-49,UPI0001002355,3dd03uvu@upi,cf3db828-3cc,wtg1m8xf@ibl,34f68cde-274,189969,2024-03-15T19:48:49,Tamil Nadu,Kerala,PNB,HDFC,0,clean
6c750501-e777-4f,UPI0001001595,s8q349dx@ybl,f92d00fe-76e,ifrml29q@ybl,7e962fc5-e68,193034,2024-03-17T14:05:26,Telangana,Tamil Nadu,HDFC,ICICI,0,clean
92469243-3ff7-4e,UPI0001001921,9mda9oek@upi,3941c113-d9b,eaxylnfx@paytm,17fca863-f60,104886,2024-03-16T23:04:18,Gujarat,Kerala,Kotak,ICICI,0,clean
1b93ea19-f7ba-40,UPI0001003093,g10ur5l8@ybl,d0c45167-d84,xxbw01pd@ibl,76fbf235-4af,154824,2024-03-17T03:23:43,Tamil Nadu,Maharashtra,HDFC,SBI,0,clean
1a40015a-e450-49,UPI0001000333,u9n79gil@upi,388edc83-947,2g05kbkv@upi,95960706-af3,148102,2024-03-17T16:35:48,Karnataka,Telangana,Kotak,ICICI,0,clean
574f4de4-8f79-45,UPI0001002424,091c795r@upi,e21f0d08-204,7dia5u6h@ibl,cc9a4f84-3ff,95535,2024-03-16T00:36:16,Karnataka,Gujarat,BOB,PNB,0,clean
c4b40856-285a-4e,UPI0001003331,reiyaz39@apl,75d4c470-c88,04chsdin@okaxis,7193a5d0-081,90005,2024-03-16T04:44:57,Karnataka,Tamil Nadu,PNB,Kotak,0,clean
65cc6ad4-d885-46,UPI0001003729,a04ux5qr@upi,8029a269-faa,sxlul6lg@paytm,0d49bdb5-2c0,90481,2024-03-18T06:01:13,West Bengal,Tamil Nadu,Kotak,Kotak,0,clean
d1dbe3a1-7282-43,UPI0001003298,gh2m5zja@okaxis,835cb61e-36d,2wgxo05q@apl,c1eb9500-3af,188920,2024-03-16T20:53:55,Maharashtra,Karnataka,SBI,Axis,0,clean
0d3c6645-72e8-4e,UPI0001003266,k2n7h9g1@ybl,917fb905-ca8,5e5iz31y@axl,9bc82871-9c1,153739,2024-03-15T23:09:34,Telangana,Maharashtra,PNB,HDFC,0,clean
4a0bdd1d-e03b-43,UPI0001002866,xf7kzorq@axl,8a77df8c-2c4,kuuhclrr@ibl,9658742d-f26,195040,2024-03-15T11:21:59,Tamil Nadu,West Bengal,Kotak,Kotak,0,clean
15bd8561-c328-4f,UPI0001003559,53sflse4@ybl,35771e25-0a2,0me8f840@apl,d2acd40e-25c,171336,2024-03-16T07:02:44,Kerala,Maharashtra,HDFC,BOB,0,clean
7e3094ff-67dc-46,UPI0001002988,c2ihoy7d@paytm,e4f996dd-100,a5xin9dl@icici,ad258476-426,144981,2024-03-16T04:36:17,Tamil Nadu,Tamil Nadu,BOB,SBI,0,clean
c4583315-f3d9-40,UPI0001003081,nbhnal3g@ybl,b9a38cd2-91b,urvqt3g8@ibl,7b0d2a9d-0f8,56098,2024-03-16T07:39:07,Telangana,Gujarat,PNB,Kotak,0,clean
d407e00c-fa83-49,UPI0001004389,jy62zeeq@upi,2197e198-4e7,zbcgjc36@apl,a45a1f06-4cb,40939,2024-03-17T16:27:58,Tamil Nadu,Telangana,SBI,Axis,0,clean
b79ef345-f8eb-4f,UPI0001004752,x7pwo6cm@upi,2500e1a0-89a,ophgft4m@apl,403938ca-605,86778,2024-03-17T01:05:16,Karnataka,Telangana,ICICI,HDFC,0,clean
45ece232-20aa-49,UPI0001004525,s8q349dx@ybl,f92d00fe-76e,4vssrura@upi,955c4234-bff,170029,2024-03-16T14:40:57,Telangana,Gujarat,HDFC,PNB,0,clean
d3dffd2c-6160-41,UPI0001003499,webnvg5v@upi,e2bf96c9-371,zb4ldims@paytm,37226f2a-c4f,135114,2024-03-15T15:45:44,Telangana,Gujarat,ICICI,ICICI,0,clean
00aa7092-dd35-4b,UPI0001000769,l3wxdrlc@upi,38c6e804-3e7,hkc856wp@axl,d4d7921f-c09,180850,2024-03-16T09:11:47,Kerala,Kerala,ICICI,SBI,0,clean
b4feb36f-159d-4f,UPI0001003847,qxm0632c@paytm,fc67a622-d29,yxtxmgtt@okaxis,7c6e58d5-652,195476,2024-03-17T13:59:15,Tamil Nadu,Tamil Nadu,Kotak,BOB,0,clean
c21e2a76-1548-49,UPI0001003662,zbffzzdv@okaxis,7664c07f-020,6xlpu0dk@apl,2966c875-264,68218,2024-03-17T19:59:19,Maharashtra,Tamil Nadu,SBI,HDFC,0,clean
f68c9fbe-e013-4e,UPI0001003960,9ltajw25@okaxis,2443c8c7-7e8,p7r1m264@ibl,61dacc37-3af,31536,2024-03-16T18:06:54,West Bengal,Kerala,PNB,Axis,0,clean
981e865a-fd80-4d,UPI0001002857,239moft6@axl,0f7c79b6-edf,a2m0w10l@ybl,956dfb24-447,113601,2024-03-17T10:51:13,Karnataka,Gujarat,ICICI,ICICI,0,clean
ac9a7142-56eb-4f,UPI0001000424,jfvyb6li@axl,93910c55-ea9,yc3rwqmm@icici,8b3a52b5-76e,65415,2024-03-15T23:50:33,Karnataka,Tamil Nadu,ICICI,Kotak,0,clean
8a056324-2d27-49,UPI0001001774,8qoagsus@upi,701c0d10-59a,70e3p15a@okaxis,d87ecdc6-34f,33608,2024-03-17T06:49:28,Kerala,Karnataka,SBI,SBI,0,clean
193b8356-fcb5-43,UPI0001004004,m41qesla@okaxis,f826568b-9f5,ej31gymd@upi,213b8037-53d,105590,2024-03-17T22:56:44,Kerala,Telangana,Axis,HDFC,0,clean
aa9b1adc-13fd-41,UPI0001002377,mb1l6314@ibl,d40c7f91-9fe,ph6fe0mp@oksbi,a9ee26ae-49a,122015,2024-03-16T16:29:20,Kerala,Gujarat,ICICI,HDFC,0,clean
fe5dad0c-b871-44,UPI0001002418,w7kyhqin@upi,79bd47f7-d48,gspk9p38@axl,b85df010-58f,79196,2024-03-16T04:14:16,Telangana,West Bengal,Kotak,ICICI,0,clean
2976ed7e-1843-48,UPI0001001584,dtv25ao2@icici,9e8d1dde-c69,x1gm32wp@okaxis,56954669-560,116992,2024-03-16T05:59:54,Tamil Nadu,Kerala,HDFC,HDFC,0,clean
c39504ea-041f-4f,UPI0001004837,wviac2e4@axl,ef581a18-a36,5e5iz31y@axl,9bc82871-9c1,78031,2024-03-16T20:49:29,Kerala,Maharashtra,PNB,HDFC,0,clean
3feda302-d7d5-49,UPI0001004528,vgox22in@okaxis,9d6a6b21-955,78imoe0s@okaxis,0248c411-18c,126477,2024-03-17T00:29:33,Kerala,Tamil Nadu,Axis,Axis,0,clean
e8c3aff1-45b6-4b,UPI0001001159,hkc856wp@axl,d4d7921f-c09,0cdk36m8@paytm,e75380e3-936,87987,2024-03-18T05:19:42,Kerala,Tamil Nadu,SBI,HDFC,0,clean
24978f82-ec1c-45,UPI0001000393,udojen0j@apl,f8265746-bc4,x9l8lpqw@paytm,879bbcd2-e77,170131,2024-03-17T08:51:52,West Bengal,Kerala,BOB,Kotak,0,clean
0e2fec06-bcd0-43,UPI0001004594,3o1icns8@axl,d6c09182-2d4,vpw232ut@icici,10888114-863,147185,2024-03-16T13:15:02,Maharashtra,Gujarat,Kotak,HDFC,0,clean
06d42994-725d-4c,UPI0001001199,dz4x1zhq@okaxis,d5b7dcd0-c5f,myr06nkw@oksbi,9b3bd143-106,153753,2024-03-18T04:17:45,Telangana,Maharashtra,Axis,BOB,0,clean
6ed05547-8c8b-47,UPI0001000679,tqlgzui1@ybl,109f1976-af5,i6yuj7yk@icici,f03c391e-8f7,36323,2024-03-17T22:42:09,West Bengal,Tamil Nadu,ICICI,Kotak,0,clean
410e0147-f6e9-49,UPI0001004774,hyexf7jx@paytm,855c736c-1a1,ej31gymd@upi,213b8037-53d,66893,2024-03-17T06:51:10,Telangana,Telangana,SBI,HDFC,0,clean
f957cd5b-a358-45,UPI0001000070,hyexf7jx@paytm,855c736c-1a1,uuxk0are@ibl,7992b6ba-0fd,57649,2024-03-16T02:52:18,Telangana,Telangana,SBI,BOB,0,clean
4879f2a9-c8a2-45,UPI0001004370,s43c5ba7@upi,6a3a3aa8-5af,mxb9yo18@apl,59117312-cf3,35956,2024-03-15T13:08:16,Karnataka,Gujarat,Kotak,SBI,0,clean
8c9656d1-adf4-46,UPI0001000008,myzycwti@axl,40c797bc-53e,9xuy41ib@upi,8a87cb9e-052,506376,2024-03-15T10:31:18,Tamil Nadu,Rajasthan,Axis,Axis,1,L0→L1
2474a5eb-a11d-45,UPI0001004626,jy62zeeq@upi,2197e198-4e7,wovcxek4@apl,be18dda5-608,161526,2024-03-15T19:50:09,Tamil Nadu,Karnataka,SBI,PNB,0,clean
1e35fbd8-b2ef-4b,UPI0001003194,tx63cfl0@paytm,ac541769-490,9mda9oek@upi,3941c113-d9b,93263,2024-03-17T09:11:01,Tamil Nadu,Gujarat,Axis,Kotak,0,clean
897df6d7-1974-46,UPI0001004128,vqy5ibpt@ybl,6254431b-8f0,ymk99jcj@apl,c716a5a8-fe4,122051,2024-03-15T21:35:37,Tamil Nadu,Maharashtra,HDFC,BOB,0,clean
38621f1f-a51c-4a,UPI0001003938,t6om1fb8@ibl,593dec67-5f5,udojen0j@apl,f8265746-bc4,153024,2024-03-16T23:24:40,Gujarat,West Bengal,ICICI,BOB,0,clean
56ce82a1-7d77-4e,UPI0001001050,oq2zdo74@ibl,c1cf6d05-d52,hiuit7m1@axl,ac812895-0f0,88341,2024-03-16T08:06:27,West Bengal,Karnataka,BOB,PNB,0,clean
5d1b25ea-3e3f-45,UPI0001002613,j9rm7pyx@ibl,4a9e6a11-177,k2n7h9g1@ybl,917fb905-ca8,14145,2024-03-17T18:02:35,Gujarat,Telangana,BOB,PNB,0,clean
c41b1dee-ca9b-43,UPI0001001148,091c795r@upi,e21f0d08-204,1yjfe8ud@icici,54c54ed4-726,180838,2024-03-16T16:40:20,Karnataka,Maharashtra,BOB,ICICI,0,clean
c2c2c13e-8a51-4e,UPI0001002396,e1i1p0bq@ibl,3130fc81-4e9,qxm0632c@paytm,fc67a622-d29,199322,2024-03-16T20:41:07,Tamil Nadu,Tamil Nadu,Kotak,Kotak,0,clean
7cdf71a1-e03a-41,UPI0001004106,w9zyn6sj@ybl,3c3c1190-4fb,jae58hux@oksbi,d23b9c8f-278,142447,2024-03-16T08:19:20,Telangana,West Bengal,ICICI,BOB,0,clean
b784297d-09e3-4f,UPI0001000990,jdm5fc79@upi,a083e671-4cd,0me8f840@apl,d2acd40e-25c,4416,2024-03-16T05:19:55,Maharashtra,Maharashtra,Kotak,BOB,0,clean
3034dc66-165a-4f,UPI0001000949,z09wftbg@upi,69681540-b97,irym81cm@oksbi,4956140d-046,37029,2024-03-16T23:59:09,Kerala,Tamil Nadu,Kotak,PNB,0,clean
e3b95d33-7dd0-4b,UPI0001003734,b7v1w4k2@icici,6a37d574-e6f,i6yuj7yk@icici,f03c391e-8f7,143251,2024-03-17T04:25:48,Karnataka,Tamil Nadu,ICICI,Kotak,0,clean
ec00ce52-97a5-4c,UPI0001003843,xlez896d@apl,1f77ec31-a37,9rr7s20c@oksbi,5df013ac-e29,195398,2024-03-18T01:13:47,Telangana,Maharashtra,Kotak,Kotak,0,clean
155b9d77-461f-48,UPI0001004384,nqdxamw2@icici,0ec40a2e-3f7,qxm0632c@paytm,fc67a622-d29,180285,2024-03-17T09:39:07,Gujarat,Tamil Nadu,Kotak,Kotak,0,clean
d49e01d3-2be5-46,UPI0001003963,x1gm32wp@okaxis,56954669-560,uzpeal2w@upi,05950436-fc1,102315,2024-03-15T19:30:30,Kerala,Telangana,HDFC,SBI,0,clean
0f2d325b-7ba3-45,UPI0001001367,x1gm32wp@okaxis,56954669-560,i7kq1uym@axl,bdef7217-228,97372,2024-03-16T12:48:36,Kerala,West Bengal,HDFC,BOB,0,clean
26cdef02-3a84-4c,UPI0001001833,qhkswva9@upi,93e3cdef-acd,td44k1j6@oksbi,e33499ff-738,104825,2024-03-15T19:42:05,Maharashtra,Maharashtra,Kotak,BOB,0,clean
39a08361-57f6-43,UPI0001003741,78imoe0s@okaxis,0248c411-18c,3o1icns8@axl,d6c09182-2d4,63410,2024-03-17T23:01:11,Tamil Nadu,Maharashtra,Axis,Kotak,0,clean
83983cc9-c713-41,UPI0001000065,9v20yar8@okaxis,d55a6885-690,siwjm2c8@axl,76415f9b-a77,114335,2024-03-16T15:27:59,Tamil Nadu,Tamil Nadu,PNB,Kotak,0,clean
5947412b-4d82-43,UPI0001004656,8xg8y72i@oksbi,958464e8-619,iwg0odwm@axl,b06871d7-817,144286,2024-03-15T20:05:29,Gujarat,Gujarat,Axis,PNB,0,clean
38fecfde-b723-4e,UPI0001003865,6wpx2cyo@icici,8e6b6450-5a7,snwywrra@icici,2981fe0d-fe0,63197,2024-03-16T21:56:26,West Bengal,Karnataka,BOB,Axis,0,clean
6fb35469-93ec-44,UPI0001004736,je2ab2rv@upi,8cc02af2-3b1,il8sa3id@upi,0ff28a1c-817,65222,2024-03-18T11:08:17,West Bengal,Gujarat,BOB,SBI,0,clean
6acca19e-b15e-45,UPI0001001560,td44k1j6@oksbi,e33499ff-738,19qzpniq@oksbi,10d15b04-d6f,94055,2024-03-17T15:31:28,Maharashtra,Tamil Nadu,BOB,ICICI,0,clean
391e126a-a3dd-46,UPI0001003826,fuu5f07b@axl,d7955ac1-ec5,m92h3tv3@okaxis,56581c10-823,84299,2024-03-18T07:07:59,Telangana,West Bengal,HDFC,ICICI,0,clean
3ce08ce8-48ca-46,UPI0001000036,iiuc039t@oksbi,33371112-6be,755nf4zw@icici,e6517933-f12,182574,2024-03-15T10:34:30,Rajasthan,Rajasthan,HDFC,SBI,1,L1→L2
03649935-521e-48,UPI0001001954,17mgfxc0@ybl,cf96bd32-f7f,8ra484nl@paytm,bb2eba83-a1c,139419,2024-03-16T12:45:13,Gujarat,Gujarat,SBI,Axis,0,clean
2b6db5d7-896c-49,UPI0001000872,mxb9yo18@apl,59117312-cf3,b7l8v1zo@ibl,60eb54ed-9d1,80285,2024-03-16T00:36:42,Gujarat,Gujarat,SBI,ICICI,0,clean
cdfde3e3-e355-42,UPI0001003493,9mda9oek@upi,3941c113-d9b,e9vifttd@ibl,afcf7781-db7,47654,2024-03-16T05:50:38,Gujarat,Telangana,Kotak,Axis,0,clean
3d08f78d-2685-4e,UPI0001002456,lcxlvpym@ybl,f3fd02cd-2f8,uswbkok3@axl,7f90cc04-8a6,166974,2024-03-16T04:43:24,Maharashtra,Tamil Nadu,PNB,HDFC,0,clean
d949fe30-8ff1-4e,UPI0001003036,aiy4va13@ybl,143b620b-637,6wpx2cyo@icici,8e6b6450-5a7,139111,2024-03-16T18:44:47,Maharashtra,West Bengal,BOB,BOB,0,clean
77331162-fe05-40,UPI0001001030,xie0rnuj@paytm,7c49cd93-294,kek4aegv@oksbi,6fca54c3-692,50611,2024-03-15T11:53:52,Maharashtra,West Bengal,PNB,PNB,0,clean
31d92d04-d01c-46,UPI0001002620,fuu5f07b@axl,d7955ac1-ec5,l3zyt91q@oksbi,8cf20348-4b6,144754,2024-03-18T05:38:26,Telangana,Maharashtra,HDFC,SBI,0,clean
89437372-f70d-4b,UPI0001001348,lboriq8h@paytm,d1aedf8e-b07,n14eb875@paytm,d2688e7f-3c2,88748,2024-03-16T00:16:02,West Bengal,Gujarat,HDFC,SBI,0,clean
23f2bf4b-aa27-46,UPI0001004372,ofas1ekt@axl,de630927-308,hrrpzlk3@ibl,8b84e2d0-e1e,149508,2024-03-17T22:14:38,Maharashtra,West Bengal,BOB,SBI,0,clean
6c8adaef-851d-4c,UPI0001003039,4j3dab42@okaxis,528a0fca-b7e,zzqy72wx@okaxis,5d610321-34c,121401,2024-03-18T08:52:52,Karnataka,Maharashtra,BOB,Axis,0,clean
2eb4f080-93da-4b,UPI0001000570,i4fqcoot@apl,69d84931-b15,gq9cvah7@apl,9226d90b-2a1,99350,2024-03-16T07:29:53,West Bengal,Gujarat,HDFC,Kotak,0,clean
45eeff2c-3aab-4b,UPI0001004454,a7sqrf1l@upi,03564e58-3fd,jae58hux@oksbi,d23b9c8f-278,163087,2024-03-17T03:22:20,Tamil Nadu,West Bengal,ICICI,BOB,0,clean
5100c2de-53b8-4c,UPI0001002089,nmby49e7@ibl,68a8ef6f-279,w83y0mah@ibl,9ca3624a-117,2374,2024-03-17T07:14:05,Kerala,Karnataka,Axis,ICICI,0,clean
32c0227f-e223-42,UPI0001001818,tuw6taq6@upi,409c06a8-91d,9iy4x41d@apl,e541dc70-08b,26400,2024-03-17T00:28:26,Gujarat,Karnataka,Axis,Axis,0,clean
98bd836b-93f6-45,UPI0001003522,wovcxek4@apl,be18dda5-608,x2toowt9@apl,e738b31f-0c3,131049,2024-03-17T22:50:50,Karnataka,Kerala,PNB,SBI,0,clean
308c1ab6-524f-41,UPI0001004810,gh2m5zja@okaxis,835cb61e-36d,o57p6bkl@ibl,a0f35ea4-53a,142175,2024-03-15T13:24:04,Maharashtra,Tamil Nadu,SBI,Kotak,0,clean
33446895-6526-47,UPI0001003923,p2fmr0tj@apl,e15d55b9-ba9,7dia5u6h@ibl,cc9a4f84-3ff,11966,2024-03-16T09:35:10,Karnataka,Gujarat,Kotak,PNB,0,clean
8761d0e3-89ce-4b,UPI0001001464,vpw232ut@icici,10888114-863,eyr8lnoe@upi,ae9b4688-14f,101564,2024-03-17T22:52:19,Gujarat,Telangana,HDFC,BOB,0,clean
a6bf3dee-4dfe-4c,UPI0001003784,c7d2kd1p@apl,044bb7dc-666,ld4d6af5@oksbi,c6d92344-f08,16096,2024-03-18T00:15:39,West Bengal,Kerala,BOB,SBI,0,clean
c058877d-9c7b-44,UPI0001001290,ezqacj4t@icici,8eb3737e-59f,q1rdxck3@icici,ca1e97cd-4e6,113506,2024-03-18T06:33:42,West Bengal,Telangana,Axis,HDFC,0,clean
a17c918f-157c-44,UPI0001004631,pkyrybov@ybl,4f1e5710-28e,xf5gzpl1@axl,2fa2cb90-de4,99300,2024-03-15T16:37:35,Maharashtra,West Bengal,HDFC,ICICI,0,clean
032738c9-38f7-4e,UPI0001002793,fvl03dut@paytm,4d39a635-f9c,bngz6wmd@axl,de032811-f29,194158,2024-03-16T08:28:23,Gujarat,Kerala,Kotak,PNB,0,clean
d32f908d-89c5-42,UPI0001004222,bfh024kw@paytm,4c7b95ce-541,5hcbbmhn@axl,d47e844a-967,152516,2024-03-15T16:36:24,Gujarat,Karnataka,PNB,Kotak,0,clean
6c5d8a75-2aff-40,UPI0001001242,ejzhyapd@icici,fc2bbd6e-bd4,wr7mkgxu@paytm,f8967d89-388,19365,2024-03-17T05:41:43,Telangana,Kerala,ICICI,SBI,0,clean
b17821f7-f986-4a,UPI0001000052,aztkszp7@oksbi,bd9daf6b-41d,1oxrwk8r@apl,0051a9ea-fd9,26206,2024-03-16T17:17:26,Tamil Nadu,Karnataka,SBI,ICICI,0,clean
dd164ce5-f73b-44,UPI0001001658,u9n79gil@upi,388edc83-947,gm25len6@axl,0b265512-1b8,26681,2024-03-18T08:07:13,Karnataka,Gujarat,Kotak,Axis,0,clean
952a87be-7e9a-41,UPI0001004439,04chsdin@okaxis,7193a5d0-081,7y2lofn1@axl,075bde03-879,35960,2024-03-16T22:35:46,Tamil Nadu,Maharashtra,Kotak,HDFC,0,clean
12aad99d-420a-48,UPI0001001704,jtb9xxay@apl,893cdd77-540,sb4gf16y@ibl,b39346ac-8d2,8910,2024-03-18T03:25:51,Gujarat,Telangana,Axis,HDFC,0,clean
054bfb2c-bde2-43,UPI0001003972,jcitfoyq@ybl,56227fb1-a5a,4ivsolml@oksbi,3f8344dd-51d,26959,2024-03-17T10:28:04,Karnataka,Telangana,HDFC,SBI,0,clean
82bceffc-38ee-48,UPI0001003504,iwg0odwm@axl,b06871d7-817,5xlk8wru@ybl,4c2dd6a9-8c7,59622,2024-03-16T05:52:06,Gujarat,Karnataka,PNB,SBI,0,clean
eef9acbc-c6d1-47,UPI0001003484,il8sa3id@upi,0ff28a1c-817,xcdyk0x6@oksbi,952171cb-bbd,43336,2024-03-16T02:48:03,Gujarat,Gujarat,SBI,ICICI,0,clean
5c819c1a-f14c-4b,UPI0001002192,y4lmct64@oksbi,c2a29e5d-a8f,udojen0j@apl,f8265746-bc4,45698,2024-03-17T12:05:40,West Bengal,West Bengal,BOB,BOB,0,clean
6b78ca57-82d1-47,UPI0001002705,uplvqexu@okaxis,33e404df-c0a,d145bm1e@apl,2174d2e7-76b,47803,2024-03-16T15:10:22,Karnataka,West Bengal,BOB,HDFC,0,clean
a9f4727d-d0bf-41,UPI0001000545,gu3obygh@oksbi,b3e30a41-88d,0ebkjf4a@axl,9005bc5c-f39,56372,2024-03-16T17:00:47,Tamil Nadu,Karnataka,ICICI,PNB,0,clean
cbbee06d-7379-48,UPI0001000354,vqyiy1sy@oksbi,692618fb-a65,p7r1m264@ibl,61dacc37-3af,177474,2024-03-17T13:21:19,Gujarat,Kerala,ICICI,Axis,0,clean
e7c3865f-b712-45,UPI0001002745,2qc6dr08@ibl,edc4c65a-097,kicjn2fo@upi,1c3c8bbe-fc6,102494,2024-03-16T08:06:10,West Bengal,Kerala,PNB,SBI,0,clean
4595f60c-bf0e-43,UPI0001003948,hxid4n1u@apl,5830f07f-146,0lthy25m@oksbi,3c04574b-b03,53663,2024-03-17T11:46:30,Kerala,Kerala,BOB,ICICI,0,clean
b58ad953-9545-4f,UPI0001003834,m92h3tv3@okaxis,56581c10-823,239moft6@axl,0f7c79b6-edf,9027,2024-03-18T00:48:39,West Bengal,Karnataka,ICICI,ICICI,0,clean
77f0d8bc-1168-49,UPI0001004567,lhlb50at@apl,0232feb6-0e5,6kvpuc8d@okaxis,09e9b54f-d22,110790,2024-03-18T00:50:29,West Bengal,Telangana,ICICI,PNB,0,clean
16a7bf8b-fffe-45,UPI0001001163,zr1yxr2d@okaxis,c1059074-ebc,4vssrura@upi,955c4234-bff,151910,2024-03-17T17:53:13,Karnataka,Gujarat,Axis,PNB,0,clean
dc48c5de-58eb-4e,UPI0001004450,8bfqnpce@upi,96c75168-b52,nn8ztv05@ibl,b38f2bd8-1fb,137527,2024-03-16T14:07:44,Telangana,Karnataka,Axis,BOB,0,clean
22ec4c40-215b-43,UPI0001004563,2ei9212p@okaxis,bf8daac7-444,4ivsolml@oksbi,3f8344dd-51d,155028,2024-03-18T09:39:24,Kerala,Telangana,SBI,SBI,0,clean
8295cde5-ceeb-4a,UPI0001001304,ve3dzeed@okaxis,e8f965a5-a64,0w064w3u@okaxis,815a78a7-e61,84645,2024-03-16T20:24:11,Kerala,Maharashtra,Kotak,SBI,0,clean
be768f15-7e14-43,UPI0001002312,mx3y9rge@axl,10c50102-d01,xivzk7a4@paytm,4fddfea1-8cf,149737,2024-03-16T10:56:51,Kerala,Maharashtra,SBI,HDFC,0,clean
ea0ec9b4-c286-4c,UPI0001001336,7gu0env5@icici,f2e7fec2-ac8,ccprhvlz@upi,e917e480-79b,118194,2024-03-17T15:44:36,West Bengal,Telangana,Axis,Axis,0,clean
bc176c89-cc83-4a,UPI0001004171,jtgq01te@ibl,f43f6c1a-19d,wusxlmt2@axl,cdd27bc1-dc1,61799,2024-03-17T14:05:59,Tamil Nadu,Gujarat,ICICI,ICICI,0,clean
1e3a43c7-7fed-43,UPI0001002027,d145bm1e@apl,2174d2e7-76b,38diuovw@icici,83febe55-d55,181606,2024-03-17T07:56:29,West Bengal,Karnataka,HDFC,Axis,0,clean
ce817251-2508-4a,UPI0001001961,9yecazrp@oksbi,388259e0-08a,7azv2efu@ibl,68d7613a-6e9,113689,2024-03-16T09:58:01,Maharashtra,Telangana,SBI,SBI,0,clean
433c3ecd-eea8-48,UPI0001002987,wr7mkgxu@paytm,f8967d89-388,sic43olf@ybl,9553f767-1f2,191730,2024-03-15T11:25:25,Kerala,Karnataka,SBI,PNB,0,clean
ade03e9f-4d30-40,UPI0001002022,5a5piskf@oksbi,2c0c791b-29d,nmkza3oa@ybl,e74929a0-019,83966,2024-03-17T09:14:43,Telangana,Karnataka,ICICI,Kotak,0,clean
94ec21b0-c7e1-45,UPI0001004396,td44k1j6@oksbi,e33499ff-738,1zxyvgiu@okaxis,855b24d8-016,79725,2024-03-15T19:43:15,Maharashtra,Gujarat,BOB,ICICI,0,clean
3000b80c-eb5c-4d,UPI0001001228,sygjjfgj@paytm,333e6ba7-55b,bjlzy1uu@upi,382cfba4-cfb,162367,2024-03-17T13:34:02,Kerala,Telangana,Axis,Kotak,0,clean
9e5dd0b6-512e-44,UPI0001003602,7y2lofn1@axl,075bde03-879,e9vifttd@ibl,afcf7781-db7,115285,2024-03-17T13:01:01,Maharashtra,Telangana,HDFC,Axis,0,clean
0a5fa96d-2fdf-40,UPI0001002680,xcdyk0x6@oksbi,952171cb-bbd,aji0y6dp@ybl,db6e078e-7f2,100070,2024-03-16T00:44:48,Gujarat,Tamil Nadu,ICICI,SBI,0,clean
02e85c1e-9e9b-4a,UPI0001003456,vgww4fyb@ibl,baf6a88b-8a5,mx3y9rge@axl,10c50102-d01,81771,2024-03-17T20:48:11,Tamil Nadu,Kerala,HDFC,SBI,0,clean
fc7ec999-7286-48,UPI0001002848,ad7x48wz@ibl,f694d29f-aad,m2vajepe@ibl,242b4c68-da5,38559,2024-03-17T12:33:40,Tamil Nadu,Tamil Nadu,SBI,Axis,0,clean
6df259e0-27e2-4b,UPI0001004657,0me8f840@apl,d2acd40e-25c,jcitfoyq@ybl,56227fb1-a5a,161755,2024-03-17T14:10:33,Maharashtra,Karnataka,BOB,HDFC,0,clean
d74b14bb-c523-41,UPI0001002920,9ku8s63e@apl,c9b6fdb8-698,lq5v4ftq@paytm,15386809-9f2,159387,2024-03-18T06:01:40,Maharashtra,Maharashtra,SBI,Kotak,0,clean
d0d22c54-8c1c-49,UPI0001002093,2wgxo05q@apl,c1eb9500-3af,rc6zs62y@oksbi,f17ab0c6-4a0,102321,2024-03-16T07:23:12,Karnataka,Karnataka,Axis,SBI,0,clean
9cf92a9d-d74a-43,UPI0001001553,q1s05wnw@upi,8ed524ee-6d2,td44k1j6@oksbi,e33499ff-738,111666,2024-03-18T07:18:24,Maharashtra,Maharashtra,PNB,BOB,0,clean
bc8e7332-72db-4f,UPI0001003071,fvl03dut@paytm,4d39a635-f9c,je2ab2rv@upi,8cc02af2-3b1,41133,2024-03-15T17:49:20,Gujarat,West Bengal,Kotak,BOB,0,clean
14863d06-4a8f-44,UPI0001001698,sxlul6lg@paytm,0d49bdb5-2c0,9ryllwb7@icici,786ee19f-951,117374,2024-03-16T13:41:20,Tamil Nadu,Gujarat,Kotak,SBI,0,clean
b3e8a3d1-db3e-4d,UPI0001002726,vqyiy1sy@oksbi,692618fb-a65,safyh1fk@paytm,7814c846-782,17141,2024-03-17T22:01:39,Gujarat,Tamil Nadu,ICICI,HDFC,0,clean
2820de08-f20a-4a,UPI0001000230,ftaxp0wf@apl,c8a9e7b7-950,la100qxm@ibl,b9b04561-3db,66367,2024-03-18T03:59:42,Gujarat,Telangana,Kotak,BOB,0,clean
236c2dfc-d469-41,UPI0001002628,ay64yfds@ibl,05351dc8-a9a,u7fbmenu@okaxis,2b0e6e2e-1f6,99031,2024-03-17T00:23:35,Karnataka,Kerala,ICICI,ICICI,0,clean
f78372cd-5dec-48,UPI0001000341,2jwoclyt@upi,92c5bab8-7ba,jng7l4lr@ibl,01fe3c1a-6f8,12321,2024-03-18T03:36:32,Telangana,Kerala,PNB,Axis,0,clean
0388cb3d-7ef8-4e,UPI0001003903,fr91ipwh@upi,0e051c39-642,yv3lxchf@ybl,05438732-9d3,163396,2024-03-17T19:26:26,West Bengal,Tamil Nadu,SBI,BOB,0,clean
f63fa9fc-863a-4c,UPI0001000537,ywp0rxxf@icici,536cc49c-7b9,8gl2zxjm@upi,dc036929-eff,178312,2024-03-16T04:33:15,Kerala,Maharashtra,Kotak,Axis,0,clean
ca07ef00-28de-44,UPI0001003390,50e6mpsj@ibl,86246ac8-756,grf1hx6z@ibl,40f8aee9-d31,41996,2024-03-15T11:34:39,West Bengal,Telangana,Axis,SBI,0,clean
2ab0783f-7cbb-4b,UPI0001001309,60plozjc@upi,d72284a1-243,d6357oon@apl,5cbf8094-1fa,68134,2024-03-16T21:46:55,West Bengal,Telangana,SBI,SBI,0,clean
cc3dd381-bedc-41,UPI0001001631,i7kq1uym@axl,bdef7217-228,6befflzm@icici,db593e75-f7b,97716,2024-03-18T10:53:45,West Bengal,Kerala,BOB,ICICI,0,clean
93f90f0b-e310-4b,UPI0001001654,93wxa73j@oksbi,dd8493a4-c29,a3kkrzd5@oksbi,e9b226cc-92f,79866,2024-03-15T17:43:14,Kerala,Maharashtra,ICICI,ICICI,0,clean
40e78727-cc47-4f,UPI0001004270,yc3rwqmm@icici,8b3a52b5-76e,qvs8a0tp@axl,964a35db-404,192917,2024-03-18T08:45:13,Tamil Nadu,Telangana,Kotak,Kotak,0,clean
ed284d10-2323-41,UPI0001002918,gyw6zbnz@axl,9552ed81-97b,38diuovw@icici,83febe55-d55,67483,2024-03-18T02:32:51,Karnataka,Karnataka,Kotak,Axis,0,clean
d22b94b7-07d3-4c,UPI0001003592,9i6uu13i@oksbi,8752282f-7ab,cjiwvhdk@apl,92a1d000-b37,173709,2024-03-18T01:41:47,Kerala,West Bengal,PNB,ICICI,0,clean
d98a76ff-ae45-49,UPI0001003157,khzlm72j@ibl,d5592af3-889,os6zle6k@okaxis,eafa0ae5-1d9,124288,2024-03-16T00:56:53,West Bengal,Karnataka,Kotak,HDFC,0,clean
ceb11f45-a4d9-47,UPI0001003850,xb94pdzp@ibl,1f77595a-0f7,61bw4a7f@axl,69e6f60e-2f1,1194,2024-03-15T13:07:54,Telangana,Maharashtra,ICICI,SBI,0,clean
b8dd5aef-efe7-40,UPI0001000697,ay64yfds@ibl,05351dc8-a9a,je2ab2rv@upi,8cc02af2-3b1,90780,2024-03-16T04:47:47,Karnataka,West Bengal,ICICI,BOB,0,clean
571b4b2b-997c-40,UPI0001004438,b7l8v1zo@ibl,60eb54ed-9d1,safyh1fk@paytm,7814c846-782,82601,2024-03-16T08:09:32,Gujarat,Tamil Nadu,ICICI,HDFC,0,clean
e6f1ed7c-4934-43,UPI0001003460,vkyrmjlj@paytm,170acc6e-133,2wbxanj4@upi,bfa5558d-959,7845,2024-03-15T15:05:50,Gujarat,Karnataka,HDFC,BOB,0,clean
7a0c67ca-0395-40,UPI0001004238,c8bbi4wi@axl,72e6b18a-a53,nbhnal3g@ybl,b9a38cd2-91b,9175,2024-03-18T05:38:53,Gujarat,Telangana,PNB,PNB,0,clean
ba01dbe3-bcc7-4f,UPI0001003475,z2t4h20r@ybl,d41e17b8-b9f,j16dvtja@ybl,404bee3c-794,32705,2024-03-17T17:20:29,Tamil Nadu,Karnataka,HDFC,Kotak,0,clean
222bb077-a9b6-40,UPI0001003188,myzycwti@axl,40c797bc-53e,sqt26q3x@upi,730141f1-80f,109992,2024-03-15T16:35:20,Tamil Nadu,Kerala,Axis,Kotak,0,clean
38727390-ccda-4e,UPI0001004226,9yecazrp@oksbi,388259e0-08a,zbffzzdv@okaxis,7664c07f-020,41414,2024-03-17T15:10:19,Maharashtra,Maharashtra,SBI,SBI,0,clean
bde2f09d-e86c-43,UPI0001002996,x0h3jujd@okaxis,58d8b5c6-ef9,z6us7rp4@ibl,a8bc7367-673,82696,2024-03-15T16:37:07,Telangana,Karnataka,HDFC,Kotak,0,clean
c1c9ae67-39fc-49,UPI0001000874,myr06nkw@oksbi,9b3bd143-106,kuuhclrr@ibl,9658742d-f26,95234,2024-03-18T06:08:23,Maharashtra,West Bengal,BOB,Kotak,0,clean
9be8cd9f-abcb-49,UPI0001000765,al8m1g9f@paytm,f6b9e535-824,yv3lxchf@ybl,05438732-9d3,15266,2024-03-15T22:52:30,Maharashtra,Tamil Nadu,BOB,BOB,0,clean
fda1dbf0-5cd1-4d,UPI0001003571,5e5iz31y@axl,9bc82871-9c1,xyjoa21a@oksbi,27c58270-7c1,183347,2024-03-17T17:40:52,Maharashtra,Karnataka,HDFC,PNB,0,clean
4752adcb-b63d-4c,UPI0001000842,0kgazu41@ybl,deda1626-f82,0t9nt3w5@okaxis,da315726-456,41297,2024-03-16T18:44:30,Maharashtra,Tamil Nadu,HDFC,PNB,0,clean
2b903182-60f6-44,UPI0001003962,gspk9p38@axl,b85df010-58f,r94sz2ku@ybl,3c8e10be-1ce,30761,2024-03-17T15:27:19,West Bengal,Telangana,ICICI,Axis,0,clean
b6c2afbd-23eb-41,UPI0001001672,0q0mftg6@ybl,1c02f161-954,ifrml29q@ybl,7e962fc5-e68,139541,2024-03-17T22:36:43,Gujarat,Tamil Nadu,Kotak,ICICI,0,clean
d8345054-7f24-44,UPI0001004318,v1v93kmk@icici,10199d03-28f,7gu0env5@icici,f2e7fec2-ac8,19734,2024-03-18T10:20:22,Gujarat,West Bengal,HDFC,Axis,0,clean
2076912a-198e-43,UPI0001003316,wjeyub19@icici,2328b533-d95,9jpnbzug@okaxis,0fd97e8e-b69,153466,2024-03-16T11:45:50,Karnataka,Telangana,Axis,PNB,0,clean
5493543e-bfdf-44,UPI0001000841,5hcbbmhn@axl,d47e844a-967,fvl03dut@paytm,4d39a635-f9c,40794,2024-03-17T14:37:58,Karnataka,Gujarat,Kotak,Kotak,0,clean
55349bd9-e79d-40,UPI0001003789,kns832ej@axl,1d7f27e2-928,2wgxo05q@apl,c1eb9500-3af,20980,2024-03-18T02:23:19,West Bengal,Karnataka,BOB,Axis,0,clean
0a06285b-5346-4d,UPI0001001267,wsozctwj@paytm,06c76465-950,5p5nvqeb@ibl,ba39ac93-7b7,36615,2024-03-16T00:58:07,Maharashtra,Gujarat,SBI,Axis,0,clean
4288760e-aef6-4a,UPI0001000304,d9fkxzuu@axl,1433fde1-1dd,ytwbozd1@ybl,9637a7ac-2e7,161176,2024-03-16T20:03:20,Tamil Nadu,Tamil Nadu,PNB,Kotak,0,clean
6a4231b6-cdfa-4e,UPI0001000747,ymk99jcj@apl,c716a5a8-fe4,cqse3tv1@oksbi,3efd782c-6ec,131528,2024-03-17T20:39:38,Maharashtra,Gujarat,BOB,Axis,0,clean
43a9a659-45eb-4a,UPI0001000295,i6yuj7yk@icici,f03c391e-8f7,9mda9oek@upi,3941c113-d9b,62062,2024-03-17T23:28:22,Tamil Nadu,Gujarat,Kotak,Kotak,0,clean
952596bc-3158-48,UPI0001002148,61bw4a7f@axl,69e6f60e-2f1,7y2lofn1@axl,075bde03-879,55352,2024-03-18T08:10:06,Maharashtra,Maharashtra,SBI,HDFC,0,clean
f2809dbe-5463-4f,UPI0001003692,7oxk8c1g@axl,46b23fe2-5eb,fqjja26y@oksbi,51114166-54e,142137,2024-03-17T15:12:33,Telangana,Kerala,Axis,SBI,0,clean
b3b12674-18ed-4a,UPI0001003989,vt997e4u@upi,6ffdcb98-a38,9ryllwb7@icici,786ee19f-951,121761,2024-03-17T21:39:02,Gujarat,Gujarat,Kotak,SBI,0,clean
4178c681-da21-42,UPI0001000901,1uu7zy6t@apl,d28e8866-080,19qzpniq@oksbi,10d15b04-d6f,85601,2024-03-15T18:10:52,Tamil Nadu,Tamil Nadu,BOB,ICICI,0,clean
3756f5b9-bb1e-4c,UPI0001004506,vqy5ibpt@ybl,6254431b-8f0,hiuit7m1@axl,ac812895-0f0,11572,2024-03-17T21:43:22,Tamil Nadu,Karnataka,HDFC,PNB,0,clean
11086ece-5cb4-40,UPI0001004371,9bp4m18o@upi,2e0f0c6a-2ee,sqt26q3x@upi,730141f1-80f,181001,2024-03-16T12:19:29,Gujarat,Kerala,SBI,Kotak,0,clean
b9f445a8-0631-45,UPI0001003124,x4sn6sm5@axl,b28fc016-34a,iwg0odwm@axl,b06871d7-817,169577,2024-03-18T08:39:17,Kerala,Gujarat,BOB,PNB,0,clean
be938b9d-10e5-44,UPI0001002603,1zxyvgiu@okaxis,855b24d8-016,ophgft4m@apl,403938ca-605,10063,2024-03-16T23:38:33,Gujarat,Telangana,ICICI,HDFC,0,clean
812a45a8-062e-40,UPI0001004229,z09wftbg@upi,69681540-b97,dtm4vxjj@ibl,52136084-c7a,17694,2024-03-17T20:40:25,Kerala,Tamil Nadu,Kotak,ICICI,0,clean
e163b536-9baa-4d,UPI0001003303,ad7x48wz@ibl,f694d29f-aad,ouhtcs1k@ibl,7eebd174-73c,114948,2024-03-17T10:06:30,Tamil Nadu,Tamil Nadu,SBI,HDFC,0,clean
e05b464f-4182-40,UPI0001004356,ay64yfds@ibl,05351dc8-a9a,9bp4m18o@upi,2e0f0c6a-2ee,191654,2024-03-16T18:06:17,Karnataka,Gujarat,ICICI,SBI,0,clean
2f50209b-ef1e-41,UPI0001000098,e9vifttd@ibl,afcf7781-db7,xaprpn6q@oksbi,fc297e6e-aa8,61403,2024-03-18T05:11:21,Telangana,Kerala,Axis,Axis,0,clean
bcae3551-7a60-4b,UPI0001000344,1zdfkblc@upi,58478899-90d,48c1cqg4@apl,88ccb91c-dbb,132474,2024-03-15T12:37:47,Tamil Nadu,Tamil Nadu,ICICI,BOB,0,clean
00374209-8b6b-42,UPI0001004446,pgb7r3oc@ybl,1ff47666-0e3,4vssrura@upi,955c4234-bff,185727,2024-03-17T13:42:51,Telangana,Gujarat,HDFC,PNB,0,clean
5685ef2c-8bc3-44,UPI0001000409,0ui22kx7@apl,0cb4a777-b67,wjeyub19@icici,2328b533-d95,116405,2024-03-17T07:26:51,Karnataka,Karnataka,Axis,Axis,0,clean
cb4a7134-c744-44,UPI0001004142,p2fmr0tj@apl,e15d55b9-ba9,0ubmc97c@axl,43852731-753,30988,2024-03-16T11:59:11,Karnataka,Tamil Nadu,Kotak,SBI,0,clean
dac5a415-1c26-4a,UPI0001002885,hx74d0gj@ybl,5db7e9f0-084,znv0h0gq@ibl,2b7b25ce-4e9,17508,2024-03-17T09:58:37,Maharashtra,Gujarat,BOB,HDFC,0,clean
98d74953-a0ce-44,UPI0001002619,mx3y9rge@axl,10c50102-d01,kicjn2fo@upi,1c3c8bbe-fc6,78734,2024-03-16T17:00:55,Kerala,Kerala,SBI,SBI,0,clean
c7cf0abb-72dd-49,UPI0001003752,z6us7rp4@ibl,a8bc7367-673,y4lmct64@oksbi,c2a29e5d-a8f,2668,2024-03-16T19:39:31,Karnataka,West Bengal,Kotak,BOB,0,clean
acdb9850-30e6-42,UPI0001002541,6kvpuc8d@okaxis,09e9b54f-d22,zbffzzdv@okaxis,7664c07f-020,13306,2024-03-15T11:12:16,Telangana,Maharashtra,PNB,SBI,0,clean
4f5d4b45-5ecd-4b,UPI0001003910,kqxlm5q2@axl,96141255-6de,jy62zeeq@upi,2197e198-4e7,71770,2024-03-16T12:49:03,West Bengal,Tamil Nadu,BOB,SBI,0,clean
d1fe148d-6ab4-4b,UPI0001004692,rkmby9ip@ybl,f5ed200a-714,6xlpu0dk@apl,2966c875-264,88215,2024-03-16T08:54:25,Maharashtra,Tamil Nadu,HDFC,HDFC,0,clean
1f2933c8-0c3c-4f,UPI0001004219,qhkswva9@upi,93e3cdef-acd,f6a4fejg@ybl,0ab1b956-6ec,109102,2024-03-17T23:02:55,Maharashtra,West Bengal,Kotak,HDFC,0,clean
f431b590-e798-48,UPI0001002248,y8fv2bc2@upi,0b17743a-244,0v2zp4ju@upi,32db899d-85a,177004,2024-03-18T00:57:50,Gujarat,Telangana,ICICI,HDFC,0,clean
ec5c3fca-5ebd-4c,UPI0001000844,ildzmfb7@axl,9749e680-bdd,vaj2k8xp@apl,90f01618-4ff,71143,2024-03-15T23:58:42,Maharashtra,Karnataka,PNB,BOB,0,clean
93d547a5-c975-4e,UPI0001004279,tkcd0rle@okaxis,ba81f20d-2be,z6us7rp4@ibl,a8bc7367-673,173049,2024-03-17T22:29:25,Gujarat,Karnataka,SBI,Kotak,0,clean
de76d0d8-7362-49,UPI0001001564,m41qesla@okaxis,f826568b-9f5,uzpeal2w@upi,05950436-fc1,166416,2024-03-18T01:57:57,Kerala,Telangana,Axis,SBI,0,clean
8fa783dd-a225-4f,UPI0001002704,ivuzzpqk@ybl,1175d2fb-cc9,zh13cd5g@upi,227ab300-e54,142220,2024-03-16T04:35:42,Tamil Nadu,Tamil Nadu,BOB,HDFC,0,clean
a2152c59-81c3-4d,UPI0001001749,fgzvrctl@icici,8e73c27c-e02,xf7kzorq@axl,8a77df8c-2c4,29967,2024-03-17T22:59:26,Karnataka,Tamil Nadu,BOB,Kotak,0,clean
0f7998e4-bc17-48,UPI0001000621,wusxlmt2@axl,cdd27bc1-dc1,nn8ztv05@ibl,b38f2bd8-1fb,132724,2024-03-17T03:56:28,Gujarat,Karnataka,ICICI,BOB,0,clean
9371a18a-7ffe-41,UPI0001002784,mb1l6314@ibl,d40c7f91-9fe,n14eb875@paytm,d2688e7f-3c2,30838,2024-03-17T04:25:20,Kerala,Gujarat,ICICI,SBI,0,clean
ee5de416-3d3f-46,UPI0001004169,lzse99f7@oksbi,ce4481c5-154,wjeyub19@icici,2328b533-d95,92618,2024-03-17T15:46:57,Karnataka,Karnataka,ICICI,Axis,0,clean
33e73af9-83eb-4b,UPI0001003153,ay64yfds@ibl,05351dc8-a9a,q1s05wnw@upi,8ed524ee-6d2,82356,2024-03-18T10:15:20,Karnataka,Maharashtra,ICICI,PNB,0,clean
9fc5fec3-75b1-46,UPI0001003323,mqg1ved3@ibl,9abe9954-38e,xlez896d@apl,1f77ec31-a37,37747,2024-03-16T01:35:23,Tamil Nadu,Telangana,ICICI,Kotak,0,clean
3126852c-37fb-44,UPI0001002855,8ra484nl@paytm,bb2eba83-a1c,kicjn2fo@upi,1c3c8bbe-fc6,173965,2024-03-18T06:18:28,Gujarat,Kerala,Axis,SBI,0,clean
9c24abaa-2e08-4d,UPI0001000523,ybisbo55@paytm,0adcc0b2-719,gspk9p38@axl,b85df010-58f,79528,2024-03-17T17:34:06,Kerala,West Bengal,ICICI,ICICI,0,clean
b597f499-83a5-4a,UPI0001001982,a04ux5qr@upi,8029a269-faa,kns832ej@axl,1d7f27e2-928,35874,2024-03-17T01:13:25,West Bengal,West Bengal,Kotak,BOB,0,clean
d341fa1d-c472-47,UPI0001002227,5p5nvqeb@ibl,ba39ac93-7b7,nmby49e7@ibl,68a8ef6f-279,73137,2024-03-18T04:06:26,Gujarat,Kerala,Axis,Axis,0,clean
3bbc7d7a-17b0-47,UPI0001004799,siwjm2c8@axl,76415f9b-a77,z09wftbg@upi,69681540-b97,41275,2024-03-18T05:42:22,Tamil Nadu,Kerala,Kotak,Kotak,0,clean
2373f8f9-078c-4b,UPI0001004813,2jwoclyt@upi,92c5bab8-7ba,1uu7zy6t@apl,d28e8866-080,87772,2024-03-16T03:20:48,Telangana,Tamil Nadu,PNB,BOB,0,clean
21424d90-b432-48,UPI0001000501,mx3y9rge@axl,10c50102-d01,q1rdxck3@icici,ca1e97cd-4e6,194175,2024-03-18T11:13:43,Kerala,Telangana,SBI,HDFC,0,clean
d55d5d90-bfc8-4c,UPI0001000558,a2m0w10l@ybl,956dfb24-447,4j3dab42@okaxis,528a0fca-b7e,99641,2024-03-17T09:50:38,Gujarat,Karnataka,ICICI,BOB,0,clean
a06f987c-7830-45,UPI0001002091,ufm8zov7@paytm,713db7ca-950,5e5iz31y@axl,9bc82871-9c1,56278,2024-03-16T06:04:00,Tamil Nadu,Maharashtra,Kotak,HDFC,0,clean
2eab3524-a8f6-40,UPI0001002341,89k8yqk9@axl,5e7722a1-6f3,pgb7r3oc@ybl,1ff47666-0e3,43811,2024-03-17T01:51:06,Telangana,Telangana,SBI,HDFC,0,clean
59ff4dc5-e35b-40,UPI0001000292,17mgfxc0@ybl,cf96bd32-f7f,ivrocvit@icici,40e259ef-b8c,85236,2024-03-17T13:13:13,Gujarat,Telangana,SBI,BOB,0,clean
711b0fef-e82a-48,UPI0001004174,7azv2efu@ibl,68d7613a-6e9,ga0x7zcg@ibl,15bb3739-991,160127,2024-03-15T14:33:09,Telangana,Karnataka,SBI,SBI,0,clean
be2e6e62-14ac-4b,UPI0001004291,qzxebb9e@okaxis,8ebd5aae-250,znv0h0gq@ibl,2b7b25ce-4e9,68924,2024-03-18T10:27:39,West Bengal,Gujarat,Kotak,HDFC,0,clean
5b0bbefa-f8a5-45,UPI0001001775,sb4gf16y@ibl,b39346ac-8d2,f5gcl9lc@axl,07d8fa8c-cff,22249,2024-03-18T02:41:25,Telangana,Telangana,HDFC,ICICI,0,clean
5d3561c4-3e2e-4c,UPI0001004730,sdnai89y@icici,66c63394-70b,5rtwiyki@ibl,58346645-d7d,175551,2024-03-16T00:41:41,Telangana,Gujarat,HDFC,Axis,0,clean
d134802e-e072-4c,UPI0001000491,w2lm349e@upi,52515f9c-046,7w7jp61l@oksbi,7f32ed98-3eb,99164,2024-03-17T07:54:11,West Bengal,Gujarat,Kotak,BOB,0,clean
a0afe82e-8a2b-4f,UPI0001004346,f5gcl9lc@axl,07d8fa8c-cff,9bp4m18o@upi,2e0f0c6a-2ee,147530,2024-03-15T16:51:10,Telangana,Gujarat,ICICI,SBI,0,clean
cc6b7c34-267c-42,UPI0001002826,239moft6@axl,0f7c79b6-edf,12ii826g@axl,2a541c5a-adb,115880,2024-03-15T18:40:03,Karnataka,Maharashtra,ICICI,Axis,0,clean
ebfcc0f8-b404-4b,UPI0001003892,c01arxab@apl,a094d57c-0e5,60plozjc@upi,d72284a1-243,110328,2024-03-16T15:24:40,Tamil Nadu,West Bengal,ICICI,SBI,0,clean
25ec2c44-ab41-4d,UPI0001000898,xyjoa21a@oksbi,27c58270-7c1,2sds8b25@icici,bd9e7438-8f4,866,2024-03-17T07:10:38,Karnataka,Telangana,PNB,ICICI,0,clean
9d93379c-8b12-43,UPI0001003207,wr7mkgxu@paytm,f8967d89-388,jtgq01te@ibl,f43f6c1a-19d,188491,2024-03-17T19:00:16,Kerala,Tamil Nadu,SBI,ICICI,0,clean
692ef5a2-e002-4f,UPI0001002390,9mda9oek@upi,3941c113-d9b,7rb1s9dw@ibl,fdf65419-e86,192131,2024-03-16T19:40:42,Gujarat,Tamil Nadu,Kotak,PNB,0,clean
0fe58c46-a880-48,UPI0001002718,5x8a5fbu@apl,a870d6ed-72c,hxid4n1u@apl,5830f07f-146,78654,2024-03-17T06:24:47,West Bengal,Kerala,Kotak,BOB,0,clean
7ddba6fc-93fb-47,UPI0001000887,css9toqw@upi,5ff36244-509,myr06nkw@oksbi,9b3bd143-106,104700,2024-03-18T02:13:34,Maharashtra,Maharashtra,ICICI,BOB,0,clean
54d134f0-40de-43,UPI0001000634,k0ucc1m3@apl,18efcd83-447,a3kkrzd5@oksbi,e9b226cc-92f,168537,2024-03-15T23:54:44,Gujarat,Maharashtra,BOB,ICICI,0,clean
4656de37-7345-4b,UPI0001000007,bikcidkw@upi,f7982aa6-df8,c6uzhr5x@oksbi,cfb89590-9fa,500941,2024-03-15T10:30:33,Tamil Nadu,Rajasthan,HDFC,ICICI,1,L0→L1
b6ab096e-4325-4c,UPI0001000408,h61iaoim@ybl,e6db924d-173,c7d2kd1p@apl,044bb7dc-666,54274,2024-03-18T08:09:50,West Bengal,West Bengal,ICICI,BOB,0,clean
17622341-1588-46,UPI0001003065,ezjsszwd@icici,4d45d924-039,pb8z3v6d@okaxis,080f17ae-0d9,180968,2024-03-15T19:00:38,Telangana,Gujarat,SBI,PNB,0,clean
d87cdac2-e53a-4d,UPI0001001762,pd2tsxtv@upi,30954f8d-335,xorzpgu2@okaxis,150b1c69-9d5,166143,2024-03-15T17:20:12,Gujarat,Kerala,ICICI,ICICI,0,clean
b4d5fde4-7643-43,UPI0001004464,p2fmr0tj@apl,e15d55b9-ba9,stn3cpud@axl,4a22d1fb-5bc,139712,2024-03-17T01:01:19,Karnataka,Tamil Nadu,Kotak,Axis,0,clean
d98b61f2-3a6d-4e,UPI0001003027,6xlpu0dk@apl,2966c875-264,md270stl@apl,05beb72c-5c8,132452,2024-03-16T19:04:51,Tamil Nadu,West Bengal,HDFC,Axis,0,clean
f477dd5b-1a17-49,UPI0001002142,ymk99jcj@apl,c716a5a8-fe4,iwg0odwm@axl,b06871d7-817,98364,2024-03-18T09:29:25,Maharashtra,Gujarat,BOB,PNB,0,clean
b1251fd7-a6ec-42,UPI0001001192,safyh1fk@paytm,7814c846-782,1yjfe8ud@icici,54c54ed4-726,79769,2024-03-16T18:07:32,Tamil Nadu,Maharashtra,HDFC,ICICI,0,clean
d130c30c-81fa-48,UPI0001001538,vn1x2gdg@paytm,b8323e22-9c7,ywp0rxxf@icici,536cc49c-7b9,7550,2024-03-16T15:26:38,West Bengal,Kerala,Axis,Kotak,0,clean
2a3e3124-9486-4b,UPI0001000931,c2htmqwy@icici,f56a4c57-7ae,i6yuj7yk@icici,f03c391e-8f7,31524,2024-03-17T09:29:59,West Bengal,Tamil Nadu,BOB,Kotak,0,clean
c045c0ec-55a9-4a,UPI0001004471,tx63cfl0@paytm,ac541769-490,rflqbmae@apl,a2a8bd54-d6e,183352,2024-03-15T20:16:12,Tamil Nadu,Karnataka,Axis,Kotak,0,clean
c0a4e95e-a107-44,UPI0001002293,1oxrwk8r@apl,0051a9ea-fd9,qzsa7yvd@axl,3c3a17d9-186,115588,2024-03-16T19:01:25,Karnataka,Tamil Nadu,ICICI,SBI,0,clean
d78d4d3a-8278-43,UPI0001003434,o57p6bkl@ibl,a0f35ea4-53a,7gu0env5@icici,f2e7fec2-ac8,190017,2024-03-18T00:16:59,Tamil Nadu,West Bengal,Kotak,Axis,0,clean
2acab5cd-0e36-41,UPI0001003034,xxbw01pd@ibl,76fbf235-4af,szjnvc7h@axl,e08eea9e-3fa,69475,2024-03-16T08:10:51,Maharashtra,Telangana,SBI,BOB,0,clean
30a5ff75-d823-46,UPI0001004635,k12v2tg5@apl,3903da2e-a66,sqt26q3x@upi,730141f1-80f,168104,2024-03-16T10:01:43,Telangana,Kerala,Axis,Kotak,0,clean
9a5efad2-8749-47,UPI0001001090,zr1yxr2d@okaxis,c1059074-ebc,m2vajepe@ibl,242b4c68-da5,47660,2024-03-17T03:57:50,Karnataka,Tamil Nadu,Axis,Axis,0,clean
99d59c26-ba40-46,UPI0001003562,yc3rwqmm@icici,8b3a52b5-76e,ev361xsn@ybl,253a3b26-f4f,195830,2024-03-16T08:15:00,Tamil Nadu,Gujarat,Kotak,PNB,0,clean
982718e0-3757-4b,UPI0001004608,s5nkb4eh@apl,7ed57be9-1ec,tqlgzui1@ybl,109f1976-af5,169721,2024-03-16T23:27:06,Karnataka,West Bengal,Kotak,ICICI,0,clean
ffc168e5-4483-43,UPI0001002074,rc6zs62y@oksbi,f17ab0c6-4a0,gspk9p38@axl,b85df010-58f,189971,2024-03-16T03:01:04,Karnataka,West Bengal,SBI,ICICI,0,clean
6624df63-82be-44,UPI0001002748,k7y6qxds@oksbi,368e12fa-90b,nipar0zj@icici,1e76c35b-bdc,132746,2024-03-16T00:05:45,Telangana,Telangana,BOB,Kotak,0,clean
8286f82d-4947-42,UPI0001000071,ouhtcs1k@ibl,7eebd174-73c,5x8a5fbu@apl,a870d6ed-72c,24284,2024-03-15T13:00:42,Tamil Nadu,West Bengal,HDFC,Kotak,0,clean
ae7c0ab1-0842-48,UPI0001003122,o119xp9n@apl,84e5cbf1-b6a,hx2kbvsi@oksbi,ebee6395-f0f,24148,2024-03-16T04:01:18,Maharashtra,Tamil Nadu,Axis,PNB,0,clean
3d0d2020-505b-43,UPI0001001694,ay64yfds@ibl,05351dc8-a9a,9rr7s20c@oksbi,5df013ac-e29,147782,2024-03-15T21:58:15,Karnataka,Maharashtra,ICICI,Kotak,0,clean
74cd71e2-e75d-44,UPI0001000702,2wgxo05q@apl,c1eb9500-3af,1ieixwc4@axl,078dcd14-8a1,185061,2024-03-16T03:42:31,Karnataka,Tamil Nadu,Axis,Kotak,0,clean
302b4676-cc49-4a,UPI0001004085,gq9cvah7@apl,9226d90b-2a1,fewvznvk@icici,93ff3503-d85,118089,2024-03-16T15:31:00,Gujarat,Kerala,Kotak,Kotak,0,clean
62305be8-2003-4d,UPI0001003321,qzsa7yvd@axl,3c3a17d9-186,u7u6n7hv@okaxis,1c4fe2d7-dac,8361,2024-03-18T07:11:43,Tamil Nadu,Tamil Nadu,SBI,SBI,0,clean
db9e2bb3-1900-43,UPI0001001363,961j88qe@apl,08348a0c-8d8,q57te8tv@axl,fbac67aa-dd8,28318,2024-03-16T16:12:17,Telangana,Telangana,Kotak,PNB,0,clean
4ac88ec8-840b-42,UPI0001004173,0v2zp4ju@upi,32db899d-85a,eaxylnfx@paytm,17fca863-f60,23340,2024-03-18T04:53:52,Telangana,Kerala,HDFC,ICICI,0,clean
fcbd6d58-c5bc-4e,UPI0001000187,9ku8s63e@apl,c9b6fdb8-698,la100qxm@ibl,b9b04561-3db,182699,2024-03-16T00:17:59,Maharashtra,Telangana,SBI,BOB,0,clean
750dd9b1-db53-42,UPI0001003121,kqxlm5q2@axl,96141255-6de,7w7jp61l@oksbi,7f32ed98-3eb,31374,2024-03-17T21:01:29,West Bengal,Gujarat,BOB,BOB,0,clean
58e15a37-1555-4d,UPI0001004668,i7kq1uym@axl,bdef7217-228,o83rlkte@axl,d9bc569f-b59,107679,2024-03-17T23:32:06,West Bengal,Kerala,BOB,BOB,0,clean
84bbf8c2-d6df-40,UPI0001003464,tkcd0rle@okaxis,ba81f20d-2be,nmkza3oa@ybl,e74929a0-019,170011,2024-03-18T00:58:56,Gujarat,Karnataka,SBI,Kotak,0,clean
735ad91b-705b-42,UPI0001001740,ftaxp0wf@apl,c8a9e7b7-950,x1gm32wp@okaxis,56954669-560,41783,2024-03-17T15:41:11,Gujarat,Kerala,Kotak,HDFC,0,clean
5db4545b-fae5-4b,UPI0001001676,a83ru7my@apl,88c32907-0d3,9t199dxj@ybl,95e891ca-aea,171808,2024-03-17T16:19:46,Karnataka,West Bengal,SBI,BOB,0,clean
d2a24627-383a-4a,UPI0001004468,lfzkicwm@axl,de2ef3f1-ab7,aacosym0@paytm,7cd0e4eb-ec5,34255,2024-03-16T12:58:33,Kerala,Kerala,SBI,HDFC,0,clean
b5db10b1-3848-4e,UPI0001002073,snwywrra@icici,2981fe0d-fe0,jtb9xxay@apl,893cdd77-540,198809,2024-03-18T10:32:56,Karnataka,Gujarat,Axis,Axis,0,clean
c672c38a-2052-46,UPI0001003176,ildzmfb7@axl,9749e680-bdd,dn5gjj8m@oksbi,daefad95-27b,3051,2024-03-15T15:04:59,Maharashtra,Kerala,PNB,Axis,0,clean
7fbb88e3-b3c4-42,UPI0001001036,xcdyk0x6@oksbi,952171cb-bbd,sic43olf@ybl,9553f767-1f2,114762,2024-03-17T10:48:54,Gujarat,Karnataka,ICICI,PNB,0,clean
8924b1b7-7d1e-42,UPI0001002198,4c3baewc@oksbi,165a3feb-cd2,2ei9212p@okaxis,bf8daac7-444,103949,2024-03-15T13:42:42,Tamil Nadu,Kerala,SBI,SBI,0,clean
aacd978d-c425-49,UPI0001004123,qkojtpv6@upi,9097f736-c0b,dtm4vxjj@ibl,52136084-c7a,152730,2024-03-17T08:57:12,Tamil Nadu,Tamil Nadu,Kotak,ICICI,0,clean
5d515141-dff4-48,UPI0001002393,rlf8a9ke@axl,0a10972f-813,au9dkbpv@upi,60186fb8-833,76201,2024-03-17T02:04:44,Kerala,Tamil Nadu,PNB,PNB,0,clean
98a5ca8f-6cc5-46,UPI0001004243,ezqacj4t@icici,8eb3737e-59f,wpaytxw1@ybl,a9a1d8cd-197,66843,2024-03-17T05:03:43,West Bengal,Telangana,Axis,PNB,0,clean
a0075884-8307-49,UPI0001000401,e1i1p0bq@ibl,3130fc81-4e9,myzycwti@axl,40c797bc-53e,188621,2024-03-18T04:34:05,Tamil Nadu,Tamil Nadu,Kotak,Axis,0,clean
cf7668da-9807-4f,UPI0001000221,5a5piskf@oksbi,2c0c791b-29d,y8fv2bc2@upi,0b17743a-244,88571,2024-03-18T02:02:51,Telangana,Gujarat,ICICI,ICICI,0,clean
4707d94c-b065-44,UPI0001001241,kuuhclrr@ibl,9658742d-f26,pkyrybov@ybl,4f1e5710-28e,1872,2024-03-17T09:19:26,West Bengal,Maharashtra,Kotak,HDFC,0,clean
90da59e3-a7cc-4c,UPI0001001133,0w064w3u@okaxis,815a78a7-e61,webnvg5v@upi,e2bf96c9-371,119157,2024-03-17T07:46:07,Maharashtra,Telangana,SBI,ICICI,0,clean
fc187efd-f482-4e,UPI0001000551,7rm6j8y6@axl,36890ab2-d16,12ii826g@axl,2a541c5a-adb,89581,2024-03-18T08:45:11,Kerala,Maharashtra,PNB,Axis,0,clean
de126b2f-2af2-47,UPI0001000924,9jpnbzug@okaxis,0fd97e8e-b69,j16dvtja@ybl,404bee3c-794,70612,2024-03-18T07:37:01,Telangana,Karnataka,PNB,Kotak,0,clean
9f7ced48-ef96-42,UPI0001004488,yxtxmgtt@okaxis,7c6e58d5-652,95g3v23g@icici,87088df9-723,15570,2024-03-17T07:34:26,Tamil Nadu,Kerala,BOB,ICICI,0,clean
5f860d9a-4226-43,UPI0001001642,tuw6taq6@upi,409c06a8-91d,xf7kzorq@axl,8a77df8c-2c4,90249,2024-03-16T14:49:13,Gujarat,Tamil Nadu,Axis,Kotak,0,clean
2a62971f-cd41-49,UPI0001003492,eh5sw229@upi,988a62ef-895,5xlk8wru@ybl,4c2dd6a9-8c7,39385,2024-03-17T06:02:55,Telangana,Karnataka,Axis,SBI,0,clean
bb45ca75-58b4-46,UPI0001004261,gm25len6@axl,0b265512-1b8,zrf5a7qy@icici,4b4c4d05-3db,33837,2024-03-16T15:57:02,Gujarat,Gujarat,Axis,PNB,0,clean
9bdc0700-4c7e-46,UPI0001001151,14ve92mp@upi,3be433cf-adf,kns832ej@axl,1d7f27e2-928,69662,2024-03-15T19:40:43,Gujarat,West Bengal,SBI,BOB,0,clean
47a3892c-eaad-40,UPI0001001799,1zxyvgiu@okaxis,855b24d8-016,f6a4fejg@ybl,0ab1b956-6ec,164837,2024-03-17T21:57:37,Gujarat,West Bengal,ICICI,HDFC,0,clean
ea948dd3-5ff1-43,UPI0001003334,qfwwxr5r@ibl,26cdf408-d84,ivuzzpqk@ybl,1175d2fb-cc9,29722,2024-03-16T22:28:03,Maharashtra,Tamil Nadu,ICICI,BOB,0,clean
908abd5f-1d42-4c,UPI0001001614,jcn9j3gc@okaxis,59d7c029-a96,c2ihoy7d@paytm,e4f996dd-100,131628,2024-03-16T01:21:38,Tamil Nadu,Tamil Nadu,Kotak,BOB,0,clean
ec80f8c8-86cd-4e,UPI0001003239,lfzkicwm@axl,de2ef3f1-ab7,l3wxdrlc@upi,38c6e804-3e7,189974,2024-03-15T11:13:23,Kerala,Kerala,SBI,ICICI,0,clean
e0f2b511-a5dc-48,UPI0001000096,vn1x2gdg@paytm,b8323e22-9c7,95g3v23g@icici,87088df9-723,142433,2024-03-16T03:00:22,West Bengal,Kerala,Axis,ICICI,0,clean
f7c6d7f9-9a55-47,UPI0001003647,siwjm2c8@axl,76415f9b-a77,d145bm1e@apl,2174d2e7-76b,25767,2024-03-16T16:04:14,Tamil Nadu,West Bengal,Kotak,HDFC,0,clean
8a19cc7d-440c-4a,UPI0001003278,t0mq8abk@ybl,9638e7a0-a3a,vpw232ut@icici,10888114-863,95409,2024-03-17T08:33:19,West Bengal,Gujarat,Kotak,HDFC,0,clean
165a8231-4801-47,UPI0001003999,o83rlkte@axl,d9bc569f-b59,a83ru7my@apl,88c32907-0d3,39166,2024-03-17T19:41:35,Kerala,Karnataka,BOB,SBI,0,clean
afbc2376-07e3-45,UPI0001003233,9xn4m41k@okaxis,cc2c3f3e-4c7,ac6pe63l@ybl,fe6486c9-5e6,6965,2024-03-16T02:30:58,Gujarat,Tamil Nadu,HDFC,Axis,0,clean
32f11cbf-bfc9-48,UPI0001004704,b6bndoz6@axl,13339c2c-6a6,mx9djoyo@okaxis,bb266567-4bb,198413,2024-03-17T12:01:59,Karnataka,Tamil Nadu,Kotak,Kotak,0,clean
1fd7cfeb-28c4-46,UPI0001002594,ftaxp0wf@apl,c8a9e7b7-950,jng7l4lr@ibl,01fe3c1a-6f8,1305,2024-03-16T13:55:23,Gujarat,Kerala,Kotak,Axis,0,clean
34d70dd9-4fe3-44,UPI0001002209,7gu0env5@icici,f2e7fec2-ac8,zbffzzdv@okaxis,7664c07f-020,173779,2024-03-16T04:00:21,West Bengal,Maharashtra,Axis,SBI,0,clean
bbba3255-9c65-42,UPI0001000459,r6k2vmww@oksbi,e85bb9a0-574,m2vajepe@ibl,242b4c68-da5,26539,2024-03-18T07:40:18,Gujarat,Tamil Nadu,PNB,Axis,0,clean
6b6b3d0a-4ea4-49,UPI0001001278,hkc856wp@axl,d4d7921f-c09,bbrnu8c0@icici,94acc6b0-f97,96689,2024-03-18T08:48:55,Kerala,Maharashtra,SBI,BOB,0,clean
7f69c6b9-5d97-48,UPI0001003643,sehe2atn@icici,d6c059ff-a09,au9dkbpv@upi,60186fb8-833,167014,2024-03-16T23:58:50,Maharashtra,Tamil Nadu,HDFC,PNB,0,clean
c42b9b01-eca7-45,UPI0001001581,1uu7zy6t@apl,d28e8866-080,0ubmc97c@axl,43852731-753,191383,2024-03-17T21:07:26,Tamil Nadu,Tamil Nadu,BOB,SBI,0,clean
40b138a3-6910-4d,UPI0001001990,7rb1s9dw@ibl,fdf65419-e86,k12v2tg5@apl,3903da2e-a66,172648,2024-03-17T21:12:05,Tamil Nadu,Telangana,PNB,Axis,0,clean
9fd1e941-d7d3-4e,UPI0001001179,h25llo3r@ybl,61c41a5e-2b8,zzf8s2zg@oksbi,7844cc4a-374,153913,2024-03-15T20:48:14,Maharashtra,Tamil Nadu,BOB,PNB,0,clean
aae68b3c-55aa-4c,UPI0001003709,xie0rnuj@paytm,7c49cd93-294,5hcbbmhn@axl,d47e844a-967,132300,2024-03-17T06:18:27,Maharashtra,Karnataka,PNB,Kotak,0,clean
9e009c2f-928e-4f,UPI0001004649,4c3baewc@oksbi,165a3feb-cd2,ceouuyla@paytm,c8d44d0a-2c5,64426,2024-03-17T19:01:41,Tamil Nadu,West Bengal,SBI,BOB,0,clean
0feff22a-b555-43,UPI0001000766,td44k1j6@oksbi,e33499ff-738,2qc6dr08@ibl,edc4c65a-097,14255,2024-03-16T02:02:41,Maharashtra,West Bengal,BOB,PNB,0,clean
0db09e88-a7d8-48,UPI0001001097,bfh024kw@paytm,4c7b95ce-541,vgox22in@okaxis,9d6a6b21-955,179316,2024-03-17T17:50:52,Gujarat,Kerala,PNB,Axis,0,clean
c5431ab6-6d78-42,UPI0001004339,14ve92mp@upi,3be433cf-adf,mpkxvhag@paytm,0a090c2a-c48,133466,2024-03-15T17:18:49,Gujarat,Tamil Nadu,SBI,SBI,0,clean
c05e5654-88e3-4b,UPI0001001885,moge4qxx@ybl,686a9e6d-c61,sygjjfgj@paytm,333e6ba7-55b,179552,2024-03-16T10:07:33,Gujarat,Kerala,SBI,Axis,0,clean
8307ab9f-1683-44,UPI0001001667,0q0mftg6@ybl,1c02f161-954,0lthy25m@oksbi,3c04574b-b03,134074,2024-03-17T23:01:10,Gujarat,Kerala,Kotak,ICICI,0,clean
a7c4c455-dd57-47,UPI0001000198,znv0h0gq@ibl,2b7b25ce-4e9,0ebkjf4a@axl,9005bc5c-f39,25753,2024-03-15T20:12:48,Gujarat,Karnataka,HDFC,PNB,0,clean
36572b46-0689-47,UPI0001003759,ofas1ekt@axl,de630927-308,k7y6qxds@oksbi,368e12fa-90b,173325,2024-03-15T11:06:11,Maharashtra,Telangana,BOB,BOB,0,clean
7d12acd3-ab78-44,UPI0001000425,nmby49e7@ibl,68a8ef6f-279,a2m0w10l@ybl,956dfb24-447,95204,2024-03-17T20:36:09,Kerala,Gujarat,Axis,ICICI,0,clean
53c297d4-5618-40,UPI0001002386,s5nkb4eh@apl,7ed57be9-1ec,0ubmc97c@axl,43852731-753,30875,2024-03-16T17:29:24,Karnataka,Tamil Nadu,Kotak,SBI,0,clean
83722e1e-4921-4f,UPI0001004257,wwnc21o0@upi,0d6872fa-a63,yeqahths@paytm,38d6e582-cd0,184442,2024-03-16T21:23:56,Kerala,Maharashtra,Axis,Kotak,0,clean
0b2c6ee1-32a8-42,UPI0001000952,7oxk8c1g@axl,46b23fe2-5eb,s43c5ba7@upi,6a3a3aa8-5af,99449,2024-03-15T14:14:27,Telangana,Karnataka,Axis,Kotak,0,clean
f4736508-4e26-48,UPI0001003060,uswbkok3@axl,7f90cc04-8a6,x2toowt9@apl,e738b31f-0c3,184002,2024-03-16T00:02:04,Tamil Nadu,Kerala,HDFC,SBI,0,clean
b79e459e-e2c1-44,UPI0001001121,70e3p15a@okaxis,d87ecdc6-34f,8qoagsus@upi,701c0d10-59a,22204,2024-03-17T08:05:53,Karnataka,Kerala,SBI,SBI,0,clean
a8341dd0-17a7-42,UPI0001003798,ftaxp0wf@apl,c8a9e7b7-950,iiji44m2@ibl,333ff240-187,36031,2024-03-15T19:06:23,Gujarat,Karnataka,Kotak,SBI,0,clean
392d11ee-b745-49,UPI0001004036,nmby49e7@ibl,68a8ef6f-279,gm25len6@axl,0b265512-1b8,55203,2024-03-16T09:56:53,Kerala,Gujarat,Axis,Axis,0,clean
7400b88d-de4b-46,UPI0001002825,wviac2e4@axl,ef581a18-a36,k7y6qxds@oksbi,368e12fa-90b,153137,2024-03-17T18:30:11,Kerala,Telangana,PNB,BOB,0,clean
1991ca98-99ec-49,UPI0001002350,kuuhclrr@ibl,9658742d-f26,wovcxek4@apl,be18dda5-608,94544,2024-03-18T03:49:18,West Bengal,Karnataka,Kotak,PNB,0,clean
eba7a764-e32b-43,UPI0001000051,ga0x7zcg@ibl,15bb3739-991,zei3zrrh@oksbi,8a34eeb1-73d,85876,2024-03-16T16:19:07,Karnataka,Kerala,SBI,PNB,0,clean
74f13519-b4dc-49,UPI0001003780,0t9nt3w5@okaxis,da315726-456,2g05kbkv@upi,95960706-af3,199195,2024-03-16T21:34:01,Tamil Nadu,Telangana,PNB,ICICI,0,clean
5d1a7cb5-8b5d-45,UPI0001004042,sqt26q3x@upi,730141f1-80f,0v2zp4ju@upi,32db899d-85a,92196,2024-03-18T08:50:06,Kerala,Telangana,Kotak,HDFC,0,clean
18f9f2e5-042d-42,UPI0001002397,rlf8a9ke@axl,0a10972f-813,wovcxek4@apl,be18dda5-608,88981,2024-03-16T02:02:49,Kerala,Karnataka,PNB,PNB,0,clean
3ecf513f-a638-47,UPI0001004671,gq9cvah7@apl,9226d90b-2a1,0lthy25m@oksbi,3c04574b-b03,65996,2024-03-16T13:24:47,Gujarat,Kerala,Kotak,ICICI,0,clean
e0bbfbb4-c9fb-43,UPI0001001207,gspk9p38@axl,b85df010-58f,yv3lxchf@ybl,05438732-9d3,32432,2024-03-17T00:55:30,West Bengal,Tamil Nadu,ICICI,BOB,0,clean
2c88acf6-9db1-48,UPI0001001524,aacosym0@paytm,7cd0e4eb-ec5,tjlmz04x@okaxis,2bd5d145-db0,137885,2024-03-16T12:06:48,Kerala,Kerala,HDFC,Axis,0,clean
1e29ca45-5051-4d,UPI0001000035,iiuc039t@oksbi,33371112-6be,4ufel624@upi,2337c244-4c7,188328,2024-03-15T10:34:30,Rajasthan,Uttarakhand,HDFC,HDFC,1,L1→L2
2fddbc53-2f8a-45,UPI0001003041,g10ur5l8@ybl,d0c45167-d84,o57p6bkl@ibl,a0f35ea4-53a,32850,2024-03-18T10:14:48,Tamil Nadu,Tamil Nadu,HDFC,Kotak,0,clean
35233ff2-0b39-4d,UPI0001003580,4lorxdtg@apl,65e2fb55-c36,szjnvc7h@axl,e08eea9e-3fa,41617,2024-03-16T12:27:14,Telangana,Telangana,ICICI,BOB,0,clean
d4401920-319b-47,UPI0001002467,5rdoqivb@paytm,dfee9bf2-48b,bfh024kw@paytm,4c7b95ce-541,127876,2024-03-17T11:44:35,Telangana,Gujarat,Axis,PNB,0,clean
02164594-ac79-49,UPI0001000903,kns832ej@axl,1d7f27e2-928,khzlm72j@ibl,d5592af3-889,4599,2024-03-18T07:12:55,West Bengal,West Bengal,BOB,Kotak,0,clean
28853210-3083-4d,UPI0001004767,xtnsrtwl@upi,320db857-eb5,vqyiy1sy@oksbi,692618fb-a65,21390,2024-03-15T15:28:40,Tamil Nadu,Gujarat,SBI,ICICI,0,clean
f9c58637-b73f-4d,UPI0001000597,82kb700u@ybl,dcd27afa-05a,9qm3p91i@upi,292ebd50-376,17200,2024-03-18T06:54:12,Maharashtra,West Bengal,PNB,BOB,0,clean
13be5af6-9047-49,UPI0001001134,yv3lxchf@ybl,05438732-9d3,5p5nvqeb@ibl,ba39ac93-7b7,22537,2024-03-17T07:57:13,Tamil Nadu,Gujarat,BOB,Axis,0,clean
129570c0-219f-42,UPI0001002206,vpw232ut@icici,10888114-863,rq9nz612@okaxis,1b4f813a-e5e,122267,2024-03-17T05:49:53,Gujarat,Karnataka,HDFC,BOB,0,clean
0da67356-9763-4f,UPI0001002108,52sq3b9s@apl,ec8fbf62-67f,myzycwti@axl,40c797bc-53e,72388,2024-03-15T10:49:28,Gujarat,Tamil Nadu,PNB,Axis,0,clean
201fa9bc-acda-47,UPI0001001765,myzycwti@axl,40c797bc-53e,239moft6@axl,0f7c79b6-edf,126532,2024-03-18T00:24:22,Tamil Nadu,Karnataka,Axis,ICICI,0,clean
8718511c-704c-44,UPI0001003611,o119xp9n@apl,84e5cbf1-b6a,lhlb50at@apl,0232feb6-0e5,3089,2024-03-16T08:12:40,Maharashtra,West Bengal,Axis,ICICI,0,clean
28ac05c5-ecfb-4c,UPI0001000178,1oxrwk8r@apl,0051a9ea-fd9,hyexf7jx@paytm,855c736c-1a1,30081,2024-03-17T02:37:29,Karnataka,Telangana,ICICI,SBI,0,clean
6bb2a8b3-1cf1-48,UPI0001002617,o119xp9n@apl,84e5cbf1-b6a,7rb1s9dw@ibl,fdf65419-e86,11075,2024-03-16T00:45:19,Maharashtra,Tamil Nadu,Axis,PNB,0,clean
6eecedde-3eb7-4e,UPI0001001895,ofas1ekt@axl,de630927-308,wr7mkgxu@paytm,f8967d89-388,169110,2024-03-16T11:48:20,Maharashtra,Kerala,BOB,SBI,0,clean
c73dc011-e14e-4e,UPI0001001469,50e6mpsj@ibl,86246ac8-756,wjeyub19@icici,2328b533-d95,91773,2024-03-16T08:31:55,West Bengal,Karnataka,Axis,Axis,0,clean
4fe36396-0ece-47,UPI0001004705,erxdouad@paytm,3396a1f3-654,hv1xg1r1@axl,3f7eef17-fe8,78569,2024-03-15T23:51:30,Maharashtra,Maharashtra,Kotak,PNB,0,clean
93bcb87f-0037-41,UPI0001003423,kqxlm5q2@axl,96141255-6de,safyh1fk@paytm,7814c846-782,76516,2024-03-18T06:09:54,West Bengal,Tamil Nadu,BOB,HDFC,0,clean
1a8c3be4-f3ff-4a,UPI0001003664,k2n7h9g1@ybl,917fb905-ca8,9ryllwb7@icici,786ee19f-951,37500,2024-03-17T00:58:55,Telangana,Gujarat,PNB,SBI,0,clean
e80d9824-7324-42,UPI0001001035,zb4ldims@paytm,37226f2a-c4f,79flv1xx@paytm,dff63398-c9e,98311,2024-03-16T09:05:38,Gujarat,Kerala,ICICI,PNB,0,clean
7e94a85d-679b-4a,UPI0001003454,q20hwobm@okaxis,1f7e151c-59a,6wpx2cyo@icici,8e6b6450-5a7,78258,2024-03-16T09:42:53,Tamil Nadu,West Bengal,SBI,BOB,0,clean
83d3c512-2b49-42,UPI0001000444,4lorxdtg@apl,65e2fb55-c36,cd81twhw@okaxis,215eaeac-210,121331,2024-03-17T20:12:28,Telangana,Kerala,ICICI,BOB,0,clean
afba0ce0-b63c-4f,UPI0001001171,6zpxvpbl@okaxis,aadb54c8-2d0,yv3lxchf@ybl,05438732-9d3,180206,2024-03-16T04:59:43,Kerala,Tamil Nadu,Axis,BOB,0,clean
691f0d9f-455e-47,UPI0001000899,7w7jp61l@oksbi,7f32ed98-3eb,9rk7d30m@upi,c9d13a46-21b,85581,2024-03-15T21:15:56,Gujarat,Maharashtra,BOB,Axis,0,clean
3ef78803-4d9a-4d,UPI0001002734,nfnvuprt@oksbi,1afaa772-d85,m41qesla@okaxis,f826568b-9f5,162908,2024-03-17T05:13:29,Karnataka,Kerala,Kotak,Axis,0,clean
bd19269d-f73a-4a,UPI0001004373,dh0uyhnq@icici,ea03df36-47b,1sdieqfb@apl,98401e57-609,29889,2024-03-16T09:55:02,Tamil Nadu,Karnataka,HDFC,BOB,0,clean
e87e45ae-41ee-4f,UPI0001003138,q20hwobm@okaxis,1f7e151c-59a,xtnsrtwl@upi,320db857-eb5,73899,2024-03-15T10:33:05,Tamil Nadu,Tamil Nadu,SBI,SBI,0,clean
03b085d7-7ed2-4b,UPI0001002678,moge4qxx@ybl,686a9e6d-c61,qfwwxr5r@ibl,26cdf408-d84,143286,2024-03-15T20:59:00,Gujarat,Maharashtra,SBI,ICICI,0,clean
bc8d6023-d9d8-42,UPI0001003430,z2sf6f7l@apl,f4ac893c-cd3,a5xin9dl@icici,ad258476-426,185491,2024-03-16T19:47:37,Karnataka,Tamil Nadu,Kotak,SBI,0,clean
d975afd5-0669-43,UPI0001001061,tkcd0rle@okaxis,ba81f20d-2be,lboriq8h@paytm,d1aedf8e-b07,58631,2024-03-17T00:42:34,Gujarat,West Bengal,SBI,HDFC,0,clean
335f18a2-6bd4-45,UPI0001003385,jtb9xxay@apl,893cdd77-540,ifrml29q@ybl,7e962fc5-e68,176983,2024-03-17T05:51:27,Gujarat,Tamil Nadu,Axis,ICICI,0,clean
c2b17d97-e4b3-47,UPI0001000047,9kkh4a3y@paytm,898ace33-3f3,u83g47rr@ybl,043e14fa-255,199312,2024-03-17T20:32:06,Karnataka,Gujarat,Kotak,PNB,0,clean
8ba98b1b-bf84-4a,UPI0001002579,9kkh4a3y@paytm,898ace33-3f3,qzxebb9e@okaxis,8ebd5aae-250,24108,2024-03-15T23:15:38,Karnataka,West Bengal,Kotak,Kotak,0,clean
9dcd3e09-5fc7-4d,UPI0001001131,d9fkxzuu@axl,1433fde1-1dd,w7kyhqin@upi,79bd47f7-d48,195804,2024-03-16T00:45:01,Tamil Nadu,Telangana,PNB,Kotak,0,clean
58798eb8-393d-43,UPI0001004647,gu3obygh@oksbi,b3e30a41-88d,a7sqrf1l@upi,03564e58-3fd,83551,2024-03-16T13:34:08,Tamil Nadu,Tamil Nadu,ICICI,ICICI,0,clean
cfbe55f7-5fde-4d,UPI0001002513,ymk99jcj@apl,c716a5a8-fe4,qxm0632c@paytm,fc67a622-d29,117173,2024-03-16T21:50:16,Maharashtra,Tamil Nadu,BOB,Kotak,0,clean
ddcf5853-dc4f-46,UPI0001004716,lboriq8h@paytm,d1aedf8e-b07,n0jbzutr@oksbi,4a3fb95b-e6e,135574,2024-03-16T12:14:29,West Bengal,Gujarat,HDFC,Kotak,0,clean
b990f423-8f83-4d,UPI0001000985,ppsfnkom@ybl,ac7006a0-31d,vqyiy1sy@oksbi,692618fb-a65,131996,2024-03-18T05:16:38,Gujarat,Gujarat,BOB,ICICI,0,clean
7d20d675-548c-4f,UPI0001004614,ophgft4m@apl,403938ca-605,gh2m5zja@okaxis,835cb61e-36d,40231,2024-03-17T17:24:40,Telangana,Maharashtra,HDFC,SBI,0,clean
4a4eee77-45c3-4d,UPI0001002359,w6lqwlvu@upi,dec88820-146,jeget1gh@axl,f0c058e9-79c,95975,2024-03-16T06:55:12,Maharashtra,Maharashtra,BOB,ICICI,0,clean
d5446951-ef00-4b,UPI0001002282,9ku8s63e@apl,c9b6fdb8-698,5p5nvqeb@ibl,ba39ac93-7b7,142442,2024-03-17T14:26:33,Maharashtra,Gujarat,SBI,Axis,0,clean
84318bb4-aced-4a,UPI0001001349,r6n92xf8@oksbi,05a7b3f0-2b3,jae58hux@oksbi,d23b9c8f-278,93550,2024-03-17T20:28:26,Gujarat,West Bengal,Kotak,BOB,0,clean
f8ee88a3-e043-4e,UPI0001001308,jluujmiy@axl,77509db0-051,lboriq8h@paytm,d1aedf8e-b07,160493,2024-03-18T08:50:04,West Bengal,West Bengal,ICICI,HDFC,0,clean
29c6d9a7-77fb-4a,UPI0001003488,p7r1m264@ibl,61dacc37-3af,dr5xyfc4@paytm,172a1c93-d06,84678,2024-03-16T19:56:06,Kerala,Telangana,Axis,SBI,0,clean
7e803876-ff2e-4f,UPI0001002404,xyjoa21a@oksbi,27c58270-7c1,mx3y9rge@axl,10c50102-d01,125985,2024-03-17T06:31:21,Karnataka,Kerala,PNB,SBI,0,clean
3f626836-5d2b-42,UPI0001004188,qjqijc1y@ibl,55a726c6-908,04cdpqvl@oksbi,35f93717-d6d,86770,2024-03-16T14:02:48,Karnataka,Telangana,PNB,SBI,0,clean
2c90ce34-fd39-43,UPI0001003615,f5gcl9lc@axl,07d8fa8c-cff,qvs8a0tp@axl,964a35db-404,16544,2024-03-15T13:23:34,Telangana,Telangana,ICICI,Kotak,0,clean
dd1f5c73-ca49-4a,UPI0001004333,xyjoa21a@oksbi,27c58270-7c1,vkyrmjlj@paytm,170acc6e-133,3763,2024-03-16T05:55:20,Karnataka,Gujarat,PNB,HDFC,0,clean
75f4b175-7697-45,UPI0001002131,yxtxmgtt@okaxis,7c6e58d5-652,4ivsolml@oksbi,3f8344dd-51d,176833,2024-03-18T02:13:34,Tamil Nadu,Telangana,BOB,SBI,0,clean
4088c8c0-3e87-46,UPI0001003364,93wxa73j@oksbi,dd8493a4-c29,uzpeal2w@upi,05950436-fc1,55503,2024-03-16T14:14:09,Kerala,Telangana,ICICI,SBI,0,clean
7b55231c-fe10-4d,UPI0001003844,4ivsolml@oksbi,3f8344dd-51d,z09wftbg@upi,69681540-b97,4312,2024-03-17T08:27:21,Telangana,Kerala,SBI,Kotak,0,clean
2f430ace-0aa3-4e,UPI0001003161,i6yuj7yk@icici,f03c391e-8f7,jcitfoyq@ybl,56227fb1-a5a,40799,2024-03-17T08:19:35,Tamil Nadu,Karnataka,Kotak,HDFC,0,clean
f78253d7-31ce-4d,UPI0001002572,1g1r1dww@apl,2645ceb7-5d8,tjlmz04x@okaxis,2bd5d145-db0,131826,2024-03-18T04:41:53,Karnataka,Kerala,Axis,Axis,0,clean
eb1bbabf-8ec1-49,UPI0001004777,yv2stn7e@icici,659a844c-450,0kgazu41@ybl,deda1626-f82,189417,2024-03-15T19:29:45,Karnataka,Maharashtra,Kotak,HDFC,0,clean
2d10d704-7dc9-48,UPI0001002993,2zdlx1q8@oksbi,bc5d6484-72a,vgww4fyb@ibl,baf6a88b-8a5,183707,2024-03-17T13:14:39,West Bengal,Tamil Nadu,BOB,HDFC,0,clean
294eafcc-448e-46,UPI0001004005,1bcppvoh@icici,328ed257-23e,7h23c42y@oksbi,dac36c42-184,158767,2024-03-16T02:43:57,Karnataka,Telangana,SBI,PNB,0,clean
e18cb50d-b843-49,UPI0001002039,n7s55j2o@icici,0c084f0a-36d,kek4aegv@oksbi,6fca54c3-692,85246,2024-03-18T00:08:18,Karnataka,West Bengal,ICICI,PNB,0,clean
5b01d436-deb4-44,UPI0001004807,0t9nt3w5@okaxis,da315726-456,szjnvc7h@axl,e08eea9e-3fa,114973,2024-03-16T23:37:40,Tamil Nadu,Telangana,PNB,BOB,0,clean
0c947abe-8679-4f,UPI0001002829,mx9djoyo@okaxis,bb266567-4bb,b9w4uov5@paytm,1dff960e-c72,86188,2024-03-16T04:07:35,Tamil Nadu,West Bengal,Kotak,PNB,0,clean
73779959-526f-4b,UPI0001002588,myzycwti@axl,40c797bc-53e,b6bndoz6@axl,13339c2c-6a6,48951,2024-03-16T13:22:01,Tamil Nadu,Karnataka,Axis,Kotak,0,clean
8b038947-c97c-42,UPI0001002290,rkmby9ip@ybl,f5ed200a-714,pdtz91x7@oksbi,676d9892-38a,197199,2024-03-16T04:58:55,Maharashtra,Gujarat,HDFC,SBI,0,clean
9db3be42-31be-44,UPI0001001499,wpaytxw1@ybl,a9a1d8cd-197,bbrnu8c0@icici,94acc6b0-f97,50592,2024-03-16T02:49:03,Telangana,Maharashtra,PNB,BOB,0,clean
d46c984b-8cd1-42,UPI0001003996,uplvqexu@okaxis,33e404df-c0a,hkc856wp@axl,d4d7921f-c09,132425,2024-03-17T04:15:29,Karnataka,Kerala,BOB,SBI,0,clean
9585b0ac-02b9-4f,UPI0001001183,sb4gf16y@ibl,b39346ac-8d2,oieves6f@oksbi,4c26e044-3e8,85036,2024-03-16T04:13:49,Telangana,West Bengal,HDFC,ICICI,0,clean
034dc364-fa4d-41,UPI0001000521,jng7l4lr@ibl,01fe3c1a-6f8,jeget1gh@axl,f0c058e9-79c,99431,2024-03-17T03:26:54,Kerala,Maharashtra,Axis,ICICI,0,clean
a38c9cfd-fe1a-4a,UPI0001003021,bikcidkw@upi,f7982aa6-df8,eaxylnfx@paytm,17fca863-f60,177517,2024-03-17T16:40:54,Tamil Nadu,Kerala,HDFC,ICICI,0,clean
afde3630-4566-43,UPI0001001804,pdtz91x7@oksbi,676d9892-38a,nn8ztv05@ibl,b38f2bd8-1fb,73953,2024-03-16T22:27:16,Gujarat,Karnataka,SBI,BOB,0,clean
754fb8e2-3530-4a,UPI0001003646,aztkszp7@oksbi,bd9daf6b-41d,md270stl@apl,05beb72c-5c8,157075,2024-03-16T15:08:27,Tamil Nadu,West Bengal,SBI,Axis,0,clean
e1c30269-2b5a-48,UPI0001003531,gyw6zbnz@axl,9552ed81-97b,yeqahths@paytm,38d6e582-cd0,163664,2024-03-17T00:12:48,Karnataka,Maharashtra,Kotak,Kotak,0,clean
8db66abd-4a9c-4f,UPI0001001507,50e6mpsj@ibl,86246ac8-756,dtv25ao2@icici,9e8d1dde-c69,169847,2024-03-16T22:43:21,West Bengal,Tamil Nadu,Axis,HDFC,0,clean
99d7aa99-d9de-47,UPI0001002398,h8uzb7kr@oksbi,0dcc2242-7f7,2ei9212p@okaxis,bf8daac7-444,140640,2024-03-17T22:02:07,Karnataka,Kerala,SBI,SBI,0,clean
1996bd97-fd30-45,UPI0001003218,2lhgcsot@ibl,f3952d16-235,1ieixwc4@axl,078dcd14-8a1,173906,2024-03-16T05:44:50,Tamil Nadu,Tamil Nadu,ICICI,Kotak,0,clean
49660dee-b6ce-47,UPI0001004666,u7u6n7hv@okaxis,1c4fe2d7-dac,5a5piskf@oksbi,2c0c791b-29d,86074,2024-03-16T03:40:18,Tamil Nadu,Telangana,SBI,ICICI,0,clean
7a3f6b20-e499-43,UPI0001001340,xxbw01pd@ibl,76fbf235-4af,vgox22in@okaxis,9d6a6b21-955,132889,2024-03-16T05:06:31,Maharashtra,Kerala,SBI,Axis,0,clean
020bf75b-e78c-47,UPI0001002892,7dia5u6h@ibl,cc9a4f84-3ff,d76szn9d@ibl,d020762f-d26,105000,2024-03-16T22:18:05,Gujarat,Maharashtra,PNB,Kotak,0,clean
4f2330ae-561d-4c,UPI0001003177,i6yuj7yk@icici,f03c391e-8f7,5ll1d9s9@okaxis,4e8e9973-82f,85579,2024-03-15T23:32:31,Tamil Nadu,Gujarat,Kotak,PNB,0,clean
40a28b59-9e1a-4c,UPI0001000248,q20hwobm@okaxis,1f7e151c-59a,r6k2vmww@oksbi,e85bb9a0-574,104543,2024-03-16T03:45:07,Tamil Nadu,Gujarat,SBI,PNB,0,clean
4173b52a-5795-48,UPI0001002251,md270stl@apl,05beb72c-5c8,s43c5ba7@upi,6a3a3aa8-5af,184906,2024-03-15T20:08:53,West Bengal,Karnataka,Axis,Kotak,0,clean
e26c5bea-e525-49,UPI0001000805,z6us7rp4@ibl,a8bc7367-673,vn1x2gdg@paytm,b8323e22-9c7,58755,2024-03-17T10:36:50,Karnataka,West Bengal,Kotak,Axis,0,clean
97f28b87-2917-4d,UPI0001000772,tkcd0rle@okaxis,ba81f20d-2be,tahukwqv@axl,c57bb97d-993,96791,2024-03-15T11:37:07,Gujarat,Tamil Nadu,SBI,BOB,0,clean
dd8aac11-0d21-49,UPI0001000337,53sflse4@ybl,35771e25-0a2,5xlk8wru@ybl,4c2dd6a9-8c7,170166,2024-03-18T05:35:18,Kerala,Karnataka,HDFC,SBI,0,clean
a520c70c-ed69-4b,UPI0001001142,4j3dab42@okaxis,528a0fca-b7e,7dia5u6h@ibl,cc9a4f84-3ff,72710,2024-03-16T15:26:39,Karnataka,Gujarat,BOB,PNB,0,clean
83f15e61-37e0-4b,UPI0001004290,au9dkbpv@upi,60186fb8-833,8xg8y72i@oksbi,958464e8-619,112337,2024-03-17T17:08:51,Tamil Nadu,Gujarat,PNB,Axis,0,clean
36ef0c42-93af-44,UPI0001001722,9tr74qge@oksbi,2dc01c43-46d,p8637zgf@icici,6443ed3b-45a,57447,2024-03-17T07:31:08,Telangana,Kerala,PNB,Axis,0,clean
e936d74f-ac2a-45,UPI0001002792,wtg1m8xf@ibl,34f68cde-274,ga0x7zcg@ibl,15bb3739-991,2168,2024-03-16T02:53:54,Kerala,Karnataka,HDFC,SBI,0,clean
07cc92da-4390-4a,UPI0001004620,ga0x7zcg@ibl,15bb3739-991,vpw232ut@icici,10888114-863,63548,2024-03-16T21:41:51,Karnataka,Gujarat,SBI,HDFC,0,clean
584c6c75-59d8-4b,UPI0001002805,ga0x7zcg@ibl,15bb3739-991,jcn9j3gc@okaxis,59d7c029-a96,95707,2024-03-18T10:10:17,Karnataka,Tamil Nadu,SBI,Kotak,0,clean
22692ed4-c475-4a,UPI0001003381,xorzpgu2@okaxis,150b1c69-9d5,e9vifttd@ibl,afcf7781-db7,82768,2024-03-16T22:20:30,Kerala,Telangana,ICICI,Axis,0,clean
d2aa024d-70ff-48,UPI0001004070,myr06nkw@oksbi,9b3bd143-106,qhkswva9@upi,93e3cdef-acd,169611,2024-03-16T15:37:08,Maharashtra,Maharashtra,BOB,Kotak,0,clean
8f748e33-db16-4f,UPI0001001652,lem1qq4d@paytm,876e2b47-793,kns832ej@axl,1d7f27e2-928,11046,2024-03-16T21:05:17,Telangana,West Bengal,BOB,BOB,0,clean
84a6729c-d8ed-46,UPI0001004653,fqjja26y@oksbi,51114166-54e,8e9rivh6@icici,ab4ef148-113,54535,2024-03-15T20:50:05,Kerala,Karnataka,SBI,ICICI,0,clean
e6aa8a3e-4ff0-48,UPI0001004021,4ivsolml@oksbi,3f8344dd-51d,g25cfzfd@icici,ad809e95-47e,27576,2024-03-16T00:18:04,Telangana,Gujarat,SBI,BOB,0,clean
f967d960-c599-4d,UPI0001000846,50e6mpsj@ibl,86246ac8-756,zmf8mdd4@paytm,d6a9a633-5ca,94671,2024-03-16T11:37:12,West Bengal,Tamil Nadu,Axis,BOB,0,clean
3294fc52-ddd8-45,UPI0001002112,xaprpn6q@oksbi,fc297e6e-aa8,vqy5ibpt@ybl,6254431b-8f0,9673,2024-03-16T01:49:09,Kerala,Tamil Nadu,Axis,HDFC,0,clean
12644318-797f-47,UPI0001004385,2zbppfo5@upi,c3f5b069-37e,c2htmqwy@icici,f56a4c57-7ae,130272,2024-03-15T16:50:44,Maharashtra,West Bengal,Kotak,BOB,0,clean
1ac27119-ef9b-46,UPI0001003921,jluujmiy@axl,77509db0-051,ywp0rxxf@icici,536cc49c-7b9,110541,2024-03-18T06:31:25,West Bengal,Kerala,ICICI,Kotak,0,clean
15a94e75-eb4e-46,UPI0001001038,adf7pchc@ybl,abb0956f-413,9ltajw25@okaxis,2443c8c7-7e8,26511,2024-03-15T22:21:53,Gujarat,West Bengal,PNB,PNB,0,clean
ee55a7e4-83aa-44,UPI0001001709,css9toqw@upi,5ff36244-509,likwe4bx@upi,9bb85d81-e50,19658,2024-03-17T18:22:17,Maharashtra,Telangana,ICICI,BOB,0,clean
3b40c236-13d7-45,UPI0001003112,hrrpzlk3@ibl,8b84e2d0-e1e,t0mq8abk@ybl,9638e7a0-a3a,155521,2024-03-17T16:41:23,West Bengal,West Bengal,SBI,Kotak,0,clean
dd8840ba-e532-4b,UPI0001003113,0ljch2vf@oksbi,cab331dd-0d9,u8el5015@apl,c881ee60-b74,20825,2024-03-18T10:59:57,West Bengal,Tamil Nadu,Axis,Axis,0,clean
5c4f6716-ce34-4a,UPI0001004114,j6txfo6v@paytm,8e5cd165-8cb,ophgft4m@apl,403938ca-605,167126,2024-03-17T13:40:48,Kerala,Telangana,HDFC,HDFC,0,clean
ba3b29d9-65f6-48,UPI0001004661,c1l7dypm@upi,cee17028-635,nmeoq4yr@apl,3730892d-042,172609,2024-03-16T11:45:59,Karnataka,Tamil Nadu,ICICI,PNB,0,clean
9fbd26ad-4346-42,UPI0001003582,wviac2e4@axl,ef581a18-a36,3o1icns8@axl,d6c09182-2d4,192150,2024-03-16T14:52:57,Kerala,Maharashtra,PNB,Kotak,0,clean
89c0f06f-ce89-47,UPI0001002127,nmkza3oa@ybl,e74929a0-019,zbffzzdv@okaxis,7664c07f-020,96784,2024-03-17T21:22:30,Karnataka,Maharashtra,Kotak,SBI,0,clean
a1006ed1-9639-44,UPI0001001173,7y2lofn1@axl,075bde03-879,0kgazu41@ybl,deda1626-f82,76065,2024-03-15T19:21:18,Maharashtra,Maharashtra,HDFC,HDFC,0,clean
00fe2ae2-830d-40,UPI0001001697,e1i1p0bq@ibl,3130fc81-4e9,n7s55j2o@icici,0c084f0a-36d,183804,2024-03-17T03:24:23,Tamil Nadu,Karnataka,Kotak,ICICI,0,clean
6ece0c44-4eaa-44,UPI0001000599,b9w4uov5@paytm,1dff960e-c72,7y2lofn1@axl,075bde03-879,24942,2024-03-16T07:36:43,West Bengal,Maharashtra,PNB,HDFC,0,clean
cf9ea2b1-ca92-42,UPI0001001993,9rr7s20c@oksbi,5df013ac-e29,sxlul6lg@paytm,0d49bdb5-2c0,123739,2024-03-17T10:54:02,Maharashtra,Tamil Nadu,Kotak,Kotak,0,clean
68228670-1895-48,UPI0001001216,fewvznvk@icici,93ff3503-d85,oi0e0vgn@ybl,f2b82c08-c17,102586,2024-03-15T12:07:19,Kerala,West Bengal,Kotak,Axis,0,clean
c133e8dd-3c16-43,UPI0001004406,d8wj0uun@apl,5a53f848-ec8,iymenvg3@paytm,3151edf4-e43,121087,2024-03-17T13:05:00,Maharashtra,Gujarat,ICICI,ICICI,0,clean
9af4b297-8aab-40,UPI0001002012,s43c5ba7@upi,6a3a3aa8-5af,mb1l6314@ibl,d40c7f91-9fe,142581,2024-03-16T11:14:07,Karnataka,Kerala,Kotak,ICICI,0,clean
a06e5198-ef15-4c,UPI0001002757,2g05kbkv@upi,95960706-af3,qxm0632c@paytm,fc67a622-d29,10380,2024-03-15T22:23:23,Telangana,Tamil Nadu,ICICI,Kotak,0,clean
75d87a09-03bd-4f,UPI0001003715,4ivsolml@oksbi,3f8344dd-51d,iymenvg3@paytm,3151edf4-e43,111970,2024-03-17T17:07:13,Telangana,Gujarat,SBI,ICICI,0,clean
94fdbf54-be9c-4a,UPI0001002005,gspk9p38@axl,b85df010-58f,7oxk8c1g@axl,46b23fe2-5eb,36863,2024-03-16T12:28:47,West Bengal,Telangana,ICICI,Axis,0,clean
a52cbea2-9e8c-49,UPI0001000236,c2ihoy7d@paytm,e4f996dd-100,4ivsolml@oksbi,3f8344dd-51d,63512,2024-03-16T06:17:43,Tamil Nadu,Telangana,BOB,SBI,0,clean
84138141-fc36-4e,UPI0001000328,xcdyk0x6@oksbi,952171cb-bbd,jtgq01te@ibl,f43f6c1a-19d,105985,2024-03-16T23:11:48,Gujarat,Tamil Nadu,ICICI,ICICI,0,clean
f9309ce5-1b5e-4e,UPI0001000176,a7sqrf1l@upi,03564e58-3fd,ezqacj4t@icici,8eb3737e-59f,115755,2024-03-15T23:41:53,Tamil Nadu,West Bengal,ICICI,Axis,0,clean
e5faba4d-67ed-47,UPI0001001577,7gu0env5@icici,f2e7fec2-ac8,wwnc21o0@upi,0d6872fa-a63,48016,2024-03-16T22:47:00,West Bengal,Kerala,Axis,Axis,0,clean
96a51c12-356c-49,UPI0001002552,z09wftbg@upi,69681540-b97,9qm3p91i@upi,292ebd50-376,66773,2024-03-18T05:37:56,Kerala,West Bengal,Kotak,BOB,0,clean
68b704f1-70c7-4b,UPI0001001247,ve3dzeed@okaxis,e8f965a5-a64,5rtwiyki@ibl,58346645-d7d,33842,2024-03-18T04:49:06,Kerala,Gujarat,Kotak,Axis,0,clean
84cebab3-fdf4-44,UPI0001002343,c1l7dypm@upi,cee17028-635,hyp9umyg@ibl,5327d76c-929,50896,2024-03-16T08:27:25,Karnataka,Maharashtra,ICICI,PNB,0,clean
54fff22d-cc92-4e,UPI0001000680,jng7l4lr@ibl,01fe3c1a-6f8,css9toqw@upi,5ff36244-509,1595,2024-03-15T12:25:32,Kerala,Maharashtra,Axis,ICICI,0,clean
a1b8a1c3-0537-40,UPI0001000686,likwe4bx@upi,9bb85d81-e50,iiji44m2@ibl,333ff240-187,91877,2024-03-18T04:15:31,Telangana,Karnataka,BOB,SBI,0,clean
689e3760-5f1f-48,UPI0001004079,5ll1d9s9@okaxis,4e8e9973-82f,1n0lh9p8@oksbi,3e215a9e-0c6,90126,2024-03-15T23:07:08,Gujarat,Tamil Nadu,PNB,PNB,0,clean
9e282b0d-0543-4a,UPI0001001807,sjt2jpnr@okaxis,d797c026-0e2,9kkh4a3y@paytm,898ace33-3f3,127783,2024-03-16T18:07:31,West Bengal,Karnataka,BOB,Kotak,0,clean
fe2ab5ce-b1d4-47,UPI0001003392,0w064w3u@okaxis,815a78a7-e61,nmkza3oa@ybl,e74929a0-019,39735,2024-03-17T01:34:12,Maharashtra,Karnataka,SBI,Kotak,0,clean
c08c0e94-633d-4b,UPI0001003011,sb4gf16y@ibl,b39346ac-8d2,ytwbozd1@ybl,9637a7ac-2e7,42922,2024-03-15T12:22:50,Telangana,Tamil Nadu,HDFC,Kotak,0,clean
a944667c-3db2-48,UPI0001004199,78imoe0s@okaxis,0248c411-18c,gn1w1ht7@axl,61e9276c-1e5,18778,2024-03-17T14:18:10,Tamil Nadu,Tamil Nadu,Axis,PNB,0,clean
74575626-ed27-47,UPI0001002330,yv3lxchf@ybl,05438732-9d3,u83g47rr@ybl,043e14fa-255,15416,2024-03-17T17:55:52,Tamil Nadu,Gujarat,BOB,PNB,0,clean
48060213-2fca-43,UPI0001004233,7azv2efu@ibl,68d7613a-6e9,qjqijc1y@ibl,55a726c6-908,173455,2024-03-17T06:06:11,Telangana,Karnataka,SBI,PNB,0,clean
080b81eb-0beb-42,UPI0001003101,89k8yqk9@axl,5e7722a1-6f3,mx9djoyo@okaxis,bb266567-4bb,24170,2024-03-16T14:48:00,Telangana,Tamil Nadu,SBI,Kotak,0,clean
1358f4ca-87fe-44,UPI0001001130,3vg6v5t1@ibl,6109748c-75e,hx74d0gj@ybl,5db7e9f0-084,151820,2024-03-15T23:39:29,Telangana,Maharashtra,Axis,BOB,0,clean
5ad856d8-d720-48,UPI0001000586,8ra484nl@paytm,bb2eba83-a1c,7rb1s9dw@ibl,fdf65419-e86,55517,2024-03-17T22:44:33,Gujarat,Tamil Nadu,Axis,PNB,0,clean
50d67a21-b2c2-45,UPI0001001272,c8bbi4wi@axl,72e6b18a-a53,hgbmfbuv@upi,aab2c0e3-bcd,189198,2024-03-16T18:22:03,Gujarat,West Bengal,PNB,SBI,0,clean
b5a02dee-809d-44,UPI0001002914,7rb1s9dw@ibl,fdf65419-e86,w6lqwlvu@upi,dec88820-146,69363,2024-03-16T17:04:49,Tamil Nadu,Maharashtra,PNB,BOB,0,clean
751c6dcf-33ee-47,UPI0001004416,03o4gkww@paytm,a371a87c-ef1,xcdyk0x6@oksbi,952171cb-bbd,103990,2024-03-17T20:54:39,Gujarat,Gujarat,PNB,ICICI,0,clean
63f57221-f819-42,UPI0001001008,hwy9hecg@axl,4c9f3ceb-6e3,adf7pchc@ybl,abb0956f-413,194823,2024-03-17T22:37:17,Telangana,Gujarat,SBI,PNB,0,clean
19d69d75-c37f-4b,UPI0001003983,udojen0j@apl,f8265746-bc4,17mgfxc0@ybl,cf96bd32-f7f,61896,2024-03-17T10:18:36,West Bengal,Gujarat,BOB,SBI,0,clean
a001ca95-e84c-48,UPI0001001625,8gl2zxjm@upi,dc036929-eff,9bp4m18o@upi,2e0f0c6a-2ee,37711,2024-03-16T18:20:30,Maharashtra,Gujarat,Axis,SBI,0,clean
d02d4b17-8873-45,UPI0001004734,cqse3tv1@oksbi,3efd782c-6ec,oq2zdo74@ibl,c1cf6d05-d52,29581,2024-03-15T14:36:24,Gujarat,West Bengal,Axis,BOB,0,clean
4c25392f-0a3e-4e,UPI0001001109,wpaytxw1@ybl,a9a1d8cd-197,ad7x48wz@ibl,f694d29f-aad,32327,2024-03-17T10:09:06,Telangana,Tamil Nadu,PNB,SBI,0,clean
a354a25d-2f44-43,UPI0001002015,ymk99jcj@apl,c716a5a8-fe4,erxdouad@paytm,3396a1f3-654,78283,2024-03-17T15:02:40,Maharashtra,Maharashtra,BOB,Kotak,0,clean
97d5c191-ec1f-44,UPI0001002746,o83rlkte@axl,d9bc569f-b59,tuw6taq6@upi,409c06a8-91d,154935,2024-03-16T15:25:44,Kerala,Gujarat,BOB,Axis,0,clean
5913cce7-89bf-43,UPI0001001675,q1s05wnw@upi,8ed524ee-6d2,d145bm1e@apl,2174d2e7-76b,41903,2024-03-16T06:50:33,Maharashtra,West Bengal,PNB,HDFC,0,clean
75a59ca8-4b19-45,UPI0001003502,rw6tm2o0@icici,7b3b2f4a-e30,grf1hx6z@ibl,40f8aee9-d31,19881,2024-03-17T21:24:03,Karnataka,Telangana,ICICI,SBI,0,clean
201717ef-db2d-42,UPI0001003914,khzlm72j@ibl,d5592af3-889,i9kqdgbk@upi,feaf9f0b-cd9,45606,2024-03-15T12:55:42,West Bengal,Gujarat,Kotak,Axis,0,clean
38726581-79ed-49,UPI0001003165,rlf8a9ke@axl,0a10972f-813,0v2zp4ju@upi,32db899d-85a,63927,2024-03-17T06:25:58,Kerala,Telangana,PNB,HDFC,0,clean
f5b00b19-fa20-45,UPI0001000196,yc3rwqmm@icici,8b3a52b5-76e,aiy4va13@ybl,143b620b-637,18385,2024-03-18T02:13:01,Tamil Nadu,Maharashtra,Kotak,BOB,0,clean
ebbc653a-cd8a-41,UPI0001003619,t0mq8abk@ybl,9638e7a0-a3a,38diuovw@icici,83febe55-d55,86976,2024-03-17T23:49:42,West Bengal,Karnataka,Kotak,Axis,0,clean
040f3484-1e2f-4a,UPI0001004481,5ll1d9s9@okaxis,4e8e9973-82f,0q0mftg6@ybl,1c02f161-954,192508,2024-03-17T20:13:32,Gujarat,Gujarat,PNB,Kotak,0,clean
368af178-c365-49,UPI0001003919,w6m7b5c8@paytm,6ac34a96-9d8,uu4ytn02@ibl,0dc94cab-d16,178015,2024-03-16T23:02:55,Gujarat,Karnataka,PNB,Kotak,0,clean
46725ae9-ccd4-43,UPI0001003201,uu4ytn02@ibl,0dc94cab-d16,ezjsszwd@icici,4d45d924-039,161816,2024-03-16T09:04:22,Karnataka,Telangana,Kotak,SBI,0,clean
2cddc8a2-a621-43,UPI0001000932,mqg1ved3@ibl,9abe9954-38e,fqjja26y@oksbi,51114166-54e,11863,2024-03-16T05:41:27,Tamil Nadu,Kerala,ICICI,SBI,0,clean
0a2b0a9a-aaac-43,UPI0001000567,53sflse4@ybl,35771e25-0a2,eaxylnfx@paytm,17fca863-f60,127193,2024-03-18T02:00:17,Kerala,Kerala,HDFC,ICICI,0,clean
8dec599a-528e-45,UPI0001002014,4c3baewc@oksbi,165a3feb-cd2,ofas1ekt@axl,de630927-308,60194,2024-03-16T06:55:40,Tamil Nadu,Maharashtra,SBI,BOB,0,clean
8f51f6af-f517-49,UPI0001001081,tuw6taq6@upi,409c06a8-91d,wwnc21o0@upi,0d6872fa-a63,51108,2024-03-16T18:41:12,Gujarat,Kerala,Axis,Axis,0,clean
3dd2e751-1094-42,UPI0001001276,2jwoclyt@upi,92c5bab8-7ba,ppohswq4@ybl,27cf6e96-b10,143013,2024-03-16T13:01:45,Telangana,Tamil Nadu,PNB,PNB,0,clean
64e83214-bea7-42,UPI0001000490,rw6tm2o0@icici,7b3b2f4a-e30,a5xin9dl@icici,ad258476-426,176559,2024-03-17T19:13:07,Karnataka,Tamil Nadu,ICICI,SBI,0,clean
31704921-706d-4f,UPI0001000607,p2fmr0tj@apl,e15d55b9-ba9,0cdk36m8@paytm,e75380e3-936,174771,2024-03-17T22:40:38,Karnataka,Tamil Nadu,Kotak,HDFC,0,clean
686e507e-b2bd-4c,UPI0001003332,tahukwqv@axl,c57bb97d-993,c2ihoy7d@paytm,e4f996dd-100,119242,2024-03-16T03:06:27,Tamil Nadu,Tamil Nadu,BOB,BOB,0,clean
2766f5b6-6ad8-45,UPI0001000450,04chsdin@okaxis,7193a5d0-081,9ryllwb7@icici,786ee19f-951,185940,2024-03-17T02:05:41,Tamil Nadu,Gujarat,Kotak,SBI,0,clean
d46e9151-f445-4e,UPI0001004484,k12v2tg5@apl,3903da2e-a66,7h23c42y@oksbi,dac36c42-184,129876,2024-03-17T07:36:11,Telangana,Telangana,Axis,PNB,0,clean
f0e5f8d3-1218-47,UPI0001003905,9tr74qge@oksbi,2dc01c43-46d,sc4e5hrd@apl,11c9ca6c-0cd,163958,2024-03-17T00:00:29,Telangana,Tamil Nadu,PNB,PNB,0,clean
74d02861-c9bc-4f,UPI0001002630,a3kkrzd5@oksbi,e9b226cc-92f,70e3p15a@okaxis,d87ecdc6-34f,38558,2024-03-18T07:20:23,Maharashtra,Karnataka,ICICI,SBI,0,clean
8b317cf1-d867-46,UPI0001000708,jluujmiy@axl,77509db0-051,e9vifttd@ibl,afcf7781-db7,90193,2024-03-15T14:07:15,West Bengal,Telangana,ICICI,Axis,0,clean
69ba0840-5685-49,UPI0001004536,5rdoqivb@paytm,dfee9bf2-48b,17mgfxc0@ybl,cf96bd32-f7f,121130,2024-03-16T04:44:41,Telangana,Gujarat,Axis,SBI,0,clean
d39cc6be-a5f0-4d,UPI0001001311,0ui22kx7@apl,0cb4a777-b67,w6lqwlvu@upi,dec88820-146,13497,2024-03-16T15:37:41,Karnataka,Maharashtra,Axis,BOB,0,clean
d083e3b2-9e40-47,UPI0001000217,bbk7w1da@paytm,4f51dace-926,9boq0iq2@oksbi,45a62da6-105,172929,2024-03-17T17:06:32,Maharashtra,West Bengal,Axis,SBI,0,clean
8be9e813-8da5-41,UPI0001001024,lboriq8h@paytm,d1aedf8e-b07,zb4ldims@paytm,37226f2a-c4f,39162,2024-03-18T02:25:20,West Bengal,Gujarat,HDFC,ICICI,0,clean
3b8a3b9e-fe5c-4a,UPI0001000548,7h23c42y@oksbi,dac36c42-184,zr1yxr2d@okaxis,c1059074-ebc,145909,2024-03-16T00:39:18,Telangana,Karnataka,PNB,Axis,0,clean
5d199b8e-0bc1-4b,UPI0001004732,nmkza3oa@ybl,e74929a0-019,9ltajw25@okaxis,2443c8c7-7e8,107978,2024-03-17T20:13:01,Karnataka,West Bengal,Kotak,PNB,0,clean
9dac19d4-c933-4a,UPI0001003857,t6om1fb8@ibl,593dec67-5f5,jtgq01te@ibl,f43f6c1a-19d,64710,2024-03-15T15:33:01,Gujarat,Tamil Nadu,ICICI,ICICI,0,clean
26bfb4e8-a463-42,UPI0001004760,ac6pe63l@ybl,fe6486c9-5e6,jiys2n75@ybl,ab332325-6cf,1629,2024-03-16T07:29:33,Tamil Nadu,Tamil Nadu,Axis,PNB,0,clean
6c7549fb-f7d2-40,UPI0001002822,u7fbmenu@okaxis,2b0e6e2e-1f6,vpw232ut@icici,10888114-863,76480,2024-03-16T17:31:36,Kerala,Gujarat,ICICI,HDFC,0,clean
ccffd19a-ce59-45,UPI0001000478,hwy9hecg@axl,4c9f3ceb-6e3,bjlzy1uu@upi,382cfba4-cfb,134279,2024-03-16T22:32:10,Telangana,Telangana,SBI,Kotak,0,clean
6d4375ae-8a9d-46,UPI0001002785,a04ux5qr@upi,8029a269-faa,8bfqnpce@upi,96c75168-b52,1960,2024-03-17T03:51:30,West Bengal,Telangana,Kotak,Axis,0,clean
2c3ab1d2-4117-47,UPI0001003506,td44k1j6@oksbi,e33499ff-738,zbffzzdv@okaxis,7664c07f-020,83950,2024-03-16T01:01:06,Maharashtra,Maharashtra,BOB,SBI,0,clean
3765c38e-672d-43,UPI0001003446,irym81cm@oksbi,4956140d-046,m2vajepe@ibl,242b4c68-da5,53987,2024-03-17T21:51:54,Tamil Nadu,Tamil Nadu,PNB,Axis,0,clean
3d68f4bc-7eb3-44,UPI0001003505,ywp0rxxf@icici,536cc49c-7b9,7w7jp61l@oksbi,7f32ed98-3eb,162878,2024-03-16T19:14:22,Kerala,Gujarat,Kotak,BOB,0,clean
f5776841-5af9-4c,UPI0001004808,zfhomtzz@oksbi,a65a521d-a01,9yecazrp@oksbi,388259e0-08a,174800,2024-03-17T09:01:35,West Bengal,Maharashtra,Axis,SBI,0,clean
09f1dc09-491a-4f,UPI0001003697,u83g47rr@ybl,043e14fa-255,w83y0mah@ibl,9ca3624a-117,86638,2024-03-17T07:18:33,Gujarat,Karnataka,PNB,ICICI,0,clean
453e9d0f-7eb5-4e,UPI0001000657,2wgxo05q@apl,c1eb9500-3af,6zpxvpbl@okaxis,aadb54c8-2d0,78255,2024-03-16T11:39:24,Karnataka,Kerala,Axis,Axis,0,clean
dda57bbb-0127-42,UPI0001000855,w9zyn6sj@ybl,3c3c1190-4fb,kicjn2fo@upi,1c3c8bbe-fc6,113134,2024-03-15T11:57:30,Telangana,Kerala,ICICI,SBI,0,clean
9fad8184-4150-40,UPI0001001604,asifpwio@ibl,66abea7e-d1b,cd81twhw@okaxis,215eaeac-210,8112,2024-03-16T14:38:39,Kerala,Kerala,Kotak,BOB,0,clean
09ece607-75ce-41,UPI0001002889,m92h3tv3@okaxis,56581c10-823,6kvpuc8d@okaxis,09e9b54f-d22,145974,2024-03-15T18:19:07,West Bengal,Telangana,ICICI,PNB,0,clean
56243529-6766-43,UPI0001002422,i7kq1uym@axl,bdef7217-228,a83ru7my@apl,88c32907-0d3,75251,2024-03-17T03:41:45,West Bengal,Karnataka,BOB,SBI,0,clean
2699337c-9cf1-4c,UPI0001000968,qfwwxr5r@ibl,26cdf408-d84,zmuf8438@icici,62a8adae-998,82600,2024-03-17T14:22:24,Maharashtra,Tamil Nadu,ICICI,ICICI,0,clean
337af369-914f-48,UPI0001000105,ceouuyla@paytm,c8d44d0a-2c5,ildzmfb7@axl,9749e680-bdd,46469,2024-03-16T05:40:15,West Bengal,Maharashtra,BOB,PNB,0,clean
a610f5bc-f0b7-44,UPI0001003636,xoq2vpgs@icici,3e35461b-eca,6kvpuc8d@okaxis,09e9b54f-d22,103626,2024-03-17T23:47:42,Karnataka,Telangana,BOB,PNB,0,clean
e4b4d65d-0139-4a,UPI0001002007,ivuzzpqk@ybl,1175d2fb-cc9,zzf8s2zg@oksbi,7844cc4a-374,180226,2024-03-16T15:43:03,Tamil Nadu,Tamil Nadu,BOB,PNB,0,clean
efd93594-14c0-41,UPI0001002358,hkc856wp@axl,d4d7921f-c09,9yecazrp@oksbi,388259e0-08a,186389,2024-03-16T13:27:30,Kerala,Maharashtra,SBI,SBI,0,clean
3a47d132-f93f-40,UPI0001003613,xb94pdzp@ibl,1f77595a-0f7,h8uzb7kr@oksbi,0dcc2242-7f7,8731,2024-03-16T06:55:08,Telangana,Karnataka,ICICI,SBI,0,clean
0fe7d919-be55-41,UPI0001002372,i6yuj7yk@icici,f03c391e-8f7,so8w5038@okaxis,0a9225e3-208,173165,2024-03-18T02:47:33,Tamil Nadu,Karnataka,Kotak,Axis,0,clean
407c4c60-6ae0-40,UPI0001003087,dz4x1zhq@okaxis,d5b7dcd0-c5f,myzycwti@axl,40c797bc-53e,144087,2024-03-15T21:22:18,Telangana,Tamil Nadu,Axis,Axis,0,clean
ce866168-7223-48,UPI0001002715,bbk7w1da@paytm,4f51dace-926,n4regb1a@paytm,29d0cf3a-270,87238,2024-03-15T15:08:44,Maharashtra,Gujarat,Axis,Axis,0,clean
d8a6d31b-152e-45,UPI0001002333,ezjsszwd@icici,4d45d924-039,w83y0mah@ibl,9ca3624a-117,104399,2024-03-16T13:55:27,Telangana,Karnataka,SBI,ICICI,0,clean
5db81f41-6f72-43,UPI0001000618,sqt26q3x@upi,730141f1-80f,sdygflij@okaxis,f4e28f71-353,165148,2024-03-18T06:48:42,Kerala,Telangana,Kotak,Axis,0,clean
6529b4fa-0a74-4d,UPI0001004378,ceouuyla@paytm,c8d44d0a-2c5,ga0x7zcg@ibl,15bb3739-991,146471,2024-03-16T23:14:18,West Bengal,Karnataka,BOB,SBI,0,clean
de8dcb29-9f72-46,UPI0001003813,w6m7b5c8@paytm,6ac34a96-9d8,k12v2tg5@apl,3903da2e-a66,79545,2024-03-17T00:24:50,Gujarat,Telangana,PNB,Axis,0,clean
be4459b6-abe4-44,UPI0001003839,vkyrmjlj@paytm,170acc6e-133,2g05kbkv@upi,95960706-af3,134157,2024-03-17T17:47:28,Gujarat,Telangana,HDFC,ICICI,0,clean
9e625349-fb1d-46,UPI0001003154,tjlmz04x@okaxis,2bd5d145-db0,19qzpniq@oksbi,10d15b04-d6f,60007,2024-03-16T05:21:36,Kerala,Tamil Nadu,Axis,ICICI,0,clean
d329a594-5796-42,UPI0001000678,0ljch2vf@oksbi,cab331dd-0d9,uflsehud@icici,168777e2-a06,98842,2024-03-18T10:08:30,West Bengal,Karnataka,Axis,Axis,0,clean
0ae3f9fc-534f-43,UPI0001001919,m2vajepe@ibl,242b4c68-da5,2sds8b25@icici,bd9e7438-8f4,42160,2024-03-18T00:34:11,Tamil Nadu,Telangana,Axis,ICICI,0,clean
7b47499f-4719-41,UPI0001001119,zmuf8438@icici,62a8adae-998,0w064w3u@okaxis,815a78a7-e61,128977,2024-03-16T21:50:49,Tamil Nadu,Maharashtra,ICICI,SBI,0,clean
0270f78f-d707-4d,UPI0001001779,webnvg5v@upi,e2bf96c9-371,p3jpxgh3@axl,c8b30791-50e,12819,2024-03-18T06:53:34,Telangana,Gujarat,ICICI,BOB,0,clean
145342ee-82cb-4b,UPI0001002819,sc4e5hrd@apl,11c9ca6c-0cd,e46aexl6@paytm,cb20a360-856,142100,2024-03-16T12:50:35,Tamil Nadu,Gujarat,PNB,PNB,0,clean
cf621dfb-83aa-4c,UPI0001002340,dh0uyhnq@icici,ea03df36-47b,oieves6f@oksbi,4c26e044-3e8,180242,2024-03-17T08:12:36,Tamil Nadu,West Bengal,HDFC,ICICI,0,clean
8b206a99-0955-4e,UPI0001000003,zmf8mdd4@paytm,d6a9a633-5ca,iujv6oh9@icici,5a5897dd-aca,515268,2024-03-15T10:32:28,Tamil Nadu,Uttarakhand,BOB,Axis,1,L0→L1
8a37caa6-83c2-4f,UPI0001001858,82kb700u@ybl,dcd27afa-05a,lboriq8h@paytm,d1aedf8e-b07,191278,2024-03-15T14:15:38,Maharashtra,West Bengal,PNB,HDFC,0,clean
4f18e7d5-00a7-4e,UPI0001001168,2qc6dr08@ibl,edc4c65a-097,jluujmiy@axl,77509db0-051,81587,2024-03-16T10:32:37,West Bengal,West Bengal,PNB,ICICI,0,clean
1574eb0c-30d7-43,UPI0001003682,zmuf8438@icici,62a8adae-998,asifpwio@ibl,66abea7e-d1b,77186,2024-03-16T22:25:24,Tamil Nadu,Kerala,ICICI,Kotak,0,clean
30e26480-77ec-43,UPI0001000020,14ffyvnv@axl,6890c077-652,5a0l7253@paytm,f30e1220-aaa,102026,2024-03-15T10:34:03,Uttarakhand,Rajasthan,Kotak,HDFC,1,L1→L2
4edfdb7f-f351-4d,UPI0001002532,css9toqw@upi,5ff36244-509,g25cfzfd@icici,ad809e95-47e,26258,2024-03-17T19:20:57,Maharashtra,Gujarat,ICICI,BOB,0,clean
41152c1b-859f-4c,UPI0001002899,g68a1arr@ybl,93972fa1-bff,0ubmc97c@axl,43852731-753,95165,2024-03-18T05:47:31,Gujarat,Tamil Nadu,Kotak,SBI,0,clean
29d2f487-d4cf-41,UPI0001003018,5p1v3zo7@icici,5ec1cb78-2d9,tk63n2qb@okaxis,b1b0f143-ca6,48819,2024-03-17T15:51:44,Telangana,Maharashtra,Kotak,ICICI,0,clean
6fda0437-7158-42,UPI0001004211,zbcgjc36@apl,a45a1f06-4cb,oq2zdo74@ibl,c1cf6d05-d52,181989,2024-03-15T12:37:18,Telangana,West Bengal,Axis,BOB,0,clean
405621ff-772f-49,UPI0001000524,zei3zrrh@oksbi,8a34eeb1-73d,gspk9p38@axl,b85df010-58f,147106,2024-03-15T16:48:54,Kerala,West Bengal,PNB,ICICI,0,clean
f6931f2a-ad66-4e,UPI0001004032,08j3trp0@paytm,6434509b-398,xf5gzpl1@axl,2fa2cb90-de4,19230,2024-03-17T19:59:56,Karnataka,West Bengal,ICICI,ICICI,0,clean
457b5109-4a40-43,UPI0001002300,mx3y9rge@axl,10c50102-d01,g10ur5l8@ybl,d0c45167-d84,133332,2024-03-16T07:30:06,Kerala,Tamil Nadu,SBI,HDFC,0,clean
4a07a52e-c591-44,UPI0001003084,a3kkrzd5@oksbi,e9b226cc-92f,xorzpgu2@okaxis,150b1c69-9d5,121429,2024-03-17T17:54:07,Maharashtra,Kerala,ICICI,ICICI,0,clean
24e75402-96c1-48,UPI0001002789,9ltajw25@okaxis,2443c8c7-7e8,8qqvaecw@okaxis,6ba34083-55e,129115,2024-03-16T05:01:54,West Bengal,Maharashtra,PNB,PNB,0,clean
bdb1d9de-8f7f-4a,UPI0001001509,qxm0632c@paytm,fc67a622-d29,2g05kbkv@upi,95960706-af3,24291,2024-03-18T04:19:13,Tamil Nadu,Telangana,Kotak,ICICI,0,clean
3390582b-d0ef-48,UPI0001001197,w7kyhqin@upi,79bd47f7-d48,i6yuj7yk@icici,f03c391e-8f7,156302,2024-03-15T23:22:18,Telangana,Tamil Nadu,Kotak,Kotak,0,clean
784bff7a-b379-4c,UPI0001003086,nqdxamw2@icici,0ec40a2e-3f7,d8wj0uun@apl,5a53f848-ec8,146804,2024-03-18T00:15:24,Gujarat,Maharashtra,Kotak,ICICI,0,clean
2046e2f7-dddc-4d,UPI0001000814,i04b7p47@ybl,a3267200-292,aiy4va13@ybl,143b620b-637,190664,2024-03-17T10:15:49,Kerala,Maharashtra,BOB,BOB,0,clean
d29926f5-49aa-46,UPI0001003524,xivzk7a4@paytm,4fddfea1-8cf,1zdfkblc@upi,58478899-90d,105191,2024-03-17T07:04:05,Maharashtra,Tamil Nadu,HDFC,ICICI,0,clean
f0c5e62f-617f-41,UPI0001002798,bfh024kw@paytm,4c7b95ce-541,0t9nt3w5@okaxis,da315726-456,164841,2024-03-17T02:09:05,Gujarat,Tamil Nadu,PNB,PNB,0,clean
0104790c-d550-4f,UPI0001004776,0lthy25m@oksbi,3c04574b-b03,ld4d6af5@oksbi,c6d92344-f08,1028,2024-03-16T04:10:23,Kerala,Kerala,ICICI,SBI,0,clean
b9512bd8-1d7e-42,UPI0001000177,hl88kzru@okaxis,2eca5bfe-dc2,a83ru7my@apl,88c32907-0d3,100013,2024-03-17T16:43:32,Gujarat,Karnataka,ICICI,SBI,0,clean
5e560994-cdf0-47,UPI0001000476,aji0y6dp@ybl,db6e078e-7f2,dje153a5@axl,ebe017d3-bb6,126902,2024-03-16T21:08:16,Tamil Nadu,Telangana,SBI,Axis,0,clean
f247e08e-f13f-49,UPI0001000016,c6uzhr5x@oksbi,cfb89590-9fa,kxwd8il3@oksbi,1dd6272e-5f4,155493,2024-03-15T10:33:51,Rajasthan,Uttarakhand,ICICI,SBI,1,L1→L2
32b5f7f5-9335-48,UPI0001000506,so8w5038@okaxis,0a9225e3-208,iymenvg3@paytm,3151edf4-e43,119494,2024-03-15T10:57:41,Karnataka,Gujarat,Axis,ICICI,0,clean
bf74e39b-1801-4a,UPI0001000694,d9fkxzuu@axl,1433fde1-1dd,vt997e4u@upi,6ffdcb98-a38,43969,2024-03-17T16:46:44,Tamil Nadu,Gujarat,PNB,Kotak,0,clean
297eda1c-8543-49,UPI0001003991,6wpx2cyo@icici,8e6b6450-5a7,gn1w1ht7@axl,61e9276c-1e5,131582,2024-03-17T21:37:23,West Bengal,Tamil Nadu,BOB,PNB,0,clean
0b711d46-d10d-45,UPI0001004009,p8637zgf@icici,6443ed3b-45a,kns832ej@axl,1d7f27e2-928,15582,2024-03-17T05:19:23,Kerala,West Bengal,Axis,BOB,0,clean
5f9ca8b5-6ff6-49,UPI0001001848,2jwoclyt@upi,92c5bab8-7ba,j3bqrr87@okaxis,f8adb759-ff2,182217,2024-03-16T03:50:55,Telangana,Gujarat,PNB,Axis,0,clean
c007975a-8dc2-4b,UPI0001003061,8qqvaecw@okaxis,6ba34083-55e,ivrocvit@icici,40e259ef-b8c,104397,2024-03-17T19:00:32,Maharashtra,Telangana,PNB,BOB,0,clean
347e3dcc-1054-43,UPI0001001733,tuw6taq6@upi,409c06a8-91d,g10ur5l8@ybl,d0c45167-d84,17619,2024-03-17T18:24:41,Gujarat,Tamil Nadu,Axis,HDFC,0,clean
39fdeec0-02f2-4c,UPI0001001994,eaxylnfx@paytm,17fca863-f60,x4sn6sm5@axl,b28fc016-34a,71353,2024-03-17T10:51:23,Kerala,Kerala,ICICI,BOB,0,clean
bdeb216f-f284-4b,UPI0001001960,5cozroou@oksbi,1731ed06-891,uu4ytn02@ibl,0dc94cab-d16,145123,2024-03-16T07:12:24,Kerala,Karnataka,ICICI,Kotak,0,clean
29d58f21-88e1-4e,UPI0001004722,ay64yfds@ibl,05351dc8-a9a,8bfqnpce@upi,96c75168-b52,31387,2024-03-16T02:37:18,Karnataka,Telangana,ICICI,Axis,0,clean
80c87702-43a4-45,UPI0001000870,4c3baewc@oksbi,165a3feb-cd2,hwy9hecg@axl,4c9f3ceb-6e3,75294,2024-03-17T22:47:58,Tamil Nadu,Telangana,SBI,SBI,0,clean
4d69fffa-8896-43,UPI0001000399,79flv1xx@paytm,dff63398-c9e,rid3dnkn@oksbi,b8fa8960-47b,107797,2024-03-17T21:24:33,Kerala,Karnataka,PNB,PNB,0,clean
4a93a1a1-ffbb-45,UPI0001000780,ymk99jcj@apl,c716a5a8-fe4,bjlzy1uu@upi,382cfba4-cfb,141790,2024-03-16T02:18:48,Maharashtra,Telangana,BOB,Kotak,0,clean
980bcce7-d75a-4c,UPI0001003424,iymenvg3@paytm,3151edf4-e43,uplvqexu@okaxis,33e404df-c0a,149900,2024-03-17T05:09:25,Gujarat,Karnataka,ICICI,BOB,0,clean
46451e0f-4126-46,UPI0001004740,xyjoa21a@oksbi,27c58270-7c1,qxm0632c@paytm,fc67a622-d29,26816,2024-03-16T22:32:52,Karnataka,Tamil Nadu,PNB,Kotak,0,clean
f672ee45-0c37-4a,UPI0001001238,oieves6f@oksbi,4c26e044-3e8,ceouuyla@paytm,c8d44d0a-2c5,59612,2024-03-16T12:17:10,West Bengal,West Bengal,ICICI,BOB,0,clean
4aa10eed-d8fa-4b,UPI0001001515,b7l8v1zo@ibl,60eb54ed-9d1,uu4ytn02@ibl,0dc94cab-d16,170338,2024-03-15T22:41:58,Gujarat,Karnataka,ICICI,Kotak,0,clean
b67178fb-3574-46,UPI0001000062,5p1v3zo7@icici,5ec1cb78-2d9,ccprhvlz@upi,e917e480-79b,23168,2024-03-17T15:24:33,Telangana,Telangana,Kotak,Axis,0,clean
0a33fd5f-c9b1-48,UPI0001002935,5ll1d9s9@okaxis,4e8e9973-82f,9yecazrp@oksbi,388259e0-08a,143564,2024-03-15T20:45:23,Gujarat,Maharashtra,PNB,SBI,0,clean
ce7d1252-8fc9-4c,UPI0001004355,o119xp9n@apl,84e5cbf1-b6a,t9t11php@okaxis,cdc97255-ace,196032,2024-03-15T20:22:39,Maharashtra,West Bengal,Axis,ICICI,0,clean
6b3983ba-5ef5-4e,UPI0001004765,wviac2e4@axl,ef581a18-a36,rc6zs62y@oksbi,f17ab0c6-4a0,97100,2024-03-18T00:54:18,Kerala,Karnataka,PNB,SBI,0,clean
5922d698-9f0a-44,UPI0001000369,f5gcl9lc@axl,07d8fa8c-cff,e9vifttd@ibl,afcf7781-db7,70714,2024-03-17T16:26:30,Telangana,Telangana,ICICI,Axis,0,clean
ef46d9ed-0d0b-40,UPI0001004096,mx9djoyo@okaxis,bb266567-4bb,1eeurxhw@icici,8f237b1a-04e,67182,2024-03-17T04:14:59,Tamil Nadu,Telangana,Kotak,HDFC,0,clean
afd623a2-1da3-41,UPI0001004769,dz4x1zhq@okaxis,d5b7dcd0-c5f,n0jbzutr@oksbi,4a3fb95b-e6e,151913,2024-03-16T22:40:15,Telangana,Gujarat,Axis,Kotak,0,clean
81190fce-6e3d-4b,UPI0001001889,f5gcl9lc@axl,07d8fa8c-cff,xf7kzorq@axl,8a77df8c-2c4,89194,2024-03-16T17:53:09,Telangana,Tamil Nadu,ICICI,Kotak,0,clean
5b304f47-dccd-47,UPI0001000992,kqxlm5q2@axl,96141255-6de,al8m1g9f@paytm,f6b9e535-824,77991,2024-03-16T06:34:17,West Bengal,Maharashtra,BOB,BOB,0,clean
6160e5fb-a789-44,UPI0001001764,h8uzb7kr@oksbi,0dcc2242-7f7,qxm0632c@paytm,fc67a622-d29,62845,2024-03-16T06:55:20,Karnataka,Tamil Nadu,SBI,Kotak,0,clean
454ea47a-ebc9-4c,UPI0001000270,w2lm349e@upi,52515f9c-046,vgox22in@okaxis,9d6a6b21-955,158341,2024-03-18T09:17:20,West Bengal,Kerala,Kotak,Axis,0,clean
e13a7bde-9a42-4a,UPI0001002907,u83g47rr@ybl,043e14fa-255,vpw232ut@icici,10888114-863,115006,2024-03-16T05:35:22,Gujarat,Gujarat,PNB,HDFC,0,clean
33c593ba-a2de-42,UPI0001001033,rid3dnkn@oksbi,b8fa8960-47b,reiyaz39@apl,75d4c470-c88,92703,2024-03-17T08:23:34,Karnataka,Karnataka,PNB,PNB,0,clean
b8a0d05b-1b49-42,UPI0001001812,qxm0632c@paytm,fc67a622-d29,c7d2kd1p@apl,044bb7dc-666,26341,2024-03-15T22:37:48,Tamil Nadu,West Bengal,Kotak,BOB,0,clean
9967ebe4-676a-41,UPI0001003245,tx63cfl0@paytm,ac541769-490,likwe4bx@upi,9bb85d81-e50,89542,2024-03-16T17:00:34,Tamil Nadu,Telangana,Axis,BOB,0,clean
d8827b26-f0c2-4c,UPI0001000040,zmf8mdd4@paytm,d6a9a633-5ca,nbhnal3g@ybl,b9a38cd2-91b,62271,2024-03-16T10:37:33,Tamil Nadu,Telangana,BOB,PNB,0,clean
886a5dca-5fa0-4d,UPI0001003889,2wgxo05q@apl,c1eb9500-3af,myzycwti@axl,40c797bc-53e,130984,2024-03-17T16:57:48,Karnataka,Tamil Nadu,Axis,Axis,0,clean
363b573b-52b0-4c,UPI0001001719,xyjoa21a@oksbi,27c58270-7c1,qvs8a0tp@axl,964a35db-404,10842,2024-03-16T03:04:22,Karnataka,Telangana,PNB,Kotak,0,clean
88dfe1a7-b512-48,UPI0001003133,u7u6n7hv@okaxis,1c4fe2d7-dac,xoq2vpgs@icici,3e35461b-eca,192996,2024-03-15T16:34:40,Tamil Nadu,Karnataka,SBI,BOB,0,clean
3176cc3f-e69c-4c,UPI0001003326,ulzfy981@icici,71106fca-bed,vn1x2gdg@paytm,b8323e22-9c7,172975,2024-03-16T22:17:57,Kerala,West Bengal,SBI,Axis,0,clean
5e938bb3-8400-45,UPI0001001442,u83g47rr@ybl,043e14fa-255,md270stl@apl,05beb72c-5c8,148299,2024-03-16T07:39:18,Gujarat,West Bengal,PNB,Axis,0,clean
1d779e7e-706e-4b,UPI0001001972,7oxk8c1g@axl,46b23fe2-5eb,12ii826g@axl,2a541c5a-adb,76453,2024-03-17T00:36:51,Telangana,Maharashtra,Axis,Axis,0,clean
6968fdcc-b0eb-4b,UPI0001002942,k12v2tg5@apl,3903da2e-a66,fewvznvk@icici,93ff3503-d85,118803,2024-03-17T08:03:32,Telangana,Kerala,Axis,Kotak,0,clean
db0ac040-fd8b-44,UPI0001000976,8n7odkef@apl,91e08ce9-3ec,jcitfoyq@ybl,56227fb1-a5a,13095,2024-03-17T02:35:19,Maharashtra,Karnataka,BOB,HDFC,0,clean
79923f8a-2a7b-4f,UPI0001001448,adf7pchc@ybl,abb0956f-413,asifpwio@ibl,66abea7e-d1b,52736,2024-03-15T23:04:29,Gujarat,Kerala,PNB,Kotak,0,clean
6945b01a-3c94-47,UPI0001004436,gh2m5zja@okaxis,835cb61e-36d,urvqt3g8@ibl,7b0d2a9d-0f8,116616,2024-03-15T10:43:35,Maharashtra,Gujarat,SBI,Kotak,0,clean
e8b2558d-57ea-48,UPI0001003801,0me8f840@apl,d2acd40e-25c,dr5xyfc4@paytm,172a1c93-d06,64304,2024-03-16T03:51:51,Maharashtra,Telangana,BOB,SBI,0,clean
78097e8f-01bf-41,UPI0001003336,5ixva1nk@ybl,3f9ee135-4b0,sb5iqnf7@ybl,ffdb076f-e40,141273,2024-03-15T18:31:59,Tamil Nadu,Gujarat,ICICI,Kotak,0,clean
20c0b8f2-9c1f-43,UPI0001000712,fgzvrctl@icici,8e73c27c-e02,dtm4vxjj@ibl,52136084-c7a,70187,2024-03-18T01:00:48,Karnataka,Tamil Nadu,BOB,ICICI,0,clean
4b353448-0515-44,UPI0001002474,c01arxab@apl,a094d57c-0e5,5hcbbmhn@axl,d47e844a-967,1383,2024-03-16T05:31:20,Tamil Nadu,Karnataka,ICICI,Kotak,0,clean
33b48fff-b9c9-45,UPI0001000216,m2vajepe@ibl,242b4c68-da5,uu4ytn02@ibl,0dc94cab-d16,45006,2024-03-15T13:04:20,Tamil Nadu,Karnataka,Axis,Kotak,0,clean
ebcb6c7d-f126-4c,UPI0001001073,safyh1fk@paytm,7814c846-782,oq2zdo74@ibl,c1cf6d05-d52,143757,2024-03-15T10:40:33,Tamil Nadu,West Bengal,HDFC,BOB,0,clean
8c62ed7d-e040-44,UPI0001001137,8k06moxs@oksbi,116067d7-992,nfnvuprt@oksbi,1afaa772-d85,192389,2024-03-17T16:42:18,Kerala,Karnataka,HDFC,Kotak,0,clean
ba08ecd9-5ff7-4a,UPI0001001285,60plozjc@upi,d72284a1-243,8k06moxs@oksbi,116067d7-992,119451,2024-03-16T00:31:31,West Bengal,Kerala,SBI,HDFC,0,clean
ed47f1f8-e139-46,UPI0001002420,reiyaz39@apl,75d4c470-c88,a83ru7my@apl,88c32907-0d3,20002,2024-03-18T05:53:04,Karnataka,Karnataka,PNB,SBI,0,clean
43621986-5478-40,UPI0001003976,5p5nvqeb@ibl,ba39ac93-7b7,r6k2vmww@oksbi,e85bb9a0-574,25003,2024-03-15T10:50:01,Gujarat,Gujarat,Axis,PNB,0,clean
9e6794cb-f397-4d,UPI0001000812,t6om1fb8@ibl,593dec67-5f5,bikcidkw@upi,f7982aa6-df8,180503,2024-03-18T04:15:09,Gujarat,Tamil Nadu,ICICI,HDFC,0,clean
b99171c3-80ad-48,UPI0001001293,1yjfe8ud@icici,54c54ed4-726,ytwbozd1@ybl,9637a7ac-2e7,197977,2024-03-16T14:18:01,Maharashtra,Tamil Nadu,ICICI,Kotak,0,clean
8331df9f-37fe-48,UPI0001003625,f0onjpi1@paytm,f1306f21-cef,oieves6f@oksbi,4c26e044-3e8,106221,2024-03-16T00:07:56,Karnataka,West Bengal,ICICI,ICICI,0,clean
2f7d0140-7d7f-44,UPI0001000742,aji0y6dp@ybl,db6e078e-7f2,8e9rivh6@icici,ab4ef148-113,16722,2024-03-18T06:42:54,Tamil Nadu,Karnataka,SBI,ICICI,0,clean
103d9147-bded-40,UPI0001001505,mix7ib5n@ibl,4590ba2b-076,3vg6v5t1@ibl,6109748c-75e,45188,2024-03-15T15:23:37,Gujarat,Telangana,Axis,Axis,0,clean
6eeb0ad8-a15c-40,UPI0001003213,k12v2tg5@apl,3903da2e-a66,wviac2e4@axl,ef581a18-a36,41702,2024-03-17T04:50:00,Telangana,Kerala,Axis,PNB,0,clean
c79f51d5-83d8-49,UPI0001003564,vkyrmjlj@paytm,170acc6e-133,uu4ytn02@ibl,0dc94cab-d16,51196,2024-03-18T07:55:12,Gujarat,Karnataka,HDFC,Kotak,0,clean
e7fcfed1-3a87-4a,UPI0001001145,d145bm1e@apl,2174d2e7-76b,q1s05wnw@upi,8ed524ee-6d2,53866,2024-03-17T07:10:18,West Bengal,Maharashtra,HDFC,PNB,0,clean
e9627c10-9ea8-4f,UPI0001000165,ixntm9tm@axl,2474cb36-956,qxm0632c@paytm,fc67a622-d29,173459,2024-03-18T04:07:03,Gujarat,Tamil Nadu,ICICI,Kotak,0,clean
3f9db009-68c5-4f,UPI0001002289,lhlb50at@apl,0232feb6-0e5,0kgazu41@ybl,deda1626-f82,52588,2024-03-15T12:43:27,West Bengal,Maharashtra,ICICI,HDFC,0,clean
0adaade3-2964-45,UPI0001000377,pd2tsxtv@upi,30954f8d-335,7w7jp61l@oksbi,7f32ed98-3eb,42974,2024-03-16T12:48:44,Gujarat,Gujarat,ICICI,BOB,0,clean
d15f6aa4-8f38-4a,UPI0001001854,sb5iqnf7@ybl,ffdb076f-e40,jdm5fc79@upi,a083e671-4cd,155443,2024-03-17T17:34:10,Gujarat,Maharashtra,Kotak,Kotak,0,clean
e982cda1-c065-4e,UPI0001003169,ppohswq4@ybl,27cf6e96-b10,rw6tm2o0@icici,7b3b2f4a-e30,79031,2024-03-18T08:02:12,Tamil Nadu,Karnataka,PNB,ICICI,0,clean
601c390b-6337-49,UPI0001004303,gn1w1ht7@axl,61e9276c-1e5,w6m7b5c8@paytm,6ac34a96-9d8,110349,2024-03-15T22:18:36,Tamil Nadu,Gujarat,PNB,PNB,0,clean
d56c69e0-319c-44,UPI0001001141,b9w4uov5@paytm,1dff960e-c72,v1v93kmk@icici,10199d03-28f,151293,2024-03-16T20:45:04,West Bengal,Gujarat,PNB,HDFC,0,clean
849fcd5c-a300-4e,UPI0001004405,mx3y9rge@axl,10c50102-d01,0v2zp4ju@upi,32db899d-85a,84980,2024-03-18T01:46:40,Kerala,Telangana,SBI,HDFC,0,clean
5a242b8f-bb6c-42,UPI0001002639,xb94pdzp@ibl,1f77595a-0f7,zb4ldims@paytm,37226f2a-c4f,109998,2024-03-15T14:11:28,Telangana,Gujarat,ICICI,ICICI,0,clean
842aea76-9e50-4f,UPI0001000676,k12v2tg5@apl,3903da2e-a66,1yjfe8ud@icici,54c54ed4-726,79203,2024-03-18T06:39:35,Telangana,Maharashtra,Axis,ICICI,0,clean
6f0cf985-33f8-48,UPI0001001820,su9rn8qt@icici,7a8c6645-05a,7h23c42y@oksbi,dac36c42-184,179547,2024-03-17T06:52:15,Karnataka,Telangana,ICICI,PNB,0,clean
f53174c0-efab-4c,UPI0001001485,mx3y9rge@axl,10c50102-d01,w6lqwlvu@upi,dec88820-146,161457,2024-03-15T12:51:53,Kerala,Maharashtra,SBI,BOB,0,clean
bdb18fd8-b8f7-4d,UPI0001002939,ymk99jcj@apl,c716a5a8-fe4,qhkswva9@upi,93e3cdef-acd,132528,2024-03-17T00:29:42,Maharashtra,Maharashtra,BOB,Kotak,0,clean
1cc57b4d-7fe9-4f,UPI0001002384,xf5gzpl1@axl,2fa2cb90-de4,kek4aegv@oksbi,6fca54c3-692,192586,2024-03-17T02:19:38,West Bengal,West Bengal,ICICI,PNB,0,clean
f2cced86-028d-4e,UPI0001002768,h8uzb7kr@oksbi,0dcc2242-7f7,93wxa73j@oksbi,dd8493a4-c29,199143,2024-03-17T23:30:17,Karnataka,Kerala,SBI,ICICI,0,clean
4bdfe7cf-e5da-43,UPI0001001182,0lthy25m@oksbi,3c04574b-b03,x0h3jujd@okaxis,58d8b5c6-ef9,79673,2024-03-17T01:41:36,Kerala,Telangana,ICICI,HDFC,0,clean
b45c08dc-e0e2-49,UPI0001001815,60plozjc@upi,d72284a1-243,091c795r@upi,e21f0d08-204,121281,2024-03-18T04:32:25,West Bengal,Karnataka,SBI,BOB,0,clean
061704bd-9c8f-4f,UPI0001001744,o75rh8lx@ibl,08de2ce8-4d4,znv0h0gq@ibl,2b7b25ce-4e9,84667,2024-03-15T14:20:01,Karnataka,Gujarat,PNB,HDFC,0,clean
5001ccc2-6fab-4c,UPI0001001959,wjeyub19@icici,2328b533-d95,wovcxek4@apl,be18dda5-608,79227,2024-03-17T14:33:12,Karnataka,Karnataka,Axis,PNB,0,clean
8ee40e30-3b4a-46,UPI0001000503,kjxjq5nv@axl,e4a54308-6a3,xf7kzorq@axl,8a77df8c-2c4,33905,2024-03-16T20:29:36,Gujarat,Tamil Nadu,Axis,Kotak,0,clean
248416d1-3da8-48,UPI0001003704,yv3lxchf@ybl,05438732-9d3,9iy4x41d@apl,e541dc70-08b,197268,2024-03-18T05:49:58,Tamil Nadu,Karnataka,BOB,Axis,0,clean
26cb8c3e-e365-42,UPI0001003022,1ieixwc4@axl,078dcd14-8a1,xb94pdzp@ibl,1f77595a-0f7,46351,2024-03-16T05:48:11,Tamil Nadu,Telangana,Kotak,ICICI,0,clean
3732dc27-a961-42,UPI0001001347,nbhnal3g@ybl,b9a38cd2-91b,o2m71hss@ybl,6cafa98d-8f3,187142,2024-03-16T23:37:21,Telangana,Tamil Nadu,PNB,SBI,0,clean
7bf7ede3-d293-4c,UPI0001002273,x9l8lpqw@paytm,879bbcd2-e77,xyjoa21a@oksbi,27c58270-7c1,49470,2024-03-16T18:20:00,Kerala,Karnataka,Kotak,PNB,0,clean
d8cfc3f6-d8d1-4a,UPI0001001328,i9kqdgbk@upi,feaf9f0b-cd9,5xlk8wru@ybl,4c2dd6a9-8c7,144215,2024-03-17T16:04:46,Gujarat,Karnataka,Axis,SBI,0,clean
e4fa0272-09e0-4e,UPI0001000122,fuu5f07b@axl,d7955ac1-ec5,ixz2c9ro@icici,9e2471db-695,104717,2024-03-16T05:15:54,Telangana,Maharashtra,HDFC,BOB,0,clean
ae6ea4e1-3fe1-43,UPI0001003103,safyh1fk@paytm,7814c846-782,p2fmr0tj@apl,e15d55b9-ba9,155553,2024-03-16T21:19:39,Tamil Nadu,Karnataka,HDFC,Kotak,0,clean
31e25cb8-5ee3-46,UPI0001004612,r94sz2ku@ybl,3c8e10be-1ce,o57p6bkl@ibl,a0f35ea4-53a,155555,2024-03-16T03:04:25,Telangana,Tamil Nadu,Axis,Kotak,0,clean
f7ce9c8b-3358-40,UPI0001004087,lhlb50at@apl,0232feb6-0e5,hgbmfbuv@upi,aab2c0e3-bcd,36526,2024-03-16T20:33:12,West Bengal,West Bengal,ICICI,SBI,0,clean
a4f1ab73-58ed-49,UPI0001004835,cqse3tv1@oksbi,3efd782c-6ec,cd81twhw@okaxis,215eaeac-210,5872,2024-03-18T03:47:12,Gujarat,Kerala,Axis,BOB,0,clean
18127bc1-780e-49,UPI0001003147,wsozctwj@paytm,06c76465-950,1zdfkblc@upi,58478899-90d,196460,2024-03-15T16:17:23,Maharashtra,Tamil Nadu,SBI,ICICI,0,clean
9e548fd2-910e-45,UPI0001000235,m41qesla@okaxis,f826568b-9f5,b7v1w4k2@icici,6a37d574-e6f,16197,2024-03-18T04:42:23,Kerala,Karnataka,Axis,ICICI,0,clean
61575a82-7625-4e,UPI0001004791,u7fbmenu@okaxis,2b0e6e2e-1f6,qzxebb9e@okaxis,8ebd5aae-250,1849,2024-03-15T11:10:52,Kerala,West Bengal,ICICI,Kotak,0,clean
0126cea3-7949-46,UPI0001002308,eyr8lnoe@upi,ae9b4688-14f,rwzc4xl9@ibl,fa697d18-cd8,173676,2024-03-17T19:16:46,Telangana,Kerala,BOB,Kotak,0,clean
d2e5b4e7-e553-43,UPI0001003756,nmeoq4yr@apl,3730892d-042,ccprhvlz@upi,e917e480-79b,155683,2024-03-17T03:20:13,Tamil Nadu,Telangana,PNB,Axis,0,clean
704f73bf-e510-41,UPI0001002583,61bw4a7f@axl,69e6f60e-2f1,c7d2kd1p@apl,044bb7dc-666,85177,2024-03-16T14:32:56,Maharashtra,West Bengal,SBI,BOB,0,clean
117aac26-2a7e-43,UPI0001002769,ixz2c9ro@icici,9e2471db-695,hxid4n1u@apl,5830f07f-146,62106,2024-03-18T04:03:35,Maharashtra,Kerala,BOB,BOB,0,clean
5e1d0c6a-a805-43,UPI0001004379,urvqt3g8@ibl,7b0d2a9d-0f8,9iy4x41d@apl,e541dc70-08b,59516,2024-03-18T03:35:07,Gujarat,Karnataka,Kotak,Axis,0,clean
9178afc6-dbd6-41,UPI0001002683,css9toqw@upi,5ff36244-509,5cozroou@oksbi,1731ed06-891,117806,2024-03-15T20:27:42,Maharashtra,Kerala,ICICI,ICICI,0,clean
9bfe52ee-cd24-44,UPI0001000884,n7s55j2o@icici,0c084f0a-36d,8n7odkef@apl,91e08ce9-3ec,110339,2024-03-18T06:29:32,Karnataka,Maharashtra,ICICI,BOB,0,clean
dfe4cd65-6d27-42,UPI0001003263,b7l8v1zo@ibl,60eb54ed-9d1,q20hwobm@okaxis,1f7e151c-59a,12829,2024-03-17T14:46:25,Gujarat,Tamil Nadu,ICICI,SBI,0,clean
d31bd41e-1fea-43,UPI0001002020,z2t4h20r@ybl,d41e17b8-b9f,dje153a5@axl,ebe017d3-bb6,162988,2024-03-17T17:35:43,Tamil Nadu,Telangana,HDFC,Axis,0,clean
6c347a18-9055-4f,UPI0001002801,6wpx2cyo@icici,8e6b6450-5a7,il8sa3id@upi,0ff28a1c-817,145399,2024-03-17T21:52:01,West Bengal,Gujarat,BOB,SBI,0,clean
ea7b2e9a-83f7-4a,UPI0001002711,5e5iz31y@axl,9bc82871-9c1,vn1x2gdg@paytm,b8323e22-9c7,120227,2024-03-15T16:05:37,Maharashtra,West Bengal,HDFC,Axis,0,clean
9d54a5d7-d587-48,UPI0001000906,tk63n2qb@okaxis,b1b0f143-ca6,7gu0env5@icici,f2e7fec2-ac8,144909,2024-03-16T13:22:28,Maharashtra,West Bengal,ICICI,Axis,0,clean
adb17733-2d4e-4a,UPI0001002521,o2m71hss@ybl,6cafa98d-8f3,qhkswva9@upi,93e3cdef-acd,145276,2024-03-15T20:51:33,Tamil Nadu,Maharashtra,SBI,Kotak,0,clean
33cb84ff-f6c6-4e,UPI0001001032,xf5gzpl1@axl,2fa2cb90-de4,3o0llj8y@axl,1c00950a-235,183821,2024-03-18T02:11:29,West Bengal,Maharashtra,ICICI,SBI,0,clean
6d6674db-7f7f-4a,UPI0001003722,j3bqrr87@okaxis,f8adb759-ff2,uswbkok3@axl,7f90cc04-8a6,140127,2024-03-16T03:24:36,Gujarat,Tamil Nadu,Axis,HDFC,0,clean
40c12efc-661f-44,UPI0001000655,c2htmqwy@icici,f56a4c57-7ae,k12v2tg5@apl,3903da2e-a66,33020,2024-03-17T01:45:47,West Bengal,Telangana,BOB,Axis,0,clean
6fe1b556-6082-42,UPI0001002243,rq9nz612@okaxis,1b4f813a-e5e,w7kyhqin@upi,79bd47f7-d48,1330,2024-03-16T17:12:19,Karnataka,Telangana,BOB,Kotak,0,clean
af47e33f-0f73-45,UPI0001000261,rflqbmae@apl,a2a8bd54-d6e,g10ur5l8@ybl,d0c45167-d84,167996,2024-03-17T09:27:51,Karnataka,Tamil Nadu,Kotak,HDFC,0,clean
431aa258-6710-49,UPI0001000039,iiuc039t@oksbi,33371112-6be,b94874fr@okaxis,c672a0f6-187,134891,2024-03-15T10:34:30,Rajasthan,Uttarakhand,HDFC,BOB,1,L1→L2
bac0662c-ba52-4b,UPI0001004196,5x8a5fbu@apl,a870d6ed-72c,52sq3b9s@apl,ec8fbf62-67f,147571,2024-03-17T17:18:44,West Bengal,Gujarat,Kotak,PNB,0,clean
844def3c-9692-43,UPI0001002469,hrrpzlk3@ibl,8b84e2d0-e1e,a3kkrzd5@oksbi,e9b226cc-92f,67297,2024-03-15T22:47:55,West Bengal,Maharashtra,SBI,ICICI,0,clean
11492183-0d8e-45,UPI0001001741,9yecazrp@oksbi,388259e0-08a,22555jxu@axl,db40ef7b-9eb,40183,2024-03-16T09:53:56,Maharashtra,Kerala,SBI,SBI,0,clean
026a04ff-ccb0-4f,UPI0001001426,8bfqnpce@upi,96c75168-b52,jy62zeeq@upi,2197e198-4e7,128901,2024-03-16T17:35:09,Telangana,Tamil Nadu,Axis,SBI,0,clean
858ddc11-613b-42,UPI0001002052,rflqbmae@apl,a2a8bd54-d6e,likwe4bx@upi,9bb85d81-e50,39390,2024-03-17T03:35:33,Karnataka,Telangana,Kotak,BOB,0,clean
f186fc90-5027-42,UPI0001001153,aji0y6dp@ybl,db6e078e-7f2,l3wxdrlc@upi,38c6e804-3e7,65383,2024-03-17T22:37:02,Tamil Nadu,Kerala,SBI,ICICI,0,clean
36f7e326-c931-4e,UPI0001001969,r6k2vmww@oksbi,e85bb9a0-574,kqxlm5q2@axl,96141255-6de,94005,2024-03-16T12:17:09,Gujarat,West Bengal,PNB,BOB,0,clean
49e1bed9-16d5-43,UPI0001001508,zfhomtzz@oksbi,a65a521d-a01,ad7x48wz@ibl,f694d29f-aad,132559,2024-03-18T09:23:47,West Bengal,Tamil Nadu,Axis,SBI,0,clean
