account_id,vpa,state,bank,role,is_mule
a7951b6d-249,aji0y6dp@ybl,Tamil Nadu,SBI,victim,0
3519ea55-ebb,ivuzzpqk@ybl,Tamil Nadu,BOB,victim,0
dc553551-88a,zmf8mdd4@paytm,Tamil Nadu,BOB,victim,0
57403f37-fc2,0t9nt3w5@okaxis,Tamil Nadu,PNB,victim,0
1b7c6cd3-cd5,bikcidkw@upi,Tamil Nadu,HDFC,victim,0
180d0ec7-00a,myzycwti@axl,Tamil Nadu,Axis,victim,0
bfffeb2a-f1b,9xuy41ib@upi,Tamil Nadu,Axis,victim,0
a41be79f-f58,c6uzhr5x@oksbi,Tamil Nadu,ICICI,victim,0
4f180ae3-6d2,iujv6oh9@icici,Tamil Nadu,Axis,victim,0
e227780c-c89,14ffyvnv@axl,Tamil Nadu,Kotak,victim,0
ac4160a4-686,84azytjx@ibl,Tamil Nadu,ICICI,victim,0
ce08afbc-ebb,fazz81sd@paytm,Tamil Nadu,BOB,victim,0
cabbfc46-ec0,f1t2tala@upi,Tamil Nadu,BOB,victim,0
d9480655-268,iiuc039t@oksbi,Tamil Nadu,HDFC,victim,0
01f00567-62a,8fsv871y@paytm,Tamil Nadu,Axis,victim,0
d2c71a81-69e,pseimvih@ibl,Tamil Nadu,PNB,victim,0
d85c28e3-a99,i64ciyhe@axl,Tamil Nadu,HDFC,victim,0
f876aef5-df0,3gdppq0y@ibl,Tamil Nadu,SBI,victim,0
78eb8c22-298,02dgtfgq@ibl,Tamil Nadu,Axis,victim,0
07a58470-fed,b94874fr@okaxis,Tamil Nadu,BOB,victim,0
48f91109-eaf,6fao72kz@icici,Tamil Nadu,PNB,victim,0
6f92a6bf-091,fk8ut0cv@icici,Tamil Nadu,BOB,victim,0
bad77e77-191,cs4cc5o7@okaxis,Tamil Nadu,Kotak,victim,0
8757bb36-2ad,wpvs7hzi@apl,Tamil Nadu,HDFC,victim,0
b8088edb-233,q77awudt@icici,Tamil Nadu,ICICI,victim,0
b746a926-250,755nf4zw@icici,Tamil Nadu,SBI,victim,0
ed056c9e-206,7d5j60fk@okaxis,Tamil Nadu,PNB,victim,0
363ea34e-465,hwjr64dp@paytm,Tamil Nadu,SBI,victim,0
a506812b-c3c,me9fpzue@oksbi,Tamil Nadu,Kotak,victim,0
508134f0-73f,4ufel624@upi,Tamil Nadu,HDFC,victim,0
3dfe558a-1cc,ymu5907i@oksbi,Tamil Nadu,BOB,victim,0
9c11936e-9df,5a0l7253@paytm,Tamil Nadu,HDFC,victim,0
54718282-898,nbqh7m35@okaxis,Tamil Nadu,SBI,victim,0
15ddb8e1-003,okc1msy4@upi,Tamil Nadu,SBI,victim,0
da52ef67-46a,5ju9bvm2@apl,Tamil Nadu,Kotak,victim,0
f2c3be10-533,nujza7tz@okaxis,Tamil Nadu,ICICI,victim,0
2d610903-3fa,cxll4zkl@apl,Tamil Nadu,ICICI,victim,0
21e5f2ad-3b5,ztgxn0gu@apl,Tamil Nadu,Kotak,victim,0
47329b3a-907,kh2vlpys@oksbi,Tamil Nadu,PNB,victim,0
c3dda0be-b3a,kxwd8il3@oksbi,Tamil Nadu,SBI,victim,0
c8137861-775,ir4cowgz@axl,Tamil Nadu,Axis,victim,0
58130c2d-13f,fy6452h2@icici,Tamil Nadu,Axis,victim,0
f6fbff63-7f6,u7eeqtul@axl,Tamil Nadu,Kotak,victim,0
756cb023-9d0,3t60rjiw@icici,Tamil Nadu,Axis,victim,0
c0d3edf0-f12,jckjltei@oksbi,Tamil Nadu,PNB,victim,0
13cfab07-e63,cotohp6v@ybl,Tamil Nadu,BOB,victim,0
e84f3175-c5a,r7ko64t0@okaxis,Tamil Nadu,Axis,victim,0
11bb174d-cb1,jrny2047@icici,Tamil Nadu,SBI,victim,0
26b84129-7f2,vxdp5gjl@axl,Tamil Nadu,ICICI,victim,0
369d955b-e0e,1n13jcat@upi,Tamil Nadu,HDFC,victim,0
1d94a72f-a8e,2x18hafe@ibl,Uttarakhand,Kotak,l1_mule,1
d21fcecd-4ef,qjnv8z2f@paytm,Uttarakhand,SBI,l1_mule,1
baa1bc8c-d69,7u6n7hv3@okaxis,Uttarakhand,SBI,l1_mule,1
1691550b-4f4,4ve92mpn@icici,Rajasthan,PNB,l1_mule,1
12cf5654-7c4,aprpn6qf@oksbi,Rajasthan,PNB,l1_mule,1
1f68115f-0a7,w71q3vli@ibl,Rajasthan,ICICI,l1_mule,1
8bed1e4c-db2,iqvnb4gh@paytm,Rajasthan,ICICI,l1_mule,1
5deea861-234,5zja8dzr@okaxis,Rajasthan,PNB,l1_mule,1
4aa479a6-22d,xr2dhylu@axl,Rajasthan,Kotak,l1_mule,1
d1001db4-75c,p0lzjjeg@ibl,Rajasthan,PNB,l1_mule,1
60afc279-021,g0jv1v93@paytm,Uttarakhand,HDFC,l1_mule,1
1a3e93f8-c47,gatj9tze@axl,Rajasthan,SBI,l1_mule,1
87628f2e-2a3,uqpgb7r3@apl,Uttarakhand,Axis,l1_mule,1
3407caa9-1b3,uyf38diu@apl,Uttarakhand,Kotak,l1_mule,1
3adb1761-975,1n6kvpuc@ibl,Uttarakhand,BOB,l1_mule,1
5e55b45b-1bc,wjcitfoy@axl,Uttarakhand,ICICI,l1_mule,1
456f7875-bf5,izzqy72w@okaxis,Uttarakhand,Axis,l1_mule,1
9c703f81-36a,tx63cfl0@paytm,Uttarakhand,Axis,l1_mule,1
f15348e3-84f,qkojtpv6@upi,Uttarakhand,Kotak,l1_mule,1
b6d70f43-19f,aiy4va13@ybl,Rajasthan,BOB,l1_mule,1
67e05363-730,qx6gvwrd@upi,Uttarakhand,Axis,l1_mule,1
95de4f78-59d,ldforxo1@ybl,Rajasthan,Axis,l1_mule,1
eac64bba-aee,ll8os9xt@apl,Uttarakhand,SBI,l1_mule,1
63c08373-119,swrpbjek@axl,Uttarakhand,SBI,l1_mule,1
e3f71e87-052,9vifttd9@ibl,Uttarakhand,Axis,l1_mule,1
a7fc0b72-c1a,xf7kzorq@axl,Uttarakhand,Kotak,l1_mule,1
d420e7c7-dc7,n7s55j2o@icici,Uttarakhand,ICICI,l1_mule,1
bd8a1113-d18,kkv9rftm@icici,Uttarakhand,BOB,l1_mule,1
e3803569-142,qlgzui1b@axl,Rajasthan,PNB,l1_mule,1
99dfa2fe-fa8,nx39rbsv@ibl,Rajasthan,BOB,l1_mule,1
26abfa77-10a,d6af58c2@paytm,Rajasthan,ICICI,l1_mule,1
ea6be5e0-f0e,x444nlz1@icici,Rajasthan,SBI,l1_mule,1
04806e93-1d4,iykid91z@ibl,Uttarakhand,Axis,l1_mule,1
e703d1bc-187,y6b2knft@oksbi,Uttarakhand,HDFC,l1_mule,1
8d59bde3-992,c5wi6fqj@paytm,Uttarakhand,PNB,l1_mule,1
01f0a476-bf4,6qktc89k@apl,Uttarakhand,PNB,l1_mule,1
74116f74-fed,qk94dnmk@paytm,Rajasthan,SBI,l1_mule,1
fcdc19d5-339,juy0bvr6@paytm,Rajasthan,BOB,l1_mule,1
c0887c93-2e0,vmwwyzx4@ibl,Uttarakhand,PNB,l1_mule,1
2fc60925-5b5,lpu0dk0g@oksbi,Uttarakhand,BOB,l1_mule,1
a5dd17b8-60b,t63j3r30@upi,Rajasthan,BOB,l1_mule,1
562d65f3-baa,qc1iyyo4@icici,Uttarakhand,ICICI,l1_mule,1
dbe7f37b-c2a,2atqyyv3@upi,Uttarakhand,SBI,l1_mule,1
65f1273e-3e6,qw7lvxwq@paytm,Uttarakhand,PNB,l1_mule,1
700d6403-b44,ebb9eitn@upi,Rajasthan,PNB,l1_mule,1
a12eedd5-7cf,v05x4w7k@upi,Rajasthan,HDFC,l1_mule,1
f3cb7a95-b4b,qin9n6xc@paytm,Rajasthan,HDFC,l1_mule,1
c9dcd0f8-8ee,83dhx8bm@oksbi,Uttarakhand,BOB,l1_mule,1
46f4673e-055,c1hh5lf6@ybl,Uttarakhand,ICICI,l1_mule,1
4689074e-dcd,9t2d5em2@upi,Uttarakhand,SBI,l1_mule,1
7f1152c1-979,jepecqnv@axl,Uttarakhand,Kotak,l1_mule,1
a447251a-c84,8b25sq8c@axl,Uttarakhand,BOB,l1_mule,1
449713fa-83e,pdzp6lfe@icici,Rajasthan,PNB,l1_mule,1
aca28c6b-1bf,nvksp2ex@icici,Rajasthan,PNB,l1_mule,1
a50514b2-4f8,p5o3o0ll@paytm,Uttarakhand,ICICI,l1_mule,1
cce802f6-8b6,yrddp0ne@ybl,Uttarakhand,Kotak,l1_mule,1
c9e6d12e-067,yo57p6bk@paytm,Rajasthan,ICICI,l1_mule,1
61c11d85-0b7,uhxid4n1@okaxis,Uttarakhand,BOB,l1_mule,1
8c22ee4e-a54,493wxa73@paytm,Rajasthan,SBI,l1_mule,1
ebc107e2-26a,j17mgfxc@ybl,Uttarakhand,SBI,l1_mule,1
9ff41cc2-1fa,nqfll7v5@oksbi,Uttarakhand,HDFC,l1_mule,1
847690aa-5f0,yjxrpj1e@apl,Uttarakhand,SBI,l1_mule,1
e5f85267-1b0,yvslh9bh@okaxis,Rajasthan,BOB,l1_mule,1
b522fd0a-faa,1kerpeti@icici,Uttarakhand,BOB,l1_mule,1
e9072e68-a1f,c5ba75uu@apl,Rajasthan,ICICI,l1_mule,1
2b4be163-7e4,o8g8qynp@ibl,Uttarakhand,HDFC,l1_mule,1
6d8e9714-548,vsolmlgs@ibl,Rajasthan,Kotak,l1_mule,1
41270947-9a9,6m033ifh@oksbi,Uttarakhand,BOB,l1_mule,1
e2c469d2-897,g1r11q7u@upi,Uttarakhand,BOB,l1_mule,1
28d51a13-bce,fcpkjcsl@axl,Rajasthan,SBI,l1_mule,1
47a2a6cc-f32,nkx9dvnu@ybl,Uttarakhand,Axis,l1_mule,1
0876d0e6-035,lrfcd6mz@icici,Uttarakhand,PNB,l1_mule,1
f7341f23-b5b,bz9svn7n@upi,Uttarakhand,PNB,l1_mule,1
5cf69dfb-072,2xcdyk0x@oksbi,Uttarakhand,ICICI,l1_mule,1
a8cb60c4-7c9,ufm8zov7@paytm,Uttarakhand,Kotak,l1_mule,1
4bae26e9-807,xlez896d@apl,Rajasthan,Kotak,l1_mule,1
6eaf856f-094,al8m1g9f@paytm,Rajasthan,BOB,l1_mule,1
6fda7543-fb3,st0sx5wv@oksbi,Uttarakhand,HDFC,l1_mule,1
dbf8c887-6d2,313fpoyi@axl,Uttarakhand,Kotak,l1_mule,1
ec3ab56c-57a,12ii826g@axl,Rajasthan,Axis,l1_mule,1
39243fbf-ded,2spfhv5b@axl,Delhi,BOB,l2_mule,1
10d89415-be2,td44k1j6@oksbi,Delhi,BOB,l2_mule,1
0dc2477e-71a,d6357oon@apl,Haryana,SBI,l2_mule,1
5cd641b9-4ce,ildzmfb7@axl,Delhi,PNB,l2_mule,1
4a515d3e-e14,1qw6ahf7@icici,Rajasthan,Axis,l2_mule,1
03a36316-750,1ieixwc4@axl,Uttarakhand,Kotak,l2_mule,1
3a9d1359-a1e,wuzkamug@ibl,Uttarakhand,Kotak,l2_mule,1
f4a9d5da-4be,css9toqw@upi,Delhi,ICICI,l2_mule,1
05dae3b5-370,mcixdu1e@upi,Uttarakhand,Kotak,l2_mule,1
abf1556e-7c7,3g2qzw3c@axl,Delhi,SBI,l2_mule,1
3c24d69a-7f4,h25llo3r@ybl,Delhi,BOB,l2_mule,1
2addb6c2-23f,k5bxj2po@axl,Rajasthan,Axis,l2_mule,1
689938ff-920,9rr7s20c@oksbi,Delhi,Kotak,l2_mule,1
ae7db071-75f,lcxlvpym@ybl,Delhi,PNB,l2_mule,1
5b0a3d5d-456,wpx2cyos@oksbi,Delhi,SBI,l2_mule,1
069906a9-26a,4ypeixn8@ybl,Rajasthan,Kotak,l2_mule,1
c640ddd0-627,y8n1utox@okaxis,Rajasthan,SBI,l2_mule,1
c9d00a03-821,0rnujjq9@paytm,Uttarakhand,PNB,l2_mule,1
e62c1a91-1d8,hecgz938@upi,Haryana,PNB,l2_mule,1
8f76793e-bd2,ztkkfzzg@upi,Delhi,Kotak,l2_mule,1
122ffa07-941,ehe2atn2@icici,Rajasthan,HDFC,l2_mule,1
5b1a1f9d-90b,cozrooue@upi,Uttarakhand,PNB,l2_mule,1
7ee398dd-15d,qym52xg8@apl,Uttarakhand,Kotak,l2_mule,1
dc6ec1d6-bb7,3skf7i8s@paytm,Uttarakhand,BOB,l2_mule,1
3c8498d0-163,jwtektsg@oksbi,Uttarakhand,HDFC,l2_mule,1
ec8d0f4f-43b,4u3bbxux@apl,Delhi,Kotak,l2_mule,1
e5304229-c73,rwk8r2yk@ibl,Uttarakhand,PNB,l2_mule,1
90f16a7e-d93,foqmf5l9@upi,Uttarakhand,Axis,l2_mule,1
c9fad0b2-b7c,1sdieqfb@apl,Rajasthan,BOB,l2_mule,1
5d93b8a6-66c,i5flul1r@icici,Haryana,Axis,l2_mule,1
5871a68e-238,5rdoqivb@paytm,Haryana,Axis,l2_mule,1
c153b5a4-778,kadejnob@ybl,Haryana,Kotak,l2_mule,1
1f2ac37f-022,nknqt3wv@oksbi,Rajasthan,SBI,l2_mule,1
666a9e33-28a,n9unfvob@ybl,Haryana,HDFC,l2_mule,1
220d9522-2f5,2sf6f7lo@paytm,Delhi,Kotak,l2_mule,1
b79cbd10-f99,ssrurald@apl,Delhi,Kotak,l2_mule,1
332efe6e-e6b,20yar821@okaxis,Delhi,PNB,l2_mule,1
70da3957-e35,vgww4fyb@ibl,Uttarakhand,HDFC,l2_mule,1
55fdb439-24f,ppohswq4@ybl,Uttarakhand,PNB,l2_mule,1
c3be8a1d-3f2,su9rn8qt@icici,Rajasthan,ICICI,l2_mule,1
cedbaea2-490,vgiui9kk@okaxis,Delhi,PNB,l2_mule,1
bd5bde1a-8a8,lm72jeyn@apl,Haryana,BOB,l2_mule,1
889cbecb-0f3,82kkzmpj@axl,Delhi,HDFC,l2_mule,1
9ec2fdec-67c,3jujd0ib@icici,Rajasthan,HDFC,l2_mule,1
47ce1f90-517,bozd1at7@apl,Rajasthan,PNB,l2_mule,1
76d7f0cb-bb1,rh8lx6du@icici,Haryana,PNB,l2_mule,1
f09fb14f-1b1,6g5g79or@paytm,Uttarakhand,SBI,l2_mule,1
d700ef8b-c96,kv7mqxs6@oksbi,Uttarakhand,BOB,l2_mule,1
f8462400-419,j3l0xzam@paytm,Haryana,Kotak,l2_mule,1
3c18dd6c-c1a,g463sdyg@oksbi,Rajasthan,Axis,l2_mule,1
08fa5b24-d25,7anqjluu@paytm,Delhi,PNB,l2_mule,1
a8eb12f5-ffc,ycelos6z@paytm,Delhi,PNB,l2_mule,1
db686d51-613,w7nh8rq9@upi,Uttarakhand,Axis,l2_mule,1
ce101e0c-6b7,1231yv2s@icici,Haryana,PNB,l2_mule,1
57dcfa04-58a,cuctsufl@icici,Delhi,Axis,l2_mule,1
d3654bf9-d47,yzr6qceo@ybl,Uttarakhand,Kotak,l2_mule,1
09749d54-670,ylajahcp@ibl,Haryana,Kotak,l2_mule,1
10d651d7-177,7c7bo119@apl,Uttarakhand,ICICI,l2_mule,1
840d20be-75c,q7nc85e4@ibl,Haryana,HDFC,l2_mule,1
7f86c6bf-e66,t0iaakyt@icici,Haryana,Axis,l2_mule,1
98ce5102-145,imj70e3p@ybl,Rajasthan,HDFC,l2_mule,1
1cf82578-9d0,cvqy5ibp@icici,Rajasthan,HDFC,l2_mule,1
e5035535-e52,f9i6uu13@okaxis,Uttarakhand,ICICI,l2_mule,1
d876991f-d06,9sojuv0g@apl,Rajasthan,Kotak,l2_mule,1
4b83689c-5fc,bmxnszok@oksbi,Haryana,BOB,l2_mule,1
bc7a8601-012,ii4fqcoo@icici,Haryana,HDFC,l2_mule,1
47f157c6-6da,ihx74d0g@paytm,Haryana,Axis,l2_mule,1
f05c642c-4f7,5g10ur5l@ybl,Uttarakhand,HDFC,l2_mule,1
a36f9211-85e,8e9rivh6@icici,Rajasthan,ICICI,l2_mule,1
9a363111-0c7,ntmjsrd9@axl,Delhi,BOB,l2_mule,1
5ba1820b-df9,6nouhfj7@apl,Delhi,ICICI,l2_mule,1
91b7ef7a-83a,hiuit7m1@axl,Rajasthan,PNB,l2_mule,1
a24c5ea7-9f4,q0mftg69@ybl,Haryana,Kotak,l2_mule,1
5ca28c97-0ee,4c3baewc@oksbi,Uttarakhand,SBI,l2_mule,1
52625ae6-2d2,snwywrra@icici,Rajasthan,Axis,l2_mule,1
c4154f3e-2e0,aztkszp7@oksbi,Uttarakhand,SBI,l2_mule,1
434eb7b5-4cf,siwjm2c8@axl,Uttarakhand,Kotak,l2_mule,1
dcdfa29a-d97,9iy4x41d@apl,Rajasthan,Axis,l2_mule,1
3636979d-f9f,cagrp2u4@ibl,Haryana,Kotak,l2_mule,1
82b5d847-04c,i6yuj7yk@icici,Uttarakhand,Kotak,l2_mule,1
aa82b1ae-dc9,g4ahf337@paytm,Uttarakhand,HDFC,l2_mule,1
880a4c88-a81,u4ytn02y@ibl,Rajasthan,Kotak,l2_mule,1
0fc53d9d-80e,bp4m18o1@ybl,Delhi,PNB,l2_mule,1
6f70d77f-e87,2qitngvn@paytm,Delhi,BOB,l2_mule,1
c7e26dcc-80a,zcfzw0ld@ybl,Rajasthan,ICICI,l2_mule,1
06346d83-adb,mjegqtoa@upi,Haryana,Kotak,l2_mule,1
3bc0a287-2e9,v25ao20u@okaxis,Uttarakhand,Kotak,l2_mule,1
50bdd543-425,ygjjfgjk@ibl,Rajasthan,ICICI,l2_mule,1
ba43f715-992,7zrwqeao@apl,Delhi,BOB,l2_mule,1
e10fa19c-05b,pp3xvkvz@axl,Delhi,ICICI,l2_mule,1
fab880e0-1b1,88kzruin@apl,Rajasthan,ICICI,l2_mule,1
9b0c4bfd-d5a,7h9g1a07@okaxis,Uttarakhand,Axis,l2_mule,1
3791f77c-8fd,3c42yfkj@oksbi,Delhi,PNB,l2_mule,1
cfb4eae2-a2c,2c9ros7y@icici,Haryana,SBI,l2_mule,1
fd24b026-b27,z3v6dixf@ybl,Delhi,Kotak,l2_mule,1
1d08f258-c80,8l2ddh0u@okaxis,Haryana,Axis,l2_mule,1
a2ea69c1-8f4,o1vsmado@ibl,Delhi,SBI,l2_mule,1
b32cd975-c22,mm2smdzq@ibl,Rajasthan,ICICI,l2_mule,1
b39980a7-264,3e4xyf9i@oksbi,Uttarakhand,Kotak,l2_mule,1
14dd0e1d-8d9,lpq2wgxo@okaxis,Rajasthan,Axis,l2_mule,1
cebaaa57-c72,nzh13cd5@oksbi,Haryana,ICICI,l2_mule,1
3fef0017-03e,heyr8lno@ibl,Delhi,ICICI,l2_mule,1
ee686c30-f28,4w3zkwde@ibl,Delhi,HDFC,l2_mule,1
93a849a7-25d,enfnvupr@icici,Delhi,PNB,l2_mule,1
70a42746-118,trflqbma@oksbi,Rajasthan,HDFC,l2_mule,1
ea5fedf6-198,8sryo4rc@ybl,Haryana,BOB,l2_mule,1
17012f5c-710,kjtgq01t@ibl,Rajasthan,Kotak,l2_mule,1
43ce32f9-ed4,jt9t11ph@apl,Uttarakhand,SBI,l2_mule,1
f30ce468-e80,k9qm3p91@okaxis,Rajasthan,HDFC,l2_mule,1
ed835ddd-0e6,4vpw232u@icici,Delhi,ICICI,l2_mule,1
aaba3bf8-8a2,lzkj49yd@apl,Rajasthan,SBI,l2_mule,1
ba717722-f1d,5e5iz31y@axl,Delhi,HDFC,l2_mule,1
2f17b21a-842,wnc21o0z@upi,Delhi,Axis,l2_mule,1
825d5e01-08e,la100qxm@ibl,Haryana,BOB,l2_mule,1
bb16bb65-6b3,hphj3muu@axl,Haryana,BOB,l2_mule,1
aadcbf15-cd4,61bw4a7f@axl,Delhi,SBI,l2_mule,1
e3df3190-0a4,hyexf7jx@paytm,Haryana,SBI,l2_mule,1
c8486402-b54,xxbw01pd@ibl,Delhi,SBI,l2_mule,1
d300f951-992,reiyaz39@apl,Rajasthan,PNB,l2_mule,1
5bf741a8-429,rid3dnkn@oksbi,Rajasthan,PNB,l2_mule,1
8426ac2a-3d3,cuvfmh07@axl,Rajasthan,BOB,l2_mule,1
a428f87c-1c0,dd1vn8lf@paytm,Rajasthan,PNB,l2_mule,1
02bf6397-1b7,ivzk7a45@okaxis,Uttarakhand,Kotak,l2_mule,1
7673d484-181,0kb68rer@ibl,Rajasthan,Kotak,l2_mule,1
7de9aaa8-e7e,97e4uny1@ibl,Uttarakhand,SBI,l2_mule,1
b41ecad3-881,ah78okz1@apl,Uttarakhand,PNB,l2_mule,1
78962676-194,ctwjlsh3@icici,Haryana,ICICI,l2_mule,1
604d8e7d-1e5,v1xxlp8i@okaxis,Haryana,SBI,l2_mule,1
686bfb75-e20,ewbxxgae@ybl,Haryana,HDFC,l2_mule,1
81126f03-997,8s2zge2j@ibl,Haryana,BOB,l2_mule,1
841bf69e-3d8,mpsj9wrs@ybl,Uttarakhand,Axis,l2_mule,1
8ac41507-f08,njdu0isb@ybl,Rajasthan,HDFC,l2_mule,1
ac0298e6-1a0,qnf74t60@apl,Uttarakhand,HDFC,l2_mule,1
f0d5e10e-05c,i6l3ueyb@okaxis,Delhi,BOB,l2_mule,1
239bc0a3-d25,8cqk4lta@okaxis,Uttarakhand,ICICI,l2_mule,1
753a3863-41a,0in8910t@okaxis,Delhi,HDFC,l2_mule,1
ed9a80f0-2df,7atwyam1@apl,Uttarakhand,BOB,l2_mule,1
4e6cfd83-fd5,dtirc9zd@okaxis,Delhi,BOB,l2_mule,1
307d2323-067,zn9dde3c@ybl,Haryana,Axis,l2_mule,1
8cec3249-418,ijl2z0lj@ibl,Rajasthan,HDFC,l2_mule,1
9a93563e-2cb,2vffqot8@okaxis,Rajasthan,Axis,l2_mule,1
3202cb65-c5e,q4d3kzvh@upi,Delhi,HDFC,l2_mule,1
e9df696e-119,z8obk3g8@axl,Uttarakhand,Kotak,l2_mule,1
0411e9c0-f6c,dd2ec2ih@apl,Rajasthan,ICICI,l2_mule,1
8ce476b2-b19,uj3ac6pe@upi,Uttarakhand,SBI,l2_mule,1
15ce6109-5f3,7b7p0rnp@upi,Uttarakhand,HDFC,l2_mule,1
7476f81a-11c,jqfwwxr5@axl,Rajasthan,SBI,l2_mule,1
8b467198-49e,keh5sw22@apl,Uttarakhand,BOB,l2_mule,1
f905e2ba-202,r2muljav@ybl,Delhi,BOB,l2_mule,1
2b6e0015-5b6,c9t199dx@paytm,Delhi,Kotak,l2_mule,1
fc96560b-67f,18u9n79g@okaxis,Uttarakhand,Kotak,l2_mule,1
16505274-79a,3z6bz8uu@okaxis,Delhi,BOB,l2_mule,1
0c0e9dc8-aa9,tgbcvarl@okaxis,Haryana,BOB,l2_mule,1
f6af60f8-cba,mg25cfzf@ibl,Rajasthan,BOB,l2_mule,1
92320f7a-61a,8n7odkef@apl,Delhi,BOB,l2_mule,1
015f58d8-610,xg8y72iv@oksbi,Haryana,Axis,l2_mule,1
c6060dbb-1d4,0kgazu41@ybl,Delhi,HDFC,l2_mule,1
c7eaefea-fd5,78hu7f0i@upi,Delhi,HDFC,l2_mule,1
c71b242f-4fa,3y0mahym@ibl,Uttarakhand,PNB,l2_mule,1
0f7ff09f-bd8,bppfo5mn@axl,Uttarakhand,BOB,l2_mule,1
95ffaa20-c48,fc4kl8cg@apl,Rajasthan,HDFC,l2_mule,1
eab28bf9-ff4,t6dvwrb7@oksbi,Uttarakhand,Kotak,l2_mule,1
02323c80-b74,fdhgzz0j@paytm,Haryana,ICICI,l2_mule,1
f78531a2-e36,dotrbad3@axl,Rajasthan,HDFC,l2_mule,1
41f5642a-b42,agkc4lor@paytm,Uttarakhand,SBI,l2_mule,1
1365ec8f-ff1,g5nqjqij@ybl,Haryana,HDFC,l2_mule,1
32a38c08-792,dmt8vt43@apl,Uttarakhand,Kotak,l2_mule,1
3c05d288-c32,uiko4bus@oksbi,Haryana,SBI,l2_mule,1
d9695c89-7fd,g983ep9p@oksbi,Haryana,BOB,l2_mule,1
999215cd-868,l03dut4s@ybl,Delhi,BOB,l2_mule,1
a1f02d95-6d7,efuu8dd2@paytm,Haryana,BOB,l2_mule,1
2f566fd1-3ac,5jxurgow@apl,Delhi,SBI,l2_mule,1
4bcb164c-b98,6li076a3@paytm,Haryana,ICICI,l2_mule,1
9f66f96e-56f,44y9ik01@upi,Delhi,ICICI,l2_mule,1
c8615205-aa5,vdp6orsn@ybl,Haryana,Kotak,l2_mule,1
679b3240-920,czo2sug5@okaxis,Rajasthan,BOB,l2_mule,1
34ee5213-adc,iq7zj3sw@ibl,Uttarakhand,PNB,l2_mule,1
2cdcce36-f40,irq8rtm4@paytm,Uttarakhand,PNB,l2_mule,1
17ec5bdd-886,knfu84xy@paytm,Uttarakhand,PNB,l2_mule,1
5ff876e7-04c,s58yreg2@okaxis,Haryana,ICICI,l2_mule,1
51c263c2-bae,zzj64qhk@icici,Delhi,BOB,l2_mule,1
5db4df81-4d1,va984uvk@ibl,Haryana,Axis,l2_mule,1
e0204161-02c,mjljx8xg@icici,Uttarakhand,BOB,l2_mule,1
063ae984-0b1,622vxyzx@paytm,Rajasthan,ICICI,l2_mule,1
86fead70-7ed,o0u93mzy@axl,Haryana,PNB,l2_mule,1
b407c5c6-f80,s445gdej@icici,Delhi,BOB,l2_mule,1
425b4648-738,86xii5p5@upi,Rajasthan,ICICI,l2_mule,1
e6734e64-0bd,qebwuwqh@ibl,Delhi,BOB,l2_mule,1
02eebd7e-66c,to5f9m96@axl,Haryana,HDFC,l2_mule,1
a3e5dd40-8d7,5gcl9lcq@okaxis,Delhi,BOB,l2_mule,1
e5b91e3e-2af,uf22eppp@axl,Rajasthan,Axis,l2_mule,1
39d22074-163,bhnal3gy@okaxis,Uttarakhand,HDFC,l2_mule,1
0a800c8a-039,ldslcb8q@icici,Delhi,Kotak,l2_mule,1
b06e81a5-f87,pye9r1f6@apl,Delhi,SBI,l2_mule,1
7f331ae0-b4b,i9hasez2@apl,Rajasthan,PNB,l2_mule,1
e9cb0779-20e,1wvbd4be@axl,Delhi,Axis,l2_mule,1
09248b51-212,trfzwkxx@paytm,Uttarakhand,Kotak,l2_mule,1
4b8e2eaa-931,p6swk2rv@paytm,Rajasthan,BOB,l2_mule,1
65ccf6ad-42a,moft6yri@ybl,Rajasthan,PNB,l2_mule,1
5f1df4a7-5bb,64yfds0d@paytm,Uttarakhand,PNB,l2_mule,1
40b4beec-5cf,q9jb354m@upi,Rajasthan,Axis,l2_mule,1
7d258207-52c,d1b4xgmp@paytm,Uttarakhand,PNB,l2_mule,1
5441cbc8-7af,nmeoq4yr@apl,Uttarakhand,PNB,l2_mule,1
38d5d7ee-522,ezc7fov2@axl,Rajasthan,HDFC,l2_mule,1
11e2c612-e51,2w5506rr@apl,Haryana,Axis,l2_mule,1
7ca6f719-d82,cxa5s00i@upi,Uttarakhand,Kotak,l2_mule,1
83f30095-c53,p0rxxf36@ybl,Uttarakhand,SBI,l2_mule,1
75ba263f-3ca,sqrf1llk@icici,Rajasthan,HDFC,l2_mule,1
37b04ea4-9a4,oiq2q4qe@axl,Haryana,PNB,l2_mule,1
89c81118-57a,douadvwk@icici,Uttarakhand,Kotak,l2_mule,1
5efee24d-4ab,xqm334l1@axl,Rajasthan,PNB,l2_mule,1
cce20ead-7ef,ze1hm38k@icici,Delhi,ICICI,l2_mule,1
b65aeafc-ddd,bffzzdvg@apl,Uttarakhand,HDFC,l2_mule,1
525d4689-577,3gm1bwye@axl,Haryana,Axis,l2_mule,1
e65e0b92-863,8a0tpv72@oksbi,Rajasthan,PNB,l2_mule,1
dfe3467c-f4c,0env5sn9@okaxis,Rajasthan,ICICI,l2_mule,1
b0df1d72-20c,88qeoz0k@icici,Haryana,BOB,l2_mule,1
8da2e65a-2e7,z7whwkmy@oksbi,Delhi,Kotak,l2_mule,1
73fe09c3-30d,z1uu7zy6@icici,Delhi,ICICI,l2_mule,1
d8a65b5b-5e6,3safyh1f@paytm,Haryana,PNB,l2_mule,1
42491535-5a2,fc2htmqw@icici,Delhi,BOB,l2_mule,1
f13c2251-4f7,0ui22kx7@apl,Rajasthan,Axis,l2_mule,1
39ddcd9a-545,8b0h54pi@upi,Delhi,BOB,l2_mule,1
225ac788-237,18kgyggs@apl,Rajasthan,SBI,l2_mule,1
73180c9b-0a8,kjf4aq7b@upi,Haryana,Kotak,l2_mule,1
638a3ca6-5ba,1w4k2tcz@icici,Uttarakhand,HDFC,l2_mule,1
0f137cdc-6ca,s2ftom5x@upi,Rajasthan,ICICI,l2_mule,1
4ec85860-135,h1t939ay@axl,Delhi,HDFC,l2_mule,1
15cb16ea-888,8yl68ntk@icici,Rajasthan,BOB,l2_mule,1
638bc559-3ef,ssrkxlcd@icici,Delhi,Kotak,l2_mule,1
7b49f76d-522,whwhy4h3@apl,Uttarakhand,PNB,l2_mule,1
2e3950b7-e3b,0fqldb2u@okaxis,Uttarakhand,ICICI,l2_mule,1
f6c05afb-f63,nwpaytxw@ybl,Haryana,PNB,l2_mule,1
3597ebe4-8f7,mskyvk7n@ybl,Uttarakhand,Axis,l2_mule,1
f56d886f-96b,teo2t8fy@upi,Rajasthan,SBI,l2_mule,1
57466529-3a3,eavt8k06@upi,Rajasthan,HDFC,l2_mule,1
b97642e8-768,64fgwjey@ybl,Haryana,BOB,l2_mule,1
e54e7a9f-5c6,xcyjhu8m@okaxis,Haryana,SBI,l2_mule,1
54481f7e-0ab,w6lqwlvu@upi,Delhi,BOB,l2_mule,1
e4d9df9b-8d4,8gl2zxjm@upi,Delhi,Axis,l2_mule,1
272c243f-13c,q1rdxck3@icici,Haryana,HDFC,l2_mule,1
b371a905-017,0w064w3u@okaxis,Delhi,SBI,l2_mule,1
4898bdc5-884,t9q1ni10@paytm,Delhi,HDFC,l2_mule,1
62be1013-442,sdnai89y@icici,Haryana,HDFC,l2_mule,1
87ac6ed3-495,fuu5f07b@axl,Haryana,HDFC,l2_mule,1
af4208f2-d91,jiys2n75@ybl,Uttarakhand,PNB,l2_mule,1
1f2ccb30-0f2,d8wj0uun@apl,Delhi,ICICI,l2_mule,1
9294356d-a4f,sn6sm5rr@ybl,Uttarakhand,Kotak,l2_mule,1
40c3ee00-dd3,piskffv3@okaxis,Rajasthan,Axis,l2_mule,1
65945ca7-341,zrrhf4ab@oksbi,Delhi,HDFC,l2_mule,1
fb09127e-834,6ff7so8w@paytm,Uttarakhand,SBI,l2_mule,1
9caf8ff5-6b3,q95g3v23@oksbi,Rajasthan,Kotak,l2_mule,1
bfbd7a1c-fd1,gy7vcnea@icici,Delhi,BOB,l2_mule,1
258fdad2-e60,3vg6v5t1@ibl,Haryana,Axis,l2_mule,1
4971405a-924,6ta7ypp5@icici,Rajasthan,Axis,l2_mule,1
4d307428-7da,7r1m264u@apl,Rajasthan,HDFC,l2_mule,1
8b000660-616,ri4k5ogz@ybl,Delhi,Kotak,l2_mule,1
afd55936-1a2,snh2odpv@paytm,Uttarakhand,BOB,l2_mule,1
99d2f582-15d,uw9ohtug@icici,Haryana,Kotak,l2_mule,1
4cbead22-f13,jlmz04x0@axl,Haryana,BOB,l2_mule,1
656a934a-e20,ds22wybo@ybl,Rajasthan,BOB,l2_mule,1
a3b540fd-fff,3qvdjnv0@apl,Uttarakhand,Kotak,l2_mule,1
803b9663-f93,zv83xphx@icici,Delhi,ICICI,l2_mule,1
2bb8e39c-f21,bvsigbia@oksbi,Rajasthan,SBI,l2_mule,1
1cdd9bf3-a1f,2movs0cd@paytm,Delhi,PNB,l2_mule,1
ad8b55a5-71a,m3i8qoag@icici,Delhi,SBI,l2_mule,1
847de841-f55,smesjt2j@axl,Uttarakhand,Axis,l2_mule,1
a0c84fe8-fd3,118qqvae@ibl,Haryana,Axis,l2_mule,1
e9d516e1-825,yil8sa3i@ibl,Rajasthan,Axis,l2_mule,1
b5731df6-0fb,c7rm6j8y@okaxis,Delhi,Axis,l2_mule,1
2cfa0cd2-037,iiji44m2@ibl,Rajasthan,SBI,l2_mule,1
3b0097f4-c73,w1tbrwr9@paytm,Haryana,Axis,l2_mule,1
0c835c43-ad3,96khub2r@icici,Rajasthan,SBI,l2_mule,1
7a1ddb8a-bd3,oyg9zqya@okaxis,Delhi,Axis,l2_mule,1
e4ce1a01-19d,lwjtiqwn@axl,Uttarakhand,Axis,l2_mule,1
79fb6d06-135,p1noqu9y@ibl,Rajasthan,PNB,l2_mule,1
540a7912-252,2t4h20ra@apl,Delhi,Axis,l2_mule,1
e4b78f9f-355,94sz2kuu@apl,Rajasthan,SBI,l2_mule,1
18a16dcc-eeb,c3rwqmmu@paytm,Rajasthan,ICICI,l2_mule,1
8898cba8-d78,omyvuxt9@paytm,Uttarakhand,ICICI,l2_mule,1
5fd18638-e06,yr06nkwf@oksbi,Delhi,PNB,l2_mule,1
c6e77c99-ca4,pwo6cmlx@paytm,Delhi,Kotak,l2_mule,1
00b74efe-632,jq5nv8og@ybl,Haryana,HDFC,l2_mule,1
ef2d0cdc-df2,x7zcgdc5@icici,Rajasthan,SBI,l2_mule,1
e4e2d819-946,1s9dwd7o@okaxis,Uttarakhand,HDFC,l2_mule,1
43c62cfc-437,pesgbm65@axl,Delhi,BOB,l2_mule,1
3c99b56a-498,te8tvq05@apl,Delhi,Kotak,l2_mule,1
77311921-9a1,6ridlofa@icici,Delhi,BOB,l2_mule,1
02db17f9-966,mqa78rap@paytm,Rajasthan,Kotak,l2_mule,1
07fc1560-187,2tg5pizx@apl,Rajasthan,HDFC,l2_mule,1
91d41ce7-1a6,cws2wyjx@icici,Delhi,BOB,l2_mule,1
d046aa47-584,o4gkwwjw@okaxis,Delhi,ICICI,l2_mule,1
97cad50c-87d,f8a9kepa@ibl,Uttarakhand,HDFC,l2_mule,1
fa4ac4b2-2ad,rml29q2l@oksbi,Uttarakhand,SBI,l2_mule,1
4f544e6a-a13,1cqg433e@okaxis,Delhi,Axis,l2_mule,1
a7d8177f-8fe,i9h0dxho@paytm,Haryana,ICICI,l2_mule,1
5495165c-ba4,wb7sjwh5@okaxis,Rajasthan,SBI,l2_mule,1
556859b0-ded,wlgje2ab@axl,Rajasthan,PNB,l2_mule,1
737d2895-f33,ndfdw79w@ybl,Rajasthan,ICICI,l2_mule,1
fb2599cd-eb0,z2ei9212@axl,Rajasthan,PNB,l2_mule,1
c9b69296-1ae,an0jbzut@axl,Karnataka,HDFC,clean,0
bf880f96-8f3,gm0j36tc@oksbi,Kerala,Axis,clean,0
7d7e18d0-9c3,3tq1s05w@upi,Maharashtra,BOB,clean,0
eedc34a3-027,izxtnsrt@paytm,Kerala,ICICI,clean,0
b4dcde9e-a6b,xdsc4e5h@axl,Telangana,HDFC,clean,0
be897a94-63c,bxnrwvbh@ibl,Tamil Nadu,SBI,clean,0
3f11cac3-738,x73qxm06@upi,Karnataka,BOB,clean,0
bfb0acca-2bc,cwt04chs@ibl,Gujarat,PNB,clean,0
5982deb7-29d,tgsiwg0o@ibl,Karnataka,BOB,clean,0
66d1e717-639,uyzpd2ts@oksbi,Gujarat,Kotak,clean,0
472dfad4-b2b,pml9ln1p@upi,Kerala,Kotak,clean,0
4883415c-1ee,uh17j8qo@ybl,Karnataka,ICICI,clean,0
d8e9897d-bbc,ae6a9hl1@paytm,Kerala,Kotak,clean,0
3de6aad4-71c,u7fbmenu@okaxis,Kerala,ICICI,clean,0
5239c6b2-21a,kuuhclrr@ibl,West Bengal,Kotak,clean,0
3a979ed4-1cf,k0ucc1m3@apl,Gujarat,BOB,clean,0
a324d8ca-265,5ixva1nk@ybl,Tamil Nadu,ICICI,clean,0
f74f49f8-f3a,ulzfy981@icici,Kerala,SBI,clean,0
9e047108-7d0,p2fmr0tj@apl,Karnataka,Kotak,clean,0
b587b487-7d0,1eeurxhw@icici,Telangana,HDFC,clean,0
051d2e43-654,c1l7dypm@upi,Karnataka,ICICI,clean,0
5c651f75-ae5,x1gm32wp@okaxis,Kerala,HDFC,clean,0
6a79641a-9ca,n14eb875@paytm,Gujarat,SBI,clean,0
cf922158-74d,yeqahths@paytm,Maharashtra,Kotak,clean,0
0c40c5ed-3db,w9zyn6sj@ybl,Telangana,ICICI,clean,0
2fffef65-b31,2wbxanj4@upi,Karnataka,BOB,clean,0
875526de-c69,a5xin9dl@icici,Tamil Nadu,SBI,clean,0
55497ba8-629,h8uzb7kr@oksbi,Karnataka,SBI,clean,0
f3b95344-566,ymk99jcj@apl,Maharashtra,BOB,clean,0
e774f433-579,78imoe0s@okaxis,Tamil Nadu,Axis,clean,0
fb5f6992-ac8,uplvqexu@okaxis,Karnataka,BOB,clean,0
a7d77343-1fa,lzse99f7@oksbi,Karnataka,ICICI,clean,0
c5aad58a-83b,u8el5015@apl,Tamil Nadu,Axis,clean,0
437edaad-96b,p767j2dg@paytm,Maharashtra,Kotak,clean,0
fb34eee7-b2e,wviac2e4@axl,Kerala,PNB,clean,0
4e0746e1-cf8,n4regb1a@paytm,Gujarat,Axis,clean,0
e0e2f08a-f76,091c795r@upi,Karnataka,BOB,clean,0
b2dd17af-0bf,5p1v3zo7@icici,Telangana,Kotak,clean,0
a7643970-6cb,52sq3b9s@apl,Gujarat,PNB,clean,0
6ba08c20-9f3,uswbkok3@axl,Tamil Nadu,HDFC,clean,0
eca3946f-ca2,k7y6qxds@oksbi,Telangana,BOB,clean,0
1e5a163d-1d6,7zeoqgvz@okaxis,Kerala,Axis,clean,0
066f22b7-3e0,jy62zeeq@upi,Tamil Nadu,SBI,clean,0
e0f48765-8db,z09wftbg@upi,Kerala,Kotak,clean,0
6c2dcc85-7aa,xf5gzpl1@axl,West Bengal,ICICI,clean,0
c86e9bed-a77,g68a1arr@ybl,Gujarat,Kotak,clean,0
ab00ecfa-b61,ivrocvit@icici,Telangana,BOB,clean,0
6c1e005f-08f,hgbmfbuv@upi,West Bengal,SBI,clean,0
12befabe-8c5,d9fkxzuu@axl,Tamil Nadu,PNB,clean,0
50242938-9bc,mb1l6314@ibl,Kerala,ICICI,clean,0
08909958-b5f,ezjsszwd@icici,Telangana,SBI,clean,0
514355e5-ff8,0v2zp4ju@upi,Telangana,HDFC,clean,0
70d1900b-942,uswrgvz9@ybl,Kerala,SBI,clean,0
b750810a-d1e,q20hwobm@okaxis,Tamil Nadu,SBI,clean,0
e818f34f-99d,hk2lslay@upi,Gujarat,Axis,clean,0
d0dd54bc-228,u83g47rr@ybl,Gujarat,PNB,clean,0
0c06b766-c02,rw6tm2o0@icici,Karnataka,ICICI,clean,0
bbd40d21-e5e,0lthy25m@oksbi,Kerala,ICICI,clean,0
5536b2b3-e0f,b9w4uov5@paytm,West Bengal,PNB,clean,0
8879e5b1-738,lboriq8h@paytm,West Bengal,HDFC,clean,0
e39c7e26-0b3,nbhds26f@upi,Tamil Nadu,Axis,clean,0
2b36be22-efe,5ll1d9s9@okaxis,Gujarat,PNB,clean,0
c1a8d9cd-305,qzsa7yvd@axl,Tamil Nadu,SBI,clean,0
e7f29af4-292,sxlul6lg@paytm,Tamil Nadu,Kotak,clean,0
d0383cab-7cc,1yjfe8ud@icici,Maharashtra,ICICI,clean,0
a8a6710c-942,lfzkicwm@axl,Kerala,SBI,clean,0
1770e559-7a5,b6bndoz6@axl,Karnataka,Kotak,clean,0
2b657775-75b,l3zyt91q@oksbi,Maharashtra,SBI,clean,0
d4bf7fa4-263,2zdlx1q8@oksbi,West Bengal,BOB,clean,0
0d0da20c-ab9,jng7l4lr@ibl,Kerala,Axis,clean,0
e069272c-eeb,mqg1ved3@ibl,Tamil Nadu,ICICI,clean,0
e6cad3ec-fb2,x2toowt9@apl,Kerala,SBI,clean,0
7e3e4d14-670,hyp9umyg@ibl,Maharashtra,PNB,clean,0
7ff44de8-02b,urvqt3g8@ibl,Gujarat,Kotak,clean,0
ecc5ffd8-7bd,yv3lxchf@ybl,Tamil Nadu,BOB,clean,0
7c2456a4-c21,xqkwqh5k@paytm,Karnataka,Axis,clean,0
e7186f2f-cf3,9mda9oek@upi,Gujarat,Kotak,clean,0
884a725c-7d7,au9dkbpv@upi,Tamil Nadu,PNB,clean,0
ad2626b0-16f,ophgft4m@apl,Telangana,HDFC,clean,0
d4857d17-78e,9yecazrp@oksbi,Maharashtra,SBI,clean,0
05b055d5-c3f,xoq2vpgs@icici,Karnataka,BOB,clean,0
e6ee526d-c4e,nipar0zj@icici,Telangana,Kotak,clean,0
f678f941-342,bbrnu8c0@icici,Maharashtra,BOB,clean,0
b8eab94e-de5,2qc6dr08@ibl,West Bengal,PNB,clean,0
19c7a804-7dc,tuw6taq6@upi,Gujarat,Axis,clean,0
2ef04de2-e0b,82kb700u@ybl,Maharashtra,PNB,clean,0
82c14bdf-606,uuxk0are@ibl,Telangana,BOB,clean,0
b854c855-623,kek4aegv@oksbi,West Bengal,PNB,clean,0
719f9870-5da,ng2igsb9@oksbi,Telangana,Kotak,clean,0
05da5a96-91c,fr91ipwh@upi,West Bengal,SBI,clean,0
b817acc2-d9b,j3bqrr87@okaxis,Gujarat,Axis,clean,0
ce876557-daa,zrf5a7qy@icici,Gujarat,PNB,clean,0
c4200226-f1e,dtm4vxjj@ibl,Tamil Nadu,ICICI,clean,0
faaa8884-1a0,vqyiy1sy@oksbi,Gujarat,ICICI,clean,0
9f9a4ab3-ca4,aacosym0@paytm,Kerala,HDFC,clean,0
1a774a00-4c1,ad7x48wz@ibl,Tamil Nadu,SBI,clean,0
e58c3293-06b,vn1x2gdg@paytm,West Bengal,Axis,clean,0
c8fe1799-684,7w7jp61l@oksbi,Gujarat,BOB,clean,0
86c0187a-4e5,jcn9j3gc@okaxis,Tamil Nadu,Kotak,clean,0
0cb710a5-ddd,grf1hx6z@ibl,Telangana,SBI,clean,0
baa2d6f4-c76,c01arxab@apl,Tamil Nadu,ICICI,clean,0
a6ced5f5-c47,z6us7rp4@ibl,Karnataka,Kotak,clean,0
e7b60a41-2cc,a83ru7my@apl,Karnataka,SBI,clean,0
b346db26-b86,9xn4m41k@okaxis,Gujarat,HDFC,clean,0
2ac8cb92-685,bngz6wmd@axl,Kerala,PNB,clean,0
ed1d7ca8-145,fgzvrctl@icici,Karnataka,BOB,clean,0
e80025f6-db6,q9bc2be3@icici,West Bengal,Axis,clean,0
edb899f4-480,5t0ic0ra@ybl,Gujarat,HDFC,clean,0
ba57e102-fc7,xaw63dw4@ibl,Gujarat,BOB,clean,0
5ffe44cc-539,dr2h2p39@apl,West Bengal,ICICI,clean,0
423e2e4c-91b,9ue421vm@ibl,Tamil Nadu,ICICI,clean,0
0fec8506-6ea,1gnfiue2@apl,Karnataka,BOB,clean,0
14984ff3-f15,aragdx5o@axl,Karnataka,PNB,clean,0
bf11f83b-29a,hxso7vbg@axl,Karnataka,Kotak,clean,0
2bc88854-20e,w2maietd@upi,Tamil Nadu,BOB,clean,0
f74a445d-f81,9sqwhbef@axl,West Bengal,Axis,clean,0
b97666cc-2b1,f7bnhjw6@axl,Karnataka,SBI,clean,0
5dc8144a-f1e,07g2re6z@upi,Tamil Nadu,Axis,clean,0
e4682111-3b8,06idiioh@okaxis,Karnataka,SBI,clean,0
1c51ed66-793,vbphvgnq@okaxis,Telangana,PNB,clean,0
578769a3-a33,9heyce4q@oksbi,Maharashtra,BOB,clean,0
f65a95c4-298,hkf286ut@okaxis,Maharashtra,SBI,clean,0
aa692a22-dfc,4r9v4k00@okaxis,Telangana,HDFC,clean,0
c5a28d7e-c2d,pi7866pb@axl,Maharashtra,PNB,clean,0
2cd95426-f64,spo3zdrc@ybl,West Bengal,PNB,clean,0
227f4e77-032,ohmi9ayf@axl,Gujarat,BOB,clean,0
18d49ec1-d9f,0aq15o2n@axl,Kerala,PNB,clean,0
d3265b66-6ae,awnytk1z@icici,Gujarat,Kotak,clean,0
7a9f89fb-efc,hywm7s6n@ybl,West Bengal,SBI,clean,0
9b9f0218-eb9,nwnguczh@upi,Telangana,HDFC,clean,0
e9f63c00-7c0,er7u8h0i@upi,Kerala,ICICI,clean,0
e78fa25d-93c,yjcmrsez@icici,Kerala,ICICI,clean,0
3da169fd-a8b,w2837c6q@ibl,Telangana,Axis,clean,0
70f2c05a-1ed,k8djzr5s@ybl,Karnataka,ICICI,clean,0
77396e3a-a5f,8tempxkc@okaxis,Telangana,BOB,clean,0
b984766d-537,xomxlvz4@axl,Kerala,Axis,clean,0
3d6dda57-ad5,u6l2ink4@oksbi,Maharashtra,ICICI,clean,0
45a761cd-6f4,qf7zk94y@oksbi,Maharashtra,HDFC,clean,0
68c1f964-140,e9upnhzx@upi,Karnataka,HDFC,clean,0
dd1677f1-47c,q9tea718@upi,Maharashtra,HDFC,clean,0
2ab5f52a-513,8tsxk681@oksbi,Tamil Nadu,BOB,clean,0
11fa0395-8ac,07merbye@ybl,Kerala,Axis,clean,0
80071a2e-f07,4qdbxvh7@paytm,Kerala,HDFC,clean,0
dfd3970b-7c5,d4y89orv@icici,Tamil Nadu,SBI,clean,0
6f573ab4-38a,mf4nnkm9@icici,Gujarat,SBI,clean,0
0fefc35a-8fa,0p92k38p@apl,Karnataka,HDFC,clean,0
8b5d0313-642,vdhr59c8@apl,West Bengal,SBI,clean,0
b4eb7cdf-407,o6ouz1eg@apl,Tamil Nadu,ICICI,clean,0
f6f2d9b9-eb7,r3kvr0i2@oksbi,Kerala,ICICI,clean,0
6c9c026d-f4f,84rx6pry@okaxis,Maharashtra,SBI,clean,0
6f712994-046,1r8vnrpj@axl,Tamil Nadu,PNB,clean,0
d32e8dae-fdc,esu4fcl5@oksbi,West Bengal,ICICI,clean,0
756030f9-de0,bnw8bkxc@okaxis,Karnataka,BOB,clean,0
0b7d4bc1-066,gd1t53yk@upi,Gujarat,SBI,clean,0
6a33b1d1-58b,u3asnrm6@ibl,Kerala,HDFC,clean,0
0dc09f44-52f,s32uy84z@ibl,Karnataka,Axis,clean,0
f06a9c78-7b9,6eeamyfp@icici,Telangana,BOB,clean,0
b6ea4dc0-216,gk0eeyyl@okaxis,Maharashtra,HDFC,clean,0
75573da9-1e1,p1earphb@icici,Tamil Nadu,Kotak,clean,0
cbb42e2a-588,q6bkadev@okaxis,Tamil Nadu,HDFC,clean,0
878bea42-8cd,md478mfs@okaxis,Gujarat,Kotak,clean,0
8996e8ce-6ac,c31tz8g1@ybl,Kerala,PNB,clean,0
6b2d5076-b15,774rzgyd@upi,Tamil Nadu,Axis,clean,0
93dbbe60-248,hie9ede1@paytm,Telangana,Kotak,clean,0
102d4650-5ee,blekvl9p@icici,Gujarat,Axis,clean,0
08696413-3fc,9p4627na@axl,Maharashtra,PNB,clean,0
294b16e7-d7a,osyeoz90@oksbi,Tamil Nadu,SBI,clean,0
3462acff-b1b,9mv9e40k@paytm,Maharashtra,BOB,clean,0
4800ea4c-69f,27my89sf@axl,West Bengal,SBI,clean,0
10791c63-7f1,jrwedbcy@oksbi,Tamil Nadu,Axis,clean,0
daf14b61-132,yfwdc112@okaxis,Kerala,ICICI,clean,0
006ad5b3-de3,rst3ta19@ibl,Gujarat,Axis,clean,0
089bb578-e33,lnqbu4kz@axl,Telangana,Axis,clean,0
cd37e33e-6ea,lo1urttq@icici,Karnataka,BOB,clean,0
04a6a503-ae3,sor8wm9l@ybl,Karnataka,Kotak,clean,0
694b549b-3a1,en3v1wnp@upi,Tamil Nadu,Axis,clean,0
aef817cf-913,ciildy5e@oksbi,Maharashtra,SBI,clean,0
1ab08539-208,lq5u6jzv@upi,Kerala,Axis,clean,0
c2376287-15b,ou3dyms1@upi,Kerala,HDFC,clean,0
ce6b6909-67b,k8hw9c4h@paytm,Kerala,SBI,clean,0
bb226d05-c69,9oi0d4dm@ibl,Maharashtra,Kotak,clean,0
9cfcc3d7-d5a,tpmc3skx@upi,West Bengal,HDFC,clean,0
a3e8b695-8aa,owq1gaz5@axl,Telangana,HDFC,clean,0
461c8126-346,80q7tw1p@ybl,Gujarat,Kotak,clean,0
dcb54170-ae9,nffykpl3@ibl,Karnataka,PNB,clean,0
dc5efdff-475,4jkfyiif@ybl,Karnataka,HDFC,clean,0
452dafa5-f8d,3qupxbfe@paytm,West Bengal,BOB,clean,0
3b00dadc-b34,jtxb02b6@upi,West Bengal,Kotak,clean,0
b57a59f4-57f,56onxd70@oksbi,Maharashtra,HDFC,clean,0
e4c7fb0e-c79,usexu1sr@ibl,Tamil Nadu,HDFC,clean,0
31145fe3-990,e3lvo0ip@oksbi,Kerala,SBI,clean,0
4558ad93-ff8,hjo5ctze@icici,Karnataka,Axis,clean,0
790266f1-319,y857nz3a@ybl,Telangana,BOB,clean,0
1d7570a8-dae,x7y2itl8@upi,Gujarat,BOB,clean,0
2498db6b-1e5,e54n6o9j@ibl,Gujarat,BOB,clean,0
32c8f71a-03c,ih66w51o@ybl,West Bengal,ICICI,clean,0
a6a1ca4d-9c5,c2r07lp7@ibl,West Bengal,BOB,clean,0
4c4f1caa-a09,zsmv30qa@ybl,Karnataka,PNB,clean,0
b5e6370d-a30,gpxahkud@okaxis,Gujarat,Kotak,clean,0
49a5ecc2-469,8314y2lr@oksbi,Gujarat,ICICI,clean,0
c16d5e9f-c7c,y32hog58@okaxis,Karnataka,SBI,clean,0
8c07119f-ee7,7xw69hzg@apl,Tamil Nadu,Kotak,clean,0
c0112e46-5d8,vf8guas1@axl,Telangana,BOB,clean,0
2a496b38-589,rih83j0n@apl,Gujarat,BOB,clean,0
394d4d1e-4bb,v9kypofk@paytm,Karnataka,HDFC,clean,0
19bc9bd0-407,qiuxdq59@apl,Kerala,PNB,clean,0
5595a2c5-1fc,zz0jdcli@upi,Karnataka,Kotak,clean,0
f042fde9-979,8v0bjwko@upi,Gujarat,HDFC,clean,0
148287ed-2ef,bggrmqdz@apl,Kerala,HDFC,clean,0
21c64243-5f4,ebe5407k@paytm,Maharashtra,Kotak,clean,0
b973f519-7e0,1jl6l91f@axl,West Bengal,SBI,clean,0
0d0539ad-f5d,fibjzp97@ybl,Karnataka,Axis,clean,0
0b9e23b2-95e,9uqezfmh@paytm,Maharashtra,HDFC,clean,0
8f6212cd-a88,gsj6vv8s@oksbi,West Bengal,Axis,clean,0
9e92f091-c00,irdlk9en@ibl,Tamil Nadu,BOB,clean,0
8a13c04b-df1,fc3xq8va@ybl,Maharashtra,PNB,clean,0
28e4c173-dce,8l008uhb@paytm,Kerala,ICICI,clean,0
557f46f0-37d,bc8nog85@ibl,West Bengal,SBI,clean,0
b2da69ae-dab,hnox8fk2@paytm,West Bengal,PNB,clean,0
cd0c713c-1cd,ex3sr5ru@apl,Kerala,SBI,clean,0
5031090b-642,pngwds9y@oksbi,West Bengal,Axis,clean,0
802845d1-034,wskp6rfe@paytm,Kerala,BOB,clean,0
5fe9c6fd-edf,skbcbdpd@paytm,Karnataka,ICICI,clean,0
c3ccc494-e27,v1a0q24b@apl,Maharashtra,PNB,clean,0
a8fdd047-061,l01q3m73@okaxis,Maharashtra,HDFC,clean,0
e03a3f83-53e,0v5dtaeg@axl,Tamil Nadu,Axis,clean,0
cc7f63fa-62c,ox00k3wy@apl,Gujarat,BOB,clean,0
eb4f0ff1-76e,deg3zgar@oksbi,Maharashtra,PNB,clean,0
13fa3322-4f4,pw2gkqra@oksbi,Karnataka,HDFC,clean,0
6a0d17a5-fa0,z8q4vhu4@ybl,Gujarat,ICICI,clean,0
de00e21a-ffd,d4poru09@ybl,Tamil Nadu,Axis,clean,0
e8b68541-2c5,rvwy3rzt@apl,Telangana,Kotak,clean,0
5af78832-366,tjx6ewxq@apl,Maharashtra,SBI,clean,0
4dacdc21-614,kgmih6mv@axl,Karnataka,HDFC,clean,0
5900e7f6-f6c,0op7xmr8@oksbi,Maharashtra,Kotak,clean,0
5ce950e7-7a0,k0yehvdo@axl,Karnataka,ICICI,clean,0
50c8c074-a86,hba5mf36@ybl,Karnataka,BOB,clean,0
0c746348-9b3,meiur921@icici,Tamil Nadu,ICICI,clean,0
80e8106f-0bd,45vdb828@ibl,Karnataka,SBI,clean,0
b88cd2f0-6dc,v283bdw5@upi,West Bengal,HDFC,clean,0
62b3809d-572,kps0dxme@okaxis,Gujarat,Axis,clean,0
b01707de-950,1a4rkgjz@apl,Telangana,ICICI,clean,0
e37db6ab-b6d,xf1pi2oo@axl,Gujarat,BOB,clean,0
21837b2c-ab1,2nbfa37d@upi,Kerala,Axis,clean,0
c6c629bc-366,fc1xx6cw@icici,West Bengal,ICICI,clean,0
80428aa7-6f5,oytk06ak@icici,Telangana,Kotak,clean,0
176dfb0f-7b2,zqht2xz5@apl,Karnataka,BOB,clean,0
1163e701-0c0,5dtoz5st@okaxis,Karnataka,SBI,clean,0
62783274-827,ts1fb2vi@paytm,Kerala,PNB,clean,0
47fe62b7-302,9dcnwmbx@ibl,Telangana,Axis,clean,0
ad29c038-22a,uami0uz7@icici,Maharashtra,BOB,clean,0
fe08f964-efe,iky3ufn0@ibl,Kerala,ICICI,clean,0
b97faccf-0c3,u3ndz3cc@oksbi,Kerala,Axis,clean,0
c93f613f-64f,qnsvsojr@apl,Karnataka,Axis,clean,0
741b3ffa-4af,7r93feze@icici,Gujarat,BOB,clean,0
34b7ed15-521,ehr07n8v@apl,Kerala,SBI,clean,0
b85fdefc-764,nkseknkb@oksbi,Tamil Nadu,HDFC,clean,0
6cce0017-584,vb66h3re@upi,West Bengal,SBI,clean,0
9f630696-b00,brlqmn44@oksbi,West Bengal,BOB,clean,0
5fa4835d-915,sqqq5l2x@apl,Karnataka,Axis,clean,0
41f9057d-e49,6mbypjdf@ybl,Karnataka,Kotak,clean,0
4639d17e-b9e,2zueugwu@ybl,Gujarat,Kotak,clean,0
71236428-dce,gr6e7ga2@okaxis,Kerala,BOB,clean,0
2fb5bf82-035,4udtlvr7@upi,Gujarat,Axis,clean,0
c7b278e1-003,o4ljedgf@paytm,Karnataka,BOB,clean,0
0cfbf0f6-7a0,f8yc8gzk@ibl,Tamil Nadu,ICICI,clean,0
5dd67c50-d43,oln3eh1v@axl,Karnataka,Kotak,clean,0
5f28ff9b-d0a,s8jltcbw@ybl,West Bengal,ICICI,clean,0
60ca8858-508,8yit2kod@icici,Kerala,HDFC,clean,0
54d0c8b9-890,8n92tp6q@ybl,West Bengal,BOB,clean,0
2485beae-ad1,8wxgc7jj@apl,Telangana,ICICI,clean,0
6b2caa3f-f37,wvsb0uko@ibl,West Bengal,BOB,clean,0
7da3518d-8d2,095hs258@paytm,Karnataka,BOB,clean,0
01ea4eb3-063,qi9mqvay@ybl,Gujarat,Kotak,clean,0
2a48be37-902,aaguzroc@ibl,Telangana,Kotak,clean,0
09f3a0f0-772,63qe8nvn@ybl,Tamil Nadu,SBI,clean,0
c048ac1a-a21,nga01yzg@paytm,Telangana,BOB,clean,0
7a2ef15c-789,h98brzva@apl,Gujarat,SBI,clean,0
c434ce15-c08,jsgg0yvg@oksbi,West Bengal,PNB,clean,0
f1f8dc2e-b96,e7450j4a@icici,Tamil Nadu,Kotak,clean,0
700f03e4-adc,y5apyx4l@apl,Maharashtra,ICICI,clean,0
a23c92b6-c45,yqn15ikp@axl,Tamil Nadu,ICICI,clean,0
f5f82291-1a9,om539iy8@okaxis,Tamil Nadu,HDFC,clean,0
2d7d0900-0f7,lcwbpa27@paytm,Karnataka,HDFC,clean,0
1d553b38-90b,r833sicv@axl,Tamil Nadu,BOB,clean,0
4e4c1f19-fec,wudcbl4c@oksbi,Tamil Nadu,SBI,clean,0
49c1f35b-3b5,pkwcyukn@ibl,West Bengal,Kotak,clean,0
ff0d1863-b1b,o52wqqpw@ibl,West Bengal,ICICI,clean,0
b459b692-55c,72qlgdvc@okaxis,Gujarat,Kotak,clean,0
737c97d3-6a8,wjp0qi2c@paytm,Karnataka,Kotak,clean,0
3047c1a1-096,sxmvtfqv@paytm,Telangana,ICICI,clean,0
269ae370-9cc,sxfi3ubm@okaxis,Tamil Nadu,PNB,clean,0
e9836628-805,2myz9vlu@upi,Karnataka,Kotak,clean,0
b14a4611-b4d,pfq2bhai@okaxis,Maharashtra,Axis,clean,0
62f306bf-32a,hr133no3@ybl,Kerala,ICICI,clean,0
81b86f47-5ea,cbekgv1b@ybl,Tamil Nadu,HDFC,clean,0
dab7d7d0-d4f,khjg4ihg@paytm,Karnataka,SBI,clean,0
3b4c0650-c45,3ex5mhqn@upi,Tamil Nadu,PNB,clean,0
2a1ea823-386,79955cf7@okaxis,Karnataka,HDFC,clean,0
758241e3-2f8,nnv9ibwg@icici,Kerala,ICICI,clean,0
908cc5b7-d5c,fiwkesvr@ibl,West Bengal,BOB,clean,0
75bf5dfb-ac4,2wgn51ns@oksbi,Telangana,ICICI,clean,0
74edd949-8a4,nzzrjo7v@ybl,Gujarat,HDFC,clean,0
bd46c08e-c7f,6qihpnf4@paytm,Karnataka,Kotak,clean,0
fd0c6f35-4eb,edqmvqwp@axl,Tamil Nadu,Axis,clean,0
96be3b3b-520,nrjapjc6@paytm,Telangana,BOB,clean,0
c561a358-9c6,sx27dcbh@okaxis,Kerala,PNB,clean,0
e19d3f9e-609,j014gve4@icici,Maharashtra,ICICI,clean,0
9961f98c-b45,1km9831a@icici,Tamil Nadu,BOB,clean,0
95eb052f-2c4,5i0hivtq@axl,Karnataka,ICICI,clean,0
ae0d479a-fac,d4p7pp4b@oksbi,West Bengal,Kotak,clean,0
4307bd6c-b2a,e7a34mpy@apl,West Bengal,BOB,clean,0
a82d0b63-066,ykvubf99@apl,West Bengal,Axis,clean,0
569fc3a0-6f5,8cnrl8xk@oksbi,Karnataka,SBI,clean,0
838990aa-7a1,tbyrgc8k@okaxis,Gujarat,ICICI,clean,0
d298b259-86d,sqnal6o9@oksbi,Gujarat,Kotak,clean,0
fc79bc2b-562,rc85ehpz@axl,Telangana,HDFC,clean,0
7336f054-54d,ulhzqh9q@apl,Kerala,Kotak,clean,0
5d39b2d5-5ac,ilurqbdx@axl,West Bengal,ICICI,clean,0
c070f50c-0b6,42o34ogw@apl,Gujarat,Axis,clean,0
b03c3ced-cab,6guo8i5j@icici,Telangana,ICICI,clean,0
62fda0df-cd3,6z0hr9t9@ibl,Gujarat,BOB,clean,0
8edfb585-398,s2ofhbaw@axl,Tamil Nadu,Axis,clean,0
1e39b78c-d4b,04oae7l0@axl,Maharashtra,Axis,clean,0
82597acc-f34,cxzpqkf4@ibl,Tamil Nadu,HDFC,clean,0
feed3c2f-4fe,e0gyajpg@ybl,Maharashtra,PNB,clean,0
97e1e8f5-39a,hz43xz6o@paytm,Kerala,Axis,clean,0
7b6a7604-9c8,vbnhi6ha@ybl,Tamil Nadu,SBI,clean,0
0f6f764d-ec2,3yc8d4x0@ybl,Maharashtra,Axis,clean,0
cc48f273-ca5,dlught7e@okaxis,Kerala,SBI,clean,0
3bbadfd3-e61,laxahhxk@upi,Maharashtra,SBI,clean,0
0d854af2-095,5o1r9z27@oksbi,Tamil Nadu,ICICI,clean,0
c63dc141-94d,v9zy9ylw@upi,Tamil Nadu,BOB,clean,0
60fd7956-ba0,rmvvnxiv@ybl,Gujarat,HDFC,clean,0
28d8f233-bd2,w6l01wcn@paytm,Tamil Nadu,HDFC,clean,0
f92d46f2-d07,nxi09p5e@upi,Karnataka,PNB,clean,0
eaa60c8b-4c0,1s9xka4l@okaxis,West Bengal,HDFC,clean,0
7c75dded-d77,b792zi5s@oksbi,Kerala,Axis,clean,0
fc2a5a56-397,a5cgwfhd@icici,Gujarat,BOB,clean,0
cebd49fd-3d4,7ic0lzig@okaxis,West Bengal,ICICI,clean,0
36f95c31-65c,u8h5r8mn@axl,Maharashtra,Axis,clean,0
c69e12d7-3f4,s0132an4@paytm,Telangana,Kotak,clean,0
4e04e82d-756,f0jqqnvc@oksbi,Kerala,PNB,clean,0
69e5da99-212,h6a50noo@apl,Telangana,PNB,clean,0
98451ba0-98c,nl9c59e7@oksbi,Maharashtra,HDFC,clean,0
0b94cdb2-e2b,pj60sryz@apl,West Bengal,Axis,clean,0
eb49d51a-1e3,ir7nzbxf@axl,Gujarat,PNB,clean,0
d5fa44e2-325,jv84a1x7@apl,Karnataka,PNB,clean,0
f92d606e-2c4,9c65fpys@icici,Kerala,PNB,clean,0
c777c05f-afd,v0175du2@oksbi,Telangana,ICICI,clean,0
6c1f874f-0c1,h0zagrd1@apl,Gujarat,Kotak,clean,0
7bc172b1-42b,x0gnzhg8@axl,Telangana,Kotak,clean,0
fce22af3-371,hh03g95p@ibl,West Bengal,BOB,clean,0
e2d09889-9e0,fknjmvry@ibl,Gujarat,SBI,clean,0
3b2f56b1-55e,j8x2bh2n@icici,Tamil Nadu,BOB,clean,0
51023bd2-c84,7rmpn693@upi,Maharashtra,PNB,clean,0
5a99126c-19a,ncmldqz0@oksbi,Telangana,SBI,clean,0
5546d45c-b7a,et81iqy5@icici,Kerala,Axis,clean,0
f95c842e-b08,g983amb3@upi,Gujarat,PNB,clean,0
6ca1e306-7ea,ir02m77r@ibl,Telangana,PNB,clean,0
be98fe84-2d7,khfsu4se@ibl,Telangana,ICICI,clean,0
4831b616-efc,yt5gqexi@okaxis,West Bengal,HDFC,clean,0
8d96bb27-5b1,7zd9b7ln@paytm,West Bengal,HDFC,clean,0
a3921b37-51e,jr6eet0d@upi,Gujarat,BOB,clean,0
f532a87a-290,71vxnz0n@icici,Karnataka,BOB,clean,0
4f764049-428,3iedd070@ibl,Telangana,Kotak,clean,0
112f6438-f29,eln0lvgn@apl,Maharashtra,ICICI,clean,0
9235abd6-0db,ny2svhot@axl,West Bengal,ICICI,clean,0
a17c3567-244,3khyfk04@ybl,Karnataka,Kotak,clean,0
994e80ac-9c6,l9e9zr3r@apl,Maharashtra,SBI,clean,0
eefc63b3-fd2,l3h03zb5@oksbi,West Bengal,BOB,clean,0
1a9c4682-041,0k36faop@axl,Telangana,ICICI,clean,0
06adfb95-9c2,oc0k7ztd@upi,West Bengal,BOB,clean,0
87e2e65d-d82,u24zqfez@paytm,West Bengal,HDFC,clean,0
6955f64d-d19,h00a0uy9@oksbi,Karnataka,Axis,clean,0
16420904-91f,ygcmr8es@upi,Telangana,Kotak,clean,0
90d39c28-763,8wobiry8@apl,Telangana,BOB,clean,0
ccfc752c-a35,9ydq3nwq@ybl,Gujarat,SBI,clean,0
db0909d6-632,crysauuj@ibl,Tamil Nadu,BOB,clean,0
217f5e7f-1de,grxpudc6@icici,Kerala,HDFC,clean,0
28207f23-863,3aut3rsv@ibl,Telangana,BOB,clean,0
10625438-39d,hxe5zaql@ybl,West Bengal,HDFC,clean,0
5e682d89-3d0,hfu4b9sn@icici,Kerala,HDFC,clean,0
d02b0ba3-c0b,9xib86kt@oksbi,Telangana,Kotak,clean,0
1540be23-cf2,zs9mthd3@okaxis,Telangana,SBI,clean,0
950eda72-f5c,f4hetvj0@apl,Karnataka,SBI,clean,0
110a3f5c-c24,jn6ocjpz@icici,Kerala,HDFC,clean,0
641035ed-a6b,wjwxzuxs@oksbi,Tamil Nadu,Axis,clean,0
8055b9c3-2f6,f9pavced@icici,West Bengal,Axis,clean,0
870a8d95-96c,ld62f2jd@okaxis,Tamil Nadu,Axis,clean,0
8ad8566e-85c,2es5v3dm@paytm,Tamil Nadu,Kotak,clean,0
9e5a1a0e-45c,v6g8om08@icici,Maharashtra,Kotak,clean,0
ef6d474c-5c2,5ovjyzxf@paytm,Kerala,SBI,clean,0
2e956265-1e9,xn1ypqpm@axl,Gujarat,Kotak,clean,0
6b884737-603,jp753k48@apl,Maharashtra,BOB,clean,0
205fe717-c39,4wcidudk@axl,Maharashtra,BOB,clean,0
0887fb29-3f3,a8y7eryy@icici,West Bengal,PNB,clean,0
6dde39d0-672,ow60zz0i@icici,Tamil Nadu,PNB,clean,0
fcc8a50c-15e,bqg716gn@oksbi,Kerala,Kotak,clean,0
c0198a86-48f,8pnne6it@ibl,Maharashtra,ICICI,clean,0
e6ef26b9-c76,rjawo778@icici,Maharashtra,BOB,clean,0
9e8a38f4-844,764caqkd@upi,Tamil Nadu,PNB,clean,0
f462caaf-a86,oapht6o6@ybl,Karnataka,HDFC,clean,0
59a9017d-ab8,xiokpg3d@axl,West Bengal,PNB,clean,0
6fe9ffe9-b02,pf0a5zdk@oksbi,West Bengal,Axis,clean,0
9674b6e6-943,06fhrxjp@icici,Telangana,Axis,clean,0
fa3eba35-de1,ye12o003@oksbi,West Bengal,SBI,clean,0
ccbfa354-2aa,2emayb3p@ybl,Tamil Nadu,Axis,clean,0
df7a4d0a-c62,kr1ifsi1@paytm,Telangana,PNB,clean,0
c3b3cc56-c7d,xpr2d0vg@oksbi,Karnataka,HDFC,clean,0
d704129d-e58,eb97pwdb@apl,Tamil Nadu,Kotak,clean,0
3e7abe8a-82c,z9hpcpbd@upi,Maharashtra,ICICI,clean,0
c26b222a-f67,zi6gaxlk@paytm,Maharashtra,Kotak,clean,0
e571f0e6-cd9,pjrmeyy1@oksbi,Tamil Nadu,ICICI,clean,0
d47a5eee-544,0n2tnxhn@ibl,Maharashtra,HDFC,clean,0
9d5be638-e7d,0ev6xgz7@ibl,Gujarat,Kotak,clean,0
704f6c35-a85,m09hzbgt@paytm,Kerala,BOB,clean,0
8550bf84-ef7,4umnwepr@icici,West Bengal,Kotak,clean,0
aeade28b-9a5,avzebu2y@apl,West Bengal,Axis,clean,0
6ad6b104-662,tscpsuov@okaxis,Gujarat,HDFC,clean,0
45f3dcfa-a96,fhz52qzs@paytm,Tamil Nadu,BOB,clean,0
2339f574-ee1,kjeitkx7@paytm,Karnataka,HDFC,clean,0
34e9f1a7-d9c,5b99hexw@upi,Maharashtra,ICICI,clean,0
59a3c8c6-37d,85je6k9w@ybl,Tamil Nadu,BOB,clean,0
f43519ef-7ab,h8g8t922@ibl,Maharashtra,PNB,clean,0
767c4be6-bd5,y8jwvhpl@okaxis,Gujarat,Kotak,clean,0
4d76b0d3-be5,31fi0n6d@oksbi,Gujarat,Axis,clean,0
29e92718-dcb,3gu7gkl5@apl,Karnataka,PNB,clean,0
892c7837-44d,gfpqxo0e@ybl,Kerala,Kotak,clean,0
818e8495-25d,na31xbid@oksbi,Tamil Nadu,PNB,clean,0
457b5ddc-dbf,a88d0mzh@axl,Kerala,BOB,clean,0
532a2585-00d,63lritjt@ybl,Kerala,BOB,clean,0
dd0eced1-eb7,dks4f6ap@oksbi,Tamil Nadu,ICICI,clean,0
5d931bb2-2f6,k7yyz6r9@okaxis,Gujarat,SBI,clean,0
b50fb2b4-0c3,mwe776vg@icici,Maharashtra,ICICI,clean,0
ac0b9e9d-b5b,gp6ywk5j@axl,Kerala,PNB,clean,0
f6fffce1-61f,73zca7fx@upi,Maharashtra,HDFC,clean,0
6b64f909-0f8,q293ep0f@upi,Telangana,HDFC,clean,0
3d54e404-55b,1mrr9vwe@okaxis,Karnataka,Axis,clean,0
08ca2356-ce1,ttrtidzs@okaxis,Telangana,PNB,clean,0
57edce56-5fe,ia9au87c@upi,Tamil Nadu,ICICI,clean,0
724faea9-cf2,42fq4t7p@okaxis,West Bengal,BOB,clean,0
bfef1dae-b6d,ce8zna8n@ibl,Karnataka,PNB,clean,0
36fcc4d2-6ff,c45bnccu@apl,Kerala,HDFC,clean,0
a2bb338f-c17,g00zkom2@ybl,West Bengal,ICICI,clean,0
8299bccf-51e,f5b1sa3y@axl,Tamil Nadu,Kotak,clean,0
c4abe8a3-02d,37szpf9s@oksbi,Gujarat,PNB,clean,0
5f1c51c6-fe1,oco39vcy@axl,Karnataka,ICICI,clean,0
1bedea73-07d,x3f2xhdc@upi,Gujarat,SBI,clean,0
f7f50cfc-2d2,ktcv1ltw@ybl,Karnataka,HDFC,clean,0
239b5c30-cc9,dub9rbdl@upi,Maharashtra,BOB,clean,0
ff1ab78f-b13,8slomeyl@icici,Maharashtra,SBI,clean,0
1a49567e-ba7,3fvnv4kf@axl,Kerala,SBI,clean,0
7d8b300b-195,dz53x1f8@icici,Gujarat,PNB,clean,0
4d5aa189-b2e,x7m2mm4p@apl,Kerala,HDFC,clean,0
f2c63067-720,9v8u9da1@paytm,Karnataka,Kotak,clean,0
8b1b5fdc-991,82ddl7fk@upi,West Bengal,ICICI,clean,0
3deac14b-761,czq991p7@ibl,Tamil Nadu,Kotak,clean,0
115caccd-f3c,b4o47en4@upi,Telangana,ICICI,clean,0
f999bc1a-f23,ysj5ywx0@okaxis,Tamil Nadu,PNB,clean,0
14e89fe4-51d,ufdnu4i5@ibl,West Bengal,ICICI,clean,0
6aa5761d-3f8,qt3dgd8o@apl,Telangana,HDFC,clean,0
1b29aec1-455,ll9rzrkb@oksbi,Telangana,Axis,clean,0
c3a3f949-277,xlbvn7np@axl,Karnataka,HDFC,clean,0
da89ca04-a9f,ha1pjgfj@ibl,Tamil Nadu,ICICI,clean,0
9cff2f13-7dc,z5syj3d6@upi,West Bengal,BOB,clean,0
d29890b4-cf1,fmpryfzm@apl,Maharashtra,BOB,clean,0
bb3a1357-abe,u6h0ufx3@upi,Tamil Nadu,SBI,clean,0
d0ee755b-8e2,67rl2yj0@axl,Karnataka,BOB,clean,0
8235051b-e61,eq8dh9pt@oksbi,West Bengal,Kotak,clean,0
c2939164-7af,hhgy8nnk@paytm,Telangana,Kotak,clean,0
56907276-b81,5zxqomts@upi,West Bengal,SBI,clean,0
31a7ff05-4a6,qntfpkxy@paytm,Karnataka,PNB,clean,0
658228a1-c8d,76dd4da7@ibl,Kerala,Axis,clean,0
a0a66f26-e97,17dpubkp@okaxis,Gujarat,BOB,clean,0
dcc6853d-e01,te48m2q6@apl,Telangana,SBI,clean,0
50dcbffe-ff8,2sjxl66y@ybl,Maharashtra,Axis,clean,0
e5e0d046-839,afn33vm8@apl,Tamil Nadu,HDFC,clean,0
42b87878-144,9gx32uew@oksbi,Kerala,Axis,clean,0
0654854e-165,spd2sw24@paytm,Maharashtra,BOB,clean,0
83869fe2-0c3,fldaa1fw@icici,Kerala,SBI,clean,0
c17d7188-f3e,n0eqwmi6@paytm,Kerala,HDFC,clean,0
407058b3-370,403njbcf@ybl,Kerala,PNB,clean,0
dd43106a-8b6,5d7efjgc@upi,Kerala,BOB,clean,0
45741291-51f,orac8cyn@upi,Karnataka,PNB,clean,0
5b07b381-b44,3gaguvb9@upi,Telangana,Axis,clean,0
ee5e73e4-e83,vasjevts@oksbi,Kerala,HDFC,clean,0
31aa99e0-d9d,n6bedyej@okaxis,West Bengal,SBI,clean,0
b60cd77e-8be,zxq3p87j@okaxis,Maharashtra,PNB,clean,0
863bdcec-cc5,5kov1l28@axl,West Bengal,Axis,clean,0
915cd0b5-685,p03wvpun@ibl,Telangana,Axis,clean,0
7627a13f-a2a,68jov58t@apl,Karnataka,SBI,clean,0
2b48a6a1-9c6,gl2mcxn2@ibl,Tamil Nadu,SBI,clean,0
9c8f520f-298,yzhulick@okaxis,Maharashtra,Kotak,clean,0
5de3a8cc-214,dkv54c6p@apl,Karnataka,ICICI,clean,0
78d4e010-14b,lh2r9peg@upi,West Bengal,Kotak,clean,0
23e928f2-55f,iaa2uaqe@apl,Telangana,SBI,clean,0
00e5f741-1d5,7bxcd20j@upi,Kerala,Axis,clean,0
14f09a9f-057,ulwozq48@ibl,Tamil Nadu,BOB,clean,0
86852c45-19c,7di3e950@okaxis,Maharashtra,HDFC,clean,0
14198d5c-25b,g6n6975j@ybl,Tamil Nadu,SBI,clean,0
fefdb7c9-7b2,8clw3jge@axl,Tamil Nadu,SBI,clean,0
050c1e0c-669,lfv46wys@okaxis,Karnataka,Kotak,clean,0
2bcc97f1-663,x9l0ijkc@icici,Telangana,BOB,clean,0
2ed32e4b-983,ix4zcrhy@axl,West Bengal,BOB,clean,0
f7c235c1-6d2,gdhvs41l@axl,Telangana,PNB,clean,0
772901b2-2a6,4de7nqwh@apl,Karnataka,HDFC,clean,0
1bb20a71-a38,kfl5xf50@okaxis,Tamil Nadu,SBI,clean,0
90fec356-e10,gbxqj7dp@oksbi,Telangana,Axis,clean,0
8b44d20e-617,pmpnbn7g@okaxis,Kerala,Axis,clean,0
f92fd0f4-1b2,vtrpyx8h@ybl,Karnataka,SBI,clean,0
b1b757c1-484,jcdiwzod@paytm,Kerala,Axis,clean,0
d8b57e9b-853,ghwzkag6@axl,Karnataka,PNB,clean,0
a8da4f5a-186,4ygyflq8@axl,Maharashtra,Axis,clean,0
d0f56ee7-a0c,a95g1amr@ybl,Maharashtra,Axis,clean,0
e682978a-faa,id3u94sg@oksbi,West Bengal,BOB,clean,0
54165120-77a,d2mrmtxj@axl,Tamil Nadu,SBI,clean,0
1d32f310-b71,mz6146ve@icici,West Bengal,PNB,clean,0
534077b4-26a,a94xfri0@apl,Gujarat,ICICI,clean,0
796c37cf-6e1,0g8w85y6@axl,Karnataka,Kotak,clean,0
b85d5db5-376,jy5op9lb@icici,Karnataka,PNB,clean,0
3fa129a0-1a7,4e2u2mda@oksbi,Maharashtra,Axis,clean,0
adfac183-861,f8wxkk2a@ybl,Gujarat,HDFC,clean,0
d87861b6-768,3eram4be@paytm,Maharashtra,BOB,clean,0
667bd616-1f9,s8u8zf0p@ibl,West Bengal,ICICI,clean,0
dc3ddb13-2ef,b7iyno66@paytm,Karnataka,Kotak,clean,0
547abe04-f72,gp52f1jo@okaxis,Maharashtra,ICICI,clean,0
330dfb93-88c,duwtn5pe@axl,Maharashtra,PNB,clean,0
44c4b29e-033,symmq8q6@ybl,Maharashtra,BOB,clean,0
7e954b0f-bcf,df62unw6@paytm,Telangana,SBI,clean,0
dcc96022-761,4eyq1s4d@paytm,West Bengal,BOB,clean,0
1985cfe6-86e,dv3uy5ev@icici,Gujarat,PNB,clean,0
4764fbea-0f2,bhf0riy4@paytm,Gujarat,PNB,clean,0
cf85667b-be5,z73whcf5@icici,Maharashtra,SBI,clean,0
5cd5ab79-2dd,hr3pceo9@okaxis,Karnataka,BOB,clean,0
6a6b1f08-593,t3y4wpwg@okaxis,West Bengal,HDFC,clean,0
6569b1bc-610,0trky8ry@apl,Kerala,Axis,clean,0
999a8c75-653,2q3fkeou@ybl,Gujarat,PNB,clean,0
bfcfd8d3-dc8,6wb68q0j@oksbi,Gujarat,ICICI,clean,0
fae7fd3d-424,4smzocxm@upi,Kerala,Axis,clean,0
fa3891e2-ab2,4f2x7c4r@axl,Gujarat,Kotak,clean,0
b7362a61-532,gzsxjzvu@apl,Gujarat,SBI,clean,0
b9d52fe0-f01,b0ixryli@okaxis,Tamil Nadu,SBI,clean,0
d15952ca-1ad,0n97cjb0@axl,Karnataka,BOB,clean,0
8ed0ceeb-748,v47lzn9u@okaxis,Maharashtra,HDFC,clean,0
05483f5e-6ca,ryi0pt2d@ybl,Maharashtra,PNB,clean,0
60a0a87a-1d0,dbfa1u5m@icici,Gujarat,Axis,clean,0
c5948ef7-69b,3urmwuec@apl,Karnataka,PNB,clean,0
29fc6290-647,5uesdrbt@ybl,Telangana,HDFC,clean,0
49f1082e-d1c,77jzc58c@okaxis,West Bengal,BOB,clean,0
fc41b260-1c4,7soczdq7@paytm,Kerala,PNB,clean,0
01c044c4-993,bph5ch3l@ybl,Tamil Nadu,HDFC,clean,0
9baf08d3-cfd,c86z1b98@ibl,Telangana,Kotak,clean,0
3871609a-b68,8jbbsxpk@okaxis,Telangana,SBI,clean,0
b46299c7-1f0,a2hvnyar@apl,Tamil Nadu,BOB,clean,0
5dd3eda4-6fc,zppep69n@okaxis,Telangana,ICICI,clean,0
3c3f53e3-8db,7idao13t@ybl,Telangana,BOB,clean,0
dcda4978-36e,5iccpklv@okaxis,Tamil Nadu,ICICI,clean,0
e1f95075-e1a,vrecjtr0@upi,Karnataka,BOB,clean,0
d19a6e79-8cc,pknt5i6l@icici,Karnataka,Kotak,clean,0
aa15363c-a7c,b6zwkhe9@okaxis,Tamil Nadu,ICICI,clean,0
30f76c05-75f,te02bip1@ibl,Gujarat,SBI,clean,0
ba97ca6a-686,4jvk8c4n@ybl,Telangana,BOB,clean,0
5c13a813-f1e,nbhgpbkt@upi,Telangana,SBI,clean,0
2f5fe60b-c6a,1m3j1ha0@apl,Kerala,BOB,clean,0
8f820360-053,2713t87k@icici,Telangana,Axis,clean,0
44dfd188-b62,uusfn07e@ybl,Telangana,ICICI,clean,0
e4ec883c-17c,yj91kubj@paytm,West Bengal,PNB,clean,0
06559e9d-a42,23veuljg@axl,Maharashtra,SBI,clean,0
3a5421fe-c54,abmwuouc@icici,Telangana,ICICI,clean,0
cf865a86-4af,pj2jrig5@ybl,Tamil Nadu,HDFC,clean,0
8a964850-075,xgsplti8@paytm,Tamil Nadu,ICICI,clean,0
1fb9a450-4bb,y4mzvmcp@icici,Tamil Nadu,SBI,clean,0
59e5db7b-bb9,hu3ycpka@upi,Karnataka,ICICI,clean,0
c39d7e9e-866,6n7kbnkf@ybl,Telangana,SBI,clean,0
399dff12-930,hlz02z7n@ybl,Kerala,PNB,clean,0
33f71e77-c23,f1x889u9@icici,Gujarat,PNB,clean,0
30162401-744,te52vxsl@okaxis,Telangana,BOB,clean,0
1c1e826f-4fe,kii1nq0e@okaxis,Kerala,Axis,clean,0
36555e3c-acc,8ocucnri@apl,Gujarat,HDFC,clean,0
c6e9d36e-283,397i6yxv@paytm,Kerala,ICICI,clean,0
cddd41ce-974,eosfr5hg@axl,Maharashtra,SBI,clean,0
355e92b4-202,ejt70ebp@oksbi,Karnataka,SBI,clean,0
40a53fc5-a82,stnpezik@upi,Karnataka,BOB,clean,0
9876b1f6-fb3,vw9b0mqo@axl,Maharashtra,PNB,clean,0
ccd714b0-b2f,p1z00v3s@oksbi,West Bengal,SBI,clean,0
733eb639-363,vyqlg0k1@okaxis,Kerala,ICICI,clean,0
2025007d-774,mu6u4pll@oksbi,Telangana,HDFC,clean,0
c57779a0-ef1,309hsuwd@paytm,Tamil Nadu,HDFC,clean,0
78367ef0-1a6,krig7jvd@okaxis,Tamil Nadu,PNB,clean,0
136dc5c9-c51,fh41a68t@okaxis,Maharashtra,SBI,clean,0
43b9bdee-18c,3ah7u0s3@paytm,Telangana,SBI,clean,0
04d75c9a-cbb,z4ppj590@ibl,Gujarat,ICICI,clean,0
02a6ac63-fa5,c20lsjws@ibl,West Bengal,PNB,clean,0
69194d8f-5b4,l7p72l4x@ybl,Gujarat,PNB,clean,0
4e07c325-f6f,aen7yjf3@axl,Gujarat,ICICI,clean,0
b2a3ec51-c24,h5840acu@okaxis,Karnataka,PNB,clean,0
85c4b801-ea5,bywwimt8@paytm,Karnataka,BOB,clean,0
dfee3c30-587,5yrwvtkh@paytm,Karnataka,Axis,clean,0
d085d9af-257,lxeqlezz@axl,Telangana,BOB,clean,0
42236611-533,5vybjh4o@icici,West Bengal,BOB,clean,0
821f7e8e-243,jlopo6j0@upi,Maharashtra,PNB,clean,0
21e7496e-f78,bqh5t2d8@upi,West Bengal,HDFC,clean,0
1c531080-87d,t8an2lm1@ibl,Kerala,PNB,clean,0
1d6b2a77-f43,snhft4i2@upi,Tamil Nadu,ICICI,clean,0
e69c237c-182,h07ba7do@axl,Telangana,SBI,clean,0
13f4f3ad-bd8,kawyb03n@apl,Karnataka,HDFC,clean,0
67bb5645-09b,0jdcz1oa@icici,West Bengal,Kotak,clean,0
c4b7b556-6f4,dvo342p0@paytm,Karnataka,ICICI,clean,0
0823167c-9d9,hjxqkd8u@axl,Telangana,ICICI,clean,0
c5733408-017,tiarontd@okaxis,Gujarat,Kotak,clean,0
fd24cc08-937,oinuxl39@ibl,Tamil Nadu,Kotak,clean,0
952b0fe2-150,h7vdo4s4@okaxis,Karnataka,SBI,clean,0
09544302-975,ro04byv5@paytm,West Bengal,PNB,clean,0
e757823b-b58,12tlxlzs@ibl,Karnataka,SBI,clean,0
9ccbdac7-afa,zn1f0fp8@ybl,Telangana,Axis,clean,0
77e49b69-db8,g2r0tokp@paytm,Telangana,PNB,clean,0
c7fa7602-6d7,jl6ufky2@upi,Gujarat,Kotak,clean,0
0a006f9b-97e,jq77z4es@axl,Kerala,SBI,clean,0
8e18cb15-290,ofc9lgyt@upi,Maharashtra,SBI,clean,0
85f4129d-f2d,wvcw5mag@paytm,Tamil Nadu,BOB,clean,0
d016b8cf-cfc,p0n17uxh@oksbi,West Bengal,SBI,clean,0
025a5c0b-585,hguesxnu@paytm,Gujarat,BOB,clean,0
9288ed27-2dc,5yrg29d2@oksbi,Gujarat,HDFC,clean,0
ae9dd358-eb4,rac8e3pq@paytm,Karnataka,Kotak,clean,0
0fd0e73c-0e6,eunnrlst@okaxis,West Bengal,HDFC,clean,0
73172c12-09a,4z4ur2yu@apl,Gujarat,PNB,clean,0
66264132-250,g541mpw5@okaxis,Maharashtra,Axis,clean,0
c6059b0a-e5f,g0apsald@upi,Maharashtra,ICICI,clean,0
0b896dc4-5d4,7vbjrbzj@ybl,Kerala,Kotak,clean,0
dd5a693d-53c,bzqvqg0x@icici,West Bengal,BOB,clean,0
99aff92f-093,bb6f05ep@ibl,Tamil Nadu,SBI,clean,0
2e7ba5b6-dff,wcdt9gwa@upi,Telangana,PNB,clean,0
52be4201-8b4,6v7s7o4y@ibl,Karnataka,HDFC,clean,0
9fcb0472-610,1fjgbvyo@ybl,West Bengal,ICICI,clean,0
ab449eaa-f79,ueq4d7d7@oksbi,Maharashtra,PNB,clean,0
250ed6d6-dd4,gv812hnc@okaxis,Tamil Nadu,ICICI,clean,0
4eebba2c-6c2,y7500lnk@paytm,West Bengal,HDFC,clean,0
14c79b64-c40,lig5gkzj@axl,Kerala,ICICI,clean,0
7cb75572-aec,n1s3yg8v@oksbi,Kerala,Kotak,clean,0
948ad80a-1cf,hzm32hzs@paytm,Kerala,SBI,clean,0
e0b81937-caa,1jqbexgf@upi,Kerala,ICICI,clean,0
0d6b408b-7ea,nvbzw5ap@upi,Kerala,ICICI,clean,0
807a44cc-bdf,6gmft1pw@apl,Gujarat,PNB,clean,0
b4bd8802-053,ri0vrob7@okaxis,Telangana,BOB,clean,0
237a5a27-63d,dpjuvffk@icici,Kerala,HDFC,clean,0
ee721dbd-585,1el88l12@axl,Kerala,Axis,clean,0
d323b9a5-19f,qxhglg4p@okaxis,Karnataka,HDFC,clean,0
11a028ad-7e4,t1afdtoh@axl,Gujarat,PNB,clean,0
9be1cbeb-cfc,3z1de1e1@paytm,Telangana,BOB,clean,0
a454baf3-09e,0pocr0vh@oksbi,Gujarat,BOB,clean,0
d501d61b-b15,nm3v16xe@okaxis,Karnataka,SBI,clean,0
82b94cfe-291,kdngflyr@paytm,Karnataka,Axis,clean,0
208395a7-1e3,fy4qcyd5@ybl,Karnataka,HDFC,clean,0
76bf00e2-7cb,esyaxypb@apl,Maharashtra,ICICI,clean,0
598d7c26-ba1,wv2qnrmt@upi,Gujarat,SBI,clean,0
97035117-162,gp15ca8z@paytm,West Bengal,HDFC,clean,0
6453780d-347,30qbkern@upi,Kerala,ICICI,clean,0
e693204c-b3b,mk3tgmal@ybl,Telangana,Kotak,clean,0
059ceede-151,mb0idd0w@apl,Tamil Nadu,ICICI,clean,0
c090a282-78d,8yi340sq@ibl,Maharashtra,ICICI,clean,0
9f77948a-133,bv03ds0m@paytm,Maharashtra,Axis,clean,0
d37032ff-551,a8jx54pe@okaxis,Telangana,Kotak,clean,0
9eb3560d-e57,9wt2ybuh@apl,Maharashtra,ICICI,clean,0
c800a1f6-190,ygsbogka@okaxis,Gujarat,SBI,clean,0
fca38d5b-d26,oejv9lha@upi,West Bengal,HDFC,clean,0
8e88b8dd-5f7,w0vqpvtr@icici,Tamil Nadu,SBI,clean,0
e2b2502b-5e4,mmpq0hzy@paytm,Maharashtra,Axis,clean,0
6dfe7578-e44,xucr9c0t@paytm,Tamil Nadu,ICICI,clean,0
e5ef0182-05d,lybwgmp9@ybl,West Bengal,BOB,clean,0
a3acf9f5-87b,uri7ev4d@okaxis,Maharashtra,HDFC,clean,0
15be1ed6-c42,ugf10oo1@apl,Tamil Nadu,Kotak,clean,0
a7dbac67-910,lnd581lt@apl,Maharashtra,HDFC,clean,0
2362e6dc-7ea,o1k7f5oa@upi,West Bengal,BOB,clean,0
321fb222-4c0,xyduppgb@okaxis,Telangana,HDFC,clean,0
05cb3b24-1c3,w9v08liu@axl,Kerala,PNB,clean,0
05e4587f-6a8,8av2osg6@axl,Tamil Nadu,ICICI,clean,0
57160825-b78,5g77lk6h@axl,Gujarat,Axis,clean,0
f9ed9ce0-a89,ypigqx24@oksbi,Karnataka,HDFC,clean,0
bf56a1e3-34a,zc0yosqn@apl,Telangana,ICICI,clean,0
39c471ea-756,tzv9zp3c@apl,Gujarat,BOB,clean,0
b9ff5d27-fbe,0bo7wp2d@paytm,West Bengal,BOB,clean,0
ed63edb3-f08,u2znxfir@paytm,West Bengal,SBI,clean,0
511d2a48-8ff,xc6rijkq@axl,Maharashtra,PNB,clean,0
0e2c9d90-385,uv1fkhnn@paytm,Maharashtra,ICICI,clean,0
b0786f1b-178,fwrpk0zf@paytm,Gujarat,BOB,clean,0
3fd499b9-828,ji4ufans@icici,Telangana,Axis,clean,0
d5b5044c-c66,wgmf4ln5@axl,Telangana,PNB,clean,0
cfcf14d3-518,5rrnycih@oksbi,Karnataka,ICICI,clean,0
bb1c06b7-368,22xmq664@icici,Kerala,HDFC,clean,0
01fb155e-5b7,hxodlctt@icici,Gujarat,BOB,clean,0
0ff624c4-936,8cuij0yx@okaxis,Tamil Nadu,HDFC,clean,0
a3f9b965-9df,zg9jj007@oksbi,Gujarat,Kotak,clean,0
96aa9b8f-2b2,civuqt2l@ibl,Maharashtra,HDFC,clean,0
351c531a-3db,edhthruu@ibl,Telangana,PNB,clean,0
9bc24a67-0c7,1h3wqa1v@axl,Telangana,PNB,clean,0
a89b9962-49b,lrkxjtmy@icici,Karnataka,ICICI,clean,0
0b945f73-8c4,p98rl9qf@ibl,Gujarat,BOB,clean,0
948a54fe-9ce,yd5my3gd@okaxis,Telangana,HDFC,clean,0
0fc2a0d0-9b0,sltdkvuf@oksbi,Maharashtra,HDFC,clean,0
12573100-7d7,ogfxlsrv@apl,West Bengal,BOB,clean,0
b3fa0987-63f,j7q4kfmm@upi,Gujarat,Axis,clean,0
e499ba6c-955,pop1o8m2@axl,Maharashtra,BOB,clean,0
52643230-655,azhzknl2@upi,Maharashtra,Kotak,clean,0
973e304f-9c3,02wpjcf0@axl,Kerala,SBI,clean,0
776c53ef-3f8,xy6rkvnd@upi,West Bengal,ICICI,clean,0
7b65b1d8-9a0,n7de0l1o@oksbi,Kerala,BOB,clean,0
d2b0da36-fbc,vuupltxu@paytm,Karnataka,PNB,clean,0
e5bc57a9-20e,f15z08n1@okaxis,Tamil Nadu,HDFC,clean,0
5b5c0013-239,qqlyzj0a@ibl,Maharashtra,PNB,clean,0
985a2d9f-da9,p323c9nu@ybl,Telangana,Kotak,clean,0
afb3d5a2-d2a,22ruw0u9@ibl,West Bengal,Kotak,clean,0
260fbabb-f2a,24d7v911@apl,Karnataka,BOB,clean,0
3a209599-01a,q69flguq@apl,Maharashtra,SBI,clean,0
dbd88015-ce0,ua3aipji@upi,Telangana,Kotak,clean,0
96ceff7e-af5,xh376zug@oksbi,Telangana,HDFC,clean,0
4cbf2f81-992,gav42t8l@upi,Maharashtra,HDFC,clean,0
82b9d6c1-010,hkpj7hme@axl,Gujarat,SBI,clean,0
c6af5dea-b03,8a54hbph@apl,West Bengal,Kotak,clean,0
3ca8e152-23d,e8susfh7@upi,West Bengal,PNB,clean,0
34eeb45f-d57,ohdsrs8a@apl,Maharashtra,BOB,clean,0
e42de888-e8d,o4m84p4k@ibl,Telangana,PNB,clean,0
962918f7-bb8,35a806b4@oksbi,Gujarat,Kotak,clean,0
3ac9bf71-3a8,efz1c25x@upi,Tamil Nadu,Kotak,clean,0
694b57cd-532,3pgsf3yn@ibl,Telangana,BOB,clean,0
01ae680e-7d9,bhon4wba@ybl,Karnataka,Axis,clean,0
aeda6416-adc,0fot10gd@upi,Tamil Nadu,HDFC,clean,0
d7822cf2-8a0,pc8qo6p4@ybl,Tamil Nadu,ICICI,clean,0
8b7db144-816,q6exnwzr@okaxis,Telangana,HDFC,clean,0
3d1fec7d-03b,s2fx0zkw@okaxis,Karnataka,HDFC,clean,0
f394ea05-aae,gxl9ysu5@oksbi,Maharashtra,ICICI,clean,0
d4fe73da-16d,nf0402w2@oksbi,Telangana,SBI,clean,0
27645c64-2c5,w4ioar4g@apl,Karnataka,Axis,clean,0
646f3270-a7a,qjp0xsm9@oksbi,Karnataka,ICICI,clean,0
c70e38fb-ff2,3rtxymsc@upi,Maharashtra,Axis,clean,0
9a3a0a7e-65f,atd93eze@upi,Gujarat,ICICI,clean,0
5599f7c7-7a8,p9c5so79@okaxis,Telangana,HDFC,clean,0
608d654e-b71,y1h0s2ut@ybl,West Bengal,BOB,clean,0
1481284c-733,ni8tndfw@okaxis,Kerala,BOB,clean,0
bea8d02d-252,zt8phb8o@apl,West Bengal,Kotak,clean,0
ed280584-df2,6qe7ajul@ibl,Telangana,SBI,clean,0
ddaa8825-b2d,of3138i2@apl,West Bengal,Axis,clean,0
725b2de2-16f,g4c8j6e0@oksbi,Kerala,HDFC,clean,0
1275f548-4e3,fjlwss1v@okaxis,Telangana,PNB,clean,0
7b469a6d-f25,ke0qc96m@paytm,Telangana,SBI,clean,0
a209d410-17a,4jwpgz5r@paytm,Telangana,HDFC,clean,0
e21c81d6-a51,d9vvn5x4@apl,Kerala,Axis,clean,0
0a93b1ac-013,w5k0jjsp@paytm,Tamil Nadu,ICICI,clean,0
27b23956-c10,azrvhpj9@axl,Tamil Nadu,Kotak,clean,0
8970fc19-a1c,4ns7nvv2@ibl,Kerala,Kotak,clean,0
3365aae6-38b,e1my6po0@upi,Tamil Nadu,PNB,clean,0
f14b8f5f-036,pq5bo20p@ybl,West Bengal,HDFC,clean,0
e1e3d595-2f8,gwlkobq6@upi,Kerala,BOB,clean,0
f6257407-e81,m9iqbq9j@oksbi,Gujarat,HDFC,clean,0
9839bc2e-0f3,1tlom344@upi,Kerala,ICICI,clean,0
302bf9e8-d70,t28ll6do@axl,Kerala,PNB,clean,0
acdfa86d-111,1h4rmpnf@oksbi,Karnataka,ICICI,clean,0
f74d6beb-8b7,eu6zu1to@ibl,Tamil Nadu,HDFC,clean,0
0b13a988-b9f,dv5ojzto@apl,Tamil Nadu,SBI,clean,0
2eb8204e-64c,835kuc9p@ybl,West Bengal,HDFC,clean,0
87db449f-672,f9aizh5p@okaxis,Kerala,HDFC,clean,0
840f4bea-cd4,k84rpu9g@oksbi,Tamil Nadu,BOB,clean,0
89443458-5dc,uw590z92@paytm,Kerala,Axis,clean,0
b6ed7586-180,n7itcyl3@okaxis,Maharashtra,BOB,clean,0
84b92f4e-a4e,ud79ztd3@okaxis,Kerala,PNB,clean,0
d50493ba-5df,zxt9qubw@axl,Maharashtra,Kotak,clean,0
41a52a5d-9cc,c9aqx6rz@ibl,Telangana,PNB,clean,0
3d19cfe3-5ca,czu80zrz@oksbi,Maharashtra,Axis,clean,0
12a44049-fda,xlzki2so@icici,Karnataka,PNB,clean,0
a4be99c0-f0e,lavzme9w@icici,Kerala,Axis,clean,0
842d30f3-9fd,fh9194b7@ibl,Gujarat,ICICI,clean,0
dac9a0da-2b6,dozy2nr4@oksbi,Tamil Nadu,SBI,clean,0
b1d8ad8a-fe8,mz5rgoi9@ibl,Maharashtra,ICICI,clean,0
b0b3de32-d8c,1sav9cng@icici,Telangana,SBI,clean,0
2999006a-11f,ll2uncgw@axl,Tamil Nadu,HDFC,clean,0
d9466a9f-2e3,hm56vu6z@oksbi,Kerala,Kotak,clean,0
6bce26f2-3f0,3qw752e7@paytm,Karnataka,SBI,clean,0
c56a0180-06d,yvgdgfwm@axl,Maharashtra,PNB,clean,0
c0bca073-932,327ycif8@axl,Kerala,HDFC,clean,0
f47d5118-f48,om6736z4@ibl,West Bengal,BOB,clean,0
93394677-e9a,dx6uzs1x@paytm,Kerala,ICICI,clean,0
1040863a-3f0,qh7ppcad@icici,Karnataka,Axis,clean,0
49ba9fbf-575,nr2kyb3g@ibl,Kerala,ICICI,clean,0
cf5b6e9b-ad3,0uglbb8n@upi,Kerala,Kotak,clean,0
3fdda7e1-595,3yps4syb@okaxis,Tamil Nadu,SBI,clean,0
4de290d7-de1,86zchhxa@apl,Telangana,HDFC,clean,0
485c0c2f-29f,ek6x6lgo@okaxis,Gujarat,ICICI,clean,0
61dc57c7-d4e,ofvwj7yz@paytm,West Bengal,HDFC,clean,0
5d0ffef8-f19,0jyook63@axl,Gujarat,ICICI,clean,0
3597e8ae-f66,ayb1eyce@oksbi,Kerala,BOB,clean,0
d7436ea5-540,ctg08zzk@paytm,Telangana,ICICI,clean,0
0f15f094-8e5,ude358tr@oksbi,West Bengal,Kotak,clean,0
772c8391-a8c,qdi3g13i@upi,Tamil Nadu,Axis,clean,0
fb283833-40d,fvb71ghl@ybl,Gujarat,HDFC,clean,0
70f73ef1-97a,4jgq6cn8@icici,Maharashtra,SBI,clean,0
4774fa7b-dd3,ggxp5cit@icici,Karnataka,HDFC,clean,0
99e1e058-07d,tlecsaz0@upi,Karnataka,ICICI,clean,0
3316389f-869,fdinu31e@okaxis,Tamil Nadu,BOB,clean,0
41bb6893-712,bta3runy@apl,Gujarat,Axis,clean,0
f6205624-686,irj9wr6q@upi,Gujarat,HDFC,clean,0
f7bb9c17-364,k08njf0p@paytm,Karnataka,HDFC,clean,0
56bc1543-b84,qztio4m7@apl,Tamil Nadu,Axis,clean,0
4e471300-b82,0pnnlo0h@okaxis,Telangana,PNB,clean,0
0fcd91ca-be8,u802nq52@upi,Karnataka,PNB,clean,0
b696142b-478,hfdxk31w@ybl,Maharashtra,HDFC,clean,0
57c0502e-6fe,m6x7p7ah@oksbi,Karnataka,ICICI,clean,0
674a5614-c51,y1xu2fli@oksbi,Gujarat,BOB,clean,0
485ebd35-1f7,l7w05y2d@ybl,Telangana,BOB,clean,0
77c0afbf-da8,b4l6hfh4@upi,West Bengal,Kotak,clean,0
778922b1-8d9,v3rzkdu6@oksbi,Maharashtra,HDFC,clean,0
98fda854-9e0,e6ouwzk4@okaxis,Telangana,SBI,clean,0
ff1f1a32-a8c,86db5rr1@upi,Gujarat,Axis,clean,0
2dbe7951-c0b,uqarymmd@upi,Kerala,SBI,clean,0
d3df8a02-e5b,ekof92y8@upi,Karnataka,ICICI,clean,0
ebc07f53-7a4,22m9rwv9@upi,Gujarat,BOB,clean,0
0edce64b-df2,gks6r6bi@paytm,Maharashtra,ICICI,clean,0
966fc6dd-e03,9mj9xxlb@ybl,Telangana,PNB,clean,0
2575bfed-5ea,an6nbyzm@icici,Kerala,BOB,clean,0
6756074c-218,pzemjgkc@axl,West Bengal,PNB,clean,0
14dda0f4-b89,2656ae1i@oksbi,Tamil Nadu,ICICI,clean,0
b7e1437a-d8b,f225aa35@ibl,Tamil Nadu,HDFC,clean,0
c92fd8b4-233,w5q52dez@okaxis,Kerala,PNB,clean,0
d855c8f2-cc0,gzdpyhzn@icici,Tamil Nadu,HDFC,clean,0
f5fb4ea4-8b7,3zrzq0v4@axl,Telangana,HDFC,clean,0
355f7c59-72a,aghft9zz@ibl,Kerala,HDFC,clean,0
79589723-def,41io4kox@okaxis,Karnataka,Axis,clean,0
61115bf3-f7f,30tx8j1c@ibl,Maharashtra,Axis,clean,0
4ca94078-397,6c1py6q9@ibl,Maharashtra,ICICI,clean,0
30a2f6b9-5af,16zv8u0l@upi,Kerala,PNB,clean,0
324b34cb-5f6,rr1l9gvb@upi,West Bengal,Axis,clean,0
58e81421-8d9,5l28o5qf@apl,Telangana,Axis,clean,0
fe23aca2-de1,52n5fnp3@oksbi,Tamil Nadu,HDFC,clean,0
7f29a761-c22,8harjhrf@icici,Kerala,ICICI,clean,0
abfd9bb6-768,gvrp4rxm@ibl,Karnataka,SBI,clean,0
4b379107-bba,zvfsrhr8@oksbi,Maharashtra,ICICI,clean,0
f3c74726-b25,lwwvtmny@oksbi,Gujarat,ICICI,clean,0
2432e5d5-eed,8cqphli5@upi,Kerala,PNB,clean,0
40a1b4e0-8b1,2tulgelw@okaxis,Telangana,PNB,clean,0
db114c18-cc5,v3iu6l5n@oksbi,Kerala,Kotak,clean,0
3da23b75-a19,crv68jq1@paytm,Maharashtra,PNB,clean,0
3c1914d6-35f,n1riamwu@paytm,Karnataka,ICICI,clean,0
e8770087-b57,9vt3x8ve@ybl,Telangana,PNB,clean,0
c310f73a-4bd,ssinz4kh@paytm,Karnataka,SBI,clean,0
d8fc514a-e81,x1cq6fwt@axl,Tamil Nadu,BOB,clean,0
fab9f182-ce0,djjzqfe8@ibl,Maharashtra,SBI,clean,0
16e889db-b02,lrf3napl@oksbi,West Bengal,ICICI,clean,0
4c131f51-673,4bkuu5cz@oksbi,Kerala,Axis,clean,0
0cdd8ac8-25f,7fdfzdmm@ibl,Tamil Nadu,Axis,clean,0
1360d3d4-55b,1rtsxof3@okaxis,Maharashtra,Axis,clean,0
694ea48b-f5d,e6jixub4@okaxis,Karnataka,Axis,clean,0
7b975381-ef6,b188elnw@apl,Tamil Nadu,SBI,clean,0
21ec7267-072,1ryztbvh@axl,Kerala,SBI,clean,0
82829f01-004,zun6fht6@paytm,Maharashtra,ICICI,clean,0
7f0226a1-c71,nn41jh6o@paytm,Kerala,Axis,clean,0
244ced7d-0e4,q8y1hend@okaxis,Tamil Nadu,HDFC,clean,0
300f9c8e-06b,u03y53mb@okaxis,West Bengal,Kotak,clean,0
5009ddff-c17,jslhgmrz@upi,West Bengal,Axis,clean,0
6cd7087c-57c,vfruk94i@ibl,Telangana,SBI,clean,0
3b55f8e0-6c8,bbajaq08@ibl,West Bengal,SBI,clean,0
c40e7287-76e,hgp5cpa1@ibl,Maharashtra,ICICI,clean,0
0286c2d8-952,j752h70y@ybl,Karnataka,Axis,clean,0
68509130-867,adi5uujz@axl,Karnataka,SBI,clean,0
0f50cac3-64d,yhonbpqg@ybl,Gujarat,Kotak,clean,0
dc75d349-a60,x85zzhjy@okaxis,Tamil Nadu,HDFC,clean,0
39834c46-56a,qax54p8r@okaxis,Gujarat,PNB,clean,0
5fd35618-c1b,0kdn3tn6@icici,West Bengal,Kotak,clean,0
9e375f41-2fe,lxoun91f@axl,Karnataka,PNB,clean,0
df841ccf-e4a,o8dje7xq@icici,Kerala,BOB,clean,0
742363b3-efc,fbs4wvt3@oksbi,Gujarat,BOB,clean,0
651944d7-263,u923o359@icici,West Bengal,SBI,clean,0
fdf6dbfe-7ac,da7xfizm@ibl,Kerala,ICICI,clean,0
e3b23b2d-80f,4n7s3hmo@ibl,Gujarat,HDFC,clean,0
df16c337-efc,xfy1z682@axl,Gujarat,HDFC,clean,0
c7c44899-efe,zl1khw8g@ybl,Tamil Nadu,SBI,clean,0
092b4b0f-9d9,eg1cj8pm@apl,Maharashtra,SBI,clean,0
52604975-fbe,vmnkw7wv@axl,Gujarat,SBI,clean,0
0c5da573-132,lbz5ntdy@upi,Telangana,PNB,clean,0
e5980aef-c54,9n81djdi@ibl,Telangana,Axis,clean,0
09466826-0d3,0i9bl14h@apl,Telangana,SBI,clean,0
de96fccf-e3a,yvybscgj@apl,Tamil Nadu,BOB,clean,0
0646204d-125,xbvzr6kf@paytm,Kerala,Kotak,clean,0
858a7871-9e4,py8crin0@oksbi,Maharashtra,BOB,clean,0
149929b7-ed9,bgmy4iqz@ibl,Telangana,SBI,clean,0
7d795356-2cc,f08upnza@icici,Karnataka,PNB,clean,0
e049d303-72a,wdrkupcj@upi,Maharashtra,Axis,clean,0
8552ce02-bb2,si7eadgh@icici,Telangana,ICICI,clean,0
187e7d79-c08,jc2gouif@oksbi,Kerala,PNB,clean,0
4841132c-04c,onsasjtk@oksbi,Gujarat,ICICI,clean,0
f57caf76-64a,42grrdnw@icici,Karnataka,BOB,clean,0
e3be1ccf-c9c,cy4f1r9c@oksbi,West Bengal,HDFC,clean,0
466e2aa5-94f,14nijcp5@apl,Gujarat,SBI,clean,0
833c736b-ab5,y7ov50ew@icici,Karnataka,Axis,clean,0
de100912-4a2,5wisrcvp@icici,Gujarat,SBI,clean,0
98df1e24-5a9,6fxnoq37@paytm,Gujarat,BOB,clean,0
622d823e-cbb,v74qr14v@icici,Kerala,PNB,clean,0
5ebc3338-4dc,v2emy9tw@ibl,Kerala,ICICI,clean,0
3cfaa0c8-f9f,jjksl66u@upi,Gujarat,ICICI,clean,0
fffee241-86e,3sojpx16@oksbi,Karnataka,BOB,clean,0
fd238ab1-a79,ygyzthqs@ibl,West Bengal,PNB,clean,0
e936193d-114,5wh23gxr@okaxis,Gujarat,Axis,clean,0
e598de7f-fbe,z7qmjcen@icici,Telangana,Axis,clean,0
b9407488-e27,c3jr7t3s@apl,Tamil Nadu,HDFC,clean,0
c1352e53-aa5,bp9vrneg@upi,Maharashtra,BOB,clean,0
31b1dc2d-a45,9bcdted0@apl,West Bengal,HDFC,clean,0
aff6ca03-05c,6uamwjpi@paytm,Tamil Nadu,Kotak,clean,0
4a8169d1-4f2,4ftlh33h@ybl,Maharashtra,HDFC,clean,0
ad12651c-771,uw93eioi@oksbi,Tamil Nadu,HDFC,clean,0
cc098b93-042,kayp44qi@ibl,Karnataka,Axis,clean,0
b67e023e-530,pf541a1h@axl,Gujarat,Axis,clean,0
69ec3400-9be,5masnphf@ibl,West Bengal,Kotak,clean,0
82e0ab2c-f99,zn2hloik@okaxis,West Bengal,Axis,clean,0
699eb959-c41,58yuxcza@upi,Kerala,ICICI,clean,0
f534a624-cac,apqppmj6@paytm,Telangana,Axis,clean,0
d9238d5e-402,g4xv349n@okaxis,Karnataka,SBI,clean,0
dcdaebf7-ed7,6dzbc7qk@apl,Gujarat,ICICI,clean,0
827f79d7-b4a,6ilsidbx@oksbi,West Bengal,ICICI,clean,0
27841d86-d0a,qpga8vc1@paytm,Kerala,BOB,clean,0
eaeedb16-318,geq10f7i@ybl,West Bengal,ICICI,clean,0
03733009-7f3,gj3s6ogq@oksbi,West Bengal,HDFC,clean,0
14caf196-de5,vn2qqzzf@ybl,West Bengal,SBI,clean,0
305fbc70-444,ektr1t05@axl,Telangana,PNB,clean,0
c0d0eaaf-7a6,mvz01sos@axl,Kerala,HDFC,clean,0
fae7b96e-41c,bc94e6nk@ybl,West Bengal,ICICI,clean,0
b118d9d2-f4b,hapwf520@paytm,Telangana,Axis,clean,0
05392598-2ef,f66joznh@oksbi,Karnataka,Axis,clean,0
f143b3a5-3ef,ifxdnm65@apl,Tamil Nadu,SBI,clean,0
57f9d196-a63,k3tb94cl@paytm,Kerala,Kotak,clean,0
21d95d5c-f0c,ad0ucswn@axl,Karnataka,Axis,clean,0
01743d2b-b2c,2qwkbsep@axl,Maharashtra,Axis,clean,0
2db166fb-920,sxt0s9f3@upi,West Bengal,PNB,clean,0
573d251f-e43,p0jf6dno@ybl,Gujarat,SBI,clean,0
8929d9f4-ef7,aepg25pu@okaxis,Maharashtra,SBI,clean,0
e68380b2-dd3,fb02h6fy@ibl,Tamil Nadu,SBI,clean,0
f258e66e-9c4,q6w948ju@upi,Gujarat,PNB,clean,0
67e5684d-0d0,lfyzskv6@okaxis,Gujarat,BOB,clean,0
68c44d9f-c6e,pj7k99bv@paytm,Tamil Nadu,SBI,clean,0
5e39786c-4b9,fi25i67z@icici,West Bengal,ICICI,clean,0
23ecb262-8ef,0plcfr7c@upi,Telangana,SBI,clean,0
2e8682e3-b46,opo9mnlr@axl,Telangana,Axis,clean,0
00cb9a35-319,hpii2mvv@ibl,Kerala,SBI,clean,0
c204a390-3d1,c0fp672z@oksbi,Tamil Nadu,SBI,clean,0
caeea6eb-dd3,qbk4y7zx@ibl,Tamil Nadu,SBI,clean,0
8dc6c6a1-f37,6lbu9w3g@oksbi,Karnataka,Axis,clean,0
135c9a6f-2e9,9dvws3kc@paytm,West Bengal,HDFC,clean,0
757e80dc-f59,1srikomf@axl,Gujarat,BOB,clean,0
579aa612-4fe,mskzo3i9@paytm,Telangana,PNB,clean,0
e09ccbf2-fa5,hqzbc5f9@oksbi,Maharashtra,HDFC,clean,0
c1f47690-9bb,c1yuzpex@icici,Gujarat,PNB,clean,0
cf7d0b94-38d,kz6xnomb@paytm,Kerala,Axis,clean,0
9fe9339a-599,3q825q30@apl,Karnataka,PNB,clean,0
dba59884-d3b,815g5fjd@upi,Maharashtra,HDFC,clean,0
9ef58987-adc,5iv86zp1@upi,Tamil Nadu,PNB,clean,0
f83923e8-bd0,2nar3shl@icici,Maharashtra,ICICI,clean,0
6e413bd6-29d,otv7h10b@icici,Kerala,ICICI,clean,0
15ba212d-f71,9qkav8c3@apl,Kerala,Axis,clean,0
4423aea2-fc7,u74ij643@paytm,Kerala,Axis,clean,0
b8921363-af7,aih3iabc@paytm,Maharashtra,Kotak,clean,0
ec65d52e-0ac,67a50121@ybl,West Bengal,Axis,clean,0
6ed9da70-9c5,hxkei9ul@icici,Kerala,PNB,clean,0
15348a6c-b3e,aplird70@oksbi,Karnataka,PNB,clean,0
d4ebb108-2d2,yo6hfd7l@icici,Maharashtra,PNB,clean,0
aec887f4-c7c,xcfe78c1@paytm,Kerala,HDFC,clean,0
a4bd4bcc-0d5,1ms4tsrw@ibl,Tamil Nadu,ICICI,clean,0
a6c72c67-39a,dg3tja62@ibl,West Bengal,SBI,clean,0
669bdb5c-173,ff3tr7wb@apl,Karnataka,BOB,clean,0
0c2fa6be-10b,p31ogwrv@ibl,West Bengal,PNB,clean,0
3c816524-104,472uqln6@ybl,Karnataka,Axis,clean,0
b111bbb7-3b5,am97xo48@axl,Karnataka,SBI,clean,0
c71f9597-3fa,4vueer90@upi,Karnataka,SBI,clean,0
c97d8520-7af,32witpbd@paytm,Kerala,PNB,clean,0
97dfe797-d77,z39k499n@axl,Karnataka,ICICI,clean,0
c710c66c-13f,ka9lz57v@ibl,Gujarat,ICICI,clean,0
4f6f792f-1e9,djm5gh2i@paytm,Tamil Nadu,ICICI,clean,0
437d43a7-850,116cz75t@icici,West Bengal,PNB,clean,0
3e2061bc-d3f,do7l5dl0@oksbi,Maharashtra,SBI,clean,0
8eb60796-0fb,8vdrqntj@icici,Tamil Nadu,BOB,clean,0
402220ff-8ca,cgxu5wah@oksbi,Karnataka,HDFC,clean,0
ffc492a9-00f,85s9asj2@okaxis,Gujarat,Axis,clean,0
6ff95d02-197,ipwn3ke9@apl,Kerala,Kotak,clean,0
e46a878e-0fc,jw6zjvae@okaxis,Maharashtra,PNB,clean,0
2653993e-20b,yu3u8izi@okaxis,Maharashtra,PNB,clean,0
8ef1b38f-9ed,0yeh8uxz@ybl,Tamil Nadu,Axis,clean,0
a0fe42f4-af5,mqfxen9n@icici,Tamil Nadu,PNB,clean,0
2cb6f011-70e,phwhm54x@axl,Maharashtra,Axis,clean,0
3ae1b174-41f,pjpf240s@okaxis,Maharashtra,Axis,clean,0
75581cad-1ca,5fkpa2tv@upi,Tamil Nadu,ICICI,clean,0
41aa5ffe-557,ih548jrp@oksbi,Gujarat,SBI,clean,0
1a7bfdca-d55,irh8s7dz@icici,West Bengal,ICICI,clean,0
25a8bdb3-16d,d5sloc8d@paytm,Gujarat,ICICI,clean,0
dfe31e88-dda,i874u77w@icici,West Bengal,SBI,clean,0
260e170b-005,8lytuagd@paytm,Karnataka,PNB,clean,0
c601fa9e-832,pzjho4vu@ibl,West Bengal,Axis,clean,0
565ee70a-677,w6l4m1tr@apl,Telangana,Kotak,clean,0
85905137-506,yd6i5ho9@ibl,Tamil Nadu,SBI,clean,0
9ab3a624-9c8,9tzhhnba@apl,Gujarat,SBI,clean,0
731af722-8ce,x66d7wdj@icici,Maharashtra,PNB,clean,0
7d7ab112-9fb,7irjg107@axl,Gujarat,BOB,clean,0
728a2c79-30c,25dsiuaz@upi,Karnataka,BOB,clean,0
3594ed58-77a,uf09uyg3@okaxis,Telangana,PNB,clean,0
da234756-31b,0hheqxie@ibl,Tamil Nadu,PNB,clean,0
c29ae28c-38f,hw5kyfc6@axl,Gujarat,Axis,clean,0
602c8677-66e,gbg4pdfc@apl,Tamil Nadu,SBI,clean,0
f4adb753-1e2,i3jsty87@upi,Telangana,Axis,clean,0
5707f2aa-23e,3vxhqg4q@upi,Karnataka,ICICI,clean,0
a803b2a1-f36,h01aont7@ibl,Kerala,BOB,clean,0
d2a2a8fe-0e7,eb0t4uox@oksbi,Gujarat,SBI,clean,0
ba361fe1-2da,g52ib4tc@icici,Kerala,Kotak,clean,0
c7929364-ace,mtjlegp4@okaxis,Tamil Nadu,HDFC,clean,0
c2130a73-6b1,2zdfppwc@upi,West Bengal,Axis,clean,0
b6fba8cc-9a3,y9mbaaxa@ybl,Karnataka,SBI,clean,0
dfd41c38-d61,f0wcyr2p@icici,Maharashtra,PNB,clean,0
aa7a70d8-f4b,cw8afmne@icici,Maharashtra,PNB,clean,0
070b9098-9f6,1jd3vurr@ibl,Maharashtra,HDFC,clean,0
cadb89f2-3e7,3kwbnbpa@ybl,Karnataka,SBI,clean,0
d0be6ff0-755,jimmnsto@ibl,Gujarat,HDFC,clean,0
561c9545-03a,fjilxn32@apl,Telangana,PNB,clean,0
8006f8fa-538,tbqoivwq@upi,Tamil Nadu,BOB,clean,0
0b6bf641-9e8,1284sec2@ibl,Tamil Nadu,BOB,clean,0
68fcd994-366,jt660j08@oksbi,Telangana,Kotak,clean,0
276f7ef2-672,r7sn1tcj@oksbi,Telangana,PNB,clean,0
86775e94-39e,foy0sxyl@paytm,Tamil Nadu,HDFC,clean,0
be7d28c2-587,ipzn0thl@paytm,Tamil Nadu,SBI,clean,0
11a56e83-7f0,53k9om11@ybl,Telangana,HDFC,clean,0
20175c2c-448,2zntgg50@ibl,Telangana,Axis,clean,0
d462e646-0e4,l25s8t6a@okaxis,Telangana,PNB,clean,0
87255a6c-761,nusg9l9q@ybl,Tamil Nadu,PNB,clean,0
1004024a-1b7,mkx9khh8@upi,Gujarat,HDFC,clean,0
5ee5b827-e81,sv5e033d@axl,West Bengal,Kotak,clean,0
621aec42-58d,z2tvhvwh@okaxis,Telangana,HDFC,clean,0
36750ce8-482,x9bobcd1@icici,Telangana,Axis,clean,0
ca778523-121,89d842zs@ybl,West Bengal,SBI,clean,0
bd775a2a-d77,ha3vmot4@icici,Karnataka,SBI,clean,0
d1ea2aac-577,ymwr03v8@apl,Karnataka,SBI,clean,0
4421962d-ba7,yovm5cv3@icici,Kerala,PNB,clean,0
99590077-811,udkitmaf@apl,West Bengal,HDFC,clean,0
90c0158b-021,3fhvfijm@ibl,Karnataka,SBI,clean,0
375c77c6-2ce,7z4kso03@ybl,Maharashtra,BOB,clean,0
f7ddc600-29f,mrop2bye@oksbi,West Bengal,Axis,clean,0
c58393dc-924,4775b5no@ibl,West Bengal,BOB,clean,0
4b87b03e-0a3,1nyc7h81@paytm,West Bengal,ICICI,clean,0
0e6db788-b94,bptpdwr1@oksbi,Maharashtra,Kotak,clean,0
19746b7e-b70,93k8ekt2@axl,Karnataka,BOB,clean,0
a6e57b04-b08,mi560toh@upi,Karnataka,Kotak,clean,0
27556828-72e,ednya3s9@ibl,Gujarat,BOB,clean,0
337ff068-6a7,kga99uf1@apl,Maharashtra,BOB,clean,0
7cb81f33-bd9,un2ktvv0@axl,Kerala,SBI,clean,0
714fee4d-14c,ktnn8ild@ybl,Kerala,BOB,clean,0
83859cff-23e,5u2486d4@okaxis,Kerala,ICICI,clean,0
ebb03617-898,f8ou7oz9@axl,West Bengal,HDFC,clean,0
8b0cce36-704,xqp6xghu@okaxis,Telangana,Kotak,clean,0
6a6b09f4-931,hyvni8e6@ybl,Kerala,BOB,clean,0
709a03e9-6a7,93685efz@apl,West Bengal,ICICI,clean,0
55b7f692-3c1,t4fvmypj@icici,Tamil Nadu,Axis,clean,0
232c776b-f26,noc3arpy@oksbi,Kerala,BOB,clean,0
815d9d74-c12,3lm7e41o@oksbi,Karnataka,HDFC,clean,0
e2f0dbc5-dc8,2lswbb8r@okaxis,Kerala,SBI,clean,0
8c3a1405-1c7,ysv6o9e9@apl,Tamil Nadu,Kotak,clean,0
82f5fe41-946,cy3m84bc@icici,Karnataka,SBI,clean,0
2e28c6ce-94c,xcwc0bog@icici,Kerala,HDFC,clean,0
4e2e3af1-758,upof0hka@axl,West Bengal,Axis,clean,0
71ac38ff-e98,voc7501o@oksbi,Telangana,Kotak,clean,0
dcf9e897-39a,mtd50377@oksbi,Karnataka,Kotak,clean,0
bf1df7c8-919,7c1a7yj8@okaxis,Gujarat,HDFC,clean,0
cd62dbfe-5a8,i78lzgm8@ibl,Telangana,Axis,clean,0
fc9517c5-bfc,7qh96ycf@apl,Kerala,SBI,clean,0
6fa7776d-639,1isyerum@ibl,Karnataka,HDFC,clean,0
c032126e-8e5,q6tlv0gu@ybl,Karnataka,HDFC,clean,0
d0726ed4-a4a,os9dj9ih@paytm,West Bengal,BOB,clean,0
289f2092-53f,ot760rs6@ibl,Tamil Nadu,SBI,clean,0
2321faf4-c4c,fdr3tgwj@apl,West Bengal,HDFC,clean,0
693e1cb8-43a,t0r0vip3@icici,Kerala,HDFC,clean,0
b5e9bf29-237,4gylbi18@ybl,Tamil Nadu,Axis,clean,0
f9f6c352-bd3,ztwo7erc@axl,West Bengal,HDFC,clean,0
05d2ec15-8e0,s34a1nfx@oksbi,Telangana,HDFC,clean,0
2b4e3280-d30,wlf9yxam@axl,Karnataka,SBI,clean,0
cad58fc8-131,ju0s1g9e@apl,Gujarat,Axis,clean,0
a1a3b8db-01f,vbv1jpvk@icici,West Bengal,BOB,clean,0
d53eed5b-db5,8e7428yi@icici,Tamil Nadu,Axis,clean,0
f9f765c2-51e,vyske5m0@icici,Gujarat,Kotak,clean,0
00b7cbb3-161,cdmws81b@axl,Gujarat,SBI,clean,0
3db79eb4-d4c,7itqrt8g@axl,Maharashtra,ICICI,clean,0
c1ae9a9d-f1b,28cw9rtn@oksbi,Telangana,BOB,clean,0
5e692521-6f4,upr44esh@ybl,Kerala,BOB,clean,0
f25d4bed-707,tyaxy2nz@ybl,Gujarat,PNB,clean,0
e95420b3-eff,m9nwyube@paytm,West Bengal,Kotak,clean,0
c7168e55-c48,2mnj7ovh@upi,Karnataka,BOB,clean,0
8adc60bc-ff6,wgi8y042@okaxis,West Bengal,BOB,clean,0
ff599493-788,t6udojy6@oksbi,Karnataka,Kotak,clean,0
2dcddcee-e66,m9r6mguo@okaxis,West Bengal,BOB,clean,0
b5485ab1-a89,it2ni9su@apl,Gujarat,ICICI,clean,0
4700bbee-45e,axs88ual@axl,Maharashtra,BOB,clean,0
82bea43c-7c7,kjalw563@ibl,Gujarat,BOB,clean,0
4182bf24-ac1,6vfh3mi2@ibl,Tamil Nadu,BOB,clean,0
e3c13cc0-21e,hllqlld0@upi,Maharashtra,Kotak,clean,0
c1e18f59-115,3r4sip4b@paytm,Karnataka,BOB,clean,0
b6da22b8-a6c,zxd82bmq@icici,Karnataka,SBI,clean,0
c954d4fe-590,vrc0erje@icici,Gujarat,Kotak,clean,0
e0eb9fb9-468,4mfel33p@ybl,Kerala,ICICI,clean,0
50d2e4df-8fb,1s2qpkgr@upi,West Bengal,Kotak,clean,0
e114b868-457,96kw0pn5@paytm,Maharashtra,HDFC,clean,0
8944f78b-de1,e8683ple@ybl,Kerala,SBI,clean,0
28c9ab00-22d,flxv5cix@ibl,Tamil Nadu,BOB,clean,0
ac07b749-1ee,5cambhwt@oksbi,Maharashtra,PNB,clean,0
73679fab-bf3,kkswnwzf@okaxis,Tamil Nadu,Axis,clean,0
504d13e3-18e,62zko0e4@oksbi,Telangana,ICICI,clean,0
e3eb652e-9a6,h8s2gt30@okaxis,Maharashtra,BOB,clean,0
cb3ce139-593,ev5xwwc0@ibl,Tamil Nadu,Kotak,clean,0
468ac469-68d,orhtmt1o@ibl,Karnataka,PNB,clean,0
c640ba3c-c89,ggmqj9uj@oksbi,Telangana,Axis,clean,0
3e276dab-2f6,57lws1yq@icici,Karnataka,HDFC,clean,0
028c4111-66f,db5z8xgq@okaxis,Gujarat,HDFC,clean,0
2aa78749-900,207x887l@oksbi,Telangana,HDFC,clean,0
5f0025f3-807,86hogdpl@ibl,Kerala,PNB,clean,0
1566a406-0ab,itifxziu@icici,Maharashtra,HDFC,clean,0
ba4f8d5c-9be,ulprx05h@apl,Maharashtra,ICICI,clean,0
97478e2e-a4c,7ujj31w0@oksbi,Karnataka,Axis,clean,0
288c2714-e4c,34pggcbi@axl,Kerala,BOB,clean,0
250cbb0a-a14,6zhz3e88@icici,Kerala,HDFC,clean,0
fa1ea601-518,f31d2o25@icici,Karnataka,HDFC,clean,0
4651d885-db7,bb1r3yqs@axl,Karnataka,ICICI,clean,0
83d8ca4e-7d2,h0znsgwo@ybl,Gujarat,BOB,clean,0
c21a0133-04d,723ba9in@ibl,West Bengal,BOB,clean,0
4864da9c-d9a,4udc4fh0@ibl,Kerala,SBI,clean,0
517d85a8-6e7,fu20vmak@axl,West Bengal,ICICI,clean,0
51c4322e-d26,5sc36u9c@axl,Gujarat,SBI,clean,0
db313604-afe,8fbffhey@axl,Kerala,Axis,clean,0
648fd73c-35c,1fe1yend@oksbi,Telangana,SBI,clean,0
b28b90ee-1a1,wbem0tpi@okaxis,Tamil Nadu,SBI,clean,0
e0f685f9-570,upmtxq53@icici,Maharashtra,SBI,clean,0
4699eeb5-ac8,1kdk2ywf@upi,Karnataka,BOB,clean,0
efda6b16-a09,ulevna3g@upi,Tamil Nadu,ICICI,clean,0
03c8fb31-5b6,n230a7zu@upi,Gujarat,HDFC,clean,0
1cad3738-022,zrad8ejp@upi,West Bengal,Kotak,clean,0
d8d8c072-24e,tn1e4jc0@oksbi,Maharashtra,SBI,clean,0
11346fd3-d4c,97pnfirc@ybl,Karnataka,Axis,clean,0
be08959d-4d8,zdpvoe4t@ibl,Gujarat,ICICI,clean,0
d1835435-462,j53yxhzk@okaxis,Maharashtra,SBI,clean,0
144f4ab9-b8d,an68u1qp@paytm,Tamil Nadu,Kotak,clean,0
98f24c41-740,nv2mk48j@ibl,Tamil Nadu,HDFC,clean,0
69f48570-d6f,3qabce2e@okaxis,West Bengal,SBI,clean,0
c1d07c33-587,62tdo1df@icici,West Bengal,SBI,clean,0
db2f46a6-7d4,ad0ndv5d@upi,Kerala,PNB,clean,0
5785a624-c50,qhbqiqic@ybl,Tamil Nadu,BOB,clean,0
37e88c0e-940,k88rhoeh@ybl,West Bengal,Kotak,clean,0
b1619b33-db7,gttmppjb@ibl,Telangana,Kotak,clean,0
96ea9619-76e,m921vf37@paytm,Tamil Nadu,BOB,clean,0
d5e76f46-dfe,6pfmcie4@ybl,Telangana,SBI,clean,0
6ebdaa4f-5b6,9opllv12@ybl,Tamil Nadu,Axis,clean,0
5c656040-2b0,rq6b0ji1@icici,Kerala,SBI,clean,0
1ccea894-2ee,z14wjai9@ibl,West Bengal,ICICI,clean,0
3ec18b4f-7eb,gjvbvxvr@apl,West Bengal,BOB,clean,0
1301bb46-862,tricqpeo@icici,Kerala,PNB,clean,0
efd1b16f-20f,d68fr8ru@okaxis,Maharashtra,HDFC,clean,0
4f83ec87-936,glg08yvu@ibl,West Bengal,Kotak,clean,0
03e65a73-9ee,3c3j548f@okaxis,Telangana,Axis,clean,0
9428c592-277,s3tgdbfx@ybl,Tamil Nadu,PNB,clean,0
31f3ee5d-869,xj46t9dn@icici,West Bengal,Kotak,clean,0
d7b7fe9a-649,52qfe980@icici,Kerala,Kotak,clean,0
6b4d9b9c-642,vkxb3cto@paytm,Gujarat,ICICI,clean,0
eeab00a6-45d,e1q5ms7u@axl,Kerala,Kotak,clean,0
fc7c4bc6-7a7,pag3jbrr@ibl,Maharashtra,BOB,clean,0
4f8fc82a-95f,gguko1y7@icici,West Bengal,Axis,clean,0
e4817b00-dcb,3jfyusq1@axl,Gujarat,PNB,clean,0
7cf8c9f6-f44,bbmzj22p@upi,Gujarat,Axis,clean,0
1af99f15-4e5,rtiry3ti@apl,Tamil Nadu,ICICI,clean,0
d02978ee-705,2q22yokb@apl,Tamil Nadu,PNB,clean,0
e8e8edc4-0e9,kvnijwaq@paytm,Gujarat,HDFC,clean,0
a3bf05e8-78c,pfmnf7ui@apl,Tamil Nadu,ICICI,clean,0
91af85b3-594,ta882joz@okaxis,Kerala,Kotak,clean,0
c512916f-98e,5ejr91qu@apl,Tamil Nadu,SBI,clean,0
a8bb4755-d48,3dc9e69i@oksbi,Kerala,BOB,clean,0
df29bd33-fe8,hoiroagi@paytm,West Bengal,ICICI,clean,0
560bea41-4dd,so2z6m81@axl,Kerala,HDFC,clean,0
8acd6a18-caf,edlbgkbu@apl,Maharashtra,BOB,clean,0
c973a468-9b9,q067cszv@icici,Tamil Nadu,PNB,clean,0
3ea3543c-73c,t805qtdc@paytm,Tamil Nadu,Axis,clean,0
a7c90964-ee7,4dilgonj@apl,Kerala,Kotak,clean,0
3f92a3fd-4d2,t2i9owp7@apl,Gujarat,Kotak,clean,0
9c5b0086-ae0,y5lv92be@oksbi,Maharashtra,PNB,clean,0
161fd34f-187,ycyrnznz@upi,Kerala,SBI,clean,0
f1eda7b4-c01,rp0iv1to@apl,Tamil Nadu,ICICI,clean,0
c9c27af3-07a,ozesjncr@ybl,Karnataka,SBI,clean,0
82e60a35-7c5,xu3k8jb7@apl,Kerala,PNB,clean,0
46e45d28-1c3,j65wpolp@oksbi,West Bengal,SBI,clean,0
5a438f85-e05,2lpn1m6u@paytm,West Bengal,BOB,clean,0
15bb9c2a-02e,8gsvpi2j@apl,Maharashtra,Axis,clean,0
cfc8869a-eab,ew1mkdwv@upi,West Bengal,HDFC,clean,0
bd897509-55f,a7p4efg1@axl,Tamil Nadu,Axis,clean,0
d902c8e3-2e8,yro1wodg@ibl,Telangana,SBI,clean,0
fe9b4443-cc6,643j2x9a@icici,Maharashtra,SBI,clean,0
af1e29d8-375,rsoz9e5g@upi,Tamil Nadu,Axis,clean,0
2ee29ceb-fc2,67jez24w@apl,West Bengal,SBI,clean,0
3d7ef9ae-deb,07bti1ri@upi,Karnataka,PNB,clean,0
20a9bc17-038,05tqm3g9@icici,Kerala,HDFC,clean,0
3e2545bc-27d,eyzilj29@paytm,Maharashtra,SBI,clean,0
b2a74227-d01,ypknxmfh@ibl,Tamil Nadu,SBI,clean,0
ff3cefe5-607,8fzq1w09@ibl,Karnataka,Axis,clean,0
4316e662-e3b,6ohxxyfg@okaxis,Telangana,BOB,clean,0
842dd169-b33,tngcrzxc@ibl,West Bengal,Kotak,clean,0
95588c26-b90,niblwbv2@okaxis,West Bengal,ICICI,clean,0
aaddb764-899,t3j6lilb@ibl,Gujarat,Kotak,clean,0
0cd13a92-500,zork64mg@paytm,Tamil Nadu,ICICI,clean,0
e0f1ae7c-90f,8jp3htnc@okaxis,Gujarat,Axis,clean,0
f6353c0f-b6e,2dxx60lx@ibl,Gujarat,HDFC,clean,0
fb0f9ace-e80,qsx502up@icici,Kerala,Kotak,clean,0
b6681c0f-e80,f5yc9lue@axl,West Bengal,SBI,clean,0
7d902190-4ab,4yji359t@apl,Maharashtra,PNB,clean,0
176d8050-c31,gehuiqsi@ibl,Maharashtra,HDFC,clean,0
e996453d-640,9xro37u9@icici,Tamil Nadu,BOB,clean,0
e0b6a5c0-c45,7zuhfbeg@oksbi,Kerala,SBI,clean,0
73edb172-55d,csqnbb4v@icici,Tamil Nadu,BOB,clean,0
5dee2d17-dbe,rnadkn2k@okaxis,Gujarat,Kotak,clean,0
a6524ac2-cca,7xxdsbrp@icici,Maharashtra,PNB,clean,0
e7c5d501-d2a,hl5v32bh@ybl,Karnataka,Axis,clean,0
1be582b9-b75,16a3kl0n@ibl,West Bengal,ICICI,clean,0
362acc7c-b92,6bp6ojc6@apl,Tamil Nadu,ICICI,clean,0
6c19f59a-d7e,5zz679aq@upi,Maharashtra,SBI,clean,0
0afa1be0-c07,w7v1qsa1@okaxis,Telangana,Axis,clean,0
19a363aa-6dd,tkftuwfv@ybl,Telangana,Kotak,clean,0
6eea7255-13b,tuswetyx@ibl,Karnataka,ICICI,clean,0
51f325d6-213,nvgqcqny@okaxis,Tamil Nadu,HDFC,clean,0
af982486-0a7,7e51m4wu@oksbi,Tamil Nadu,Axis,clean,0
2a623954-563,kc419u77@axl,Tamil Nadu,ICICI,clean,0
fd35d569-15f,s8erkd0r@apl,Maharashtra,Kotak,clean,0
a3beef11-d0b,2dy4tkvv@oksbi,Karnataka,Axis,clean,0
f08738a9-43d,gf7mvq35@paytm,Maharashtra,PNB,clean,0
990354df-74c,n6dtyn4b@apl,Gujarat,BOB,clean,0
cbc7e761-b05,e4f4n3za@ybl,Kerala,SBI,clean,0
635fb89d-cc0,o76o8qhe@axl,Gujarat,HDFC,clean,0
8dd4cc77-5d2,fulz2ads@icici,Kerala,HDFC,clean,0
19abb179-8ba,yziepo77@upi,Karnataka,SBI,clean,0
9b1300c4-b4c,c27x1cen@ybl,Telangana,Kotak,clean,0
40b5e857-d76,45d3dgc5@upi,Karnataka,HDFC,clean,0
0ccda2d0-eab,5p3ebq3v@ybl,West Bengal,SBI,clean,0
b4c01fe4-49b,jz9ds2ul@paytm,Telangana,HDFC,clean,0
ad09de5c-9e3,x2soth4m@paytm,West Bengal,ICICI,clean,0
a4aef950-3af,1o082sfr@paytm,Telangana,BOB,clean,0
a88b349d-895,c60cjbmu@apl,Kerala,HDFC,clean,0
932f93cd-2f6,gqk820ps@okaxis,Gujarat,ICICI,clean,0
e4f3d250-391,7pc59p0q@icici,West Bengal,HDFC,clean,0
1dbef3c8-b78,967st8li@paytm,Gujarat,Axis,clean,0
4c381eec-3b2,tlb37zoq@upi,Karnataka,ICICI,clean,0
bc023efc-8a6,nohg3vtl@upi,Tamil Nadu,SBI,clean,0
ad880e84-c53,rz0xv6dd@ibl,Tamil Nadu,Axis,clean,0
2accf3c1-f90,snvyf2zq@apl,West Bengal,SBI,clean,0
6a8028a9-e4a,zgazni37@ibl,Gujarat,PNB,clean,0
41a3a13b-138,96yg626m@ybl,Karnataka,SBI,clean,0
64b4f41d-879,41zblm57@upi,Karnataka,BOB,clean,0
8e498066-86c,yvp6mpb4@ibl,Gujarat,BOB,clean,0
96fabe37-191,z4qt7zvn@ybl,Telangana,HDFC,clean,0
b50f67b8-107,1cao8w81@ybl,Gujarat,HDFC,clean,0
a15f6075-76e,6ejebhbw@paytm,Gujarat,SBI,clean,0
8f453b96-3dd,tw689mw6@icici,Tamil Nadu,ICICI,clean,0
f0c5653b-e8a,1inufncc@axl,Maharashtra,Kotak,clean,0
4c0760f8-29f,aau76tcn@axl,Kerala,Axis,clean,0
1ad3b511-36d,bzirjyz8@okaxis,Maharashtra,Kotak,clean,0
24d181e1-af7,ku8niarn@oksbi,West Bengal,ICICI,clean,0
f648ff5b-444,afmar9le@apl,Maharashtra,HDFC,clean,0
c0639995-9cb,dtgcg8zf@okaxis,Maharashtra,ICICI,clean,0
4d71bd08-4d8,4c0bb6py@upi,Maharashtra,HDFC,clean,0
35ffead9-041,w8uoja5e@apl,Tamil Nadu,Axis,clean,0
36bcd1b1-bdc,he7ky87q@icici,Telangana,BOB,clean,0
98bed7e0-37f,q44dvvpg@ybl,Kerala,HDFC,clean,0
bed75ed6-cbc,iy525fns@ibl,West Bengal,ICICI,clean,0
a6b75a6d-797,96ze6e24@okaxis,Telangana,PNB,clean,0
8ec048c1-882,tgp8d20g@upi,West Bengal,Kotak,clean,0
5139387f-efb,eurandde@apl,West Bengal,HDFC,clean,0
9ded4dad-e97,ntcvl0yq@ibl,Kerala,Axis,clean,0
adcff56d-a7c,sz117r1z@okaxis,Kerala,SBI,clean,0
cc936f4b-c82,9vf6rgsl@paytm,Kerala,BOB,clean,0
7e80cade-787,x9e0ragh@paytm,Tamil Nadu,Kotak,clean,0
f7eb8095-551,w4ixfjjr@paytm,Karnataka,PNB,clean,0
5810e3ca-44e,0740c98u@okaxis,Karnataka,PNB,clean,0
5310044f-0c3,y00ew9jz@oksbi,Tamil Nadu,HDFC,clean,0
d0acce70-c3e,ezr4e5iz@ybl,West Bengal,BOB,clean,0
61383299-6f3,edmbjhy3@upi,West Bengal,PNB,clean,0
a9a91ce0-e42,v7pqovvi@ibl,West Bengal,PNB,clean,0
0ae8f867-5f8,x9dy39ck@ybl,Tamil Nadu,BOB,clean,0
08b4db62-10b,u8h7bi8t@paytm,Karnataka,SBI,clean,0
35da18aa-782,nfu2hers@upi,Kerala,Axis,clean,0
0cdf9813-efd,58p8o85b@okaxis,Kerala,PNB,clean,0
035f139f-d28,7dsonkk1@paytm,Telangana,ICICI,clean,0
56b68fea-b19,b8ohl1zu@upi,Gujarat,SBI,clean,0
d350eae1-93c,xnqege5e@paytm,Maharashtra,HDFC,clean,0
63159e7f-40c,hoe3mxzj@oksbi,Maharashtra,SBI,clean,0
afe0ce58-2fd,ss5b08vy@ibl,Gujarat,PNB,clean,0
b84f49d9-863,7fil3dvy@paytm,Kerala,HDFC,clean,0
1fb0aab9-1d4,u25z8kq8@upi,Karnataka,PNB,clean,0
a3741d51-9b3,nii88byc@upi,Tamil Nadu,BOB,clean,0
eaa816a9-ba5,tonznq06@paytm,Gujarat,Axis,clean,0
e0e2f158-3b5,2ozz9z76@upi,Maharashtra,HDFC,clean,0
c8895994-3c8,8pu9jn01@apl,Maharashtra,BOB,clean,0
aff44dd2-b3a,p6egkaza@upi,Tamil Nadu,BOB,clean,0
888397bc-cf1,7ldm1vl7@apl,Kerala,Axis,clean,0
420c7c2e-be4,4g4iq9en@ibl,Maharashtra,ICICI,clean,0
18e7deea-245,n7k98xvi@oksbi,Karnataka,Axis,clean,0
51d00873-1a2,e15h3qox@axl,West Bengal,HDFC,clean,0
603765b4-df6,8yatye73@oksbi,Tamil Nadu,HDFC,clean,0
a02aa6ca-726,c0q6ulh3@paytm,Tamil Nadu,PNB,clean,0
547f10ab-1a3,p62j4xyb@axl,Karnataka,HDFC,clean,0
65075329-861,857yyom0@oksbi,Gujarat,HDFC,clean,0
be5ce3fc-99e,qepyohak@ybl,Telangana,PNB,clean,0
4beea533-f6f,b1z337c7@upi,West Bengal,ICICI,clean,0
ab7f9ac0-0c1,s9b7ry0c@oksbi,Gujarat,ICICI,clean,0
c4c09f40-f24,x8eak8ye@okaxis,Telangana,BOB,clean,0
95ce8ed7-5b0,twd96hhw@upi,Telangana,PNB,clean,0
edbbbede-c0f,so6axuwr@okaxis,Karnataka,ICICI,clean,0
7668ae7d-f8f,z8m6xhig@axl,Karnataka,HDFC,clean,0
36e87f9b-c48,w6vgk4y3@okaxis,Gujarat,BOB,clean,0
f0178a24-31a,iips8qdb@axl,Maharashtra,SBI,clean,0
25be99f7-253,gv2esf4n@ibl,Kerala,SBI,clean,0
f872a810-3b5,eom43t6u@icici,Telangana,PNB,clean,0
07bd21fc-6c1,z8r2w71t@paytm,Karnataka,BOB,clean,0
9d8c9ef2-08a,rl1eh8hy@oksbi,Telangana,HDFC,clean,0
bbd52b8d-e07,7sw1k9m9@oksbi,Karnataka,PNB,clean,0
1b04da14-bb0,xy4g8on3@upi,West Bengal,HDFC,clean,0
6fee0dd9-7d2,x6i62r2c@ibl,Maharashtra,Kotak,clean,0
61afd8ba-ad7,jyrdirl4@paytm,Tamil Nadu,BOB,clean,0
dcec2537-385,xlaxhnoc@paytm,Tamil Nadu,PNB,clean,0
454a74d7-303,i3rnc02b@upi,Telangana,ICICI,clean,0
71cf3305-923,cgwcd9jc@upi,Kerala,ICICI,clean,0
fd82619c-4ec,juyun9vq@axl,Telangana,ICICI,clean,0
088b5119-df8,graejpfa@axl,West Bengal,SBI,clean,0
e9e680bd-047,0dl7u1p8@apl,Karnataka,Axis,clean,0
758d7c10-4bb,uqb8rcp6@okaxis,Kerala,SBI,clean,0
cdc6dcbf-763,v1exyb8z@icici,West Bengal,Kotak,clean,0
3b296b48-b50,rtm477y6@paytm,Kerala,HDFC,clean,0
326a06a7-69c,vwnlbs0u@upi,Tamil Nadu,HDFC,clean,0
afb9a028-534,ebec41rn@paytm,Karnataka,Kotak,clean,0
6e6f6849-e88,q7rzapuo@paytm,Gujarat,Kotak,clean,0
13eb146e-312,1rkqql7p@okaxis,Gujarat,Axis,clean,0
d846426b-546,p9jlailh@okaxis,Maharashtra,SBI,clean,0
88b9f195-922,09uw8pdw@upi,Kerala,HDFC,clean,0
bf05ab1e-a5f,zihzvzgm@oksbi,Kerala,Kotak,clean,0
e5b88975-f1c,qypiclks@icici,Karnataka,BOB,clean,0
0dbb8d5b-bd3,1wmkxi91@paytm,Kerala,PNB,clean,0
3bf9190b-713,ljc6wo7v@okaxis,Karnataka,BOB,clean,0
e735753d-06f,8jukujoa@icici,Gujarat,HDFC,clean,0
e9f22c25-dc6,ivse00hu@icici,Karnataka,PNB,clean,0
60f93353-af2,5u7df891@axl,West Bengal,HDFC,clean,0
ba69a29d-4eb,yerbl6sg@apl,Tamil Nadu,ICICI,clean,0
a63d3775-8e2,rv4eibkp@paytm,Maharashtra,Axis,clean,0
70b190a3-8e5,fvu3f0me@ibl,Tamil Nadu,HDFC,clean,0
bdd29b0f-26b,5lomzolm@axl,Gujarat,SBI,clean,0
bc38e50b-6e7,78cuhczt@okaxis,Kerala,ICICI,clean,0
755ddfe9-f6d,lnditn5k@oksbi,Gujarat,HDFC,clean,0
06959210-487,o70bilkj@okaxis,West Bengal,PNB,clean,0
d7e632f9-874,aiqusy2o@icici,Tamil Nadu,BOB,clean,0
3dc1e707-371,b29xz6uk@ybl,Tamil Nadu,HDFC,clean,0
15101ac3-cfd,xx9pkqgb@okaxis,West Bengal,BOB,clean,0
161d6209-485,ci248f3v@paytm,Maharashtra,Axis,clean,0
abdbbeb6-b66,mqm57fhs@oksbi,Telangana,Kotak,clean,0
cd3798e5-005,ieeo9h5i@okaxis,West Bengal,HDFC,clean,0
de0ce085-c4b,op0e62n3@axl,Maharashtra,BOB,clean,0
1f9156f6-afd,frv1l6ck@upi,Telangana,HDFC,clean,0
f815aa87-69a,c660ujri@okaxis,Tamil Nadu,ICICI,clean,0
3f328ef7-2d8,72btq823@ybl,Gujarat,SBI,clean,0
601035e7-00c,z8xebnp5@apl,Telangana,BOB,clean,0
8df53667-5d8,xt083rwr@paytm,Maharashtra,Axis,clean,0
3a5f40b6-616,w37gjnxi@axl,Tamil Nadu,HDFC,clean,0
24b43ed4-938,ywm5cfv2@upi,West Bengal,Axis,clean,0
f05db37a-7ae,1kjs08rw@axl,Telangana,Kotak,clean,0
ff5a2f4a-ca6,72dd9eqs@okaxis,West Bengal,PNB,clean,0
16111d62-835,9t30b69c@ybl,Maharashtra,BOB,clean,0
497afb67-79e,ry27vmvw@paytm,West Bengal,PNB,clean,0
f69743f8-9c4,gl51rgfr@apl,Maharashtra,PNB,clean,0
3e4ff8ac-253,iuga4feg@upi,Maharashtra,PNB,clean,0
22309c7d-4be,j5n860at@okaxis,West Bengal,HDFC,clean,0
3a32b88e-d39,kp6asssu@upi,Maharashtra,SBI,clean,0
acd6dd5a-d60,q2any1yc@upi,Maharashtra,HDFC,clean,0
7e42aae8-5c5,yrw6owh8@upi,West Bengal,Axis,clean,0
4a3a3bad-610,jqrlg6ua@ibl,Karnataka,Axis,clean,0
f20bf447-d36,tfvan0fv@ibl,Maharashtra,SBI,clean,0
df461695-d2d,781hfl1z@apl,Maharashtra,HDFC,clean,0
ca60f604-eec,iy3xgwk1@oksbi,Telangana,SBI,clean,0
8769272e-254,nmjsxtdh@ibl,Telangana,HDFC,clean,0
f8d1f628-ffa,t4bu4i4c@ibl,Gujarat,HDFC,clean,0
084c66d5-e69,f8gc0s6e@upi,West Bengal,Kotak,clean,0
283d6b14-7bd,5tt9ka1d@upi,Karnataka,ICICI,clean,0
84eb7e19-552,to914ybn@icici,Kerala,Axis,clean,0
1e92d16b-591,wr3s18wk@apl,Telangana,PNB,clean,0
1fd49a14-35f,1epekgvz@apl,Maharashtra,BOB,clean,0
e70c0ed2-7f2,ggaybfjh@ibl,Karnataka,ICICI,clean,0
bc7c9331-370,rs51zeqw@oksbi,Gujarat,BOB,clean,0
b036173d-5b5,ov9jydfz@ibl,West Bengal,PNB,clean,0
ae68eb93-088,ahpo00zc@upi,Kerala,HDFC,clean,0
a3d4fef7-4eb,fmtgdlb3@paytm,Gujarat,HDFC,clean,0
7441d878-12e,6tamy74w@ybl,Kerala,SBI,clean,0
e9e25f41-3c3,ozfqpii4@okaxis,Telangana,BOB,clean,0
f7cf8d49-790,vn28hr6c@upi,Kerala,PNB,clean,0
9a32bbfb-4dd,58611gqi@icici,Tamil Nadu,ICICI,clean,0
6c4ec9d0-b34,d9gx2hiv@ibl,West Bengal,PNB,clean,0
d4469db9-7b2,40i6qv4t@upi,Kerala,PNB,clean,0
13b16fc1-a38,0zo6rdb1@upi,West Bengal,BOB,clean,0
39f67b3f-434,gw7s43ic@oksbi,Kerala,Axis,clean,0
7a2d1da0-66e,qoqsd8p4@okaxis,Kerala,Kotak,clean,0
01571a80-f9f,kxgy93fo@upi,Gujarat,PNB,clean,0
dc218274-870,ong5udlh@icici,West Bengal,Kotak,clean,0
0b516a8e-915,6flvywap@paytm,Kerala,HDFC,clean,0
75f84529-b56,5ajr1ov9@ibl,Kerala,BOB,clean,0
bccc46c1-691,uoaa2qyr@icici,Telangana,ICICI,clean,0
b532475a-06a,wuocs224@ibl,Gujarat,Axis,clean,0
79220296-d85,i4swh0tt@apl,Telangana,ICICI,clean,0
0167be63-3d0,vbkavxso@ybl,West Bengal,ICICI,clean,0
bb637661-915,e5bo8bot@ybl,Karnataka,SBI,clean,0
8055511a-d2d,tj4mdhut@icici,West Bengal,HDFC,clean,0
c6597517-96f,xbrytivr@ibl,West Bengal,Kotak,clean,0
d84dfc66-f6f,o5a7qnaa@ybl,Maharashtra,PNB,clean,0
b55c1963-fb3,z1ov5vxa@upi,Maharashtra,Axis,clean,0
83969cfe-8e7,dju39x6k@axl,Maharashtra,Kotak,clean,0
cb08dd5a-c0d,srzaeqox@ybl,Tamil Nadu,SBI,clean,0
3350c929-07d,whnybjk8@paytm,Tamil Nadu,HDFC,clean,0
eb2aaefb-ae8,vbrx8u73@upi,Kerala,HDFC,clean,0
e482cab8-f7e,7n2elmv5@oksbi,Maharashtra,ICICI,clean,0
a7bfc4c3-24a,1g4eai7x@paytm,Telangana,Axis,clean,0
5dc4c88d-ba1,brrntylv@apl,West Bengal,ICICI,clean,0
a6394fe5-dbb,d3iia38k@upi,Karnataka,HDFC,clean,0
3fbf94e8-9e4,f36c0ox8@ibl,Tamil Nadu,PNB,clean,0
d4d105e9-5fa,r7xwqf1t@icici,West Bengal,PNB,clean,0
ec7623cf-d9d,wuzllgyg@upi,Karnataka,HDFC,clean,0
0e9060e3-bf9,4desrwqb@ybl,Gujarat,Kotak,clean,0
02f295f2-bf1,wnvjqjin@okaxis,West Bengal,ICICI,clean,0
588f39c1-d79,fpt00e2q@upi,West Bengal,Kotak,clean,0
73c73c7e-dcb,z9qj4vbi@icici,Maharashtra,Kotak,clean,0
01dc39ec-707,iehc2yix@oksbi,Tamil Nadu,Axis,clean,0
e8149956-d6e,ss63umgt@okaxis,Tamil Nadu,SBI,clean,0
e9f25a4b-c80,3plcgqll@okaxis,Maharashtra,ICICI,clean,0
2311b3a8-704,i32bs5my@okaxis,Gujarat,ICICI,clean,0
cf593ebf-d62,5r0pnf3v@ibl,Maharashtra,ICICI,clean,0
6550cb4c-c7e,hovu5wp8@upi,Karnataka,SBI,clean,0
584327aa-cd7,vvbbbvmi@ybl,Kerala,Kotak,clean,0
11620164-db1,3ymddvxk@paytm,Karnataka,HDFC,clean,0
54ab6875-8a3,kj71k16y@axl,Gujarat,Kotak,clean,0
eec2a74a-401,pu536lzm@icici,Maharashtra,HDFC,clean,0
d0282c1b-a3a,04bfpv0v@ibl,Kerala,BOB,clean,0
1d131b0f-ecd,ktx6qcal@icici,Karnataka,ICICI,clean,0
1af6416b-22d,7322hr5s@apl,Maharashtra,Kotak,clean,0
bd0fb87a-2d6,c0whs14e@ibl,Tamil Nadu,Kotak,clean,0
17cf2dc4-0df,v94c8ma3@oksbi,Karnataka,BOB,clean,0
79b1c8ad-465,qunf57vh@upi,Tamil Nadu,SBI,clean,0
734b319e-c52,3ls11q01@upi,Gujarat,HDFC,clean,0
b21ff5c4-b5f,ya0eiva8@icici,Karnataka,HDFC,clean,0
49a220a5-d25,ure5mipu@icici,West Bengal,ICICI,clean,0
6a0b27fa-3bb,tdsekceh@axl,West Bengal,HDFC,clean,0
04f2b84d-d06,cmz2rno6@ibl,Telangana,HDFC,clean,0
d6352c18-087,mzoim2ca@upi,Gujarat,Kotak,clean,0
51269466-f8a,994pn8qi@upi,Maharashtra,BOB,clean,0
4983fe83-f39,3irgm5dk@apl,Telangana,PNB,clean,0
a798dc65-0e7,besirq4t@apl,Kerala,BOB,clean,0
e5b394a5-4f5,na6ksnjc@apl,Gujarat,SBI,clean,0
af736b93-b1c,6wz8l6m5@paytm,Tamil Nadu,Axis,clean,0
dbf7832d-072,j98byte9@ybl,West Bengal,ICICI,clean,0
db799c22-77d,rhe45jjj@ibl,Karnataka,Kotak,clean,0
457cf08b-fd1,uv27uubr@paytm,West Bengal,PNB,clean,0
08ef8667-faa,4xv87ugt@paytm,West Bengal,Kotak,clean,0
5259aa2e-cc3,qjl8ez31@icici,Kerala,PNB,clean,0
fcf46c79-aba,erq5a838@ibl,Telangana,BOB,clean,0
38d47198-cfd,14311bkh@icici,Tamil Nadu,BOB,clean,0
7c7a7719-aff,6shqxms0@okaxis,Kerala,Axis,clean,0
5166b18d-e38,1q3dzvwe@upi,Maharashtra,HDFC,clean,0
fed1b54a-c04,358geejg@ybl,Kerala,ICICI,clean,0
cee84275-da8,xg56w0mq@ybl,Tamil Nadu,ICICI,clean,0
b8c23cfc-ee8,kazrvzdh@paytm,West Bengal,ICICI,clean,0
b002095f-c6d,itcwzl87@oksbi,West Bengal,BOB,clean,0
89e39c90-fd1,tqv0r095@apl,Maharashtra,HDFC,clean,0
87594b24-07d,gcrkfkj6@okaxis,Karnataka,HDFC,clean,0
2885aa06-788,dtwbksdn@ybl,Telangana,Axis,clean,0
0ff917e9-648,fozg7fbv@okaxis,Tamil Nadu,Axis,clean,0
6c3d3f33-026,oeuh8vaq@upi,West Bengal,SBI,clean,0
bd4b16f5-3f9,dim28aqw@ibl,Tamil Nadu,HDFC,clean,0
4c5d32cf-dd4,2xgdh3u0@axl,West Bengal,SBI,clean,0
cdf76c9c-d5a,ofe2j5zk@apl,Gujarat,BOB,clean,0
abfa5492-09d,9dg38raj@okaxis,Tamil Nadu,Axis,clean,0
6097e2c3-197,9fik47em@ibl,Tamil Nadu,PNB,clean,0
8be514a3-120,amhv1f07@ybl,Telangana,Kotak,clean,0
8549107b-21e,k32rgwhg@upi,Maharashtra,ICICI,clean,0
c27afba9-def,ieoxvku8@oksbi,Tamil Nadu,ICICI,clean,0
a00bb624-9d0,3mtebdud@icici,Maharashtra,Kotak,clean,0
16f81ba5-aab,d2to1kvt@apl,West Bengal,ICICI,clean,0
f4de9af1-832,u26sphnc@ybl,Telangana,Kotak,clean,0
5dd13486-d7e,jqa0px99@ibl,Kerala,Kotak,clean,0
1f4fe608-bc3,rwudkbu0@icici,Tamil Nadu,BOB,clean,0
7d58a92b-b66,69o8w429@paytm,West Bengal,Kotak,clean,0
af84d3cd-d3e,sj8bfi8o@paytm,Maharashtra,Axis,clean,0
011b3d5e-751,f4g9h0y0@ybl,Karnataka,ICICI,clean,0
ea90f203-b4b,ahhcasik@apl,Maharashtra,Axis,clean,0
014f6865-b97,vwas1udj@apl,Karnataka,BOB,clean,0
23897436-68c,a84n1w3e@axl,Tamil Nadu,HDFC,clean,0
c6f445b9-3cc,0ut100wn@icici,Telangana,BOB,clean,0
1877640a-2b0,mt4c46p9@apl,Gujarat,HDFC,clean,0
6d3266fd-3d1,b739syie@ibl,Tamil Nadu,PNB,clean,0
9b9a3911-394,iq7sddvx@paytm,West Bengal,ICICI,clean,0
2d3254cb-f16,fu2faw2x@ibl,Kerala,ICICI,clean,0
7a5c68a0-408,liobl7vj@paytm,Karnataka,BOB,clean,0
e8d37018-c9a,pfbce5z3@icici,Telangana,SBI,clean,0
125c0352-9fc,s7xsv18f@apl,Gujarat,HDFC,clean,0
2c474463-b85,tscjlei6@okaxis,Tamil Nadu,Axis,clean,0
9c6e46fc-984,f7mqadw9@icici,Maharashtra,HDFC,clean,0
9787f504-bc2,zdepcgwl@ybl,Kerala,ICICI,clean,0
aed84ac4-4be,5o5cvhjo@ybl,Gujarat,SBI,clean,0
c153a82a-920,usqb00g9@oksbi,Karnataka,Kotak,clean,0
e16f454f-c00,9wcdb68z@ybl,Gujarat,Axis,clean,0
a066ebdc-a35,p1i3661l@ybl,Gujarat,ICICI,clean,0
25347590-31e,gfp94k3a@ibl,Gujarat,ICICI,clean,0
b9150780-eb5,ar0wh0rf@okaxis,Karnataka,ICICI,clean,0
333563a0-a08,8c9tfldy@axl,Kerala,PNB,clean,0
a2514517-c52,o9s4znmz@apl,Karnataka,HDFC,clean,0
ec98dab1-be5,e98wp94p@paytm,West Bengal,BOB,clean,0
f5b8e8be-0b0,kqcfchao@ibl,Kerala,BOB,clean,0
b254ae22-e31,ku99eljh@ybl,Kerala,ICICI,clean,0
c8febd1e-6a1,p0nfdd2p@paytm,Gujarat,Kotak,clean,0
40c38359-c74,1fj2aoy2@ibl,Gujarat,BOB,clean,0
b66469a2-503,dzrhttqa@apl,Tamil Nadu,HDFC,clean,0
af38cd40-996,iy2s530t@paytm,Maharashtra,Kotak,clean,0
7f948712-b3e,paoj1mdd@ybl,West Bengal,HDFC,clean,0
c993ad1c-4b6,f5lxk2g5@ibl,Tamil Nadu,PNB,clean,0
7f6e30a3-694,bw8p3ifz@icici,Telangana,Axis,clean,0
2841c3e3-fe3,9hczdq3w@ybl,Tamil Nadu,SBI,clean,0
4cf4d7e1-3f0,3bak73i1@axl,Tamil Nadu,PNB,clean,0
fec4add1-6bc,vqxo2dwn@oksbi,Tamil Nadu,BOB,clean,0
ab81f224-e4e,yw1bsdx4@axl,Maharashtra,BOB,clean,0
7ec78504-afb,lnaehpit@ibl,Kerala,SBI,clean,0
b0326826-21b,7uy4saeq@ybl,Telangana,PNB,clean,0
152a83c8-399,q8daydw9@oksbi,Karnataka,HDFC,clean,0
9fb94d35-b03,y5v9jreh@upi,Karnataka,BOB,clean,0
0fefa346-719,b5ud6gka@icici,Karnataka,ICICI,clean,0
975f99ae-f48,m5saxyk2@oksbi,West Bengal,HDFC,clean,0
2f46e12c-305,8f3ob9v1@icici,Telangana,ICICI,clean,0
6cc79f48-fe9,qoqopycw@ibl,West Bengal,HDFC,clean,0
2431eeac-0c5,46n05fl0@apl,Kerala,ICICI,clean,0
abc96550-9b9,fcrahb73@icici,West Bengal,BOB,clean,0
2392e249-428,6f4zzw5u@paytm,Maharashtra,Kotak,clean,0
16c08b68-19b,kcakdp3c@ybl,West Bengal,ICICI,clean,0
7e6832ec-f7e,ifncrn3t@apl,West Bengal,PNB,clean,0
5e6dee53-acb,o2i5wlld@ybl,Maharashtra,ICICI,clean,0
f1eb26f7-ddc,35jrj9r3@apl,Tamil Nadu,BOB,clean,0
54839db4-637,lim06etc@axl,Tamil Nadu,Axis,clean,0
1e82c698-f90,3ev1rdnf@ybl,Maharashtra,BOB,clean,0
2ac59997-ec0,3qinf2p0@upi,Gujarat,BOB,clean,0
f05ecb12-ead,pqfmpah3@axl,Maharashtra,SBI,clean,0
8270884a-1a1,njxtxixc@ibl,Maharashtra,Axis,clean,0
212e27f1-b0d,liagp34s@upi,Maharashtra,PNB,clean,0
448b6a4f-4df,ynfgj1yo@oksbi,Telangana,Axis,clean,0
403d4b2d-449,t49qpeq6@okaxis,Karnataka,HDFC,clean,0
f69d53e5-f13,84z7ht7r@oksbi,Telangana,ICICI,clean,0
ffba8f04-97c,e6psrb6y@paytm,Kerala,Kotak,clean,0
00527a9e-867,9vicmnia@ybl,Kerala,PNB,clean,0
5b96051c-90b,7vfhpd6v@axl,Kerala,Axis,clean,0
e9dc2e6e-5f2,1ly0ocrv@axl,Maharashtra,Axis,clean,0
0841882b-16e,mjpcza3s@oksbi,Gujarat,BOB,clean,0
31e3ffee-b54,r40e0gzg@oksbi,Karnataka,Axis,clean,0
9850172a-471,dcqn5per@apl,Tamil Nadu,HDFC,clean,0
14cf259e-9df,2f5nk4ot@ybl,Tamil Nadu,ICICI,clean,0
405c044b-c3b,748av3g6@apl,Karnataka,Kotak,clean,0
a4110bf6-ff7,td9jyj3c@icici,West Bengal,SBI,clean,0
11cc300f-988,cq5ah9og@ybl,West Bengal,ICICI,clean,0
946b0fc1-82d,abuhoqjk@okaxis,Gujarat,BOB,clean,0
fa3985cd-c68,5pu2pitt@ybl,Tamil Nadu,PNB,clean,0
a6e90a13-61a,1lc5ww9l@okaxis,Telangana,PNB,clean,0
ee91ff69-500,iqf1g5fu@apl,Kerala,HDFC,clean,0
b246d92a-282,xk13c3zq@upi,Maharashtra,BOB,clean,0
aefa0455-a40,qfxmhrww@upi,Karnataka,SBI,clean,0
39153104-36e,0stka091@ybl,Telangana,HDFC,clean,0
5e771bee-7da,tx7u4gbg@ibl,Tamil Nadu,ICICI,clean,0
233915be-434,3k3wkt6v@oksbi,West Bengal,HDFC,clean,0
8dab6999-2b1,8ig8icfn@upi,Maharashtra,ICICI,clean,0
756fa773-fe0,9e5imlz6@okaxis,West Bengal,BOB,clean,0
153861ff-b70,u33k2w1i@oksbi,Telangana,ICICI,clean,0
0cf0a43b-25f,i7ve3au0@okaxis,West Bengal,SBI,clean,0
ae682a33-66d,321d5c21@apl,Karnataka,ICICI,clean,0
e57a0c2b-47f,ww8eirhr@paytm,West Bengal,Kotak,clean,0
2c698d11-289,kcag1jdh@axl,Maharashtra,ICICI,clean,0
00f6025e-39b,9deociri@apl,Kerala,HDFC,clean,0
9075b1b8-471,4jlys7jd@oksbi,Telangana,PNB,clean,0
f6a15b9a-f82,6pq1auf0@icici,Tamil Nadu,ICICI,clean,0
63ccc874-8dd,5jgzcy4m@upi,Maharashtra,SBI,clean,0
a04bb6d0-bc6,h1dxkxb4@axl,Maharashtra,Kotak,clean,0
735b93f7-dfe,wjveyje8@icici,Telangana,Kotak,clean,0
10cf9e62-023,zj2l72v0@ybl,Karnataka,ICICI,clean,0
40e58855-ae4,trpw3hhi@oksbi,West Bengal,Kotak,clean,0
161a775d-788,9pd57fqt@paytm,Kerala,Axis,clean,0
b60fb594-1e0,csw2msg0@oksbi,Maharashtra,BOB,clean,0
e8e6749d-045,zzrog0jr@oksbi,Maharashtra,ICICI,clean,0
46fab563-ab2,75wln2ot@oksbi,Maharashtra,HDFC,clean,0
41296a2a-55a,m1tm27o1@paytm,West Bengal,Axis,clean,0
353619b5-fac,tg15xd82@okaxis,Karnataka,ICICI,clean,0
ff255138-3f3,kuv2vxo3@axl,Tamil Nadu,SBI,clean,0
d4174a2e-fa1,oa763bup@oksbi,Karnataka,SBI,clean,0
acb565a5-faa,4xaic0dh@upi,Telangana,BOB,clean,0
924e7d93-937,tgf4d8h4@ybl,Karnataka,Axis,clean,0
e2762878-f54,7frboo70@ybl,Tamil Nadu,Axis,clean,0
36ea455f-82e,5ohs7aui@oksbi,Telangana,HDFC,clean,0
13f863a4-607,pqpfie95@apl,Maharashtra,SBI,clean,0
d0140c75-560,x2jz8k7z@apl,Tamil Nadu,ICICI,clean,0
9f239010-d71,6k6hgq6s@axl,Maharashtra,Axis,clean,0
bf3f52d3-8b7,b4hjkwbj@apl,West Bengal,BOB,clean,0
3f6b8262-7b8,r4dtad4w@okaxis,Tamil Nadu,HDFC,clean,0
d5b61624-2c0,zbguqjj1@oksbi,Maharashtra,HDFC,clean,0
adee9199-9b8,m22snju9@oksbi,Maharashtra,ICICI,clean,0
bf0dedc5-cf1,kt0n1puk@axl,West Bengal,HDFC,clean,0
7149a55e-ead,s0jx9ams@upi,Karnataka,PNB,clean,0
0a88d682-59f,r7goklva@ybl,Maharashtra,Kotak,clean,0
85d2ede6-5bf,htjpk4w0@paytm,West Bengal,HDFC,clean,0
49eb3aaf-8de,s6jhb0c1@upi,Telangana,Axis,clean,0
d4f3a293-ad3,64e51o76@ibl,Maharashtra,ICICI,clean,0
d5c5ca97-faf,kys30u7f@axl,Gujarat,PNB,clean,0
731ccd12-3b2,ud1lbq4u@ybl,Karnataka,ICICI,clean,0
6ca0531f-802,n1pmbzp6@icici,Karnataka,HDFC,clean,0
f0dbe40d-416,arph3q26@icici,Karnataka,HDFC,clean,0
581fdad4-799,0p5rukca@icici,Karnataka,Axis,clean,0
cfcdd043-ee6,xph1y3bq@okaxis,Kerala,Kotak,clean,0
c7cb13b0-ddc,hygsw419@ybl,Telangana,PNB,clean,0
f7abe431-a06,l9layke3@axl,West Bengal,SBI,clean,0
b6117af1-dbc,xu11to0b@apl,Maharashtra,HDFC,clean,0
0e4f5d05-ac9,41of7y5r@oksbi,Karnataka,BOB,clean,0
da9b7821-adc,swyutfef@upi,West Bengal,BOB,clean,0
0d3dc0f3-068,1id07t3l@paytm,Karnataka,HDFC,clean,0
4b5e9bf4-afa,vfhzt8i5@okaxis,Telangana,ICICI,clean,0
27c13df7-b56,yxyemu9q@apl,Maharashtra,Kotak,clean,0
9f3f0986-29f,cmtgn9t8@paytm,Karnataka,HDFC,clean,0
d09d6f73-321,60k23z2y@ibl,Kerala,Axis,clean,0
c435b92d-6ed,tos7nnxx@ibl,Gujarat,ICICI,clean,0
0d456d8d-2e5,s517dxj1@oksbi,Gujarat,BOB,clean,0
d573b569-bb3,slhqbr79@apl,Gujarat,PNB,clean,0
b8eedab9-e05,b5hsts68@ibl,Maharashtra,Axis,clean,0
695489af-688,otvog5kk@icici,Karnataka,ICICI,clean,0
36ca7ac3-945,8xafsumu@axl,West Bengal,PNB,clean,0
aca0de78-cc0,dpa7yz5n@ibl,Maharashtra,HDFC,clean,0
7b059769-877,roabeawq@oksbi,West Bengal,Axis,clean,0
b9c5cb7f-e47,y5kh2nxx@upi,Karnataka,Kotak,clean,0
d1dc1506-0dd,3rag0kxx@paytm,Gujarat,HDFC,clean,0
8ca7f577-d9c,5hvv7fin@ybl,Gujarat,HDFC,clean,0
8032757e-e7a,6uo3zin1@ybl,Kerala,HDFC,clean,0
0764ff95-743,kne1ybmz@apl,West Bengal,ICICI,clean,0
0a1766d4-4da,1z322kai@apl,Kerala,BOB,clean,0
30176bbe-fe7,j5sfmzqr@icici,Gujarat,ICICI,clean,0
8b9adc43-323,7ofhepn3@icici,Maharashtra,Axis,clean,0
ece8c695-db2,veuur656@oksbi,Maharashtra,PNB,clean,0
39c0adaf-a1b,8gsg8uen@apl,Tamil Nadu,SBI,clean,0
fac2f1c2-188,8uogmvv6@oksbi,Telangana,Kotak,clean,0
7996d759-a2d,v8th105o@icici,Gujarat,Axis,clean,0
ba54a282-467,rvn2aejg@icici,Gujarat,BOB,clean,0
891c2380-92e,jvilv09v@oksbi,West Bengal,HDFC,clean,0
92a9f161-1ab,aackxxqo@ibl,Telangana,BOB,clean,0
4d22d12f-592,0x450uhe@okaxis,Maharashtra,Kotak,clean,0
47b1a5c4-df0,ul64qbwp@upi,West Bengal,BOB,clean,0
dd5e121b-e72,nf27e6l8@oksbi,Gujarat,SBI,clean,0
52cc950b-61d,gmiurpv2@paytm,Kerala,Kotak,clean,0
f247a043-6fd,o6u9179b@upi,Kerala,Axis,clean,0
aed3241e-f49,earnwawo@icici,Kerala,Axis,clean,0
b213d3c2-68c,lr1x08k4@paytm,Kerala,HDFC,clean,0
deb2d0aa-99c,7reficgx@upi,West Bengal,BOB,clean,0
b28fccdc-36a,dbrhgr8c@apl,Telangana,SBI,clean,0
c7d2f895-ada,ux8fmw4v@ibl,West Bengal,Kotak,clean,0
67f96478-40f,sgqg034l@axl,Karnataka,ICICI,clean,0
62d0c052-de5,v2ra0t51@upi,Kerala,SBI,clean,0
e3025bd6-7bd,yql1v2w9@icici,Tamil Nadu,BOB,clean,0
b1d22b02-de4,9dz8ftmj@apl,West Bengal,HDFC,clean,0
1aa99a15-034,b3umam00@ibl,Maharashtra,ICICI,clean,0
c65a34af-12c,qj2onveo@axl,West Bengal,BOB,clean,0
85690de1-529,akv62zll@icici,Telangana,ICICI,clean,0
99aab6c1-75f,9i7zfcty@apl,Tamil Nadu,Axis,clean,0
97bd8664-bf6,f70in3ty@paytm,West Bengal,PNB,clean,0
f41689e2-9b4,0xtaofzd@apl,Gujarat,ICICI,clean,0
28d7a103-14a,pv50mph7@axl,Gujarat,ICICI,clean,0
bc6e4efa-b65,4ssb1pbz@icici,Maharashtra,Axis,clean,0
4421ea1a-320,vbyezd43@paytm,Tamil Nadu,BOB,clean,0
7a0cc8e1-f40,ch4fodmj@upi,Karnataka,Kotak,clean,0
f87df722-14d,m2ixexb9@oksbi,Tamil Nadu,HDFC,clean,0
337e995b-d34,lvqarjzk@ybl,Tamil Nadu,BOB,clean,0
f4b37783-449,yyexhpco@ibl,Kerala,BOB,clean,0
0090e583-04a,u0up229e@apl,Kerala,HDFC,clean,0
80194904-26b,l1naia0c@icici,Karnataka,ICICI,clean,0
6145f2a8-2fa,ertqhnol@ybl,Tamil Nadu,Axis,clean,0
7f09653b-1bb,bopab05d@apl,Karnataka,ICICI,clean,0
dd9c5d08-0ac,ate4vv9c@okaxis,West Bengal,PNB,clean,0
91572556-c33,fevmy1qn@axl,Tamil Nadu,PNB,clean,0
0a490f2a-c30,n4u38bwt@ybl,Kerala,HDFC,clean,0
6ba74fb0-55e,8m3rkl39@oksbi,West Bengal,SBI,clean,0
6272d716-8e6,kuvy7idu@icici,Maharashtra,SBI,clean,0
77b83b92-24b,towtk4kl@apl,Gujarat,HDFC,clean,0
dc3fc61e-79c,g2newbzn@okaxis,West Bengal,BOB,clean,0
88e241df-d8d,dpftbaqx@apl,Telangana,Axis,clean,0
8b077910-fa3,em9nnc8y@ibl,Tamil Nadu,Axis,clean,0
85430772-9ce,ywdrdpmp@ybl,Karnataka,ICICI,clean,0
9ca34114-436,gkhvlucn@paytm,Karnataka,PNB,clean,0
97a6adb7-6a9,nd3y9qb0@ibl,Gujarat,Kotak,clean,0
2b94c496-615,cxsuo874@apl,Gujarat,Kotak,clean,0
92e87353-6e8,pnei5zrw@icici,Karnataka,Axis,clean,0
cb2e7838-a18,taybgi0r@axl,Telangana,BOB,clean,0
285f622b-9dd,dj43dgam@axl,Gujarat,HDFC,clean,0
77737e66-563,g3yvr2eu@apl,Karnataka,ICICI,clean,0
83b62a3d-1fb,b57l1376@axl,Maharashtra,Axis,clean,0
08e3400c-ae2,4xjp7wzi@icici,Kerala,BOB,clean,0
dc3da161-0b7,xbiguj9c@okaxis,Maharashtra,HDFC,clean,0
a1b3107e-f54,2skhkxvs@ybl,West Bengal,BOB,clean,0
03ca31b3-d58,r35ljm6c@axl,Gujarat,ICICI,clean,0
661f3945-7ae,uvcthbzo@paytm,Telangana,HDFC,clean,0
24b6c714-eb3,yg190feq@axl,Karnataka,HDFC,clean,0
2b6c3383-b51,7o0zbo70@ybl,Karnataka,BOB,clean,0
dfa3174a-4d6,aubnbwgs@paytm,Telangana,HDFC,clean,0
08befc66-c29,k0brz0er@ybl,Gujarat,PNB,clean,0
74833e23-d52,5r1sppn7@apl,Gujarat,BOB,clean,0
4ed4f0c2-221,abzgs9w2@apl,Karnataka,BOB,clean,0
1affe6fd-836,80kqlrvd@okaxis,Maharashtra,Kotak,clean,0
df62a7b3-42b,1y04z4vc@icici,Gujarat,Axis,clean,0
58be47df-646,vwll5v2h@apl,Tamil Nadu,BOB,clean,0
e7fd39bb-bbc,pheiv6dd@icici,West Bengal,Kotak,clean,0
1284855c-fee,7txx6lk7@okaxis,Gujarat,ICICI,clean,0
6e669dfa-b48,acypz7f6@icici,Tamil Nadu,PNB,clean,0
9e14853c-0f6,7k37foqs@axl,Maharashtra,SBI,clean,0
bd4346c1-bf5,ssf8hstr@upi,West Bengal,PNB,clean,0
f7d0525f-807,9knbz9h0@upi,Kerala,Axis,clean,0
ec104ce6-433,q9v98o1l@apl,Maharashtra,PNB,clean,0
01503cf7-9e1,wu2gyiaw@axl,Telangana,HDFC,clean,0
beb25714-451,oe4c5pne@ibl,Karnataka,Axis,clean,0
7a8f7e99-c68,mlqs8lxs@apl,Maharashtra,ICICI,clean,0
b0d74950-688,1mrd8jpa@ybl,Maharashtra,Axis,clean,0
0041db60-1b9,qs334kcc@apl,Kerala,ICICI,clean,0
5bf08e56-798,lf65j1vr@paytm,Maharashtra,SBI,clean,0
d1e7cacd-e8a,23hotpsi@upi,Karnataka,BOB,clean,0
494c2039-e69,50q8obw3@paytm,Telangana,HDFC,clean,0
07db99cf-f07,sog2lbwt@ybl,Karnataka,Kotak,clean,0
4ddd9908-751,50hya1w3@axl,West Bengal,Kotak,clean,0
d7cde63d-800,5765ej9t@ibl,Telangana,HDFC,clean,0
f9556ba2-e78,ojalbh1n@axl,Maharashtra,ICICI,clean,0
4e19cc3a-3b1,9alx8uy5@icici,Kerala,SBI,clean,0
64ea7a37-f29,xpgwjx3b@okaxis,Karnataka,SBI,clean,0
0c20a562-d63,6v1lk4ag@paytm,Maharashtra,HDFC,clean,0
b6f6ef7d-dbf,iupqkpnn@ibl,Tamil Nadu,PNB,clean,0
72a45cd6-5d2,c609yzhs@oksbi,Maharashtra,BOB,clean,0
5509a6cc-e15,lx5z3juf@okaxis,Kerala,HDFC,clean,0
6d477a5a-0be,bx0nwkq4@paytm,Telangana,Kotak,clean,0
5f444012-74a,d9gao4h8@ibl,Karnataka,ICICI,clean,0
e6c4290f-3fa,9t61qskf@apl,Tamil Nadu,BOB,clean,0
bcdc01d5-0fa,3uot477i@axl,Maharashtra,PNB,clean,0
dea75828-c46,hrqsu95i@ybl,Karnataka,SBI,clean,0
bbd73c7d-5a4,31p35zwq@icici,Gujarat,ICICI,clean,0
bee262e8-052,qqljwqrl@icici,West Bengal,SBI,clean,0
4cd77389-198,5twbqhsm@ibl,West Bengal,ICICI,clean,0
e3f5d24a-61a,vuksvzoo@icici,Telangana,HDFC,clean,0
2872e4e0-890,jsos58yo@oksbi,Kerala,HDFC,clean,0
2a5ead64-928,odewyb40@icici,Kerala,BOB,clean,0
a19defd8-884,d7xtx42d@oksbi,Kerala,BOB,clean,0
485aac4d-352,a3aoz4v5@ybl,West Bengal,Axis,clean,0
bc1534d6-bb1,erftnvij@icici,Kerala,PNB,clean,0
1e3e2656-078,pk67ilpl@icici,West Bengal,Kotak,clean,0
07930a21-9cb,5259gmq2@axl,Telangana,HDFC,clean,0
a192876d-6cf,dg26hlmb@upi,Gujarat,Axis,clean,0
e149cd16-b07,6mxswy0s@paytm,Gujarat,ICICI,clean,0
00c2387a-f01,l9tdcc58@ibl,Tamil Nadu,BOB,clean,0
3bdfa0e6-b6b,7924htpl@apl,Karnataka,BOB,clean,0
5bea4c60-59b,tcbw5qqb@oksbi,West Bengal,HDFC,clean,0
c71030f4-f03,92wmsj9u@paytm,Gujarat,SBI,clean,0
086b3cb4-4e8,93p483ch@oksbi,West Bengal,Kotak,clean,0
df1f209c-554,r1sheurq@oksbi,Maharashtra,Kotak,clean,0
73798000-fb6,yxis81hb@ibl,Gujarat,ICICI,clean,0
449f6ab4-c0c,nzkf3ikn@upi,Kerala,SBI,clean,0
06096a99-fab,m0tu2aqh@paytm,Kerala,BOB,clean,0
d5c9cf52-979,4zn0mwmk@ibl,Telangana,PNB,clean,0
df1a5772-f4a,j77ecaaf@oksbi,Telangana,SBI,clean,0
0d3383e2-652,xotx76d2@paytm,Kerala,BOB,clean,0
c434d9fc-a5b,yn6zjuy3@paytm,Maharashtra,SBI,clean,0
07c964ef-e64,9vzeox98@ybl,Gujarat,BOB,clean,0
cb1a58b1-b0e,p4m7b0vz@oksbi,Karnataka,SBI,clean,0
fab8be87-610,6oqe09o8@ybl,Kerala,HDFC,clean,0
1999e5e8-900,06k37e4e@okaxis,Maharashtra,ICICI,clean,0
7f5daac5-109,vb6hpphp@upi,Kerala,Kotak,clean,0
814f40ab-32e,arqcfk3e@paytm,Gujarat,SBI,clean,0
7a0c062b-3fb,fi4ckom5@oksbi,Kerala,BOB,clean,0
d509dfb6-cc7,nbti1ncv@upi,West Bengal,PNB,clean,0
ecd8776b-ec6,nwmufgyn@paytm,Gujarat,BOB,clean,0
dac77956-105,kbh423l9@upi,Tamil Nadu,ICICI,clean,0
da17ee9f-094,0932jky5@apl,Tamil Nadu,Axis,clean,0
52132260-6d4,g6iaqiij@upi,Karnataka,ICICI,clean,0
92c15217-773,0znruhme@axl,Telangana,Kotak,clean,0
6a5ec517-2d1,q3heykuk@axl,Kerala,Axis,clean,0
bff63add-152,pdgz2sc0@icici,Gujarat,Axis,clean,0
a1288320-148,dhddciro@ibl,Karnataka,BOB,clean,0
cbdcc5d1-114,rttdwosp@oksbi,Tamil Nadu,ICICI,clean,0
5dec535d-94a,qbxxa53x@okaxis,West Bengal,BOB,clean,0
3525360a-e13,c7g0abgb@icici,Gujarat,Axis,clean,0
6023f21e-d22,mx76al3g@ibl,West Bengal,SBI,clean,0
ec447c1b-6b1,2aoblj0u@ybl,Maharashtra,SBI,clean,0
9fcb3fb4-47b,o6h0feeb@upi,West Bengal,HDFC,clean,0
d2c91c69-5f0,9exbnxdx@ybl,West Bengal,BOB,clean,0
b6bd8cc2-0b1,ehthugxn@icici,Tamil Nadu,Axis,clean,0
d77d322a-35b,2f0j3oke@paytm,Tamil Nadu,HDFC,clean,0
e808d38b-772,o1kp2gvp@okaxis,Kerala,ICICI,clean,0
e3369a03-ac3,00vmpqyw@okaxis,Karnataka,ICICI,clean,0
8d812e73-7f7,uwmw3m4d@oksbi,Gujarat,Axis,clean,0
769d3a62-3ad,nl4j1of2@icici,Telangana,SBI,clean,0
3677db61-61c,6odr9hou@upi,Kerala,HDFC,clean,0
4e188818-069,5187ozym@icici,Maharashtra,Kotak,clean,0
ce0b8d11-acc,y7ew1tmi@paytm,Gujarat,HDFC,clean,0
d3650372-54a,1n7fdrfq@apl,Gujarat,HDFC,clean,0
469ebbfa-e1b,w7lhxol0@okaxis,Gujarat,PNB,clean,0
582eeb9c-80b,a2otkqxw@icici,Kerala,BOB,clean,0
21c77cf3-fea,cd4ysd6s@okaxis,Gujarat,PNB,clean,0
038c8109-59f,dirhecy1@ybl,Telangana,SBI,clean,0
9e63b5b2-98e,tprtzuf0@okaxis,Maharashtra,SBI,clean,0
beac3404-0fb,99oh12pg@paytm,Karnataka,BOB,clean,0
961b6573-721,09wnzmo7@okaxis,Karnataka,Kotak,clean,0
41b8871c-895,q0v3wkh3@paytm,Tamil Nadu,Kotak,clean,0
c16911fc-eaf,x9dxznkq@apl,West Bengal,Axis,clean,0
0d82b111-3fd,aythhddo@oksbi,Gujarat,ICICI,clean,0
e51b2eca-58a,1aozujv1@ibl,West Bengal,HDFC,clean,0
2de67c75-b55,i8h7pr28@paytm,Karnataka,Kotak,clean,0
e5ccfd52-a02,dbu2j085@axl,West Bengal,Kotak,clean,0
d63adb4e-870,b96do9uz@ibl,Karnataka,BOB,clean,0
725e0dc2-203,bl6f6fu5@apl,Tamil Nadu,SBI,clean,0
0579e505-22c,690cwbke@okaxis,Telangana,ICICI,clean,0
cef3eea0-fd7,67kjfclc@ybl,Kerala,PNB,clean,0
ef1c6ecc-58d,uyr7vhtc@upi,Telangana,BOB,clean,0
304064c0-b30,dzdrhezu@paytm,Telangana,BOB,clean,0
9847ffa1-06a,ae6ya8s2@ibl,West Bengal,ICICI,clean,0
bce73c14-d05,e4qwl67c@okaxis,Tamil Nadu,Axis,clean,0
1020fe10-38e,4nn4gct8@ybl,Telangana,PNB,clean,0
518a1e36-cba,k8xn29gx@ibl,Telangana,ICICI,clean,0
1227e9c1-0b7,5ci7hbvp@oksbi,Maharashtra,Axis,clean,0
5f1bd9fe-012,ojmgl1rl@ibl,Tamil Nadu,SBI,clean,0
8d704304-886,wkzczvvw@icici,Karnataka,Kotak,clean,0
592a0e64-9c7,pvs9v9bd@upi,Maharashtra,Axis,clean,0
ae71e951-31d,mxon2kf9@axl,Telangana,PNB,clean,0
6fd198de-041,dfo1nnj5@axl,Gujarat,SBI,clean,0
6755b39c-032,bk97ei9n@apl,Gujarat,BOB,clean,0
27b021e4-eb5,j2s2da89@apl,Karnataka,Axis,clean,0
6b9d96ff-d2b,vy92defq@oksbi,Kerala,HDFC,clean,0
235b850a-d69,ze5xfffg@oksbi,Kerala,ICICI,clean,0
ff23d426-ff8,tq5smvvb@paytm,Tamil Nadu,SBI,clean,0
815f00a4-a95,0tq2i6de@okaxis,Tamil Nadu,ICICI,clean,0
dae9a21f-759,b41g877f@icici,Gujarat,Kotak,clean,0
984261f8-91d,7a7kx7mr@ybl,Karnataka,Kotak,clean,0
d983ea6b-374,qiet4akw@upi,West Bengal,HDFC,clean,0
6cdf0b08-05f,cl12s67j@axl,Maharashtra,Kotak,clean,0
1008c83e-7dd,2k5ebdst@okaxis,Telangana,SBI,clean,0
03025875-cc6,hm9uza9q@ibl,Telangana,PNB,clean,0
e3cabe15-712,d3w6q763@apl,Karnataka,Kotak,clean,0
63c607c1-3ba,a3t862vl@ybl,Kerala,Kotak,clean,0
05654294-512,ku04vpwy@upi,West Bengal,HDFC,clean,0
75b1b241-85b,vtacblqi@paytm,Kerala,ICICI,clean,0
1ba66558-0cb,6clpdixc@icici,Telangana,SBI,clean,0
aa55b08b-353,mwsh0wfw@apl,Karnataka,ICICI,clean,0
9bc85d65-f32,k1r6l5ak@oksbi,Maharashtra,HDFC,clean,0
e37cd83e-e21,fjhs1jqe@ibl,Gujarat,PNB,clean,0
271b793a-6f8,m7odtlk8@ybl,Maharashtra,Axis,clean,0
89d42b69-02f,4unffqi1@okaxis,Karnataka,PNB,clean,0
3e529a67-ee3,wmvm74lt@oksbi,Karnataka,Kotak,clean,0
f3c01fbb-04b,ik6fpg5w@ibl,Telangana,Axis,clean,0
55b698ca-426,dkfeekot@oksbi,Karnataka,SBI,clean,0
593dd47c-969,yv6nh44o@oksbi,Maharashtra,BOB,clean,0
dec62309-8f1,18eifbt7@upi,Maharashtra,SBI,clean,0
2c403470-27d,fpybuxhw@axl,Karnataka,Kotak,clean,0
daa19c7a-571,dccazxpn@oksbi,Telangana,BOB,clean,0
560a6e37-460,nzkrsn8l@axl,Maharashtra,Kotak,clean,0
93c26b95-dd9,3fa2m2h0@ibl,Kerala,Axis,clean,0
2b48204d-687,wq21knpk@okaxis,Gujarat,Axis,clean,0
c149f70a-c24,2ek1hw67@axl,Tamil Nadu,Axis,clean,0
82ee1c68-fd7,8zmmxx1c@ybl,Telangana,BOB,clean,0
0bb15784-dca,fdzltocz@ybl,Kerala,HDFC,clean,0
9e611e80-452,iyowypn3@apl,Karnataka,HDFC,clean,0
bec65453-22c,ifyemf5n@icici,Maharashtra,PNB,clean,0
859981d7-c01,xnhrc4vg@ybl,Maharashtra,SBI,clean,0
f0726909-1a1,i31i1uz5@ibl,Gujarat,HDFC,clean,0
be6fc2d6-e37,jmxsnwer@icici,Karnataka,PNB,clean,0
737a5058-9f3,dxhyou5m@okaxis,Maharashtra,Kotak,clean,0
6825ac56-c07,bdj532fp@paytm,Karnataka,HDFC,clean,0
04a31a5a-e0e,q2h5cfgk@upi,Telangana,HDFC,clean,0
b4ce53e7-005,6r4yl1w9@paytm,West Bengal,Kotak,clean,0
2e8f7d1e-2ab,svfk2kne@paytm,Telangana,Axis,clean,0
ed35fd05-dff,eaoeultm@ibl,Gujarat,HDFC,clean,0
cdc9022f-078,y5115zg8@upi,West Bengal,PNB,clean,0
3fe50229-17b,wvhyjeed@apl,Tamil Nadu,BOB,clean,0
5ca4de43-513,x6g2krt4@ybl,West Bengal,ICICI,clean,0
1597ea03-a58,90q5n5kx@axl,Maharashtra,SBI,clean,0
1a20b1a4-2a0,ivekt478@okaxis,Karnataka,HDFC,clean,0
c21ce8b0-898,x5y7zjc7@axl,Telangana,Axis,clean,0
975ed4ce-343,0ahwy423@apl,West Bengal,HDFC,clean,0
d74be0ba-5fa,e953a8b5@icici,Tamil Nadu,ICICI,clean,0
7fd7fe72-856,7e315h9h@axl,Kerala,PNB,clean,0
3bf2e19b-197,n8s7yvr0@ibl,Kerala,PNB,clean,0
d9f34ab9-257,n4xj765v@ybl,Karnataka,Kotak,clean,0
044c6de9-a3e,7kzb5fw1@ibl,Maharashtra,Kotak,clean,0
9d33e420-93a,n385c6kd@upi,Karnataka,BOB,clean,0
adb666d2-ad6,z6xtb80u@ybl,Kerala,ICICI,clean,0
43a82293-184,wccimnsc@okaxis,Maharashtra,BOB,clean,0
c913efcf-e20,gwdshlls@okaxis,Maharashtra,SBI,clean,0
86162df7-0d5,xdo7nqr3@icici,Kerala,ICICI,clean,0
bc4cad99-c81,d7b52xov@icici,Tamil Nadu,PNB,clean,0
53c2031a-626,hzpdso9s@apl,Gujarat,SBI,clean,0
05af3601-ba7,uq3puzhh@apl,Tamil Nadu,SBI,clean,0
d0b53d0e-34b,5z5l9hgm@icici,Telangana,SBI,clean,0
552b8acc-2a0,mlzti89u@icici,Kerala,HDFC,clean,0
6830d33f-4a0,fofq1ruc@upi,Maharashtra,Kotak,clean,0
4d245e49-dce,jptvh31a@icici,West Bengal,ICICI,clean,0
35627b84-294,f3g1puxj@ibl,Karnataka,PNB,clean,0
b96225cf-202,3zfes7p8@ybl,Maharashtra,BOB,clean,0
38d73f08-7f6,qg6tuq54@axl,Kerala,BOB,clean,0
49bffd33-e5d,i5482q78@ibl,West Bengal,SBI,clean,0
07b1e221-92b,sfe0x7h2@ybl,West Bengal,SBI,clean,0
280f3df8-e99,6fbf4fkk@okaxis,Telangana,PNB,clean,0
377b38cb-f63,mx4yqq14@apl,Tamil Nadu,SBI,clean,0
9221d108-62b,uwdnvmo1@apl,Gujarat,ICICI,clean,0
5a9fd705-8e8,v0n4h2aw@upi,Tamil Nadu,HDFC,clean,0
4d8d453c-99f,7489nzhq@okaxis,Karnataka,PNB,clean,0
b3f1f6f5-f7a,edcj9zqn@paytm,Karnataka,Axis,clean,0
756c1176-e72,iberxe6l@ibl,Gujarat,SBI,clean,0
d00ebf6b-8fb,o3fasemu@okaxis,Tamil Nadu,PNB,clean,0
e0eb1987-5aa,46v57hls@okaxis,Maharashtra,ICICI,clean,0
97e10972-715,6vduqdji@icici,Telangana,Axis,clean,0
4c63f418-cfd,nk33ah78@oksbi,Gujarat,BOB,clean,0
65140757-ecb,on2fol4v@oksbi,Gujarat,PNB,clean,0
e27d9c73-1b0,ykbb5yft@ybl,Telangana,SBI,clean,0
045b9c9c-900,xnada1k3@axl,Maharashtra,SBI,clean,0
cd43f04e-9b6,8hcx09lp@okaxis,Telangana,Axis,clean,0
bc1dc713-ca4,z3ha6cbb@okaxis,Kerala,SBI,clean,0
f9737157-45d,pea74tbs@okaxis,Kerala,ICICI,clean,0
ac44eafc-e45,8ct71wb0@ybl,Gujarat,ICICI,clean,0
6737d3d5-a26,hppipg6a@ibl,Gujarat,HDFC,clean,0
86b414f5-de0,ypc45u26@paytm,Karnataka,BOB,clean,0
b821c644-c87,456h95d9@icici,Telangana,HDFC,clean,0
60dc40b8-30c,2i5p7vwk@oksbi,Gujarat,SBI,clean,0
7c1d1986-777,velyvro5@ybl,Kerala,BOB,clean,0
6d7cc6a3-21a,d3pydro6@icici,Gujarat,Kotak,clean,0
4e445ca2-fee,8oit6ya0@apl,West Bengal,BOB,clean,0
1b6f832d-9fa,xqovgpp3@icici,West Bengal,SBI,clean,0
8d33a477-ed7,zhxdo3gt@icici,Kerala,Kotak,clean,0
98c0bc5b-1b8,quiltemr@axl,Tamil Nadu,HDFC,clean,0
72be52a8-6de,lvrktgu8@icici,Telangana,SBI,clean,0
2ebf1097-45f,bcz7ep62@upi,Maharashtra,Axis,clean,0
6b9dd1cd-467,uu8f855m@ibl,Kerala,Kotak,clean,0
1ec0504c-792,px4lpcx1@ybl,Kerala,PNB,clean,0
9b61471b-441,gjzg8u6m@axl,Kerala,SBI,clean,0
2e29e2b1-5a5,iafhe0fw@ibl,Gujarat,PNB,clean,0
eab9ea3e-de1,owrg1axv@oksbi,Kerala,HDFC,clean,0
e2176862-c88,igv3wagb@axl,Karnataka,PNB,clean,0
13d28a31-6ec,aejgnzfz@axl,Karnataka,ICICI,clean,0
923015c0-7d0,q2w9zl5y@paytm,Karnataka,ICICI,clean,0
490e53d2-f68,88no1rbn@axl,Telangana,BOB,clean,0
17a5cb5e-856,nk7hlcnp@icici,Karnataka,Kotak,clean,0
1cf4f8d4-ddb,3m5h0jhk@okaxis,Gujarat,PNB,clean,0
5db53aae-16e,x8w43h93@icici,Maharashtra,ICICI,clean,0
a45bd49c-e95,f43rsasv@okaxis,Karnataka,HDFC,clean,0
586ddea1-fcf,5o2uxxk5@apl,West Bengal,Kotak,clean,0
382b530f-f08,mtm12lc9@ybl,Gujarat,Kotak,clean,0
c421c83b-e86,tof3bhg9@okaxis,Karnataka,Kotak,clean,0
2e3be82d-6eb,zq6rf8lw@upi,Tamil Nadu,PNB,clean,0
adff0ab5-176,8aubpm9d@ybl,Gujarat,PNB,clean,0
c9b9a9ad-333,ywkmx8dh@okaxis,Karnataka,SBI,clean,0
b84f05ff-019,6v1yy31w@upi,Karnataka,HDFC,clean,0
3e9ad897-32e,20dfxuj5@apl,Tamil Nadu,ICICI,clean,0
42b2bf5a-624,53fpy63m@ybl,Karnataka,Kotak,clean,0
c4b486e8-d85,rttymmcw@apl,Maharashtra,SBI,clean,0
1db573d1-327,v6cidr6k@upi,West Bengal,ICICI,clean,0
1eae4805-472,yyz7prtd@axl,West Bengal,HDFC,clean,0
a82a8fbe-670,pn9fdlr8@oksbi,Karnataka,BOB,clean,0
88c5b75b-efa,jd1bje9x@apl,Telangana,HDFC,clean,0
3ca6abd6-6c8,v7pivpa4@upi,Tamil Nadu,SBI,clean,0
2536354a-e89,07lblwvf@oksbi,Telangana,PNB,clean,0
75608f6a-cef,0pydg1ki@icici,Gujarat,Kotak,clean,0
aaf23e3a-182,8lm7xxcn@okaxis,Kerala,Axis,clean,0
76ebfadc-5e4,n4fg0djq@upi,Maharashtra,Axis,clean,0
f2f2ba0f-d28,qvczkakj@ibl,Telangana,Kotak,clean,0
5e9c5f66-593,zxi5n6db@oksbi,West Bengal,PNB,clean,0
b2087198-ba9,rexloyey@axl,Kerala,Kotak,clean,0
f2954b87-bd4,o2mcq4s4@oksbi,Karnataka,PNB,clean,0
8e2c721d-6ed,dbsiwfvi@ibl,Kerala,BOB,clean,0
1939b324-ce5,pypr1muy@axl,Maharashtra,SBI,clean,0
6986fd60-11f,xmvw0nhj@upi,Telangana,SBI,clean,0
132b8c30-72a,3gex0sut@ybl,Tamil Nadu,HDFC,clean,0
5469c9b2-ae1,7w5glo1b@ybl,Gujarat,ICICI,clean,0
f325813b-7a3,vzhoyykc@oksbi,Tamil Nadu,HDFC,clean,0
176fce9b-3f0,psb53xqc@upi,West Bengal,SBI,clean,0
97934c1a-d07,indlfdtt@upi,Karnataka,BOB,clean,0
aa705574-8f0,g10yc1ne@apl,Karnataka,HDFC,clean,0
973f4f6f-099,4iuyd7ri@apl,Telangana,Kotak,clean,0
e580b4f9-17c,qszxpgbm@ibl,Tamil Nadu,ICICI,clean,0
f80d4e7b-c90,z286qpjn@ybl,Gujarat,BOB,clean,0
9a387a25-8bb,y4lgqtcd@ibl,Gujarat,Kotak,clean,0
29661a73-d7d,2kjnvfom@ibl,Maharashtra,Kotak,clean,0
3350f8c1-79c,qriqye1s@apl,Karnataka,BOB,clean,0
018fdd3f-ba7,4imd01n1@icici,Karnataka,HDFC,clean,0
068fb95f-7fe,nrqh4s03@ybl,Tamil Nadu,HDFC,clean,0
3495d53a-e59,fy71knck@apl,Gujarat,Axis,clean,0
51fc9aef-51b,rhhkycq2@paytm,Karnataka,HDFC,clean,0
3c4e907a-e8d,ynkiv90h@apl,Gujarat,ICICI,clean,0
f14babba-e52,ajltuv67@okaxis,Telangana,Axis,clean,0
c708b20f-755,u8akhy7i@okaxis,Kerala,PNB,clean,0
25c7a1a1-2fb,cm90f89v@oksbi,West Bengal,Axis,clean,0
6b8078f9-2f5,nvkbjn7f@ibl,Tamil Nadu,SBI,clean,0
51538f0a-c1b,qefrsatq@apl,Kerala,PNB,clean,0
94bee847-758,4rys04sj@axl,Tamil Nadu,ICICI,clean,0
811db493-794,wwcf5dek@apl,Kerala,BOB,clean,0
836ea254-e9b,9m0ttd78@apl,Maharashtra,SBI,clean,0
e19278d0-c02,h245l5do@ibl,Telangana,HDFC,clean,0
844a6b14-24c,q83qg5op@paytm,Kerala,Kotak,clean,0
ac53ca51-c10,h6sd4h4z@ybl,Telangana,Axis,clean,0
923cca64-637,9gb1xac9@upi,Kerala,HDFC,clean,0
0ca3c255-02d,ygo2ype4@ibl,West Bengal,Axis,clean,0
d8f0203b-6a3,4lu1by4i@oksbi,Kerala,Kotak,clean,0
0763158a-86e,0n1smp85@icici,Maharashtra,BOB,clean,0
277e5c42-775,erk0vf61@upi,West Bengal,SBI,clean,0
e00d2b00-924,3cv0l5c0@paytm,Telangana,BOB,clean,0
7802ce79-6bd,566dzgg3@ibl,Telangana,PNB,clean,0
f3f9246d-ecd,oujj30tl@ibl,Kerala,ICICI,clean,0
39b54e85-0e3,hbi62vs0@ybl,Telangana,PNB,clean,0
d80a8fc0-8af,pxn2tej0@icici,Kerala,PNB,clean,0
0810e9dc-fe7,vgdr1gx1@ibl,Kerala,Axis,clean,0
55aef493-58a,sch8q7qr@oksbi,Telangana,SBI,clean,0
85eb922e-df1,xz9zgegg@paytm,Telangana,SBI,clean,0
cf224897-8b8,w54i3o6g@okaxis,Gujarat,Axis,clean,0
40119172-f2f,la6d2kg1@icici,Maharashtra,BOB,clean,0
dd33ace2-664,jyyfk31a@paytm,West Bengal,Axis,clean,0
2dc84618-bd0,m6dysx9o@paytm,Telangana,SBI,clean,0
b53ef315-495,2klmwwcg@ybl,Kerala,ICICI,clean,0
bf03eec7-69c,3e49yws3@apl,Maharashtra,BOB,clean,0
3e8bca63-dad,y3cxllj0@oksbi,Tamil Nadu,SBI,clean,0
4c44d2c2-06a,8innu7pg@oksbi,Gujarat,Kotak,clean,0
9b89224b-4d5,itdj4wt1@ybl,Maharashtra,BOB,clean,0
50f765ca-c93,22kkwfap@oksbi,Kerala,Kotak,clean,0
eb030aa5-afc,gohksv8j@axl,Gujarat,ICICI,clean,0
85e42eb3-f4b,70n6jbp3@paytm,Tamil Nadu,HDFC,clean,0
e2d7bfa3-8c3,iunwelaj@upi,Maharashtra,BOB,clean,0
7096054f-0a0,a5f1u6sw@upi,West Bengal,Kotak,clean,0
c77a7e24-c76,5745ip65@apl,Maharashtra,ICICI,clean,0
1137ed76-7e7,hv4qljet@okaxis,Maharashtra,SBI,clean,0
9a991244-a1f,12mesq79@apl,Tamil Nadu,PNB,clean,0
4415f3a0-e27,spqtuqod@ybl,Telangana,BOB,clean,0
930e9931-f34,5pb4w6c8@okaxis,West Bengal,BOB,clean,0
16cb5193-5b6,j8z8do3p@upi,Kerala,SBI,clean,0
1a9a4e53-820,mts7ynxj@oksbi,Gujarat,HDFC,clean,0
cd641dd2-c05,y8n59ul5@paytm,Maharashtra,ICICI,clean,0
767b73fc-609,6x2oz2im@ybl,West Bengal,HDFC,clean,0
e87d82fb-fc5,z662pqzv@upi,West Bengal,BOB,clean,0
a828a7f0-c0c,e84l9yil@axl,Telangana,Axis,clean,0
91104011-dea,gn3s2w1i@paytm,Gujarat,Kotak,clean,0
214b8823-b54,1oubnlma@ibl,Karnataka,SBI,clean,0
74f8cb13-5a2,c1puvd3x@ybl,West Bengal,BOB,clean,0
f1f27004-11c,xsn66rmn@axl,Maharashtra,SBI,clean,0
0928e5a3-cd6,nobgpjyh@paytm,Karnataka,Axis,clean,0
838b8ee2-7b0,2n0idc8h@upi,Kerala,Axis,clean,0
07242545-8fd,pr46qheq@paytm,Gujarat,BOB,clean,0
0ac25e82-195,q5goeiot@ybl,Maharashtra,Kotak,clean,0
682882e0-888,6t5rr284@paytm,Kerala,PNB,clean,0
e8303c66-b26,x74zemg0@paytm,Maharashtra,BOB,clean,0
ff396d49-4d4,a1iopra5@ybl,West Bengal,BOB,clean,0
e8319a33-965,pmlqhdlq@okaxis,Telangana,PNB,clean,0
5479de11-2d4,hwcbzujb@apl,West Bengal,ICICI,clean,0
e44f22f6-3b5,msikji92@apl,Telangana,ICICI,clean,0
a988637f-edc,mghy7pby@ybl,Karnataka,BOB,clean,0
d7611499-0f0,jb90c03v@upi,Tamil Nadu,BOB,clean,0
2ac978b2-b4a,cv1svolc@icici,Telangana,SBI,clean,0
4d16dd7f-afa,5s0q7oc0@axl,Gujarat,Axis,clean,0
daa2bea2-596,7s1oraz0@apl,Telangana,Axis,clean,0
3d808a50-715,x2n5zane@apl,Gujarat,ICICI,clean,0
6cfb9aa0-c85,vaxczzya@oksbi,Kerala,Kotak,clean,0
26154b7b-364,gpkakrit@oksbi,Gujarat,HDFC,clean,0
ee1b0e1f-1dd,jmhdnbrq@okaxis,Tamil Nadu,HDFC,clean,0
b69742c6-74f,vdq0mjkk@oksbi,Kerala,SBI,clean,0
f8b69752-19a,ljd70y6i@icici,Karnataka,Axis,clean,0
a6d2ca54-37b,imc6y1ol@axl,Gujarat,Axis,clean,0
fd9f3f11-bf0,ddhnsgfs@okaxis,Maharashtra,ICICI,clean,0
d7cd5cbc-9b6,1tchwstw@ibl,Telangana,Axis,clean,0
89faf6d5-2e6,vmww3szy@ibl,Kerala,HDFC,clean,0
7ecf6412-ee6,9l349dq1@oksbi,Kerala,HDFC,clean,0
5e1651cb-ab6,h4vl1utz@ybl,Kerala,PNB,clean,0
4e1a82d9-77c,98cjnjz9@oksbi,Tamil Nadu,ICICI,clean,0
7dba7c24-a96,dvnq4944@ibl,Karnataka,HDFC,clean,0
5d8a0087-2d7,sf6k9koh@ibl,Tamil Nadu,ICICI,clean,0
310d3b81-9dd,mhbcig3k@axl,Gujarat,Axis,clean,0
de51ab26-c78,dz6w5owk@upi,Kerala,ICICI,clean,0
da9e38eb-3e4,o4p0k9k2@oksbi,Telangana,Kotak,clean,0
4c472635-360,dow6jfpy@ibl,Kerala,SBI,clean,0
c5819a13-140,8709nwa6@icici,Telangana,PNB,clean,0
48a726a4-8db,fj2etpse@ibl,Karnataka,PNB,clean,0
66333b07-9af,r7oxnw28@ybl,West Bengal,Kotak,clean,0
673dbd80-b9d,wr2z0auf@upi,Karnataka,Axis,clean,0
6be5a7c3-f4f,1tqzfb8x@paytm,Karnataka,Kotak,clean,0
1fea9ebf-ae4,w0jgqevd@upi,Maharashtra,HDFC,clean,0
ece74c20-96b,3l952a76@icici,Gujarat,Axis,clean,0
afed9d5b-095,3btg7ga2@paytm,Tamil Nadu,Axis,clean,0
97c15933-476,q2yvmza5@icici,Maharashtra,PNB,clean,0
10b81840-c69,sp8jb6l4@apl,Kerala,BOB,clean,0
2e02df7b-fea,hut7p5mz@okaxis,Karnataka,SBI,clean,0
119887ab-2db,o8pe74ad@ibl,Karnataka,BOB,clean,0
9a82e565-a05,5uak3j16@ibl,Gujarat,BOB,clean,0
a53f84d4-6d6,whal104s@upi,Kerala,PNB,clean,0
c8471439-6de,u8ulv1j3@ybl,Karnataka,ICICI,clean,0
d4221dae-715,leimd0rx@upi,Karnataka,PNB,clean,0
fb4edcff-1ed,e0r3jss3@icici,Karnataka,PNB,clean,0
23e96845-ad3,o2nxvg17@icici,West Bengal,PNB,clean,0
caa43d74-3d2,5f6z61dh@okaxis,Karnataka,ICICI,clean,0
cf976f71-c76,b6sp0y3r@apl,Karnataka,PNB,clean,0
d73a1953-1b9,svoltrjk@upi,Telangana,BOB,clean,0
41adb45d-1b8,rfiwcr6y@upi,Kerala,Kotak,clean,0
b20d65d4-a8b,fswjz8dy@paytm,Gujarat,Kotak,clean,0
3620753b-0cc,y9fp14x2@axl,Telangana,Axis,clean,0
4c3b9f1e-3f1,mjo2cmxl@ibl,Maharashtra,Kotak,clean,0
f63a953f-eb1,pvi06b8m@icici,Telangana,BOB,clean,0
efb9342b-1dd,cd24d0ux@oksbi,Karnataka,HDFC,clean,0
d1a0eeab-085,fs12h1vr@apl,Maharashtra,Kotak,clean,0
f5d76be9-9da,usjxbcws@ybl,Tamil Nadu,ICICI,clean,0
a6db635a-04e,2hka4mh0@upi,Tamil Nadu,BOB,clean,0
adb1ad77-e85,o9r7lj5m@oksbi,Kerala,Axis,clean,0
6d102382-530,wp473ozr@ybl,Tamil Nadu,PNB,clean,0
c00c5603-bc8,0oz2wcvf@icici,Maharashtra,BOB,clean,0
ef3104fc-ad8,o07fs0gd@upi,Maharashtra,ICICI,clean,0
d2ee8e68-1f6,524hiarm@upi,Gujarat,Kotak,clean,0
8749c16f-9b2,dfgj7nrs@paytm,Karnataka,PNB,clean,0
8f6b90f8-43f,au1armx6@ibl,Telangana,Kotak,clean,0
8bc7b1d9-dff,crnfyjdl@oksbi,Kerala,ICICI,clean,0
69b96781-1a2,ypjtsyi2@upi,Karnataka,PNB,clean,0
84f31f93-6a6,rppnl6rn@paytm,Kerala,PNB,clean,0
525432b1-9d3,j2h4i1tx@ibl,Kerala,ICICI,clean,0
34207c61-fff,ou803jw6@axl,West Bengal,Axis,clean,0
b4614204-2ec,i5mmqebb@ibl,Gujarat,ICICI,clean,0
63459dab-b23,jqik8ic6@paytm,Gujarat,PNB,clean,0
8c6c053b-2cd,rg7qsodm@axl,Kerala,ICICI,clean,0
703c698e-5fb,olxqwlif@upi,Tamil Nadu,ICICI,clean,0
88a742dc-713,t4yu8m0k@axl,Maharashtra,ICICI,clean,0
b14eeecd-3ca,dob261jx@okaxis,Kerala,Axis,clean,0
0174afdc-c06,i0x8kaad@apl,Karnataka,BOB,clean,0
090548e4-636,9qzj9yr3@okaxis,Kerala,ICICI,clean,0
dbce7990-3c8,uzu9sh7n@apl,Tamil Nadu,SBI,clean,0
9a3ae68c-e87,qg3dcmyx@ybl,Tamil Nadu,BOB,clean,0
563a1b12-a7f,pbnuxurp@oksbi,Tamil Nadu,Kotak,clean,0
48dd9499-ede,ld6f0n3i@icici,Maharashtra,BOB,clean,0
89cf9483-481,7poi92ri@upi,West Bengal,PNB,clean,0
dd977936-900,vbceth28@okaxis,Kerala,BOB,clean,0
2af88fce-c42,31wcgv6l@axl,Maharashtra,PNB,clean,0
fd45a9a6-4bf,9ioyir1u@axl,Maharashtra,BOB,clean,0
1a1f5bb1-8a4,58j8h19y@ybl,West Bengal,Axis,clean,0
46025d76-1b0,z21pn3oa@oksbi,Gujarat,BOB,clean,0
ca2d07c2-653,g9o6qvj2@ibl,Maharashtra,HDFC,clean,0
6480286b-ed6,5spudeeh@oksbi,Kerala,SBI,clean,0
22258c78-b36,wf52cdrx@oksbi,Maharashtra,BOB,clean,0
61cae315-23f,35o1l8wj@upi,Maharashtra,PNB,clean,0
a1c04d19-8f9,gylkcs2y@upi,Karnataka,SBI,clean,0
b44e49b2-4ac,nqsamctx@icici,Karnataka,SBI,clean,0
a33b3315-4dc,vq8pkd2k@axl,Gujarat,SBI,clean,0
2f63629a-27a,nebcxiij@ybl,Maharashtra,SBI,clean,0
8813aa9d-733,gghohs5o@paytm,Tamil Nadu,Axis,clean,0
c02706cc-780,bu9xrdt1@apl,Telangana,HDFC,clean,0
27510f5c-2b8,vapr4wgd@oksbi,Gujarat,SBI,clean,0
a679b2c0-e57,t4obks3i@okaxis,Maharashtra,BOB,clean,0
a9f01e33-650,f4x2jpkv@ibl,Gujarat,Axis,clean,0
18a1a635-0aa,l61va2j2@ybl,Tamil Nadu,Kotak,clean,0
e94412b5-d61,zrakmxe8@axl,Gujarat,PNB,clean,0
f4f6d173-617,ec5udotu@axl,Tamil Nadu,SBI,clean,0
5870e946-99b,jelivwoe@upi,Telangana,HDFC,clean,0
ebf30f77-230,2feu7azq@paytm,Telangana,Kotak,clean,0
c46b861b-c54,f4vh9t13@okaxis,Tamil Nadu,PNB,clean,0
cff2cc85-a00,wcoq5ldl@paytm,West Bengal,Axis,clean,0
445c3725-e07,hymafcb3@ibl,Kerala,HDFC,clean,0
8414f46a-da9,idlswzua@okaxis,Kerala,ICICI,clean,0
0932d232-305,1vd7crab@apl,West Bengal,Kotak,clean,0
2a886cce-844,66ke6zad@apl,Telangana,ICICI,clean,0
f3c21916-acd,31wvhque@icici,Kerala,Axis,clean,0
2b7c091c-e2b,3q5pcnil@axl,West Bengal,PNB,clean,0
49fe0fec-9b6,yic11bij@apl,Gujarat,PNB,clean,0
afd16700-676,0q696j5e@ybl,West Bengal,ICICI,clean,0
6cd7826c-492,ktbk5p24@icici,Kerala,SBI,clean,0
ae0d29fe-8cf,n44fbv46@upi,Maharashtra,BOB,clean,0
6f52e001-6c9,zkr3db8u@apl,Kerala,ICICI,clean,0
ce718550-d78,nymmfuqf@okaxis,Telangana,ICICI,clean,0
ed7c3416-645,m7y1uvjy@icici,Kerala,BOB,clean,0
0c219ff2-351,0ap00g5x@apl,Maharashtra,SBI,clean,0
a724aeba-3d7,s72rw556@axl,Karnataka,Kotak,clean,0
92f8c173-5d5,q1hu3fiq@oksbi,Maharashtra,PNB,clean,0
bbc500fc-81f,1pyd819e@icici,West Bengal,Kotak,clean,0
b8a3c9ee-5b0,gxbt66kf@okaxis,Telangana,PNB,clean,0
14cae6bb-39f,i2hvikao@ybl,West Bengal,BOB,clean,0
b591ba74-cc2,8n9ji7om@oksbi,West Bengal,HDFC,clean,0
31bf4324-1ab,p5lfkemr@ybl,Maharashtra,SBI,clean,0
29debfdb-192,n7j5ukr8@okaxis,West Bengal,SBI,clean,0
4df0ea08-3da,8w1sagml@oksbi,Tamil Nadu,Kotak,clean,0
aba537d7-667,aip1kelb@icici,West Bengal,BOB,clean,0
d153d642-2d4,twqoybz8@oksbi,Telangana,SBI,clean,0
ebdc8c70-37c,57b6wzlo@apl,Karnataka,HDFC,clean,0
4b7cdf14-f19,1xtqsr7s@okaxis,Kerala,BOB,clean,0
d94c892c-ebc,zjflnoue@apl,West Bengal,ICICI,clean,0
a7d9c3b3-23b,eahguaal@ybl,Maharashtra,HDFC,clean,0
23c57755-645,rmc7ffz1@ibl,Kerala,PNB,clean,0
dad55178-1be,mnjotwxz@ybl,Telangana,BOB,clean,0
e6bf3588-eb0,oeqxadgy@axl,Maharashtra,ICICI,clean,0
0540cd98-b72,gb5or6m0@okaxis,Maharashtra,HDFC,clean,0
b27d0824-cbf,un8fitoz@ybl,Tamil Nadu,Axis,clean,0
9e3ef6d7-36a,25m9ferj@icici,Tamil Nadu,ICICI,clean,0
c1e9bbc7-d7f,zwqdbdpv@axl,Kerala,PNB,clean,0
04412dfb-ec8,aeceeutz@oksbi,Karnataka,HDFC,clean,0
cd7b5124-11b,z8qajxhr@upi,Karnataka,Kotak,clean,0
bd15e6e5-ab9,vdt7663c@okaxis,Karnataka,BOB,clean,0
29965a12-ec7,xcv96q3q@ibl,Kerala,BOB,clean,0
307d8eba-506,6k33ufev@icici,Maharashtra,Kotak,clean,0
a40af5a7-337,ygx8860i@apl,Karnataka,PNB,clean,0
f9fed98b-a8a,qg1kwh54@axl,West Bengal,Kotak,clean,0
c64e12c3-e3d,f9nrmozl@icici,Telangana,BOB,clean,0
7eedb35b-316,x4wu1i7x@paytm,Gujarat,HDFC,clean,0
9c89af14-2bf,q58wzuac@upi,Maharashtra,Axis,clean,0
9cb63802-816,re5oz83e@paytm,Karnataka,Kotak,clean,0
2e80dc7d-d7c,7h2ivd87@ybl,Karnataka,SBI,clean,0
338874c6-8eb,lqdz1ggl@ibl,Gujarat,ICICI,clean,0
c09def29-a34,8lu25wse@okaxis,Telangana,HDFC,clean,0
1f85b632-0c8,v9j2fuw4@upi,Maharashtra,Kotak,clean,0
c4051477-033,y6rr79iv@oksbi,Telangana,HDFC,clean,0
0dfb2557-df3,1fk0ilbh@ybl,Telangana,Kotak,clean,0
07836b91-9e9,zwp4o5xk@axl,Tamil Nadu,Kotak,clean,0
8b5f5baa-c23,i0lj7zkx@ibl,Telangana,Axis,clean,0
ac24281f-a6c,rfzcp83j@okaxis,Kerala,Kotak,clean,0
bf2c5349-aa7,liuvj40y@oksbi,Karnataka,BOB,clean,0
c157dd59-d5c,msuiqi2s@okaxis,Gujarat,HDFC,clean,0
40cfb6ce-7b4,7imw4hgi@paytm,Tamil Nadu,SBI,clean,0
871acf42-8fd,gkrjwtg3@oksbi,West Bengal,SBI,clean,0
0543b5db-14e,ib6oe3l3@axl,Karnataka,PNB,clean,0
63c5dbac-b40,nmtr28j9@ybl,Tamil Nadu,ICICI,clean,0
0ec20a00-f03,fxykmkcw@upi,Karnataka,BOB,clean,0
1dd936a0-d63,4ei2brsv@okaxis,Maharashtra,BOB,clean,0
621e5482-a0f,9maziywj@ibl,Gujarat,Kotak,clean,0
97762440-311,5dy4lre7@apl,Gujarat,BOB,clean,0
c43d769f-310,gsx9oa2e@apl,Karnataka,HDFC,clean,0
6f519dc3-47c,4y5x6zie@ybl,West Bengal,Axis,clean,0
f8a6f77c-ecb,7lkbvxsm@apl,Telangana,Kotak,clean,0
9bd5b875-60b,qcgh8a7b@ybl,Telangana,SBI,clean,0
374c61f0-d34,ck1040vr@icici,Tamil Nadu,Kotak,clean,0
574bd399-9b6,uthk9oe7@icici,Kerala,Kotak,clean,0
2e9d9c58-026,osz0d3mp@ybl,Tamil Nadu,ICICI,clean,0
63569ef5-905,bvmou1ng@ybl,Gujarat,SBI,clean,0
84022bf7-336,8zfawty7@paytm,Telangana,Axis,clean,0
aadc564d-899,wqmkqi02@icici,Karnataka,HDFC,clean,0
480e6765-dfc,1v8svwud@paytm,Tamil Nadu,ICICI,clean,0
c5459146-88e,vhqcnjbp@icici,Maharashtra,Kotak,clean,0
5aabefef-a04,pn5mrdpm@ybl,Gujarat,ICICI,clean,0
54656c6f-c5f,vno9i1s6@axl,Gujarat,HDFC,clean,0
847a5d00-e8c,7abm4ml2@okaxis,Kerala,BOB,clean,0
76545227-5b5,zriydrud@oksbi,Telangana,BOB,clean,0
f782a994-6bd,dkrf4fxe@upi,Telangana,BOB,clean,0
36e0efb1-148,macmvb9z@icici,Maharashtra,BOB,clean,0
90886a83-0a9,urwiseno@ybl,Karnataka,HDFC,clean,0
2e8f1ccb-3a6,2ks1cbci@oksbi,West Bengal,Kotak,clean,0
7a7f03fd-9ac,wiayzd9u@apl,Maharashtra,ICICI,clean,0
2091623f-e7d,onsrhdvn@oksbi,Maharashtra,ICICI,clean,0
014006d3-f43,qloaebi8@ybl,Karnataka,ICICI,clean,0
77e7aade-15e,0q48gcnu@ybl,Telangana,BOB,clean,0
cc1a6158-961,dsw1s6mo@apl,Maharashtra,SBI,clean,0
6c66b3be-7cd,tegurt1r@ybl,Gujarat,Kotak,clean,0
b7639456-1ce,ngcfolt3@paytm,Kerala,ICICI,clean,0
022118a3-74d,ff2jtjto@ibl,Maharashtra,HDFC,clean,0
be984fe6-520,qqkb7456@ybl,West Bengal,PNB,clean,0
8df9145b-56f,nnveje1y@apl,Karnataka,SBI,clean,0
8bafe7f2-ece,dj725u03@oksbi,Telangana,PNB,clean,0
85e2840b-992,4nxv50ot@okaxis,Maharashtra,ICICI,clean,0
066e8121-c66,8hcd1sd4@icici,Tamil Nadu,PNB,clean,0
ed6b82e9-872,l8mdzfwq@ybl,Tamil Nadu,ICICI,clean,0
7c308370-40c,qsoujb9n@ibl,Maharashtra,ICICI,clean,0
3f803287-5c4,3qhad3m6@paytm,Gujarat,ICICI,clean,0
8b4a6c21-c06,e1qxrjb0@ybl,Telangana,HDFC,clean,0
5a09eaba-c7f,47jwu7sa@okaxis,Karnataka,HDFC,clean,0
a4d04b5c-a60,di09kgw8@ibl,Kerala,SBI,clean,0
a73fd313-fe9,nip3m7zu@upi,West Bengal,Axis,clean,0
d30fc967-93f,iybatolo@ibl,Telangana,HDFC,clean,0
daed65be-1e5,ib7akksq@paytm,Maharashtra,Kotak,clean,0
c2aef60f-055,1w3vssq6@okaxis,Telangana,Axis,clean,0
1bc2f65e-b3f,d97qq1q8@okaxis,West Bengal,PNB,clean,0
9fb231e5-e71,l6v337pd@ibl,Telangana,Axis,clean,0
338bfc25-e94,u139ka7j@paytm,Tamil Nadu,SBI,clean,0
6f77bec2-743,m4pkixsx@apl,West Bengal,PNB,clean,0
1d8e2d8b-103,nfud1ahi@okaxis,Maharashtra,SBI,clean,0
f076b9c5-eb1,bw2vnomz@ibl,West Bengal,PNB,clean,0
dd8463b4-80c,r3i9hukp@oksbi,Kerala,ICICI,clean,0
753420de-76a,r07h0ums@upi,Kerala,PNB,clean,0
38041988-f83,4fr3txjc@okaxis,Karnataka,ICICI,clean,0
55a73ec8-63b,he17o7pn@icici,Kerala,PNB,clean,0
18220f42-cee,rilveznm@apl,Tamil Nadu,PNB,clean,0
8a003aa9-a00,vw7njkhv@axl,West Bengal,SBI,clean,0
a425564c-af0,7xwlr4iz@paytm,Tamil Nadu,PNB,clean,0
1af4dcc9-3b1,r4dto8uf@upi,Karnataka,HDFC,clean,0
18859182-363,4xlwg9ay@ibl,Kerala,PNB,clean,0
ddb1efbd-301,0clccvgj@paytm,West Bengal,BOB,clean,0
a7434e12-a47,wsfdib0s@okaxis,Gujarat,Kotak,clean,0
e4d01812-734,k83w1y6z@icici,West Bengal,BOB,clean,0
32e05b74-d8f,rh7cjjey@axl,Telangana,PNB,clean,0
1f73f38a-8fc,wo6nlpve@ibl,Karnataka,BOB,clean,0
85b5de21-1bb,t5ahc0ok@axl,Kerala,Axis,clean,0
fbb2d7c5-aa5,wwz3fo1y@apl,Tamil Nadu,Kotak,clean,0
6d55556f-8dd,pg6vc4pa@okaxis,Karnataka,HDFC,clean,0
e6638285-c91,2xz0x9f6@oksbi,Karnataka,PNB,clean,0
48793f6c-ab9,oqdnvqj4@upi,West Bengal,BOB,clean,0
10bad39d-77e,fggw1jyk@okaxis,West Bengal,BOB,clean,0
a8c44305-9c8,w10pe8el@okaxis,Gujarat,HDFC,clean,0
2246d946-ea9,pazaur4l@upi,Tamil Nadu,Kotak,clean,0
e725189a-4fd,xy16zgrr@ybl,Gujarat,HDFC,clean,0
c07c5bf4-b46,uya088qe@oksbi,Maharashtra,PNB,clean,0
d77371ab-fc5,oaflktaw@upi,Telangana,PNB,clean,0
6c7aca4e-abc,v8qiq7uv@upi,Kerala,Axis,clean,0
4a7f559c-b23,u1c83jqy@ibl,West Bengal,SBI,clean,0
37011f77-5d7,y98qhsfm@axl,Telangana,BOB,clean,0
8e3f958d-35a,df8k4hba@ybl,Telangana,ICICI,clean,0
5febdf33-717,8b8zufjw@oksbi,Telangana,Kotak,clean,0
d2363584-eca,i652bqzs@ibl,Telangana,HDFC,clean,0
0d708bea-b0d,pz91kmgq@ybl,Gujarat,SBI,clean,0
f56cfcd0-7fc,qaktjypz@axl,Kerala,Kotak,clean,0
a6f69cf7-134,p5wlf0ll@ybl,Gujarat,SBI,clean,0
09fb6fbb-16f,5bektjep@oksbi,Maharashtra,HDFC,clean,0
0003600b-542,bhaqelfx@okaxis,Gujarat,SBI,clean,0
40d27613-252,6yy5xhq3@ibl,Gujarat,Axis,clean,0
24226461-9f9,u4u5eooe@apl,West Bengal,Kotak,clean,0
0ddc1350-c35,4qyahan6@ibl,Telangana,SBI,clean,0
ef10fca7-a34,douayk2l@ybl,Telangana,SBI,clean,0
7a6ef154-cbf,0dof83ga@oksbi,Maharashtra,ICICI,clean,0
b223d0f2-f7b,ea3x8ouz@ibl,Tamil Nadu,PNB,clean,0
336ff24b-8c1,1e4znzze@icici,Gujarat,SBI,clean,0
ef6098b9-c2b,st9xwi70@paytm,Maharashtra,Axis,clean,0
2ee8b77c-921,gm5hn1d6@oksbi,Telangana,BOB,clean,0
565b173d-73f,ly4qztgb@ibl,Maharashtra,Axis,clean,0
75147b1f-d27,taij82t2@ybl,Maharashtra,PNB,clean,0
6b0ef64b-ac9,vetc543e@okaxis,West Bengal,ICICI,clean,0
d9ef24e2-f0a,lyk0vgl2@apl,Gujarat,Axis,clean,0
c15791a7-96f,qv9dy292@okaxis,Maharashtra,SBI,clean,0
a2221a14-5c4,klof5l5d@apl,Gujarat,SBI,clean,0
3589c28f-bc1,u6mtq82d@upi,Kerala,PNB,clean,0
219e5e3e-f1b,g1hzvnas@paytm,Karnataka,Axis,clean,0
38ab81cd-34a,ycyw5vza@axl,Telangana,ICICI,clean,0
ff9cbdcf-4e2,6000u1r5@oksbi,Telangana,Axis,clean,0
8ad0e93d-5c0,w7z764hs@axl,Tamil Nadu,PNB,clean,0
dd3c4d00-c5f,5y5fnx74@icici,Kerala,Axis,clean,0
94abf985-b29,xt118qzb@ybl,Kerala,PNB,clean,0
8a4a051d-58e,qrkuw203@paytm,Tamil Nadu,ICICI,clean,0
9021beec-69f,yxj2j4bo@oksbi,Telangana,PNB,clean,0
ad6b5898-4f9,ex7ki139@ibl,Telangana,PNB,clean,0
02f589a9-3f0,b2jmxs7s@ybl,Telangana,Axis,clean,0
28b40462-c44,v28n4q17@axl,West Bengal,ICICI,clean,0
9da113a6-4b8,x2crl39y@axl,Telangana,BOB,clean,0
15fba7ce-ce3,h9xdyq8d@okaxis,Gujarat,ICICI,clean,0
19adc156-845,awrtnfgz@icici,Gujarat,ICICI,clean,0
3f6d5c1d-792,a6ovm8l1@oksbi,Maharashtra,HDFC,clean,0
379214ac-0f1,187yohql@upi,Tamil Nadu,BOB,clean,0
b6828186-0d5,kqjyg8ir@ibl,Tamil Nadu,ICICI,clean,0
28847209-b12,2lbimnz9@ybl,Telangana,HDFC,clean,0
777f5e22-bbd,bejh9j7m@paytm,Tamil Nadu,BOB,clean,0
bd9a306a-840,2eftixdw@axl,Telangana,PNB,clean,0
6e06c519-d76,1apb0df5@icici,Gujarat,PNB,clean,0
eee07164-fbe,xwnkpzia@paytm,Karnataka,ICICI,clean,0
c3784a9b-9a8,l7ub8hla@axl,Maharashtra,Axis,clean,0
b1b6f395-a83,t2l2ieo9@ybl,West Bengal,ICICI,clean,0
bbf4132e-7dc,3bsy3onx@oksbi,Gujarat,Axis,clean,0
ae9f3619-dc4,a8gcp8yo@axl,Kerala,BOB,clean,0
6579f99d-316,bx6az8yg@ybl,Kerala,HDFC,clean,0
d513c055-3b6,4jwqv66n@ibl,Kerala,Kotak,clean,0
4b1e9fee-b6a,giyi04cv@apl,Gujarat,BOB,clean,0
bb09c70a-416,ve4irf7b@ybl,Gujarat,Kotak,clean,0
df7ae4d9-843,5sxqkqbk@icici,Karnataka,ICICI,clean,0
0297d4fa-664,0tqftfof@icici,Telangana,BOB,clean,0
13ef3398-64f,0ac9pubk@apl,Gujarat,PNB,clean,0
b78e5b43-41c,nue5rau3@ybl,Telangana,PNB,clean,0
90fd20c7-7bf,58pzj3mn@okaxis,Telangana,Axis,clean,0
0ac2f967-7e1,qjr6jp3z@paytm,Kerala,Axis,clean,0
456d5020-edb,rq59d6sv@oksbi,Maharashtra,Kotak,clean,0
c82d5180-faa,fs2e2foz@apl,Maharashtra,ICICI,clean,0
581bc7fd-bd0,pahrx7bn@apl,Tamil Nadu,Kotak,clean,0
c116f9be-efb,ahy8olq5@upi,Kerala,PNB,clean,0
d7b41664-1fd,fugeg1ju@upi,Tamil Nadu,HDFC,clean,0
c66c9522-1f7,yj42dv9u@paytm,Maharashtra,Kotak,clean,0
1344f12d-682,sazqy2yr@ibl,Tamil Nadu,ICICI,clean,0
a1079f78-f2d,bqd8qkki@icici,Karnataka,Kotak,clean,0
ef20bb77-baf,0vqf6oyl@ibl,Maharashtra,SBI,clean,0
23c616c7-03b,7uaybdtn@oksbi,Tamil Nadu,SBI,clean,0
8815b059-a53,bmkry7iy@oksbi,Maharashtra,SBI,clean,0
3e7a73a3-b19,ayw5nwvj@axl,Tamil Nadu,PNB,clean,0
120fd862-dab,x4mivl59@paytm,Gujarat,ICICI,clean,0
5d904516-2c8,1mnyw0yf@paytm,West Bengal,SBI,clean,0
8f888759-d70,kmzpb2yn@okaxis,Telangana,HDFC,clean,0
9d0e9050-13e,791522ou@axl,Telangana,Axis,clean,0
6fe4ac7e-977,eyn74lrd@axl,Kerala,ICICI,clean,0
6d23a65d-2cc,x2swosjv@ybl,Kerala,Kotak,clean,0
4fa825ca-f95,h3mokbmj@upi,Tamil Nadu,SBI,clean,0
d620fe5a-d61,wuhj1l90@ibl,Kerala,SBI,clean,0
ce5295a0-d2d,d86s258j@apl,Tamil Nadu,Kotak,clean,0
a440a07c-29b,t9lifi3o@icici,Kerala,PNB,clean,0
912ad1c5-eeb,bx0hj7t5@ybl,Karnataka,HDFC,clean,0
cd589b59-473,xpfw8xem@upi,Karnataka,ICICI,clean,0
c52eac03-6b6,33s5r25z@oksbi,Kerala,SBI,clean,0
53819003-557,1k8j0kka@oksbi,West Bengal,Kotak,clean,0
1449977d-09d,78rtjr2g@paytm,Karnataka,Axis,clean,0
99f7890f-be9,qrt3mf3g@axl,Tamil Nadu,BOB,clean,0
ca0064a2-5b4,p7swvtqq@paytm,West Bengal,ICICI,clean,0
ba0869ed-d3d,s518ia77@oksbi,Maharashtra,PNB,clean,0
41f49234-950,99o6alvg@axl,Kerala,ICICI,clean,0
0ed078aa-e9c,99uj6saf@paytm,Gujarat,BOB,clean,0
4bb9334f-c58,kkvp2me5@upi,Kerala,Axis,clean,0
d7112ef2-648,2ee75c7q@apl,Kerala,ICICI,clean,0
37e4dadf-2e3,jblineew@paytm,Kerala,HDFC,clean,0
390c46a7-beb,b48g5x1r@icici,Karnataka,Axis,clean,0
3c7f2b4d-adb,xkq5p52d@ibl,Gujarat,HDFC,clean,0
c4ad8f0b-3d6,zr4ur1bo@ibl,Kerala,ICICI,clean,0
e120421e-3e7,5m5loipz@paytm,Gujarat,SBI,clean,0
2b3c0821-e67,7f4ygf76@icici,Kerala,PNB,clean,0
4ecf7587-7d5,nv6l8jvz@icici,Kerala,BOB,clean,0
48881ace-9be,gsfytk5l@ybl,Maharashtra,HDFC,clean,0
b8d40387-433,y4gwt6d0@oksbi,Tamil Nadu,HDFC,clean,0
657a2f84-a12,fa58s9ep@axl,Gujarat,Kotak,clean,0
d97ce598-37c,e8z2gfqn@ybl,Telangana,PNB,clean,0
e6255690-6a6,fs6qij88@ybl,Karnataka,Axis,clean,0
f84261f2-610,xihwm518@upi,Karnataka,Axis,clean,0
cdd11c5e-b98,mpgx44qx@ybl,Karnataka,SBI,clean,0
79f994ef-ef9,lmmvh71h@oksbi,Maharashtra,HDFC,clean,0
1827f6e9-1e5,m7q6lfj1@oksbi,Kerala,ICICI,clean,0
bb2f50a7-751,m6s0ziuq@axl,Maharashtra,PNB,clean,0
19b8827a-e5b,kdru4c2p@paytm,Tamil Nadu,Axis,clean,0
f06ac1bd-3bb,xio25na8@paytm,West Bengal,Kotak,clean,0
6a1c070b-ad9,7jyrigg4@oksbi,Gujarat,ICICI,clean,0
94b8bda4-36d,vmqybxpf@paytm,Kerala,ICICI,clean,0
f8e83676-280,4ykfjrat@upi,Kerala,HDFC,clean,0
7d728631-8bc,d7b4isyi@icici,Tamil Nadu,Axis,clean,0
d85dead3-a15,5ntipwl5@ibl,Tamil Nadu,SBI,clean,0
48bc5a31-1ed,y8nhq4ho@ybl,Kerala,HDFC,clean,0
b6f5d08e-8ce,xrsq97np@upi,Gujarat,Axis,clean,0
a60c8cbb-8c6,6yk8mmu9@ybl,Gujarat,ICICI,clean,0
145f7a4b-ae5,6iwezces@paytm,Maharashtra,SBI,clean,0
027e2648-3c4,imfl0xn3@ybl,Kerala,Axis,clean,0
f686dac0-922,1xs1cxdc@oksbi,Gujarat,SBI,clean,0
111d5c4d-beb,3nkkf2b3@oksbi,Maharashtra,Axis,clean,0
664c9286-738,nwjhs1f8@okaxis,Gujarat,BOB,clean,0
7159d62e-fa8,n4g720k9@ybl,Gujarat,PNB,clean,0
acf94d38-9b3,gh1ix2aj@oksbi,Gujarat,BOB,clean,0
b94a2f54-9dc,dtbzxmuu@ybl,Gujarat,PNB,clean,0
3ce43760-2d5,k3vje6if@paytm,Tamil Nadu,Axis,clean,0
3f6ac211-092,d6d8e200@okaxis,Tamil Nadu,ICICI,clean,0
415d9e27-adf,snch1wy6@apl,West Bengal,Kotak,clean,0
1250c0d7-818,drke1f1w@okaxis,Telangana,Kotak,clean,0
2ff21f4f-09d,9bk4ufsv@icici,Tamil Nadu,Kotak,clean,0
f15d3a9c-349,tcno3feu@ybl,Gujarat,Kotak,clean,0
e8df6061-393,chl80zd8@okaxis,Karnataka,BOB,clean,0
1b6837f6-0af,5wr99zzc@axl,Telangana,SBI,clean,0
751753f8-c98,4htuw52r@ybl,Tamil Nadu,ICICI,clean,0
20131c10-2ce,5ez2a5i8@paytm,West Bengal,Kotak,clean,0
1c1bf359-2ec,p8c6rocz@axl,Maharashtra,ICICI,clean,0
504dba8d-b0f,zm4qi31h@apl,West Bengal,SBI,clean,0
387ef851-1db,hrx0d9y9@ybl,West Bengal,ICICI,clean,0
1754fb82-51c,519881un@okaxis,West Bengal,SBI,clean,0
c9d32c27-cec,oqavk658@apl,Telangana,PNB,clean,0
b91a6d7e-d97,iz9iycr0@upi,Kerala,Kotak,clean,0
4fab9de8-cf1,aar6jbpi@okaxis,West Bengal,ICICI,clean,0
5dc02ce1-d9b,42o62k5t@icici,Karnataka,Kotak,clean,0
0d9cdd3c-800,wxim04rf@upi,Karnataka,Kotak,clean,0
b774429a-77f,yytmjl5h@ibl,West Bengal,Kotak,clean,0
f9a8c0b0-8b5,287sf1pt@okaxis,Telangana,Kotak,clean,0
991eb426-25f,rouwfiaj@okaxis,Gujarat,Axis,clean,0
d0f2543c-8f8,pso6jprz@ibl,Maharashtra,Axis,clean,0
719b0aaf-20d,rdbiqmgp@apl,Karnataka,SBI,clean,0
6d336864-b16,jsad0j2n@oksbi,Tamil Nadu,Kotak,clean,0
6f485501-bc5,zzz6ctel@ybl,Tamil Nadu,BOB,clean,0
3efd61b1-d57,5csf0alm@paytm,Karnataka,Axis,clean,0
815cfd4d-056,6go8n177@okaxis,Maharashtra,Axis,clean,0
036890f5-f44,djak2jyk@upi,Telangana,BOB,clean,0
49755283-4ac,mopa94d8@oksbi,Kerala,HDFC,clean,0
9553cd77-ae7,188nv6yy@axl,Telangana,PNB,clean,0
8f45608a-013,2ottx57l@axl,West Bengal,SBI,clean,0
fca46120-527,vj2vdy6b@ibl,West Bengal,SBI,clean,0
12844956-a15,oyj61ajs@paytm,Karnataka,Kotak,clean,0
d47d50ef-858,g0rqap37@upi,Maharashtra,PNB,clean,0
b9574ddb-e98,u5e3vmk0@apl,Gujarat,Kotak,clean,0
05cb488f-c5c,k491rz84@oksbi,Maharashtra,Axis,clean,0
acb679e3-6bf,gaao765z@ibl,Maharashtra,PNB,clean,0
422f415c-861,hlu2zlgl@ibl,Telangana,BOB,clean,0
40a22afb-f24,zt3p6srd@ybl,Telangana,SBI,clean,0
892ba1cb-514,qq8dywwm@apl,Tamil Nadu,SBI,clean,0
03137b1a-604,0bj98uud@paytm,Gujarat,HDFC,clean,0
9cfd40f1-c52,zw6iz125@icici,Gujarat,HDFC,clean,0
305f622c-719,hgtqmor9@ibl,Gujarat,PNB,clean,0
56bd3bfc-597,be5nw8r3@upi,Karnataka,Kotak,clean,0
c6dc72e5-605,e094588y@icici,Kerala,BOB,clean,0
02a0bf90-4e6,j77rueoc@apl,Kerala,ICICI,clean,0
92ab5b4d-eba,nx894i1q@paytm,Maharashtra,HDFC,clean,0
0c39882c-421,15r83y74@upi,Gujarat,PNB,clean,0
e934f0a8-2d3,i9y8u40q@ybl,Karnataka,Axis,clean,0
eac30fdc-59b,uefimddx@icici,Kerala,BOB,clean,0
c7cd103b-0e4,tffr8coo@ybl,Tamil Nadu,HDFC,clean,0
27a5d4ea-f8b,p64thu9q@apl,Kerala,ICICI,clean,0
94c7a416-db9,1yedz3g9@axl,Telangana,SBI,clean,0
03dafaca-3db,1v9q3r1s@icici,West Bengal,BOB,clean,0
d9034ff8-e00,pz117ib2@ybl,Gujarat,Kotak,clean,0
40b1d4cf-68f,isvyyrkp@apl,Kerala,PNB,clean,0
42fd10fc-ca2,wm42yjml@oksbi,Karnataka,Axis,clean,0
f622a335-ec8,oydvfd9j@axl,Telangana,Kotak,clean,0
d0634af3-997,a7bl11cp@oksbi,Maharashtra,Axis,clean,0
61ee71ff-8e7,9ih4o8jg@upi,Kerala,Axis,clean,0
db1d0b70-daa,iwzb9131@ybl,Karnataka,PNB,clean,0
1c5f1dd9-a3f,idsffq0n@oksbi,Telangana,ICICI,clean,0
027b01a7-54d,urwvazm4@okaxis,Gujarat,Axis,clean,0
93fe2c7a-cca,7o7gri9e@icici,Gujarat,ICICI,clean,0
a3cffe76-118,o11if24h@oksbi,Gujarat,HDFC,clean,0
edf553e5-0b9,1hb3z30z@ybl,Maharashtra,SBI,clean,0
230376a8-fba,ylxj6hqj@okaxis,Kerala,HDFC,clean,0
a5fe3491-202,hew5stnw@ibl,West Bengal,HDFC,clean,0
97ce024c-994,x6waqpv2@upi,Maharashtra,BOB,clean,0
e19bbf9d-bd2,yrpxt6xn@upi,Gujarat,BOB,clean,0
a0f06099-d8c,mk3fnxti@oksbi,Gujarat,Axis,clean,0
56d03157-f36,bhf3h88p@icici,Maharashtra,ICICI,clean,0
728f3c4e-f54,h0e9h2bv@axl,Kerala,PNB,clean,0
42fa8376-6a7,shhyafvn@apl,Gujarat,ICICI,clean,0
f9a1fbbb-4aa,ncyblop6@icici,West Bengal,Axis,clean,0
4fd9107b-725,ybxikpdk@icici,Gujarat,Axis,clean,0
4ade7f2d-9dd,fv0d0iml@axl,Karnataka,Axis,clean,0
9a56f854-10d,fluo6phy@apl,Karnataka,HDFC,clean,0
beb11aba-8f9,vw7khul0@apl,Kerala,ICICI,clean,0
03d2fdc3-f00,2xhqshb0@ibl,Telangana,SBI,clean,0
89c0369e-4e0,f3qhyh0g@apl,Gujarat,PNB,clean,0
e8153c38-44c,qz3g0ksj@okaxis,West Bengal,Kotak,clean,0
8189a784-c78,po2ubatp@ybl,Tamil Nadu,PNB,clean,0
975e1273-8af,h4fl7q15@okaxis,Telangana,PNB,clean,0
bce363fb-d2a,swwkrpc3@ybl,Telangana,Kotak,clean,0
3627519c-292,r7k7zxwu@ybl,Karnataka,ICICI,clean,0
bedabe96-deb,13zp84jr@okaxis,Maharashtra,PNB,clean,0
0e038137-b1d,t15028ls@ybl,Karnataka,PNB,clean,0
0cab6acf-b12,om9tp2kq@ibl,Maharashtra,Kotak,clean,0
861cf2c7-f96,7tiqijb3@icici,Kerala,ICICI,clean,0
fd0d3348-d1d,hbflfb4x@apl,Kerala,ICICI,clean,0
1349b3d0-00a,28f7k5mt@upi,Telangana,HDFC,clean,0
21dd5a54-c0f,gdmbiqat@okaxis,Tamil Nadu,ICICI,clean,0
bc015580-9b7,lwnak2ho@axl,West Bengal,ICICI,clean,0
fec6ebf7-dd2,p6e0ccg3@ybl,Telangana,BOB,clean,0
58dfd55a-132,03olm2zz@ibl,Karnataka,PNB,clean,0
9b01ffb8-92a,6b2klvhn@icici,Kerala,Axis,clean,0
6d580d10-419,zodil01a@upi,Gujarat,BOB,clean,0
251ccb93-4f5,r2a95c43@axl,West Bengal,SBI,clean,0
9e88c7bc-0f2,dnb0xdku@ibl,Kerala,HDFC,clean,0
3bb72a78-4d0,w0bmed33@okaxis,Telangana,BOB,clean,0
61cb5de7-abb,ops2rrtx@oksbi,Kerala,Kotak,clean,0
6f669e48-d42,hf48uz27@upi,West Bengal,SBI,clean,0
eb42640f-23b,7zvd8h3c@okaxis,Telangana,ICICI,clean,0
a52b79a9-124,m8b543bb@okaxis,Kerala,Axis,clean,0
eedaa5e6-b0f,y7qnunzj@ybl,West Bengal,Axis,clean,0
3c2b532f-708,dy69620z@okaxis,Telangana,SBI,clean,0
5b4806ac-06d,v37prddt@ybl,Telangana,BOB,clean,0
7228f45b-12b,cce05z25@okaxis,Gujarat,HDFC,clean,0
33b39de9-e52,gm5srzep@oksbi,Tamil Nadu,HDFC,clean,0
9878d5bc-a58,23mpxsv4@ibl,Tamil Nadu,BOB,clean,0
4e4d7355-40d,5zwuot8m@upi,Tamil Nadu,HDFC,clean,0
3dc98f75-089,c142ae21@icici,Tamil Nadu,BOB,clean,0
c5fcaea6-736,j0345zyr@ibl,Tamil Nadu,ICICI,clean,0
3f4de22d-a8e,2tiplk5b@apl,Tamil Nadu,SBI,clean,0
92ac7cc5-a03,y4l6soe8@paytm,Kerala,ICICI,clean,0
48f70faa-ce1,puyw6mxr@oksbi,Telangana,Kotak,clean,0
145a5d54-0fe,cfwawq4x@apl,Maharashtra,HDFC,clean,0
4937d3bc-ff9,4ywkoodv@upi,Maharashtra,HDFC,clean,0
b0b6212e-a06,d78rswe9@apl,Tamil Nadu,Kotak,clean,0
fc177da8-530,ua88nvqn@ibl,Maharashtra,BOB,clean,0
0a5d19f0-6a2,n1tp1lsj@apl,Telangana,Kotak,clean,0
3dccd526-8e8,79yrbon4@axl,Kerala,BOB,clean,0
18379b64-704,kf63red7@upi,Gujarat,HDFC,clean,0
075b5644-da5,ghf3obs0@icici,Maharashtra,BOB,clean,0
40aebb0f-4aa,locgn4mf@upi,Kerala,PNB,clean,0
55e4118f-ca3,l1gej7aw@okaxis,Karnataka,ICICI,clean,0
7c8bbb2d-7df,ff0zadf5@paytm,Gujarat,ICICI,clean,0
039717d5-16a,id36xc53@icici,Gujarat,BOB,clean,0
58f8f6a7-ae5,sj64yw5r@icici,Telangana,HDFC,clean,0
a231b11d-f40,5bf7ptih@icici,Gujarat,SBI,clean,0
e38efdaa-0c5,dabyn5fo@axl,Kerala,Kotak,clean,0
66da2cc7-d6a,w23ynr91@upi,West Bengal,BOB,clean,0
0cf5ece4-fd2,p1ksth1r@oksbi,Karnataka,ICICI,clean,0
d19ad5c1-a08,kgxhe68y@oksbi,Maharashtra,Kotak,clean,0
09855fe9-c62,l9jntssq@ybl,Tamil Nadu,ICICI,clean,0
57cf87fb-29c,op6ztt8k@icici,Telangana,Axis,clean,0
ac338b56-d95,0ewlc4h6@icici,Tamil Nadu,ICICI,clean,0
98a4363f-7c4,gn1eexb4@ibl,Kerala,ICICI,clean,0
0995d9e5-ac8,8hwe2c7m@apl,West Bengal,ICICI,clean,0
ccc538e6-e8e,zl7hvwr3@upi,Maharashtra,HDFC,clean,0
3f75d347-b28,3527fpwb@ybl,Karnataka,BOB,clean,0
97334ada-b91,02kkvr0t@upi,Tamil Nadu,BOB,clean,0
3e8ad5c8-7c3,zw0sd7sb@oksbi,Kerala,SBI,clean,0
1b01114e-6ed,ufvhp7sr@paytm,Maharashtra,Kotak,clean,0
87a1ddb9-cad,b7hfg5lu@axl,West Bengal,SBI,clean,0
e3a2d27d-59e,qy9055s2@icici,Maharashtra,Axis,clean,0
1c805be3-3dc,q0raaoo9@upi,Maharashtra,Axis,clean,0
6c06be0c-2d4,a8nzf94e@oksbi,Tamil Nadu,BOB,clean,0
a44a7257-572,xeu74s5t@axl,Gujarat,Kotak,clean,0
9223883f-5b7,jppzhh46@upi,West Bengal,PNB,clean,0
d0382f7e-b95,9pf16o8b@paytm,Kerala,Kotak,clean,0
950bf3a3-a13,9dhxj9s0@icici,Maharashtra,SBI,clean,0
db6b7d5d-a44,8x92mfje@apl,Tamil Nadu,PNB,clean,0
7018759d-e68,qyrzlz72@paytm,Karnataka,PNB,clean,0
914f2cb0-2a2,dy0u7033@upi,Kerala,Kotak,clean,0
06eac8d6-1b4,gwr17h4g@apl,Maharashtra,ICICI,clean,0
7778d2d7-cb5,rrqsrnh2@apl,Kerala,SBI,clean,0
d2c88cbd-db6,4lr9cm19@ybl,Karnataka,Kotak,clean,0
98196234-1cb,tkprehvy@axl,Gujarat,BOB,clean,0
d968da59-ec5,e5bcidl8@paytm,Telangana,ICICI,clean,0
f59e2f0c-7c5,0ojw1jva@ybl,Karnataka,BOB,clean,0
83e69ee4-09f,so2n333z@ybl,Gujarat,ICICI,clean,0
16d19319-dfb,w2v8m6ix@ybl,West Bengal,Axis,clean,0
28ee84a8-bac,wuqiq9vo@ybl,Telangana,BOB,clean,0
3cfd1ae5-12f,1qpign2u@axl,Karnataka,HDFC,clean,0
4ffea274-bc8,6wqx1n6p@okaxis,Maharashtra,HDFC,clean,0
ac4f4f10-0f1,5qeylw4q@axl,West Bengal,HDFC,clean,0
2186b292-38e,304a8pms@icici,Gujarat,BOB,clean,0
824412ba-1ad,ypc7syr7@icici,Gujarat,Axis,clean,0
5122d853-4e2,533khzh4@paytm,Telangana,ICICI,clean,0
64c744a0-f7b,bnforp25@apl,Telangana,BOB,clean,0
8b34b61d-3ab,20sxnw3w@axl,West Bengal,PNB,clean,0
34b25c3a-8c4,m43i465x@oksbi,Tamil Nadu,ICICI,clean,0
2458f252-0eb,1irva0y0@apl,Tamil Nadu,ICICI,clean,0
fa6cabce-938,xj5i2mt7@axl,Karnataka,Kotak,clean,0
a60327cf-39f,ntht7ugv@okaxis,Tamil Nadu,Axis,clean,0
fb8e24bc-61b,n9szj2rq@ybl,Kerala,BOB,clean,0
ff6727ca-b9b,da5h3z4l@ybl,Maharashtra,BOB,clean,0
75bd19e7-901,5os5quh6@apl,Gujarat,Axis,clean,0
aae3f7fb-b31,xj92650i@oksbi,Maharashtra,Axis,clean,0
3046ecac-190,3urev2z1@paytm,Karnataka,BOB,clean,0
696fdd80-73f,c5awprty@upi,West Bengal,SBI,clean,0
aa98e47b-39b,ksvquqs9@ybl,Telangana,Axis,clean,0
6b0f56c0-a49,jhl5nzrv@upi,Tamil Nadu,SBI,clean,0
7a999851-20e,6y1yogq0@icici,West Bengal,Axis,clean,0
9425e8ff-c6d,pqrw6t77@oksbi,Maharashtra,HDFC,clean,0
99e1fc75-901,odhdgqnx@icici,Gujarat,ICICI,clean,0
4e076ec7-0bf,d0h6r7qm@icici,Gujarat,BOB,clean,0
a052025a-1a7,rcb2oxeb@apl,Tamil Nadu,ICICI,clean,0
23054fee-b7e,r8s1yktj@okaxis,Tamil Nadu,BOB,clean,0
c4f37622-ca9,is1qp5xy@ybl,Tamil Nadu,BOB,clean,0
dce86687-6fa,5wrswg5t@icici,Maharashtra,HDFC,clean,0
820f6066-bc7,xo9i8p0l@icici,West Bengal,BOB,clean,0
53edefd9-8fb,895tx69v@ybl,Maharashtra,HDFC,clean,0
aca3b04a-a7a,8bwnazmp@ybl,Karnataka,SBI,clean,0
985b1f74-510,nh6be8xo@okaxis,Gujarat,HDFC,clean,0
92a4d4cd-f72,83fi4oja@okaxis,Tamil Nadu,SBI,clean,0
8eb4089f-b2e,vv2j2cgq@oksbi,Telangana,SBI,clean,0
674026c4-874,f9vhu7ak@okaxis,Tamil Nadu,SBI,clean,0
56a2b961-dbc,8fb947e6@paytm,Gujarat,Kotak,clean,0
e7d839d4-9f2,eyu6c8kk@axl,West Bengal,HDFC,clean,0
54317a1f-1be,m1rqh37f@upi,Kerala,PNB,clean,0
bc29fea8-41a,lsd4tr4g@icici,Gujarat,BOB,clean,0
c36e4f5f-3c9,pjem8sgn@axl,Karnataka,PNB,clean,0
f28adfbc-a22,12xc6vi7@ibl,Telangana,Kotak,clean,0
47a3087b-b30,04w4jsny@upi,Telangana,SBI,clean,0
2062f7b7-219,zktvezlb@oksbi,West Bengal,PNB,clean,0
61ec6b42-e14,kzb7a7o7@upi,Maharashtra,BOB,clean,0
395a9ad4-6b9,v27nls4s@oksbi,Maharashtra,PNB,clean,0
c805fa36-370,q1k1qrrn@oksbi,Karnataka,ICICI,clean,0
0cd3ab36-f7c,5ehq403i@axl,Maharashtra,Kotak,clean,0
ad7ff085-e3c,ackln9tl@apl,Tamil Nadu,Axis,clean,0
7fcd8782-1e5,74dphu2x@axl,Maharashtra,SBI,clean,0
f3889889-c66,lvmbgqqw@ybl,Karnataka,Axis,clean,0
887f901c-c72,ef1ffrm2@paytm,Maharashtra,BOB,clean,0
dd3e94c3-f81,8yhd6wbm@upi,Maharashtra,ICICI,clean,0
3e5bff1f-4d5,ikm85npg@ibl,Kerala,Axis,clean,0
1f2bb219-348,8xh27r81@apl,Kerala,Kotak,clean,0
4a215a02-e9a,u2ma90ds@ybl,Tamil Nadu,ICICI,clean,0
b57aea7f-e48,cd6yu1dz@axl,Karnataka,Kotak,clean,0
6098f65e-57e,iu52w85y@apl,Karnataka,SBI,clean,0
f389955e-d2b,u8ssmy9b@upi,Kerala,BOB,clean,0
2fcd38f3-8f7,tvdnhbob@okaxis,West Bengal,PNB,clean,0
d6a1fbf9-71e,0z7prb6x@okaxis,Gujarat,Kotak,clean,0
0fea190d-a15,ws79cthk@axl,Kerala,Kotak,clean,0
c824c726-339,1oqo0j4e@ybl,Tamil Nadu,Kotak,clean,0
ea2c12d5-7fd,kzgg1prf@apl,Karnataka,ICICI,clean,0
59d106b3-f6f,4jxgyfr3@apl,Maharashtra,HDFC,clean,0
d238042f-901,vxsytp4j@oksbi,Telangana,ICICI,clean,0
b95b38a8-775,sxl8nv9u@upi,Telangana,HDFC,clean,0
56868796-a6c,3lplfwaf@apl,Tamil Nadu,BOB,clean,0
b00dc8f8-dfe,vatun1vo@icici,West Bengal,SBI,clean,0
1f42676a-968,xt4u2i1w@oksbi,Tamil Nadu,ICICI,clean,0
3e5493d8-9ab,ue6ihruj@apl,Telangana,PNB,clean,0
704790b7-119,csrk5sls@ybl,Gujarat,ICICI,clean,0
276fa897-8a7,lvy6l1xx@upi,West Bengal,BOB,clean,0
54f7f72f-fe7,qnybmc06@axl,West Bengal,PNB,clean,0
78c8e6dd-d02,jjvhoiqn@ibl,Telangana,ICICI,clean,0
12d3a890-f8f,m52gcf9s@axl,Telangana,ICICI,clean,0
bc49021a-32f,z5eicuus@ybl,Telangana,BOB,clean,0
fa85d730-1b6,owil4ltw@okaxis,Maharashtra,HDFC,clean,0
f301ae7d-582,gu5rpzh4@ybl,West Bengal,BOB,clean,0
d7ad1e33-3db,ehdo70s8@axl,Maharashtra,SBI,clean,0
5b001202-044,necjq427@apl,Tamil Nadu,ICICI,clean,0
3c553f8e-1d9,vmeagwp8@paytm,Kerala,HDFC,clean,0
32bce82e-339,6sgl5wr6@upi,Maharashtra,SBI,clean,0
fe2345d2-760,bcvf6fov@paytm,Karnataka,ICICI,clean,0
c2e28ea4-213,73d9i4bi@oksbi,West Bengal,Axis,clean,0
149a06e1-dbe,idooobho@apl,Maharashtra,ICICI,clean,0
a034a2af-c4f,spfqlfqe@ybl,Maharashtra,PNB,clean,0
0b358bd5-99d,o60f0ea8@apl,Karnataka,Kotak,clean,0
ebb09fcc-30f,bul818cs@apl,Telangana,Axis,clean,0
ad3a0502-1d6,yhgi2g21@okaxis,West Bengal,SBI,clean,0
6c084c52-4cc,5jkulc5l@ybl,Gujarat,Axis,clean,0
e66514bf-60b,kfdtbjoj@icici,Kerala,BOB,clean,0
9d551313-b61,wy0ufbc1@ibl,Maharashtra,ICICI,clean,0
6dbcd452-918,ks2dvgon@okaxis,Gujarat,HDFC,clean,0
fc253846-a5c,hilznkq5@ybl,Telangana,Kotak,clean,0
85ec9372-d26,tko9i7bx@ibl,West Bengal,BOB,clean,0
0f612e2c-c0e,a8jc3mzw@icici,Telangana,PNB,clean,0
417cec2e-22b,257wuqq4@icici,West Bengal,ICICI,clean,0
04d0fd81-11f,tqvnmd8i@okaxis,Telangana,SBI,clean,0
431838bb-fe8,z9yz6v1v@icici,West Bengal,HDFC,clean,0
b12b3163-d99,zcv9nxbv@paytm,Karnataka,PNB,clean,0
ba57e118-ceb,bmzw7539@upi,Maharashtra,Kotak,clean,0
989a2900-d38,7nar7nnu@apl,Karnataka,HDFC,clean,0
69b5bd6d-6a6,atxpxzqu@oksbi,West Bengal,Axis,clean,0
0fdda8db-f45,193x23cu@icici,Tamil Nadu,BOB,clean,0
6f895616-952,ae952pax@paytm,West Bengal,BOB,clean,0
ea4dadd7-45d,auxb59ro@oksbi,Kerala,Kotak,clean,0
7dad867a-63e,m4yyq342@ibl,Tamil Nadu,ICICI,clean,0
d50ce879-800,vene8dmx@apl,Gujarat,ICICI,clean,0
f6271b08-94a,brhlvo2y@oksbi,Telangana,HDFC,clean,0
144a2e69-d32,m348ni74@axl,Tamil Nadu,BOB,clean,0
a10d9b99-44d,02vmbmp0@icici,Maharashtra,Axis,clean,0
d4027eb9-feb,rneee0jq@paytm,Gujarat,Axis,clean,0
21921e76-86a,vn97y8xl@icici,Telangana,HDFC,clean,0
2850bc4e-577,nuqem14w@ybl,Maharashtra,PNB,clean,0
e046d264-c98,6puf3edp@okaxis,Telangana,HDFC,clean,0
9f7aa02d-216,ibwitubx@icici,Maharashtra,HDFC,clean,0
4bbb314d-e19,20rillpg@oksbi,Kerala,Kotak,clean,0
d5575b08-b78,jtrregfv@okaxis,Gujarat,ICICI,clean,0
80f1f6f5-728,nqufeucx@icici,Gujarat,Axis,clean,0
27588055-69a,6aixy3p4@ybl,Maharashtra,ICICI,clean,0
b85bca50-33e,8yrr4ckc@oksbi,Maharashtra,PNB,clean,0
4293a459-a06,hxhi7cyr@ybl,Maharashtra,BOB,clean,0
537af07d-6f8,f8fws0gv@upi,Kerala,Axis,clean,0
0db55d32-7a6,mp5jhdt6@axl,Gujarat,SBI,clean,0
229c942f-972,slauj1u6@paytm,West Bengal,BOB,clean,0
b3cb3448-f12,czafr0rw@upi,Tamil Nadu,ICICI,clean,0
d007b507-47c,ve8dsctx@apl,West Bengal,Kotak,clean,0
7fad9e56-8f1,xhf4wiq8@okaxis,Kerala,Kotak,clean,0
2bfddaf7-cdd,25cdzbgq@apl,Maharashtra,SBI,clean,0
5755dfe9-530,d9o45fg3@upi,Gujarat,ICICI,clean,0
19df1448-e38,of683mjo@oksbi,Maharashtra,HDFC,clean,0
88237b52-287,ikr41ikj@apl,Gujarat,SBI,clean,0
5d74336c-717,wm7rbxp2@okaxis,West Bengal,Kotak,clean,0
583f16aa-196,4cp9momc@ibl,Kerala,PNB,clean,0
223b2b81-b68,agkdmcs6@upi,Karnataka,Axis,clean,0
2bb0eca0-4f2,xd06jgyp@upi,Maharashtra,PNB,clean,0
a132d45b-055,as9v7lp1@upi,West Bengal,Kotak,clean,0
303b4efa-6a9,pwy0tuzg@paytm,Tamil Nadu,Kotak,clean,0
852c46d1-8b3,g35xdku6@paytm,Karnataka,Kotak,clean,0
0276b8a6-883,kk1hsnz6@okaxis,Tamil Nadu,Kotak,clean,0
e817878f-c98,kglaefzd@paytm,Tamil Nadu,SBI,clean,0
6a7b7899-6e2,b6xzp9ss@apl,Karnataka,ICICI,clean,0
aeb688c9-520,kctq7vin@upi,Kerala,Kotak,clean,0
9c493110-244,6ljxe6l2@ibl,Tamil Nadu,Kotak,clean,0
c6c96fc3-998,adgs5hm3@icici,Gujarat,BOB,clean,0
84e0fd98-07d,5igjzae5@paytm,Karnataka,Axis,clean,0
f6631534-d67,7rci2afi@paytm,Karnataka,HDFC,clean,0
bf831f10-604,tpbqnle7@okaxis,Karnataka,PNB,clean,0
b86f8032-d56,7x1rz6z6@paytm,Gujarat,SBI,clean,0
b353edbd-d20,z6r5cqm2@ybl,Kerala,SBI,clean,0
e12cd42e-048,3z5ncy31@axl,Karnataka,HDFC,clean,0
4455a960-345,22ejpkc0@icici,Maharashtra,Kotak,clean,0
0f11fca5-dd8,hg9p01zu@upi,Gujarat,PNB,clean,0
e88b6ee3-340,hx2g7u6x@oksbi,Karnataka,BOB,clean,0
d0ba0cf2-f70,qxsr97jx@okaxis,West Bengal,ICICI,clean,0
98ed6e8d-659,1isvuccp@oksbi,Telangana,PNB,clean,0
80524407-3ec,xllqcaq4@ybl,Tamil Nadu,Axis,clean,0
918d17ae-c9c,n0t1kkuw@apl,Telangana,HDFC,clean,0
2ff456ce-f60,mno8ecta@upi,West Bengal,Kotak,clean,0
4ec9d637-120,c2jkm0fn@upi,Maharashtra,ICICI,clean,0
6b509e84-106,h4gblcku@okaxis,Tamil Nadu,PNB,clean,0
de293502-661,m7z7aold@okaxis,Gujarat,BOB,clean,0
4f505033-124,7i10a40j@axl,West Bengal,HDFC,clean,0
8b69ae0f-503,56fjpz42@axl,Telangana,BOB,clean,0
a6ff8fae-46d,9h8yh3es@axl,Tamil Nadu,SBI,clean,0
e45986ba-afd,53xui8lp@upi,West Bengal,HDFC,clean,0
82e65e9e-5ec,e6plui46@okaxis,West Bengal,SBI,clean,0
a93d3363-0de,l4h9dato@okaxis,Tamil Nadu,SBI,clean,0
a756b128-04c,p12uj3a3@icici,West Bengal,SBI,clean,0
83c2771c-e95,2iptndbb@ibl,Kerala,Kotak,clean,0
9382495e-b37,kzadbs9c@icici,Karnataka,Axis,clean,0
caba5963-511,q2g1kvr6@ybl,Kerala,HDFC,clean,0
c6db0a27-916,eaglrhhk@ibl,Gujarat,SBI,clean,0
e0d47361-2d9,n52kocwd@ibl,Telangana,HDFC,clean,0
212bad10-cd7,n8qkbr9f@oksbi,Maharashtra,PNB,clean,0
431a9485-cd7,vm19qxr2@ibl,Karnataka,PNB,clean,0
b85d357e-550,2v17tz63@axl,Kerala,Axis,clean,0
cc99dd82-640,075hrxeh@icici,Telangana,SBI,clean,0
81c93790-cf4,8iqwfjrb@upi,Kerala,SBI,clean,0
a50db5e1-5c8,jms73d0q@okaxis,Kerala,ICICI,clean,0
66430713-554,t6b8uoly@okaxis,Tamil Nadu,PNB,clean,0
050c25b8-8e2,2mrllgu1@icici,Gujarat,PNB,clean,0
3fcc2323-557,iofnklgi@oksbi,Maharashtra,Axis,clean,0
cf3cde70-1af,ylbos46a@ybl,Tamil Nadu,PNB,clean,0
c394e8fa-bbc,8cmqxgym@upi,Telangana,PNB,clean,0
b8a5224b-fc3,1yj74q7s@apl,Maharashtra,Axis,clean,0
1df6bbb8-d85,zss8v5x6@oksbi,Telangana,BOB,clean,0
cb52905f-df8,1bb2yaj1@paytm,Tamil Nadu,Axis,clean,0
7af72986-34e,892kdpyt@ybl,West Bengal,ICICI,clean,0
9e87f891-7ad,7aylprsj@paytm,Tamil Nadu,HDFC,clean,0
f9ba723b-b3e,ek38cjtq@ibl,Telangana,BOB,clean,0
3a9d21fd-623,9sqail1y@paytm,Tamil Nadu,HDFC,clean,0
357a9cb5-d40,1qe4x1uw@axl,West Bengal,PNB,clean,0
d80dd1c7-e5b,v3ch1j8s@ibl,Maharashtra,BOB,clean,0
d0bbab96-43c,pv07uj4f@axl,Telangana,SBI,clean,0
c69c53ac-58e,4e7ycs1k@oksbi,Maharashtra,HDFC,clean,0
b7339e3c-31f,37y3d2fn@ibl,Tamil Nadu,BOB,clean,0
cf79be57-ee5,cii1j0f5@axl,Telangana,ICICI,clean,0
26398c59-bc2,922lnl5y@okaxis,Tamil Nadu,SBI,clean,0
c27cc312-acd,3jwe46xa@ybl,Tamil Nadu,Axis,clean,0
9834a00d-a78,ioubb5g9@paytm,Tamil Nadu,ICICI,clean,0
3cf0fc3f-263,xp7x80nh@paytm,Karnataka,PNB,clean,0
c594a009-4e7,lpeo8l1u@paytm,Karnataka,ICICI,clean,0
a6bfa3f5-e99,f2dj3lp1@upi,Gujarat,Kotak,clean,0
4b3717fc-076,oexntjw3@paytm,Karnataka,SBI,clean,0
b7e99a8d-e24,2emnimch@upi,Karnataka,PNB,clean,0
3ab1cf23-d39,sbb3l5zs@axl,Karnataka,BOB,clean,0
e766ad96-751,m236mkzr@axl,Karnataka,ICICI,clean,0
db1df8d8-be5,2jo2ilkb@apl,Maharashtra,SBI,clean,0
36ca5d34-75e,u57ote0q@upi,Telangana,BOB,clean,0
4c7e2428-4e9,rv23u65x@apl,Karnataka,SBI,clean,0
c1e3f7d2-655,de5jq4j9@okaxis,Kerala,Kotak,clean,0
ffc52489-262,b1c4w9i4@paytm,Telangana,Axis,clean,0
c78d1f76-27b,pf8m72zk@ibl,Tamil Nadu,PNB,clean,0
f37ce76e-574,1hnxiyyv@okaxis,Telangana,PNB,clean,0
13e32e91-0d9,v7jjfumy@okaxis,Gujarat,Axis,clean,0
fe433810-e2b,2r6u0m2v@upi,Tamil Nadu,PNB,clean,0
631d4adf-4b7,mqseqgdz@paytm,Kerala,PNB,clean,0
2b4cd102-936,52pdi47k@ybl,Gujarat,HDFC,clean,0
f906a3c5-be9,vh56rdo3@ybl,Karnataka,BOB,clean,0
0f31937a-062,jb0oxdfn@icici,Gujarat,SBI,clean,0
5e68d505-c05,8m7z2tvb@paytm,Tamil Nadu,PNB,clean,0
fbe99ee7-5ab,mm2798p7@apl,Gujarat,Axis,clean,0
2f03cbdb-749,2gwlj6iw@axl,Telangana,HDFC,clean,0
e38cbd1d-b4b,2zshp0g3@upi,Gujarat,SBI,clean,0
98221d44-9b1,anr1cgwj@icici,Tamil Nadu,Axis,clean,0
1c95a2c2-555,xn23hrnm@okaxis,Kerala,SBI,clean,0
9e6d1ce3-c78,mauhuhxu@upi,Tamil Nadu,SBI,clean,0
8cea3926-79f,w4q46der@okaxis,Telangana,ICICI,clean,0
68c59fa4-7cb,0sb9fyy9@ybl,Tamil Nadu,Kotak,clean,0
94c02efd-b9f,ozacfaxr@oksbi,Karnataka,BOB,clean,0
788e21b5-a28,s49mi9zu@ybl,Tamil Nadu,HDFC,clean,0
0735b2e8-e75,h3366sqm@axl,Karnataka,ICICI,clean,0
d6d371cc-83a,2bga7scp@ybl,Telangana,Kotak,clean,0
154d0fb0-b43,7qa80eha@axl,Maharashtra,Kotak,clean,0
3aa755f1-b5e,trmzrmt8@ybl,Gujarat,Kotak,clean,0
937c528f-926,udmk3p6o@paytm,Maharashtra,PNB,clean,0
22ca411c-a00,egpmte1e@paytm,Telangana,BOB,clean,0
df192a7a-e6f,xjx6yy6f@axl,Karnataka,Axis,clean,0
b6fd574d-8c4,x7vhukp5@apl,Maharashtra,Axis,clean,0
3f83efdd-ae9,8p6u5ps4@upi,Maharashtra,Kotak,clean,0
7fa8f7e9-907,qw8do3px@apl,Maharashtra,ICICI,clean,0
458f0242-f4c,swxqwlqb@oksbi,Tamil Nadu,ICICI,clean,0
b3f88501-c95,h4pjyv97@paytm,Kerala,HDFC,clean,0
f0d86878-3d1,tjabwhm2@axl,Telangana,ICICI,clean,0
42221b66-1da,2gpzv141@okaxis,Telangana,PNB,clean,0
5fe6534f-105,f881en69@ibl,Gujarat,HDFC,clean,0
0732de43-cd9,ia2qsu2e@okaxis,West Bengal,HDFC,clean,0
8378bec3-146,kmnau245@upi,Gujarat,Axis,clean,0
281dddc4-b05,tovzhh6c@okaxis,West Bengal,BOB,clean,0
367b9a3b-1fc,oxesp7j6@axl,Gujarat,BOB,clean,0
9250679c-cfb,23arbbr7@ibl,Gujarat,BOB,clean,0
aa81db37-0e0,2iq920c5@axl,Maharashtra,ICICI,clean,0
d05e0189-a64,huc036i6@axl,Maharashtra,Axis,clean,0
6de7c9cb-701,566z230j@upi,Karnataka,BOB,clean,0
3ff0524e-755,pef10ljr@upi,Kerala,HDFC,clean,0
6b5c9ecb-853,cd0sqpzy@oksbi,Gujarat,SBI,clean,0
f2beb420-086,fhh54s47@ibl,Gujarat,ICICI,clean,0
c1d3b352-af6,2aze5ezk@paytm,Kerala,Kotak,clean,0
880e534b-fe7,7mq2c3yd@axl,Maharashtra,PNB,clean,0
f2bde818-d75,nalt4u6o@paytm,Gujarat,ICICI,clean,0
d31b458e-e9d,xr2yq373@apl,Telangana,Axis,clean,0
30e57edf-418,5roues0m@oksbi,Telangana,Kotak,clean,0
b7edfd98-e9c,l57cnkws@icici,Telangana,HDFC,clean,0
6860aa1b-456,urfm0fac@icici,Kerala,ICICI,clean,0
88adbb79-67f,b6g3qyxp@paytm,Gujarat,SBI,clean,0
d740aa14-184,nrk4pvi2@ibl,Tamil Nadu,ICICI,clean,0
62b6b000-d4a,cdz93i36@ibl,Karnataka,SBI,clean,0
6b9f7045-58a,5jamslsl@oksbi,West Bengal,PNB,clean,0
34b27e48-320,mudcgv7m@icici,Maharashtra,HDFC,clean,0
45e00c07-159,cqutxq7x@upi,Maharashtra,ICICI,clean,0
bb7601c1-010,86p5xh4z@upi,Telangana,PNB,clean,0
11c68630-a7a,txcx7ly6@ibl,Gujarat,Kotak,clean,0
233d9a47-a5f,0916pjpv@axl,Kerala,Axis,clean,0
316db613-c41,8vo57kp4@ibl,Gujarat,Axis,clean,0
d2e53a7a-ca0,qpu45b3a@axl,Kerala,BOB,clean,0
f0383765-b96,vc2w4054@okaxis,Tamil Nadu,Kotak,clean,0
adaf3960-ad0,qde12wuw@upi,Gujarat,PNB,clean,0
f93f6667-de5,n330pgbo@apl,West Bengal,Axis,clean,0
114c5e46-500,wihybfge@oksbi,Karnataka,ICICI,clean,0
831e1689-9e0,ydjixl7v@icici,Karnataka,BOB,clean,0
682ac327-61b,cjffkk1m@axl,Maharashtra,ICICI,clean,0
9c8e4c88-b7e,a8v0igbv@axl,Maharashtra,SBI,clean,0
a72a5cd1-e72,ja7hawqd@icici,Karnataka,HDFC,clean,0
93ba9f3d-c53,yzi71rwh@apl,Karnataka,ICICI,clean,0
1e27dce4-554,jopprilu@ibl,Maharashtra,ICICI,clean,0
f0bb3745-a3e,7gopmyu2@oksbi,Telangana,Kotak,clean,0
14838ff2-d5f,gz38m7d5@okaxis,Maharashtra,PNB,clean,0
b01c8e6f-832,upr4tw5s@paytm,Karnataka,BOB,clean,0
695ac82f-3f7,rh5u3vvb@axl,Telangana,SBI,clean,0
e9e130aa-79b,vfpvu2ly@ibl,Gujarat,ICICI,clean,0
f31581b4-725,g2d7gg3z@upi,West Bengal,Kotak,clean,0
2e67c2b1-e6c,bz4gjhjj@oksbi,Tamil Nadu,PNB,clean,0
3b55c9ca-f31,u2vjf17a@ybl,West Bengal,Axis,clean,0
6527ef92-e9b,f78oslqb@icici,Gujarat,Axis,clean,0
f30825bb-6ed,lrc6g1ha@ybl,Kerala,SBI,clean,0
46e7bad1-f21,pwfs4xrq@upi,Gujarat,ICICI,clean,0
3582f622-cc6,nortlqbk@apl,Telangana,PNB,clean,0
4ae01e7a-dd3,hz3m21o5@paytm,Karnataka,BOB,clean,0
7f90edbb-71d,ckohelh9@ibl,West Bengal,BOB,clean,0
8d784d2f-804,n24runzu@apl,Kerala,ICICI,clean,0
9280743b-451,ob777ih0@oksbi,West Bengal,HDFC,clean,0
258f3a45-aed,40swdug5@upi,Kerala,SBI,clean,0
d0ca34a6-f95,jm7w4hxi@apl,Gujarat,Axis,clean,0
ea193cf2-c4a,jk7lcwqt@okaxis,Tamil Nadu,BOB,clean,0
8105ea3f-c48,fvfa2n1l@okaxis,Telangana,Kotak,clean,0
691ac081-985,fwbzy7lo@oksbi,Karnataka,Kotak,clean,0
6fc04ae0-032,a2yy3hbt@icici,Maharashtra,HDFC,clean,0
7f4693d0-8ee,9krqwb9s@paytm,Gujarat,ICICI,clean,0
aa4b9be0-90f,povyh73y@paytm,Telangana,HDFC,clean,0
b73a99ad-763,ofym0tmg@apl,Kerala,HDFC,clean,0
35526438-ddf,rgn1f32l@oksbi,Kerala,Axis,clean,0
99a03496-ded,wk3otzzr@ybl,Karnataka,PNB,clean,0
fa5eca2e-788,jg2yjj5p@apl,Gujarat,SBI,clean,0
66e37b34-3a0,m7k0nt95@apl,Tamil Nadu,HDFC,clean,0
9d59c39c-a9f,3n0ssq98@paytm,Kerala,ICICI,clean,0
195929b0-8f8,6jai71yw@ibl,Kerala,Kotak,clean,0
4f4e9683-1e4,wl2ikbut@okaxis,Telangana,BOB,clean,0
647c1b4a-314,tteugqv2@okaxis,Tamil Nadu,Axis,clean,0
d5c193e5-53d,v2wv3dyf@ybl,Telangana,SBI,clean,0
a18b1614-b4f,hsnbwidf@ibl,Telangana,HDFC,clean,0
f4e39c0d-2fd,3o1hc1vg@oksbi,Karnataka,Axis,clean,0
fbc41037-6f7,gevpg4gm@ybl,Tamil Nadu,BOB,clean,0
9b4840bd-c9b,d1rl6zaz@ibl,Karnataka,PNB,clean,0
f943f3a0-1ee,w1cq5453@oksbi,Kerala,ICICI,clean,0
98cbbde5-26d,li92s2e6@upi,West Bengal,ICICI,clean,0
b5e6e38c-38d,rpeqw6yq@oksbi,Gujarat,Axis,clean,0
c5df2c8a-7d4,tgbjbi9z@ybl,Karnataka,BOB,clean,0
0ddb4972-41b,t0kzxghe@ybl,West Bengal,SBI,clean,0
a2c9c41f-122,55hjciy1@oksbi,Maharashtra,PNB,clean,0
60fb6b7a-037,nmxbfhdq@upi,Telangana,PNB,clean,0
3fca20d1-809,f80gnyd1@apl,Maharashtra,Axis,clean,0
1f465907-be7,d29q3t08@ybl,Kerala,HDFC,clean,0
4cf8e660-c58,dgojgp2g@ybl,Maharashtra,Kotak,clean,0
a991ff58-b62,kr37h4ky@upi,Kerala,BOB,clean,0
7bc3be4c-b81,cs2cmq2a@paytm,Karnataka,Kotak,clean,0
62363346-8dd,fk7qirjq@axl,Maharashtra,SBI,clean,0
ecd7cbb9-b50,axiaqjkb@icici,Gujarat,HDFC,clean,0
956bde5a-b57,l6d6pqvp@oksbi,Maharashtra,Kotak,clean,0
46339816-44c,uey6emdf@okaxis,Karnataka,ICICI,clean,0
efe666da-fd9,phnb5vng@ybl,Tamil Nadu,Axis,clean,0
0be9d124-3bb,cyw34rcd@ybl,Maharashtra,PNB,clean,0
89798eeb-47d,jm3ppsoh@ibl,Telangana,HDFC,clean,0
282004a9-895,23qxawtc@okaxis,West Bengal,Kotak,clean,0
c17e762b-76e,su6d143m@apl,Gujarat,Axis,clean,0
d5a59ddd-4c1,zqoc4eu0@ibl,West Bengal,Axis,clean,0
bdf77fbc-703,u2qlc65q@ybl,Tamil Nadu,HDFC,clean,0
eb86753d-84e,xtj98ksf@axl,Karnataka,PNB,clean,0
4b13e271-3fc,lgfwmvyt@icici,Karnataka,Kotak,clean,0
0c87fbcc-c13,rizr98w5@okaxis,Kerala,HDFC,clean,0
fa42fc18-52d,0z6wf6b3@okaxis,Gujarat,Kotak,clean,0
45d648a6-809,opz2lntj@axl,Kerala,HDFC,clean,0
6a6a85a0-484,ul12mzvt@icici,Kerala,Axis,clean,0
9b2490bb-773,qf8rm9ii@paytm,Gujarat,SBI,clean,0
59570f77-b45,wcdpi2ey@oksbi,Telangana,SBI,clean,0
c908aca4-168,oh59g5hg@icici,Maharashtra,Kotak,clean,0
f4b3deca-689,ghnbjn2e@paytm,Telangana,HDFC,clean,0
24d0c113-60c,57ddm6j9@upi,Maharashtra,Axis,clean,0
c9ce9a4b-a29,k1ctzgwk@okaxis,Gujarat,Kotak,clean,0
4c33e1dc-018,6cwe6jrv@paytm,Tamil Nadu,PNB,clean,0
bc7bd7f1-b83,kv59gphh@icici,Telangana,Axis,clean,0
a5cc8a35-524,1ueiaq3j@ibl,Maharashtra,BOB,clean,0
e69788b5-77a,hk5gyimq@icici,Kerala,HDFC,clean,0
ee8b22a2-b23,lhc0dj96@okaxis,Maharashtra,PNB,clean,0
3bd8cd16-495,ty97l09w@paytm,Telangana,PNB,clean,0
b6c92f02-3e9,ap0o0n5w@okaxis,Telangana,PNB,clean,0
6c7c0cb8-e16,6v5f4c6v@ybl,Telangana,Axis,clean,0
dcba901f-111,ac1pmadf@ybl,Maharashtra,HDFC,clean,0
92ab07d0-92f,9cb61g9f@icici,Gujarat,Axis,clean,0
d10830f3-5c3,948wegt5@paytm,West Bengal,PNB,clean,0
2beb39d9-f05,wkn4w1w3@axl,Gujarat,Kotak,clean,0
b204c114-9eb,f7xkkjja@axl,Maharashtra,HDFC,clean,0
27662fb1-93e,ri47c9ug@upi,West Bengal,PNB,clean,0
c682dc88-097,zvqlqp66@icici,Kerala,HDFC,clean,0
50c91cb4-6b4,imruxvt3@apl,Kerala,Axis,clean,0
3ec35c26-9ae,alwbvv0t@upi,Telangana,SBI,clean,0
930751d2-7d5,k4u9m305@icici,West Bengal,ICICI,clean,0
12723749-376,townz4pm@axl,West Bengal,Axis,clean,0
7b387c8a-dc6,6lcgcsef@oksbi,Tamil Nadu,Axis,clean,0
12969653-0ed,4kda24mk@icici,Maharashtra,ICICI,clean,0
323d2405-d6c,vioifji1@upi,West Bengal,SBI,clean,0
7d4fd12c-be2,q6771l6r@paytm,West Bengal,Kotak,clean,0
11c94e23-06f,0000lg77@icici,West Bengal,BOB,clean,0
0593acd1-502,p24bx214@axl,Maharashtra,Kotak,clean,0
d79046dd-b6c,wgjy4p5h@apl,West Bengal,Axis,clean,0
d79143a5-659,yv7wf3xm@ybl,Maharashtra,Axis,clean,0
d1b86f52-22b,cjducefu@upi,Tamil Nadu,Axis,clean,0
9fcfeee2-67c,hzmzh75n@okaxis,Maharashtra,ICICI,clean,0
c1d34d18-fe8,wpl00acm@ybl,Karnataka,Axis,clean,0
cb544685-173,ijocvsgf@oksbi,West Bengal,PNB,clean,0
16163429-d7a,696ghskz@ibl,Telangana,Axis,clean,0
c713bb32-d59,22bi90yc@upi,Tamil Nadu,ICICI,clean,0
95e1a983-207,dxix5bga@okaxis,Maharashtra,SBI,clean,0
ba9f07fa-2ec,qtbf6bio@apl,Karnataka,Axis,clean,0
3bd7c084-a4c,2q4m8nmk@ybl,Telangana,HDFC,clean,0
4ca734c4-5bd,6sw3zh1z@ibl,Maharashtra,SBI,clean,0
e750a47a-ab4,nhlh3t0e@okaxis,Karnataka,HDFC,clean,0
a8e2eebb-0cf,8cn0c9sm@ybl,Gujarat,Axis,clean,0
a809c27d-69d,fjp2pnkd@ibl,Tamil Nadu,PNB,clean,0
aa181bdd-b7b,k3rf76pk@okaxis,West Bengal,PNB,clean,0
3aeafed3-0d7,xq56qbub@upi,Maharashtra,BOB,clean,0
ee62dad4-4c1,7myf01nw@axl,Telangana,Axis,clean,0
e21f46d4-834,engj9u6v@paytm,West Bengal,BOB,clean,0
e5c280f4-a6a,mcymu0zj@apl,Kerala,PNB,clean,0
f4d4a8ae-fe9,9p1f3aj8@oksbi,Maharashtra,ICICI,clean,0
e578578d-678,f54srnj6@ibl,West Bengal,Kotak,clean,0
b887bcf6-77e,qry1eyn7@okaxis,Kerala,Axis,clean,0
c6cb6dcf-b28,fxmbesb2@paytm,Telangana,PNB,clean,0
4292211a-d9d,q6bwizpy@ibl,Tamil Nadu,Axis,clean,0
