request_id,merchant_id,payer_id,payer_state,amount_inr,requested_at,resolved_at,outcome,known_payer,is_fraud,campaign
389c6c5a5d211c4c,45d11774ab5d,224b64a16927,Maharashtra,507,2024-03-11T00:06:53,2024-03-11T00:13:36,approved,0,0,
53d87ddd871b2903,35ed52508031,728352813b60,Tamil Nadu,1306,2024-03-11T00:08:13,2024-03-11T00:23:12,approved,1,0,
1ab03385d3cd98f3,7b99521e8d62,52cc17fdd1a5,Bihar,1617,2024-03-11T00:41:15,2024-03-11T01:11:15,expired,1,0,
09ca8dcb2a7f9d42,39dc63eef666,78a8a285768a,Haryana,682,2024-03-11T00:52:05,2024-03-11T01:03:43,approved,1,0,
52754f5778f4eebe,20332b92b91c,1aedee0f4a2d,Karnataka,555,2024-03-11T01:04:38,2024-03-11T01:34:38,expired,0,0,
6c1f00c23fa75bb8,30595689af87,5e74f1944508,Rajasthan,2105,2024-03-11T01:44:16,2024-03-11T02:03:15,approved,1,0,
686d885c45063f95,107ff2ac18f1,61bb412090cc,Maharashtra,308,2024-03-11T01:56:35,2024-03-11T02:00:18,approved,1,0,
2da9c1a6f13733ce,20332b92b91c,1a2e487d4236,Uttar Pradesh,192,2024-03-11T02:21:25,2024-03-11T02:29:02,declined,0,0,
0bfb096041599e1e,6a2b9baa3e4a,51239d7d05c1,Uttar Pradesh,978,2024-03-11T04:29:09,2024-03-11T04:37:59,approved,1,0,
32f2fb92bfc468de,6e73719779d9,7f65ed7b4d76,West Bengal,1214,2024-03-11T05:13:27,2024-03-11T05:20:05,approved,0,0,
6efb593c7d15dfee,634690700829,031f31bd4363,Maharashtra,263,2024-03-11T05:21:45,2024-03-11T05:37:48,approved,1,0,
76ea630d34c1de4a,34994a8b60cd,30e6f903b749,Karnataka,1378,2024-03-11T05:31:57,2024-03-11T06:01:57,expired,0,0,
57052f2b56ed47be,51e266317647,65607a24f513,Karnataka,702,2024-03-11T06:14:10,2024-03-11T06:25:05,approved,1,0,
036151ac36c9829a,6a2b9baa3e4a,0fb27a88087b,Kerala,229,2024-03-11T06:27:33,2024-03-11T06:56:11,declined,1,0,
76955ebcd09ea075,3a6d68f3644e,62decccdf52c,Rajasthan,2409,2024-03-11T06:38:40,2024-03-11T06:43:06,approved,1,0,
185cac8dc0a535d4,30595689af87,2f015cac78ad,Kerala,5550,2024-03-11T06:42:06,2024-03-11T06:52:08,approved,1,0,
54231f38c22a2c6a,5ded2d78f299,6bc14be57959,Bihar,1725,2024-03-11T06:45:29,2024-03-11T06:57:31,approved,1,0,
185c13cde985f39d,663473dc643e,58f5b348e461,Maharashtra,515,2024-03-11T07:00:21,2024-03-11T07:02:09,approved,1,0,
3726561ce4de84f6,51e266317647,24c4c523f1ef,Delhi,575,2024-03-11T07:04:24,2024-03-11T07:20:18,approved,1,0,
6b8d99376bbcab94,6d33a7293228,04457a64534b,Telangana,239,2024-03-11T07:22:44,2024-03-11T07:36:00,approved,1,0,
23b52e12713b95e1,6ab35d61cd9f,793a758c21df,Karnataka,298,2024-03-11T07:24:10,2024-03-11T07:37:03,approved,1,0,
372d7be7765e00be,0176a1a01f10,3b7cd5b692bd,Gujarat,1583,2024-03-11T07:28:36,2024-03-11T07:46:29,approved,1,0,
3fd343caaf1a3d58,51e266317647,4fdc8bd02794,Haryana,1427,2024-03-11T07:33:09,2024-03-11T07:33:59,approved,1,0,
50e6d9fab8f5fd6c,6fdf521c2b77,09e1a271c1d3,Delhi,985,2024-03-11T07:33:20,2024-03-11T07:42:16,approved,1,0,
6152dcbad7aa3bcd,09f6cd55cca3,00af74bde6ac,Haryana,1920,2024-03-11T07:34:27,2024-03-11T07:53:51,approved,1,0,
0dac28013a41efb8,7b99521e8d62,631a916bd428,Haryana,2008,2024-03-11T07:36:00,2024-03-11T07:42:07,approved,1,0,
15d67d2897f402f6,45d11774ab5d,30f713dac418,Karnataka,857,2024-03-11T07:39:41,2024-03-11T08:09:41,expired,0,0,
7a4ff6bfdc109ace,0d9a63adaba5,02975cd5c9fb,Bihar,711,2024-03-11T07:43:50,2024-03-11T08:02:27,approved,1,0,
45e41ca6ce6269ea,6646fee30506,73909bf79da7,West Bengal,2041,2024-03-11T07:45:57,2024-03-11T07:48:25,approved,1,0,
7ae6e211b2936221,7786fa4ecb51,7d83578c86d2,Uttar Pradesh,440,2024-03-11T07:53:27,2024-03-11T08:02:44,approved,1,0,
7f2bf5b158a61c48,7b99521e8d62,7ffe76f65b3d,Bihar,1676,2024-03-11T07:54:29,2024-03-11T08:24:29,expired,1,0,
19015ac203728375,7d493d48b208,247475774d65,Maharashtra,476,2024-03-11T07:55:39,2024-03-11T07:58:23,approved,1,0,
58fa93234bdb874c,634690700829,2b2e811f29fc,West Bengal,302,2024-03-11T08:07:23,2024-03-11T08:18:50,approved,1,0,
7108236cd465a7ef,7d81c905f4c1,408cc296461c,Haryana,2730,2024-03-11T08:10:41,2024-03-11T08:21:45,approved,1,0,
19f39eb5dfc552e0,0d4a1f2e8b76,4acd831e964f,Delhi,918,2024-03-11T08:12:17,2024-03-11T08:14:40,approved,1,0,
33e8a0510167f676,0d4a1f2e8b76,25de3a3b697d,Maharashtra,736,2024-03-11T08:19:09,2024-03-11T08:37:33,approved,1,0,
379ba2b88f20cafb,513484923021,532a81af92f9,Telangana,745,2024-03-11T08:24:39,2024-03-11T08:42:39,approved,1,0,
0043158543537d8c,6646fee30506,41acf8b38e7e,Maharashtra,1608,2024-03-11T08:27:11,2024-03-11T08:33:06,approved,1,0,
4158fc574b22aa6c,0d9a63adaba5,2b0723fe1700,Haryana,729,2024-03-11T08:30:41,2024-03-11T08:44:41,approved,1,0,
56749d152761fa28,3a6576ce966b,4ef9d37731de,Rajasthan,1965,2024-03-11T08:37:59,2024-03-11T08:52:46,approved,1,0,
026f66c333b29472,1318e3fa6d29,5f528902e98a,Telangana,291,2024-03-11T08:44:28,2024-03-11T08:59:12,approved,1,0,
21cb7ee8a569822e,2b1781ab1f24,5ab9683ac6e5,West Bengal,2437,2024-03-11T08:44:32,2024-03-11T08:51:43,approved,0,0,
496812d1a9490a3c,6646fee30506,032526cb3aca,Tamil Nadu,2576,2024-03-11T08:52:19,2024-03-11T08:53:37,approved,1,0,
2fc61c6b9ac19cd2,6f5fa5bed003,2bdf7dfcf3f4,Delhi,974,2024-03-11T08:53:46,2024-03-11T09:03:33,approved,1,0,
1ce18004301083e8,0fc3186df001,2c54ada9630a,Maharashtra,2207,2024-03-11T08:55:10,2024-03-11T09:10:20,approved,1,0,
6d3deea64028c381,0cce3dbda79d,247475774d65,Maharashtra,926,2024-03-11T08:56:51,2024-03-11T09:05:40,approved,0,0,
4ae0afcb3d4903b8,35ed52508031,3b392a47f039,Kerala,2158,2024-03-11T08:58:51,2024-03-11T09:01:55,approved,1,0,
4d80baf518dda05d,48a5f4e76a41,4e10c8e5ddb4,Gujarat,2149,2024-03-11T08:59:16,2024-03-11T09:07:08,approved,0,0,
6c9de3d4a5120196,1e30aaf5adb8,7aff86b3b5e6,Haryana,879,2024-03-11T09:00:27,2024-03-11T09:19:11,approved,1,0,
6f6a7df8fadb265b,0fc3186df001,1d6acde9f1a8,Uttar Pradesh,874,2024-03-11T09:03:18,2024-03-11T09:13:58,approved,1,0,
333a7da6de2fde36,2baf4e7593de,7b7c270a9e0d,Delhi,333,2024-03-11T09:09:46,2024-03-11T09:27:45,approved,1,0,
686968214e53dec4,634690700829,0c197ad05eb6,Maharashtra,971,2024-03-11T09:11:11,2024-03-11T09:19:58,approved,1,0,
24caa20878bb58ae,7d81c905f4c1,670eb234b56a,Gujarat,600,2024-03-11T09:12:55,2024-03-11T09:31:52,approved,1,0,
3e13b248a02438f8,5ded2d78f299,3165befbf2cd,Bihar,2136,2024-03-11T09:13:18,2024-03-11T09:25:17,approved,1,0,
452f56c04d1d4ab2,20332b92b91c,0f53b195aed1,Tamil Nadu,1643,2024-03-11T09:14:44,2024-03-11T09:23:30,approved,0,0,
0890fe6afb70d637,6a7bccb8c392,5eaa74a929ec,Bihar,692,2024-03-11T09:17:18,2024-03-11T09:24:00,approved,1,0,
3623eab5cffcad15,7d81c905f4c1,25e05296fd29,Rajasthan,2074,2024-03-11T09:18:00,2024-03-11T09:36:16,approved,1,0,
0d4f5bee7da29add,1318e3fa6d29,3127e9a8d570,Gujarat,1230,2024-03-11T09:18:30,2024-03-11T09:24:06,approved,1,0,
3fc6a393421aab02,6a706675422c,4708c0fb56e2,Telangana,18002,2024-03-11T09:21:17,2024-03-11T09:24:49,approved,0,0,
57d29179cd8f2527,7b8a68c1ae9c,3182446196ee,Tamil Nadu,673,2024-03-11T09:29:37,2024-03-11T09:42:55,approved,1,0,
167d77abfbd41df5,0d4a1f2e8b76,2513ee8cb028,Bihar,346,2024-03-11T09:33:20,2024-03-11T09:38:48,approved,1,0,
6766f32b061a77da,6a706675422c,444d2ddc75de,Rajasthan,437,2024-03-11T09:39:05,2024-03-11T09:41:17,approved,0,0,
01b903ab996aedac,3a6576ce966b,16d60b59c454,Haryana,3199,2024-03-11T09:42:14,2024-03-11T09:59:19,approved,1,0,
2f931d66ef8a24de,11d601015742,670eb234b56a,Gujarat,1349,2024-03-11T09:43:23,2024-03-11T09:49:51,approved,1,0,
02478c0aa2a26e04,6fdf521c2b77,39e83c715136,Rajasthan,4239,2024-03-11T09:44:10,2024-03-11T10:01:45,approved,1,0,
0f4733c6adfbde31,5e5c092ab53d,5fa4c1304104,Uttar Pradesh,517,2024-03-11T09:44:41,2024-03-11T10:00:51,approved,1,0,
1c3435b5b940e3f4,5be02b242add,2a7b875cddd9,Telangana,457,2024-03-11T09:45:37,2024-03-11T10:15:37,expired,1,0,
434117b1f2b45ab5,694d71c69d67,267a5de09fdb,Gujarat,961,2024-03-11T09:47:43,2024-03-11T10:03:18,approved,1,0,
51514e749c0d934a,20332b92b91c,006c09b4c0c5,Karnataka,3800,2024-03-11T09:49:12,2024-03-11T09:53:51,approved,0,0,
5726bcab2185e1ee,5be02b242add,759f68f69b70,Maharashtra,796,2024-03-11T09:50:38,2024-03-11T10:03:46,approved,1,0,
0451c35cd6f1b314,1318e3fa6d29,2bd58e29d97e,Kerala,524,2024-03-11T09:52:10,2024-03-11T09:55:44,approved,1,0,
3b13d10e8b872f15,2910947f9388,3d7664081c3d,Rajasthan,488,2024-03-11T09:56:24,2024-03-11T10:14:54,approved,1,0,
19562548587a58d7,67a0390930e5,789f82c3596b,Kerala,546,2024-03-11T09:56:39,2024-03-11T10:25:09,declined,1,0,
3c01244bed3cdaed,48f26f133a7b,7403fafe1114,Haryana,628,2024-03-11T09:56:55,2024-03-11T10:26:55,expired,1,0,
2d9feb4712313279,3a6d68f3644e,6107645f13db,West Bengal,944,2024-03-11T10:02:11,2024-03-11T10:32:11,expired,1,0,
05d789a5245bd9cd,3a6d68f3644e,329ae2c59f9d,Karnataka,3346,2024-03-11T10:03:00,2024-03-11T10:03:55,approved,1,0,
6bdb6a8da896a13c,1318e3fa6d29,2cbae41a1247,Delhi,687,2024-03-11T10:06:36,2024-03-11T10:22:43,approved,1,0,
1309d84664dfb484,22ea49616c97,7e77ef0d49ab,Kerala,691,2024-03-11T10:06:41,2024-03-11T10:22:06,approved,1,0,
55c3eb531cceaa53,7d81c905f4c1,581b69454e81,Delhi,1718,2024-03-11T10:08:31,2024-03-11T10:27:09,approved,1,0,
7781837cd47d2123,0fc3186df001,2c5367b33354,Telangana,787,2024-03-11T10:15:34,2024-03-11T10:19:02,approved,1,0,
54d438f85f08a895,673acd5d1161,6d622564d8c5,Haryana,731,2024-03-11T10:15:55,2024-03-11T10:17:46,approved,1,0,
55af3a4cba4b584e,0176a1a01f10,174b1b4203ab,Telangana,2135,2024-03-11T10:19:21,2024-03-11T10:49:21,expired,1,0,
55a3ff33cc6272a4,35ed52508031,01abd53e5244,Kerala,915,2024-03-11T10:20:02,2024-03-11T10:27:36,approved,1,0,
714eb1b085a95870,6d33a7293228,406730d4d876,Kerala,346,2024-03-11T10:20:20,2024-03-11T10:28:26,approved,1,0,
366c3f0828fa73d2,22ea49616c97,470d417ff29f,Karnataka,660,2024-03-11T10:23:34,2024-03-11T10:24:58,approved,1,0,
2446a7b2e702cb00,2baf4e7593de,4f622715013e,Tamil Nadu,383,2024-03-11T10:31:45,2024-03-11T10:36:04,approved,1,0,
138c8b496266eb67,48e58d7747c6,7e48b6a084d8,Karnataka,1540,2024-03-11T10:32:59,2024-03-11T10:47:44,approved,1,0,
2a483b8631ee6907,5be02b242add,354c0235c318,Karnataka,4989,2024-03-11T10:33:22,2024-03-11T10:41:10,approved,1,0,
501b024ee342b513,41e20e89712f,08df12410584,Karnataka,911,2024-03-11T10:34:31,2024-03-11T10:50:40,approved,1,0,
1707da06b7c121c6,7786fa4ecb51,32be471533a0,Gujarat,668,2024-03-11T10:35:05,2024-03-11T11:05:05,expired,1,0,
516894ae84a727be,20332b92b91c,05c1ad410158,Uttar Pradesh,1147,2024-03-11T10:35:37,2024-03-11T10:52:52,approved,0,0,
74b1f633ff19a35e,6e73719779d9,651e517c40f1,Rajasthan,1148,2024-03-11T10:39:15,2024-03-11T10:42:30,approved,0,0,
05c3c16041cc220f,34994a8b60cd,0a70bf819780,Delhi,278,2024-03-11T10:41:28,2024-03-11T10:44:00,approved,0,0,
652a3d0ba3af76a3,6f17ea22aaac,1022d9318ace,Delhi,1356,2024-03-11T10:42:01,2024-03-11T11:12:01,expired,1,0,
740b3838110982b4,22ea49616c97,03b28097414b,Bihar,808,2024-03-11T10:45:30,2024-03-11T11:04:06,approved,1,0,
3a8534c80491433d,673acd5d1161,2dafc666c9ca,Bihar,1008,2024-03-11T10:46:52,2024-03-11T10:47:55,approved,1,0,
12fc25a6481fe6b9,1e30aaf5adb8,02802d1f03b7,West Bengal,364,2024-03-11T10:49:42,2024-03-11T11:06:30,approved,1,0,
5842f81397ea9bd7,6f17ea22aaac,71db923b4f37,Rajasthan,1129,2024-03-11T10:50:00,2024-03-11T11:20:00,expired,1,0,
726d75a5ed5f62d9,3a6d68f3644e,7816caf2628b,Haryana,857,2024-03-11T10:51:18,2024-03-11T11:09:12,approved,1,0,
4c5bb2659ef82d01,6a2b9baa3e4a,5c88908df54a,Haryana,478,2024-03-11T10:52:04,2024-03-11T11:04:21,approved,1,0,
5c16a6f40647aed4,5e5c092ab53d,006c09b4c0c5,Karnataka,1617,2024-03-11T10:56:05,2024-03-11T10:57:38,approved,1,0,
1ada24227065e933,0cce3dbda79d,53594e0cab66,Karnataka,877,2024-03-11T11:00:37,2024-03-11T11:30:37,expired,0,0,
7da5448a712e89e8,2910947f9388,6489e75b2737,Bihar,277,2024-03-11T11:01:45,2024-03-11T11:22:47,declined,1,0,
3936a63b18b5e5af,45d11774ab5d,465e47706bd7,Delhi,308,2024-03-11T11:01:53,2024-03-11T11:13:13,approved,0,0,
7f8ac2bd918b4f8e,673acd5d1161,226b9c023df0,Telangana,3062,2024-03-11T11:03:26,2024-03-11T11:13:17,approved,1,0,
41f3b92a7b581280,1e30aaf5adb8,03baea5bd22a,Telangana,711,2024-03-11T11:10:34,2024-03-11T11:25:30,approved,1,0,
0fed1030bb732254,45d11774ab5d,479bc9f18ce2,Bihar,960,2024-03-11T11:14:04,2024-03-11T11:20:57,approved,0,0,
276bd6a4b9c1f25a,2b1781ab1f24,542977dae094,Telangana,4621,2024-03-11T11:14:07,2024-03-11T11:24:59,declined,0,0,
1c349e154c6b68ee,6f17ea22aaac,09a4fce82f26,Haryana,872,2024-03-11T11:18:20,2024-03-11T11:24:29,approved,1,0,
68cf02379dbddab5,67a0390930e5,2385543f242e,Tamil Nadu,391,2024-03-11T11:20:35,2024-03-11T11:34:37,approved,1,0,
7b0ac6ea1bf41329,6ab35d61cd9f,258f1c3d7ce6,Uttar Pradesh,422,2024-03-11T11:24:20,2024-03-11T11:27:02,approved,1,0,
2e5892a9f4fd2cc9,6e73719779d9,4679683f2ec7,Telangana,458,2024-03-11T11:24:36,2024-03-11T11:54:36,expired,0,0,
3a70df17b35b0293,11d601015742,2c2bc56d61cf,Bihar,2736,2024-03-11T11:25:44,2024-03-11T11:26:21,approved,1,0,
027c796a403b031f,2baf4e7593de,149c47d61d9c,Bihar,721,2024-03-11T11:28:53,2024-03-11T11:40:58,approved,1,0,
38e8fa12a72245b4,6a706675422c,1a6b4df72973,Uttar Pradesh,290,2024-03-11T11:31:45,2024-03-11T11:40:50,declined,0,0,
734dedf27e4c2fe1,663473dc643e,3663feeb4fd7,Telangana,530,2024-03-11T11:32:20,2024-03-11T11:43:07,approved,1,0,
5641fefabd3cdbee,5e5c092ab53d,32ec0393126e,Bihar,2994,2024-03-11T11:36:54,2024-03-11T11:42:03,approved,1,0,
0fe0ba6ecf9c4948,0cce3dbda79d,5660e249f8d2,Telangana,358,2024-03-11T11:37:30,2024-03-11T11:52:03,approved,0,0,
168c00c22bb94e47,0176a1a01f10,4ab4c1aa3e2e,Uttar Pradesh,3444,2024-03-11T11:40:42,2024-03-11T11:54:48,approved,1,0,
1d79e302e03e06fb,20332b92b91c,7372ea873c5f,Haryana,256,2024-03-11T11:41:49,2024-03-11T12:01:07,approved,0,0,
604b71db3cc69c7b,0cce3dbda79d,5960ae764e77,Tamil Nadu,1388,2024-03-11T11:43:33,2024-03-11T11:54:40,approved,0,0,
2d4cae37672e7825,6e73719779d9,0fdb7081dbd3,Karnataka,62,2024-03-11T11:44:07,2024-03-11T12:06:36,declined,0,0,
540780b541258eb7,3a6d68f3644e,4daf2065cd45,Gujarat,1610,2024-03-11T11:48:20,2024-03-11T12:02:35,approved,1,0,
3b58b5da03d12a15,6d33a7293228,7b5d1e50e310,Karnataka,564,2024-03-11T11:51:38,2024-03-11T11:56:11,approved,1,0,
5dc7525cf0bcb63b,0cce3dbda79d,606306ca39af,Rajasthan,151,2024-03-11T11:52:52,2024-03-11T12:22:52,expired,0,0,
3c38055903c1d38f,1e30aaf5adb8,74aa63b1ac81,Telangana,410,2024-03-11T11:54:07,2024-03-11T12:24:07,expired,1,0,
33514a6d80a7886b,4a83bc732574,24f6f9a3f2ab,Uttar Pradesh,2101,2024-03-11T11:55:18,2024-03-11T12:13:07,approved,1,0,
745d7b928b1bd1c5,4a83bc732574,38ee02027be6,Kerala,2123,2024-03-11T11:55:45,2024-03-11T11:59:33,approved,1,0,
7cd96ba0f06265a9,6a7bccb8c392,79b99bc53ca8,Telangana,747,2024-03-11T12:00:08,2024-03-11T12:30:08,expired,1,0,
774367f1feb9a2ca,6a7bccb8c392,20d0d069ef9d,West Bengal,227,2024-03-11T12:02:02,2024-03-11T12:20:40,approved,1,0,
1a7f7cb81616ec0b,6a7bccb8c392,54b5db227025,Maharashtra,914,2024-03-11T12:02:25,2024-03-11T12:32:25,expired,1,0,
65aaac88a2cd8bf0,2910947f9388,6fbc4870b7a0,West Bengal,570,2024-03-11T12:08:48,2024-03-11T12:20:46,approved,1,0,
138bf4a1502a19e0,5be02b242add,0a772730afba,Gujarat,1626,2024-03-11T12:09:26,2024-03-11T12:25:01,declined,1,0,
5a29a79afc692c5f,11d601015742,1f29f3ec3d87,Delhi,8177,2024-03-11T12:09:29,2024-03-11T12:21:55,approved,1,0,
113c1a680f323c62,216f11aafe2f,0a43bb7e810a,Tamil Nadu,341,2024-03-11T12:09:57,2024-03-11T12:28:54,approved,0,0,
21865a77a86a5161,1e30aaf5adb8,255b50ab50ca,Uttar Pradesh,426,2024-03-11T12:13:36,2024-03-11T12:21:11,approved,1,0,
53f79b9bb0c4d976,48f26f133a7b,2aeed4adc122,Bihar,410,2024-03-11T12:14:56,2024-03-11T12:20:04,approved,1,0,
18773b807fa06cae,2baf4e7593de,704817859624,Bihar,251,2024-03-11T12:15:34,2024-03-11T12:26:59,approved,1,0,
4256bea6572d3b30,7d81c905f4c1,0ac00dd10746,Maharashtra,1929,2024-03-11T12:17:55,2024-03-11T12:23:55,approved,1,0,
4a13c3134c3ba2ca,6ab35d61cd9f,0002eb76054b,Telangana,347,2024-03-11T12:22:13,2024-03-11T12:32:12,approved,1,0,
78304ec834ea0d41,2b7ae5050a4d,136598c8020f,Bihar,426,2024-03-11T12:23:38,2024-03-11T12:35:48,approved,1,0,
31f52465d1fb45bf,7d81c905f4c1,53594e0cab66,Karnataka,1614,2024-03-11T12:27:22,2024-03-11T12:43:39,approved,1,0,
76b04dd16b4021de,0cce3dbda79d,42fd87d86b43,Bihar,702,2024-03-11T12:28:14,2024-03-11T12:40:48,approved,0,0,
1ef2a658eb7b9183,0fc3186df001,2bf15694db53,Karnataka,2036,2024-03-11T12:28:27,2024-03-11T12:34:59,approved,1,0,
64900d37379bfb47,0176a1a01f10,7bcf5d113e31,West Bengal,3753,2024-03-11T12:30:14,2024-03-11T12:48:03,approved,1,0,
00eea787b3b4c7ca,663473dc643e,6473ce8fa232,Bihar,429,2024-03-11T12:31:38,2024-03-11T12:50:06,approved,1,0,
52fd73c02b75a38d,30595689af87,76f072939128,Kerala,1623,2024-03-11T12:36:53,2024-03-11T13:06:53,expired,1,0,
4528788e8a8ebc60,216f11aafe2f,2a621a52bb6e,Telangana,738,2024-03-11T12:37:03,2024-03-11T13:07:03,expired,0,0,
6b5f53ce3e45545a,634690700829,5e6d5ef3a7d4,Rajasthan,745,2024-03-11T12:37:12,2024-03-11T13:07:12,expired,1,0,
56fb1ac2ebbdb6f5,2b1781ab1f24,1cb9cf0cc82d,Karnataka,624,2024-03-11T12:37:34,2024-03-11T13:07:34,expired,0,0,
191e22bf149b5cbe,0d9a63adaba5,4ad4f7d05c8c,Uttar Pradesh,1587,2024-03-11T12:38:44,2024-03-11T12:51:15,approved,1,0,
231a7b649fee762f,513484923021,1758c371c19d,Haryana,694,2024-03-11T12:40:04,2024-03-11T12:51:19,approved,1,0,
1a2eaf8b77af8297,0176a1a01f10,240d6889172c,Uttar Pradesh,2065,2024-03-11T12:40:43,2024-03-11T12:49:45,approved,1,0,
261ae06bdbd166ed,0f0510686293,5e33c534e425,Haryana,626,2024-03-11T12:42:57,2024-03-11T12:44:21,declined,1,0,
1a6c5b4b8299089e,22ea49616c97,06811a84b414,Tamil Nadu,319,2024-03-11T12:43:00,2024-03-11T13:13:00,expired,1,0,
53fbd7897be1913f,39dc63eef666,5ba342d759e5,Kerala,488,2024-03-11T12:47:20,2024-03-11T13:02:21,approved,1,0,
1fadfd1a8619204e,6d33a7293228,6d97ba226f15,Haryana,379,2024-03-11T12:51:37,2024-03-11T12:56:14,approved,1,0,
62bc2857989687fc,634690700829,59945554a11a,Telangana,568,2024-03-11T12:53:25,2024-03-11T13:09:59,approved,1,0,
05c2fe0085802cbb,634690700829,344acba95091,Bihar,951,2024-03-11T12:53:47,2024-03-11T13:09:29,approved,1,0,
6e50b44a0eb6c9ee,3a6d68f3644e,5f92030a38b2,Maharashtra,3438,2024-03-11T12:53:47,2024-03-11T13:07:03,approved,1,0,
40c7f5e3f966c59e,6d33a7293228,23f74cc5e2d3,Kerala,681,2024-03-11T12:54:11,2024-03-11T13:01:12,approved,1,0,
1abddaa3963ad986,0cce3dbda79d,4aeec59c3e95,West Bengal,1179,2024-03-11T12:56:21,2024-03-11T13:26:21,expired,0,0,
458389d8cc45d652,6646fee30506,406befca98b0,Bihar,915,2024-03-11T13:01:26,2024-03-11T13:05:33,approved,1,0,
18f2f884c3754477,513484923021,15006e0fc3f2,Uttar Pradesh,430,2024-03-11T13:03:14,2024-03-11T13:24:48,declined,1,0,
2fb760adb02984c9,5be02b242add,2f16c987f55e,Karnataka,1058,2024-03-11T13:04:52,2024-03-11T13:20:55,approved,1,0,
2fab0c886fb6f991,4818964bb9e3,1aa4ac2befe5,Telangana,627,2024-03-11T13:08:23,2024-03-11T13:21:36,approved,1,0,
72496e540b399bc1,34994a8b60cd,5e0ae4f63ef6,Uttar Pradesh,2112,2024-03-11T13:13:52,2024-03-11T13:19:01,approved,0,0,
4bb9d98fb8c12d51,60a547ae6f0e,15ac0fbdadab,Delhi,607,2024-03-11T13:15:53,2024-03-11T13:32:58,approved,1,0,
2b7e3f1f7b40d9f3,6a706675422c,4cd2184d0866,Tamil Nadu,232,2024-03-11T13:16:24,2024-03-11T13:31:07,approved,0,0,
751f1c760a0153b3,48a5f4e76a41,6dda7a888755,Uttar Pradesh,269,2024-03-11T13:18:40,2024-03-11T13:27:28,approved,0,0,
556072dde6861d2c,6e73719779d9,0fceb3dffe4a,Uttar Pradesh,1582,2024-03-11T13:19:46,2024-03-11T13:30:51,approved,0,0,
1f82c7ccbd0737e9,634690700829,3425656295dd,Kerala,444,2024-03-11T13:20:19,2024-03-11T13:21:17,approved,1,0,
61a76fc36b29ad75,663473dc643e,7acab32ccc46,Delhi,407,2024-03-11T13:20:21,2024-03-11T13:39:06,approved,1,0,
3f90807edcb97d5b,216f11aafe2f,54a47bc56ff0,Gujarat,1253,2024-03-11T13:23:00,2024-03-11T13:30:38,approved,0,0,
1552cfb8184b608e,19a849472d1b,320eb437d0f1,Haryana,960,2024-03-11T13:24:05,2024-03-11T13:41:44,approved,1,0,
2c19fc38ed411a0c,6a7bccb8c392,7d59b6cd25fc,Karnataka,933,2024-03-11T13:24:17,2024-03-11T13:30:30,approved,1,0,
058533b5e317e22f,107ff2ac18f1,5150a730f1e9,West Bengal,404,2024-03-11T13:24:46,2024-03-11T13:41:40,approved,1,0,
36abd7f3c8427864,0d9a63adaba5,25cd3300177c,Haryana,1614,2024-03-11T13:25:26,2024-03-11T13:40:09,approved,1,0,
656462088272d595,513484923021,24b97a7eabcd,Haryana,644,2024-03-11T13:27:51,2024-03-11T13:33:30,approved,1,0,
4bc428de49c180c5,3a6576ce966b,3f61239716fa,Tamil Nadu,1969,2024-03-11T13:28:44,2024-03-11T13:35:57,approved,1,0,
63187ea0302111f0,51e266317647,0e8ef3b9d65c,West Bengal,450,2024-03-11T13:31:22,2024-03-11T13:41:40,approved,1,0,
214aefc46c3c63db,48f26f133a7b,3cd560078c54,Delhi,705,2024-03-11T13:31:50,2024-03-11T13:50:29,approved,1,0,
6f85cc7453dc8926,67a0390930e5,3b9f5b8babc4,Karnataka,406,2024-03-11T13:33:22,2024-03-11T13:52:25,approved,1,0,
21e8f185cdbde269,6d33a7293228,0d305aa2786f,Telangana,297,2024-03-11T13:34:20,2024-03-11T13:36:48,approved,1,0,
44ad15716875e7a1,7b99521e8d62,2e33c41bad64,Haryana,1106,2024-03-11T13:36:10,2024-03-11T13:49:23,approved,1,0,
3f5cac35a2a0571e,663473dc643e,146cff4efd06,Karnataka,278,2024-03-11T13:40:20,2024-03-11T13:41:21,approved,1,0,
782482faf107b635,0d9a63adaba5,7a3526e9082b,Delhi,1180,2024-03-11T13:41:41,2024-03-11T13:43:38,approved,1,0,
4f4d37679b0e81bd,22ea49616c97,154fc7dab423,Tamil Nadu,529,2024-03-11T13:41:49,2024-03-11T13:53:58,approved,1,0,
7449d5ce25e4d8d7,48e58d7747c6,4a6105f544f8,Delhi,883,2024-03-11T13:43:32,2024-03-11T13:51:26,approved,1,0,
22dbbad6ce46f7c3,19a849472d1b,2753e7e665fb,Rajasthan,921,2024-03-11T13:49:58,2024-03-11T13:59:11,approved,1,0,
19e071f2e5f61cb9,6646fee30506,5bde6968aaa9,Telangana,1066,2024-03-11T13:50:37,2024-03-11T14:00:35,approved,1,0,
644aacaafa6a2c8d,6a706675422c,109fb258dfcd,Gujarat,137,2024-03-11T13:51:01,2024-03-11T13:57:05,declined,0,0,
5f9772574e05c993,0f0510686293,430cb94a1b7d,Gujarat,1070,2024-03-11T13:51:56,2024-03-11T14:21:56,expired,1,0,
46aa6ea651bfbab8,694d71c69d67,769da22c8433,Gujarat,1408,2024-03-11T13:54:28,2024-03-11T14:07:43,approved,1,0,
2f45d215a23c5d4e,6e73719779d9,29b2b656bf11,Tamil Nadu,6654,2024-03-11T13:56:03,2024-03-11T13:59:59,approved,0,0,
7e1b91693b37b28e,6e836fcd1e4d,652aa832ed39,Uttar Pradesh,949,2024-03-11T13:57:14,2024-03-11T14:03:13,approved,0,0,
245bca080a28473b,663473dc643e,1d4cd90c7f87,Uttar Pradesh,657,2024-03-11T13:59:56,2024-03-11T14:05:00,approved,1,0,
740d328ad55c8a26,7b99521e8d62,2d3003638d6e,Rajasthan,4641,2024-03-11T14:00:57,2024-03-11T14:02:47,approved,1,0,
502854925b5ce4e8,6a7bccb8c392,2801f95260d6,Gujarat,439,2024-03-11T14:05:02,2024-03-11T14:15:37,approved,1,0,
3d01a7ebb13b34de,6ab35d61cd9f,0710e37bda92,West Bengal,539,2024-03-11T14:07:26,2024-03-11T14:36:00,declined,1,0,
3e7674ee2d11b720,41e20e89712f,681071b0d2d1,Tamil Nadu,2618,2024-03-11T14:08:51,2024-03-11T14:11:47,approved,1,0,
6e2826f02c395b94,3a6d68f3644e,6bbdb57890ab,Maharashtra,516,2024-03-11T14:09:24,2024-03-11T14:10:10,approved,1,0,
2fffbc98181f5496,45d11774ab5d,216a5f3a97bf,Telangana,572,2024-03-11T14:10:26,2024-03-11T14:40:26,expired,0,0,
32af3eb78d2bfab4,39dc63eef666,46ee28653cf8,Delhi,276,2024-03-11T14:11:03,2024-03-11T14:24:32,approved,1,0,
6c769e335ba63aec,5be02b242add,26b08e8ead9a,Rajasthan,3562,2024-03-11T14:13:22,2024-03-11T14:24:05,approved,1,0,
333600c7dddc3ab8,694d71c69d67,0a70bf819780,Delhi,909,2024-03-11T14:13:45,2024-03-11T14:20:04,approved,1,0,
1205f7d6b1ea47ba,6e73719779d9,54731f53b058,Delhi,1625,2024-03-11T14:15:33,2024-03-11T14:28:46,approved,0,0,
6c76e20b8fb2b65c,5be02b242add,49b79f17c03b,Maharashtra,2350,2024-03-11T14:21:09,2024-03-11T14:30:34,approved,1,0,
1598ad7f8eee18ce,7786fa4ecb51,03a60a59390e,Tamil Nadu,626,2024-03-11T14:23:46,2024-03-11T14:41:40,approved,1,0,
4097b3593fea393c,2baf4e7593de,075201cc7ab6,Telangana,1001,2024-03-11T14:24:21,2024-03-11T14:40:29,approved,1,0,
1bacf9b0e8745bb6,1318e3fa6d29,6e275cb08900,Haryana,853,2024-03-11T14:30:39,2024-03-11T14:35:59,approved,1,0,
3ee9bd4c76b20d8e,694d71c69d67,577f2fb2ce31,Maharashtra,4184,2024-03-11T14:30:51,2024-03-11T14:38:53,approved,1,0,
78aa78c6ecf2f172,09805b931ea6,498ab3d59a05,Karnataka,6566,2024-03-11T14:38:43,2024-03-11T14:55:49,approved,1,0,
35430c01ea15d2c2,48f26f133a7b,7ffe76f65b3d,Bihar,289,2024-03-11T14:38:58,2024-03-11T14:57:46,approved,1,0,
1b01caf6f7a2d31e,2569a0f51294,2c40c28b4ec6,Karnataka,1087,2024-03-11T14:41:00,2024-03-11T14:47:34,approved,1,0,
747d7b66fc631038,663473dc643e,122de1e8b5ee,Karnataka,978,2024-03-11T14:41:18,2024-03-11T14:48:41,approved,1,0,
7ea4a7a5b6887ce1,09805b931ea6,29b2b656bf11,Tamil Nadu,807,2024-03-11T14:44:00,2024-03-11T14:57:09,approved,1,0,
02011e139096ecd0,673acd5d1161,7c1a1bef8480,Rajasthan,1588,2024-03-11T14:44:14,2024-03-11T14:50:23,approved,1,0,
6e616a9a2bc60cad,67a0390930e5,4708c0fb56e2,Telangana,338,2024-03-11T14:45:03,2024-03-11T15:15:03,expired,1,0,
72e6b413ff690d9f,39dc63eef666,7aed65dfdfd9,Maharashtra,800,2024-03-11T14:45:14,2024-03-11T14:54:46,approved,1,0,
57ff340cb302c230,2569a0f51294,460418829325,Kerala,2642,2024-03-11T14:46:33,2024-03-11T15:16:33,expired,1,0,
686d836bf400c61b,2b1781ab1f24,1ec1ccb90ca8,Uttar Pradesh,493,2024-03-11T14:49:32,2024-03-11T14:58:28,approved,0,0,
4b6ce620231f4dc1,634690700829,4b64dd0dd174,Haryana,1012,2024-03-11T14:54:33,2024-03-11T15:21:14,declined,1,0,
5b01866ec6eca90f,51e266317647,0d768bc9d616,Telangana,668,2024-03-11T14:56:49,2024-03-11T15:08:07,approved,1,0,
3b27047fc65b9d7e,48f26f133a7b,08cee5d150af,Telangana,353,2024-03-11T14:57:22,2024-03-11T15:07:46,approved,1,0,
2c4b3988fd71b94e,634690700829,2006d0af771a,Rajasthan,543,2024-03-11T14:57:37,2024-03-11T15:01:06,approved,1,0,
0b6e94391e16b5fb,694d71c69d67,5935eca9d23a,Tamil Nadu,1037,2024-03-11T14:59:14,2024-03-11T15:08:07,approved,1,0,
6f8c5c8265d62554,694d71c69d67,7e45be037b44,Telangana,1560,2024-03-11T15:04:55,2024-03-11T15:06:33,approved,1,0,
3b1fb592d60a354a,5be02b242add,3008060c8a1e,Rajasthan,1506,2024-03-11T15:06:05,2024-03-11T15:08:39,approved,1,0,
2a253b3108900f37,7b99521e8d62,40844f989927,Delhi,3326,2024-03-11T15:06:16,2024-03-11T15:12:06,approved,1,0,
3aacb06099fe8f5a,7d81c905f4c1,69443183c836,Tamil Nadu,4241,2024-03-11T15:09:04,2024-03-11T15:20:48,approved,1,0,
0234472f2cfaef8a,09805b931ea6,1b48e5acedc7,Gujarat,730,2024-03-11T15:10:52,2024-03-11T15:11:31,approved,1,0,
1c79c534f8b54a94,2b7ae5050a4d,16ebaa4a333a,Bihar,368,2024-03-11T15:13:17,2024-03-11T15:16:58,declined,1,0,
7d5820bbbe848fc9,20332b92b91c,384cda126035,Tamil Nadu,1151,2024-03-11T15:14:35,2024-03-11T15:30:55,approved,0,0,
5b2275b34ad53b7b,5ded2d78f299,78936cbf29a1,Delhi,964,2024-03-11T15:16:06,2024-03-11T15:24:31,approved,1,0,
20437d2d5f3d7fe9,4a83bc732574,2e883b2796de,West Bengal,780,2024-03-11T15:18:05,2024-03-11T15:22:48,approved,1,0,
1d0f4e24646ba5f5,6ab35d61cd9f,4e2e071b17b0,Karnataka,448,2024-03-11T15:18:21,2024-03-11T15:23:07,approved,1,0,
2d87dcb3577a4f9d,6a706675422c,0af0ae8a5582,Delhi,282,2024-03-11T15:18:48,2024-03-11T15:36:44,approved,0,0,
23e8730c41becaa9,0fc3186df001,2ebc934751ff,Karnataka,2584,2024-03-11T15:21:50,2024-03-11T15:26:58,approved,1,0,
1debb17607fc9d68,107ff2ac18f1,1d0ff6be95a0,Haryana,1158,2024-03-11T15:22:39,2024-03-11T15:42:32,approved,1,0,
622c183444dcfcf2,663473dc643e,017f29b0d676,Haryana,341,2024-03-11T15:24:15,2024-03-11T15:42:24,approved,1,0,
274b972bfec9265b,6f5fa5bed003,75b041680504,Haryana,2026,2024-03-11T15:24:57,2024-03-11T15:30:42,approved,1,0,
0146889fe86de133,513484923021,126a32640421,Karnataka,515,2024-03-11T15:25:13,2024-03-11T15:42:47,approved,1,0,
5d45819fd3455f8f,107ff2ac18f1,4fbbd8e99724,Gujarat,461,2024-03-11T15:25:34,2024-03-11T15:44:04,approved,1,0,
55ac8a5d58ed6f8c,51e266317647,3e558c8ab8c2,Kerala,408,2024-03-11T15:26:20,2024-03-11T15:43:40,approved,1,0,
706d4ef5a91851de,7b99521e8d62,37391d57b1e2,Telangana,1619,2024-03-11T15:31:09,2024-03-11T15:42:37,approved,1,0,
44e272da815bbaa7,2baf4e7593de,2769277c9c73,Telangana,490,2024-03-11T15:31:19,2024-03-11T15:51:11,declined,1,0,
484b46701af2eae2,5ded2d78f299,12561e1f0989,Uttar Pradesh,1430,2024-03-11T15:32:09,2024-03-11T15:40:30,approved,1,0,
4b4c68ce5e72d2bc,663473dc643e,3fac480c6502,Rajasthan,640,2024-03-11T15:33:22,2024-03-11T15:50:57,approved,1,0,
670d5a96437d010c,6f17ea22aaac,521c870056bc,Karnataka,1533,2024-03-11T15:36:48,2024-03-11T15:38:20,approved,1,0,
3244de8f40c9c0d8,4c6b531ee064,34380e522cc8,Kerala,1570,2024-03-11T15:38:21,2024-03-11T15:48:11,approved,1,0,
5afac8aa2e87af9d,2baf4e7593de,0dcb5a79f35d,Gujarat,319,2024-03-11T15:38:27,2024-03-11T15:48:24,approved,1,0,
3baa8182ed8c4c1f,673acd5d1161,62ca258ba0b1,Uttar Pradesh,1866,2024-03-11T15:42:33,2024-03-11T15:58:40,approved,1,0,
4efcbde22e64651f,5be02b242add,45780fb401b2,Uttar Pradesh,1356,2024-03-11T15:46:18,2024-03-11T15:49:14,approved,1,0,
39ba3cd43ebfbcae,5ded2d78f299,1e17558b350f,Maharashtra,5704,2024-03-11T15:49:04,2024-03-11T16:07:59,approved,1,0,
74dbc89bd7c3e8a3,6f17ea22aaac,50d63d1b3165,Tamil Nadu,1173,2024-03-11T15:52:43,2024-03-11T16:02:03,approved,1,0,
658f2a69f47f1024,20332b92b91c,2292d28c7351,Haryana,881,2024-03-11T15:53:20,2024-03-11T16:23:20,expired,0,0,
318093a38c49f8d9,107ff2ac18f1,5c6e1f107a8b,Maharashtra,365,2024-03-11T15:54:17,2024-03-11T16:02:06,approved,1,0,
6a63b7a140feba0e,663473dc643e,471b6baa0ea9,West Bengal,734,2024-03-11T15:55:03,2024-03-11T16:01:14,approved,1,0,
32da477e81463611,673acd5d1161,324c8c80ff0d,Uttar Pradesh,1898,2024-03-11T15:59:14,2024-03-11T16:15:01,approved,1,0,
0a6b2c6818a08268,6d33a7293228,739aabcb6386,Kerala,605,2024-03-11T16:00:00,2024-03-11T16:09:17,declined,1,0,
068ef7435800fdab,4a83bc732574,6ceb0f6bf35e,Kerala,1429,2024-03-11T16:01:10,2024-03-11T16:31:10,expired,1,0,
1a9786ad17b6fb54,4a83bc732574,136598c8020f,Bihar,505,2024-03-11T16:07:27,2024-03-11T16:12:12,approved,1,0,
4350489b02b3b532,3a6d68f3644e,363c0bf0b35d,Bihar,2048,2024-03-11T16:07:35,2024-03-11T16:14:40,approved,1,0,
1794f3f7a0961590,6e73719779d9,76ed8b9b2c1f,Karnataka,1201,2024-03-11T16:10:59,2024-03-11T16:23:40,approved,0,0,
7c18f75834442148,0d4a1f2e8b76,4aeec59c3e95,West Bengal,509,2024-03-11T16:14:21,2024-03-11T16:20:38,approved,1,0,
3dfd00f234e9daca,5be02b242add,0b48efc0bb6d,Maharashtra,353,2024-03-11T16:14:50,2024-03-11T16:22:49,approved,1,0,
65c15953657f2b6a,48a5f4e76a41,42dab19850da,Gujarat,266,2024-03-11T16:16:44,2024-03-11T16:29:27,approved,0,0,
43ae952555c4e0c1,0f0510686293,47e909f553b3,Rajasthan,802,2024-03-11T16:17:31,2024-03-11T16:19:04,approved,1,0,
465b0bb7c8ae376a,5be02b242add,248b03196df0,Bihar,918,2024-03-11T16:18:22,2024-03-11T16:32:32,approved,1,0,
17aae3701b2c5724,513484923021,5089503eb544,Telangana,437,2024-03-11T16:19:28,2024-03-11T16:49:28,expired,1,0,
15205bcf586c113d,6e73719779d9,325ef64b0c5c,Rajasthan,796,2024-03-11T16:20:20,2024-03-11T16:26:09,approved,0,0,
08e9544ffe062617,4a83bc732574,1f8471740f86,Karnataka,946,2024-03-11T16:20:20,2024-03-11T16:50:20,expired,1,0,
5e73a562b4e0a915,2569a0f51294,2c54ada9630a,Maharashtra,1325,2024-03-11T16:22:33,2024-03-11T16:52:33,expired,1,0,
171a08ecf65fb19b,634690700829,3cffbb3f298a,Bihar,403,2024-03-11T16:27:28,2024-03-11T16:46:56,approved,1,0,
10b06d0d00e53cc6,2b1781ab1f24,0d9a1ab8e5e7,Rajasthan,410,2024-03-11T16:37:02,2024-03-11T16:41:04,declined,0,0,
5bbe30ef4cdf957d,6ab35d61cd9f,7ada7088f030,Rajasthan,237,2024-03-11T16:41:31,2024-03-11T16:54:39,approved,1,0,
4b3dececfe679d8d,2baf4e7593de,3b6831422eba,West Bengal,495,2024-03-11T16:49:28,2024-03-11T17:02:16,approved,1,0,
093cb9cee9b59ccf,09805b931ea6,4de96cd8b994,West Bengal,3573,2024-03-11T16:52:26,2024-03-11T17:10:48,approved,1,0,
17c6f539c57def22,48e58d7747c6,729e0d49e119,Kerala,1039,2024-03-11T16:56:19,2024-03-11T17:02:12,approved,1,0,
738006647da3c991,3a6d68f3644e,1e7412ecc64f,Rajasthan,1332,2024-03-11T16:57:27,2024-03-11T17:11:13,approved,1,0,
1e94dfc198e904d9,0176a1a01f10,2abf9d0f4ba6,Tamil Nadu,1531,2024-03-11T16:59:06,2024-03-11T17:12:17,approved,1,0,
6988af8c6b0adb5e,51e266317647,60a5c7240bba,Karnataka,651,2024-03-11T17:01:03,2024-03-11T17:31:03,expired,1,0,
0b99fc58ddde455d,513484923021,1536041edf56,Telangana,365,2024-03-11T17:05:38,2024-03-11T17:19:15,approved,1,0,
168cdbcc4ef67374,673acd5d1161,43c36f22f565,Kerala,1371,2024-03-11T17:08:50,2024-03-11T17:10:33,approved,1,0,
287630b3f10d7315,30595689af87,08bd60ae0f53,Uttar Pradesh,517,2024-03-11T17:19:30,2024-03-11T17:49:30,expired,1,0,
5cbc78974187ab52,3a6576ce966b,485b12d742ef,Karnataka,856,2024-03-11T17:26:51,2024-03-11T17:38:24,approved,1,0,
1fb215b0df353e74,7d493d48b208,12dc58badf31,Bihar,1200,2024-03-11T17:28:12,2024-03-11T17:32:11,approved,1,0,
3fe608495ceb30e3,7b99521e8d62,07cb22aee0cc,Delhi,994,2024-03-11T17:30:08,2024-03-11T17:39:09,approved,1,0,
6c18f07a194334fb,4a83bc732574,18e091fd72b8,West Bengal,5907,2024-03-11T17:31:29,2024-03-11T18:01:29,expired,1,0,
1464b265c5708b8e,5ded2d78f299,0e3749a34cea,Maharashtra,2214,2024-03-11T17:34:02,2024-03-11T17:41:49,approved,1,0,
1804057998f84724,7786fa4ecb51,0bcb17a7d72c,Gujarat,510,2024-03-11T17:34:51,2024-03-11T17:35:21,approved,1,0,
40dd5843e30f09a8,6ab35d61cd9f,11a8f0146d88,Bihar,320,2024-03-11T17:38:35,2024-03-11T17:50:02,approved,1,0,
5a5b7410fb06f08c,673acd5d1161,09dc6582cdc3,Bihar,913,2024-03-11T17:39:38,2024-03-11T17:44:07,approved,1,0,
2693d9312ced3d0e,0cce3dbda79d,49be981dee55,Telangana,4457,2024-03-11T17:40:25,2024-03-11T17:50:08,approved,0,0,
35acc2e40aec0979,634690700829,77ee66252919,Telangana,907,2024-03-11T17:44:21,2024-03-11T17:58:57,approved,1,0,
401583b3d99ed933,6f17ea22aaac,451cae30353b,Haryana,1908,2024-03-11T17:47:00,2024-03-11T17:55:28,approved,1,0,
5c8d1758ce4916a4,48f26f133a7b,146cff4efd06,Karnataka,408,2024-03-11T17:55:00,2024-03-11T18:09:15,approved,1,0,
4338c1427fee2232,41e20e89712f,5046d9bcf59a,Bihar,1494,2024-03-11T17:58:20,2024-03-11T18:18:03,approved,1,0,
2d7c317309606b54,6646fee30506,0e29677ed7d8,Uttar Pradesh,3497,2024-03-11T18:01:27,2024-03-11T18:14:02,approved,1,0,
65ed2b10c47bf1e6,67a0390930e5,5ad328c9247e,Tamil Nadu,709,2024-03-11T18:04:57,2024-03-11T18:34:57,expired,1,0,
70c9703d4a4dc5df,11d601015742,219273ce3d4b,West Bengal,2585,2024-03-11T18:06:34,2024-03-11T18:36:34,expired,1,0,
3c461c2eb8bb27f5,663473dc643e,49b66853f5ef,Maharashtra,239,2024-03-11T18:07:47,2024-03-11T18:19:50,approved,1,0,
594577791b65c69c,0f0510686293,295012fe58aa,Rajasthan,697,2024-03-11T18:09:35,2024-03-11T18:16:39,approved,1,0,
3184d9621b4fa09b,634690700829,334bd8561e64,Karnataka,641,2024-03-11T18:11:02,2024-03-11T18:16:56,approved,1,0,
75fc572e929ca5b0,0cce3dbda79d,281859650773,Kerala,697,2024-03-11T18:12:10,2024-03-11T18:25:42,approved,0,0,
3c357f1a1ca2621b,51e266317647,462389b683e7,Uttar Pradesh,483,2024-03-11T18:14:06,2024-03-11T18:26:57,approved,1,0,
117727f96b0845a9,6a2b9baa3e4a,1ada7ac63716,Uttar Pradesh,556,2024-03-11T18:14:54,2024-03-11T18:25:05,approved,1,0,
58864fb149fe0fbf,0d9a63adaba5,009f73a3cb22,Kerala,1344,2024-03-11T18:15:23,2024-03-11T18:30:02,approved,1,0,
4d958692118dcb27,7d493d48b208,2020d1152b5d,Kerala,450,2024-03-11T18:15:26,2024-03-11T18:33:54,approved,1,0,
76517b5b7003f0cb,0cce3dbda79d,174bb1e67178,Rajasthan,929,2024-03-11T18:20:09,2024-03-11T18:39:52,approved,0,0,
137a1ac2b1ed811b,694d71c69d67,580837b7a4cc,West Bengal,319,2024-03-11T18:20:28,2024-03-11T18:22:29,approved,1,0,
3c2281fe9e4b1afa,6d33a7293228,0d172f0c4b2c,Tamil Nadu,496,2024-03-11T18:22:16,2024-03-11T18:41:45,approved,1,0,
690e5f9bb72ca63d,35ed52508031,66a259054225,West Bengal,1176,2024-03-11T18:22:47,2024-03-11T18:40:47,approved,1,0,
6a41b7d064ad8d09,6fdf521c2b77,3b4b81b82964,Telangana,891,2024-03-11T18:25:36,2024-03-11T18:31:52,approved,1,0,
198529e2d5559e39,0511fee882e4,7e03fd880ca6,Delhi,1362,2024-03-11T18:26:08,2024-03-11T18:35:48,approved,1,0,
5c464d2842e37a04,45d11774ab5d,5a00b99e5775,Delhi,390,2024-03-11T18:30:05,2024-03-11T18:40:04,approved,0,0,
431681e7e0f1275b,3a6d68f3644e,17f8aabc3cf7,Uttar Pradesh,836,2024-03-11T18:32:05,2024-03-11T18:47:49,approved,1,0,
7e357a4fd305c336,6e73719779d9,4e143b1213c7,Gujarat,3203,2024-03-11T18:33:54,2024-03-11T18:36:49,approved,0,0,
072aa424fa1bca6b,09805b931ea6,004ecf52a2c7,Gujarat,1638,2024-03-11T18:34:27,2024-03-11T18:46:54,approved,1,0,
6295367a4efc9e1d,5be02b242add,30a257465c1f,Bihar,1699,2024-03-11T18:35:30,2024-03-11T18:41:46,approved,1,0,
1f23d3d31737d066,6a7bccb8c392,57de88c1bc69,Telangana,1015,2024-03-11T18:37:01,2024-03-11T18:54:11,approved,1,0,
6790d94b9dfe3ec5,7b99521e8d62,72888a00ff04,Tamil Nadu,2096,2024-03-11T18:37:33,2024-03-11T18:55:19,approved,1,0,
1a3e8d61d99ef0f3,0d4a1f2e8b76,15324c753000,Uttar Pradesh,953,2024-03-11T18:39:56,2024-03-11T18:43:18,approved,1,0,
0ee463290e5564d9,7d81c905f4c1,582db1eca661,Kerala,1343,2024-03-11T18:42:08,2024-03-11T18:46:51,approved,1,0,
3fca0701f5759a90,22ea49616c97,4252a907648b,Gujarat,298,2024-03-11T18:42:13,2024-03-11T18:56:50,approved,1,0,
26b7d7d5f07bf85e,20332b92b91c,1df540c6d4d5,Telangana,715,2024-03-11T18:45:07,2024-03-11T18:49:33,approved,0,0,
3b240b1ea93db06d,35ed52508031,03e8f5697178,Telangana,1256,2024-03-11T18:46:50,2024-03-11T19:16:50,expired,1,0,
330608768237ede3,7b8a68c1ae9c,6791907486a9,Tamil Nadu,998,2024-03-11T18:50:26,2024-03-11T18:51:16,approved,1,0,
233207235f22c761,4a83bc732574,08ceefc3df1c,Maharashtra,1052,2024-03-11T18:50:51,2024-03-11T19:05:54,approved,1,0,
1522bb0ac4076b06,22ea49616c97,79239f4180bf,Delhi,592,2024-03-11T18:51:27,2024-03-11T19:05:05,approved,1,0,
2d4b686ab18bd2da,41e20e89712f,1e0f980ce781,West Bengal,2159,2024-03-11T18:51:40,2024-03-11T18:59:56,approved,1,0,
178af687e5e20059,09f6cd55cca3,078b532c37b4,West Bengal,1030,2024-03-11T18:51:53,2024-03-11T18:57:29,approved,1,0,
2055fd54a3ea99db,5be02b242add,05543427f41f,Bihar,6469,2024-03-11T18:52:35,2024-03-11T18:57:40,approved,1,0,
6adf57923dd7b54c,673acd5d1161,602c9165d38f,Haryana,1560,2024-03-11T18:53:32,2024-03-11T18:59:18,approved,1,0,
1dc29f768ef5a8e2,34994a8b60cd,0a700b06680a,Telangana,527,2024-03-11T18:55:01,2024-03-11T19:25:01,expired,0,0,
1f83487dde820f11,7d81c905f4c1,62d46493cdb8,Delhi,936,2024-03-11T18:56:12,2024-03-11T19:11:16,approved,1,0,
6fcfb0790a102b32,7d493d48b208,7011a2100ef1,Rajasthan,880,2024-03-11T18:56:34,2024-03-11T19:14:08,approved,1,0,
29b326eede156d43,7b99521e8d62,1fce31b81661,Bihar,1366,2024-03-11T18:56:54,2024-03-11T19:09:09,approved,1,0,
1eb52c9c2faa3fc9,60a547ae6f0e,645464010e71,Haryana,604,2024-03-11T18:57:33,2024-03-11T19:27:33,expired,1,0,
4577d23812ccce74,20332b92b91c,46adc9e4a3d7,Haryana,450,2024-03-11T18:59:40,2024-03-11T19:21:07,declined,0,0,
6016806d08359f2f,216f11aafe2f,229506d99674,Kerala,312,2024-03-11T19:01:15,2024-03-11T19:03:29,approved,0,0,
5de5bd3c9b7f76e5,1318e3fa6d29,4457d2dcd644,Delhi,289,2024-03-11T19:02:04,2024-03-11T19:12:00,approved,1,0,
615823d36d912f48,0f0510686293,72888a00ff04,Tamil Nadu,606,2024-03-11T19:03:09,2024-03-11T19:04:57,approved,1,0,
46b78445e644516c,30595689af87,206a96201748,Delhi,932,2024-03-11T19:03:17,2024-03-11T19:20:47,approved,1,0,
207299165e914351,6a2b9baa3e4a,72f6d6292cae,Kerala,1268,2024-03-11T19:04:43,2024-03-11T19:12:10,approved,1,0,
675495d97e356b33,2569a0f51294,3ec271d9e24b,Delhi,793,2024-03-11T19:08:29,2024-03-11T19:24:52,approved,1,0,
4f49a70f642ba4ff,60a547ae6f0e,2724e58e6564,Haryana,730,2024-03-11T19:08:41,2024-03-11T19:21:13,approved,1,0,
00ba6fb5e9ad9d5a,2910947f9388,6746f7fcb367,Telangana,856,2024-03-11T19:10:03,2024-03-11T19:29:25,approved,1,0,
5d3d79d36d42aefc,6f17ea22aaac,5527f6507516,Kerala,825,2024-03-11T19:11:03,2024-03-11T19:19:19,approved,1,0,
2991aedf00897aac,7d81c905f4c1,6abdaa1f15df,Haryana,2472,2024-03-11T19:12:46,2024-03-11T19:28:55,approved,1,0,
5dba8cd93e2bf13f,09805b931ea6,326ef4857684,Delhi,1576,2024-03-11T19:15:46,2024-03-11T19:27:15,approved,1,0,
083c5cdcad98836c,6a706675422c,48e342863b56,Rajasthan,629,2024-03-11T19:18:58,2024-03-11T19:48:58,expired,0,0,
6f72fb8969f1d513,48a5f4e76a41,7204adbdbe00,Telangana,373,2024-03-11T19:21:02,2024-03-11T19:29:16,approved,0,0,
139c65a7a9322263,0cce3dbda79d,322e732f7d20,Karnataka,1511,2024-03-11T19:23:52,2024-03-11T19:53:52,expired,0,0,
071b286259320264,39dc63eef666,21186b380fb1,Maharashtra,435,2024-03-11T19:27:04,2024-03-11T19:44:39,approved,1,0,
3c18338a6620b5a7,6f17ea22aaac,55386b81d448,West Bengal,1332,2024-03-11T19:27:18,2024-03-11T19:29:53,approved,1,0,
2c1199b44504d2d4,634690700829,320a93b369da,Maharashtra,372,2024-03-11T19:30:34,2024-03-11T19:49:53,approved,1,0,
093c04a1367d3257,1e30aaf5adb8,29eb59555c0c,Kerala,330,2024-03-11T19:31:34,2024-03-11T19:46:56,approved,1,0,
4bffff43ac311779,0f0510686293,59660d9d7897,Gujarat,606,2024-03-11T19:34:44,2024-03-11T19:40:23,approved,1,0,
58afd5b7e694565a,51e266317647,67ffecf387d1,Uttar Pradesh,503,2024-03-11T19:35:41,2024-03-11T19:54:58,approved,1,0,
2df46966bc1a79eb,22ea49616c97,05e98d5eb09a,West Bengal,497,2024-03-11T19:35:51,2024-03-11T19:52:41,approved,1,0,
62ff44a7dbcd0ca8,48a5f4e76a41,14d9ee4aeb22,Gujarat,1209,2024-03-11T19:36:57,2024-03-11T20:06:57,expired,0,0,
4ae7e431a2c940f2,1e30aaf5adb8,6d97ba226f15,Haryana,257,2024-03-11T19:39:18,2024-03-11T19:55:13,approved,1,0,
774c7452587ceb06,5be02b242add,260a930b029c,Bihar,1958,2024-03-11T19:39:58,2024-03-11T20:09:58,expired,1,0,
7faf9fffc810d55c,0cce3dbda79d,25b9470f146b,Karnataka,613,2024-03-11T19:40:54,2024-03-11T19:43:59,approved,0,0,
40bef3d80dd03f7c,694d71c69d67,36baa5a1fd26,Rajasthan,1499,2024-03-11T19:42:20,2024-03-11T19:59:42,approved,1,0,
6955ff39723eac11,2569a0f51294,2367cf368e77,Kerala,1192,2024-03-11T19:44:01,2024-03-11T19:59:14,approved,1,0,
0943b1fa49ebf32a,09f6cd55cca3,41acf8b38e7e,Maharashtra,929,2024-03-11T19:45:27,2024-03-11T19:47:07,approved,1,0,
6a6ab0e86ca1fef2,6f5fa5bed003,7f65ed7b4d76,West Bengal,1507,2024-03-11T19:45:40,2024-03-11T20:00:50,approved,1,0,
6fe508b7c70973ca,67a0390930e5,2fecaea93d1e,Gujarat,421,2024-03-11T19:47:50,2024-03-11T20:04:41,approved,1,0,
1212a554295bd19a,673acd5d1161,2c64a4ff7c66,Gujarat,1313,2024-03-11T19:48:27,2024-03-11T20:02:20,approved,1,0,
0c0525925cce36bb,49217212965b,038f9c1f1c50,Delhi,428,2024-03-11T19:48:32,2024-03-11T19:54:42,approved,1,0,
32163f673f76bb5e,11d601015742,0717fce3e33c,Tamil Nadu,1636,2024-03-11T19:48:50,2024-03-11T19:56:36,approved,1,0,
521f2dcc76e76537,6d33a7293228,4213e5c880d8,Bihar,593,2024-03-11T19:50:02,2024-03-11T19:59:25,approved,1,0,
65f26c93ae35d426,6646fee30506,3c2699e6bd2f,Karnataka,705,2024-03-11T19:53:15,2024-03-11T20:10:52,approved,1,0,
425d436dc5059dbc,20332b92b91c,0d1b484d9a41,Kerala,587,2024-03-11T19:56:35,2024-03-11T20:13:31,approved,0,0,
232f534242701144,634690700829,33f1465c38b2,Delhi,877,2024-03-11T19:57:23,2024-03-11T20:11:11,approved,1,0,
0fab302b84218f81,67a0390930e5,68b0e4290589,Karnataka,322,2024-03-11T19:57:45,2024-03-11T20:00:20,approved,1,0,
256dcd6cfe4d01e2,2baf4e7593de,76ceaf9b5a54,Haryana,306,2024-03-11T19:58:11,2024-03-11T20:16:09,approved,1,0,
14a598a7570ca076,0d4a1f2e8b76,0a7f21b31d54,Kerala,339,2024-03-11T20:00:01,2024-03-11T20:15:45,approved,1,0,
2105dffedbb2b8a4,0cce3dbda79d,7bb4c1c88ca1,Uttar Pradesh,1285,2024-03-11T20:06:38,2024-03-11T20:36:38,expired,0,0,
46e31871c20b39d9,7d493d48b208,6785827ddf00,Telangana,597,2024-03-11T20:07:50,2024-03-11T20:27:28,approved,1,0,
34338ec05f6a40f6,20332b92b91c,5d9500ee8538,Maharashtra,1351,2024-03-11T20:08:47,2024-03-11T20:29:38,declined,0,0,
4fd149056ba4702e,39dc63eef666,433a3e29bfbc,Rajasthan,606,2024-03-11T20:16:05,2024-03-11T20:31:23,approved,1,0,
2952dab7eade2221,3a6576ce966b,309017824753,Kerala,3775,2024-03-11T20:16:12,2024-03-11T20:19:15,approved,1,0,
38c266c7f3a9b997,2b7ae5050a4d,1c93ac4c0230,Gujarat,611,2024-03-11T20:17:59,2024-03-11T20:29:48,approved,1,0,
412c694958b05ee7,6ab35d61cd9f,4fe1daca3c8e,Bihar,752,2024-03-11T20:19:32,2024-03-11T20:20:09,approved,1,0,
72c0ca02ec7c9440,39dc63eef666,7a8af4ece9b7,Haryana,795,2024-03-11T20:22:01,2024-03-11T20:26:20,approved,1,0,
38304a0f36f81322,216f11aafe2f,763823954b67,Tamil Nadu,493,2024-03-11T20:23:07,2024-03-11T20:39:49,declined,0,0,
62e4a95ba1a68332,5be02b242add,52ae8c3f324c,West Bengal,2962,2024-03-11T20:24:00,2024-03-11T20:38:58,approved,1,0,
2336f36553f2a24f,51e266317647,7ad4770c9142,West Bengal,635,2024-03-11T20:24:04,2024-03-11T20:37:37,approved,1,0,
5a555ac04fb54019,0511fee882e4,5076921c2271,West Bengal,1126,2024-03-11T20:25:31,2024-03-11T20:39:15,approved,1,0,
6325e3d90b0fa45b,2b1781ab1f24,7453a8380237,Kerala,424,2024-03-11T20:28:01,2024-03-11T20:57:15,declined,0,0,
4c94ca98ac5e74a8,0d4a1f2e8b76,10e2fac072b6,Haryana,652,2024-03-11T20:30:43,2024-03-11T20:50:42,approved,1,0,
460b633b192fa801,7d81c905f4c1,556954d6bef2,Gujarat,1196,2024-03-11T20:34:39,2024-03-11T20:41:06,approved,1,0,
0e75f0eb2b557f5c,6fdf521c2b77,254dafe70bc8,Telangana,256,2024-03-11T20:35:22,2024-03-11T20:48:43,approved,1,0,
1a7aca803518fcd7,0511fee882e4,56e687cf9dea,West Bengal,1422,2024-03-11T20:35:28,2024-03-11T20:55:22,approved,1,0,
4ca025f2e733268e,11d601015742,6836e238ad8d,Bihar,958,2024-03-11T20:36:14,2024-03-11T20:40:40,approved,1,0,
3b12186b3a77d788,2baf4e7593de,3730f8c66e17,Telangana,557,2024-03-11T20:37:03,2024-03-11T20:42:48,approved,1,0,
471f74204789cb5e,48f26f133a7b,083f5b0bfd66,West Bengal,344,2024-03-11T20:38:33,2024-03-11T20:43:59,approved,1,0,
256035d897371ddb,0511fee882e4,2edef47218b3,Karnataka,571,2024-03-11T20:41:35,2024-03-11T20:44:09,approved,1,0,
26ec6059740aee13,6f5fa5bed003,5527f6507516,Kerala,3765,2024-03-11T20:42:26,2024-03-11T21:00:02,approved,1,0,
145d89eda880daa2,0176a1a01f10,2d0b20ae70f3,Telangana,743,2024-03-11T20:43:13,2024-03-11T20:48:31,approved,1,0,
6910f1e20b795547,0511fee882e4,68e8817ff4f2,Kerala,2046,2024-03-11T20:44:01,2024-03-11T21:14:01,expired,1,0,
6f3c08220eaf9ddd,09f6cd55cca3,73fed89c3f9d,Kerala,1100,2024-03-11T20:45:36,2024-03-11T20:54:12,approved,1,0,
7832aa41cfe5e0d1,48f26f133a7b,196fc8b1f334,Telangana,757,2024-03-11T20:48:25,2024-03-11T20:49:03,approved,1,0,
2d617774aba029d1,67a0390930e5,64fedc3c3eae,Kerala,709,2024-03-11T20:52:49,2024-03-11T21:05:42,approved,1,0,
42be8ad6b0d21d42,45d11774ab5d,4908fd27d41f,Maharashtra,421,2024-03-11T20:53:07,2024-03-11T21:01:56,approved,0,0,
6f80eecf68cfe6c8,0cce3dbda79d,1f1057e3fcb1,Kerala,343,2024-03-11T20:53:12,2024-03-11T21:01:09,approved,0,0,
379448a477332607,48a5f4e76a41,581b1b39c7f6,Telangana,188,2024-03-11T20:53:52,2024-03-11T21:16:50,declined,0,0,
3149aa03ef7b0137,6e73719779d9,3b66561ecfe4,West Bengal,1600,2024-03-11T20:57:06,2024-03-11T21:02:02,approved,0,0,
1667bf270d10b7fe,60a547ae6f0e,76f1052df1e9,Gujarat,360,2024-03-11T20:57:23,2024-03-11T21:04:57,approved,1,0,
32d9beb26b5938ba,7b99521e8d62,515d87ac38d5,Tamil Nadu,1457,2024-03-11T20:58:56,2024-03-11T21:06:09,approved,1,0,
38b8d088846064bd,22ea49616c97,17838fcb8fb7,Tamil Nadu,376,2024-03-11T20:59:14,2024-03-11T21:14:38,approved,1,0,
4d169fde856934e9,45d11774ab5d,35f41a848a30,Uttar Pradesh,1552,2024-03-11T21:04:17,2024-03-11T21:17:34,approved,0,0,
18fbf37ee150473c,35ed52508031,03028f07c0fe,Uttar Pradesh,212,2024-03-11T21:08:28,2024-03-11T21:16:41,approved,1,0,
55183052c30cf9ff,7786fa4ecb51,6b30a4d2dfb1,Gujarat,553,2024-03-11T21:08:57,2024-03-11T21:11:23,approved,1,0,
54e87d7738a1126e,48f26f133a7b,00cc8e9090f6,Maharashtra,234,2024-03-11T21:10:48,2024-03-11T21:28:24,approved,1,0,
17be4e9abbbaec8b,0176a1a01f10,2d405911e812,Tamil Nadu,1364,2024-03-11T21:14:11,2024-03-11T21:33:09,approved,1,0,
04413777adbb875a,2910947f9388,0109f924dcd6,Rajasthan,356,2024-03-11T21:14:12,2024-03-11T21:18:51,approved,1,0,
0a39276b714f8769,51e266317647,651b18dac8bd,Kerala,350,2024-03-11T21:14:37,2024-03-11T21:32:16,approved,1,0,
0b6d85dc48cb2c99,48f26f133a7b,7afdc3bb22cb,Tamil Nadu,686,2024-03-11T21:15:26,2024-03-11T21:33:21,approved,1,0,
3fbd3fc2f2bb2fd6,6646fee30506,4640bb295888,Delhi,1810,2024-03-11T21:15:43,2024-03-11T21:45:43,expired,1,0,
20228ae04cb8096a,663473dc643e,3147c1b5369e,Kerala,349,2024-03-11T21:19:40,2024-03-11T21:36:26,approved,1,0,
243698050da3fc90,6e73719779d9,263b3d9ee7cb,West Bengal,594,2024-03-11T21:20:53,2024-03-11T21:25:43,approved,0,0,
5d971100623aff04,0f0510686293,7814533c8848,Rajasthan,496,2024-03-11T21:21:22,2024-03-11T21:36:42,approved,1,0,
47e35355a4cfc839,67a0390930e5,48b3e230c754,West Bengal,524,2024-03-11T21:21:55,2024-03-11T21:34:21,approved,1,0,
374d83da9595f2ba,45d11774ab5d,080675a7748a,Bihar,323,2024-03-11T21:23:43,2024-03-11T21:25:05,approved,0,0,
33507d023a32ffe9,6e73719779d9,1dcfb70e2704,Bihar,1031,2024-03-11T21:24:24,2024-03-11T21:54:24,expired,0,0,
5be5ad0e98967eed,7d81c905f4c1,3133ef06ebe7,Karnataka,1788,2024-03-11T21:25:26,2024-03-11T21:39:11,approved,1,0,
29d823af1fb667fb,0176a1a01f10,186220c004f4,Kerala,965,2024-03-11T21:26:11,2024-03-11T21:44:15,approved,1,0,
2fc8c49ea29c278b,6a2b9baa3e4a,565dd733244d,Maharashtra,482,2024-03-11T21:26:57,2024-03-11T21:56:57,expired,1,0,
26125f7b00a194c2,6f17ea22aaac,2a6490535bfc,Karnataka,3914,2024-03-11T21:27:07,2024-03-11T21:39:06,approved,1,0,
5236b2405885c182,34994a8b60cd,7b152d8307c7,Haryana,1018,2024-03-11T21:27:24,2024-03-11T21:57:24,expired,0,0,
66d14648b6cc63b8,22ea49616c97,539d1fe1cbee,Haryana,427,2024-03-11T21:28:32,2024-03-11T21:40:16,approved,1,0,
35478dbc77f389ac,60a547ae6f0e,0fd0b4b11e2f,Telangana,527,2024-03-11T21:29:20,2024-03-11T21:39:38,approved,1,0,
4c4c0c5599126048,6ab35d61cd9f,33afa6a0af15,Tamil Nadu,351,2024-03-11T21:33:38,2024-03-11T21:42:20,approved,1,0,
0912be16ece1101f,513484923021,11156becc282,Uttar Pradesh,659,2024-03-11T21:33:56,2024-03-11T21:45:48,approved,1,0,
1deba4c3837aab37,6f17ea22aaac,4b64dd0dd174,Haryana,888,2024-03-11T21:36:15,2024-03-11T21:50:06,approved,1,0,
0d39544f9bc2ba17,2b1781ab1f24,126df24c391f,Karnataka,910,2024-03-11T21:36:59,2024-03-11T22:06:59,expired,0,0,
00aeab772fae4da8,0176a1a01f10,33bb959d6a6e,Gujarat,1911,2024-03-11T21:41:02,2024-03-11T22:11:02,expired,1,0,
65ccf4518ea50ee6,7d81c905f4c1,473f05dd4b46,Telangana,1747,2024-03-11T21:41:58,2024-03-11T21:43:01,approved,1,0,
755967b4596aa724,30595689af87,7a219f945c84,Tamil Nadu,406,2024-03-11T21:42:29,2024-03-11T21:50:14,approved,1,0,
26f4c0e427df127a,6d33a7293228,43b40044f114,West Bengal,307,2024-03-11T21:45:19,2024-03-11T21:59:24,approved,1,0,
16d1d1fd7b6fc310,1e30aaf5adb8,7adfcf64e7ed,Haryana,866,2024-03-11T21:49:43,2024-03-11T22:06:37,approved,1,0,
534454ab043a5f3c,48a5f4e76a41,397abefb0b64,Haryana,1041,2024-03-11T21:51:23,2024-03-11T22:12:58,declined,0,0,
0346e0846eeaeab2,6e836fcd1e4d,0ec49b96da7e,Bihar,534,2024-03-11T21:55:50,2024-03-11T22:06:51,approved,0,0,
15265769dfd7c484,2910947f9388,037c9c087ab6,Rajasthan,345,2024-03-11T21:59:05,2024-03-11T22:13:47,approved,1,0,
57f7572b823fb209,0176a1a01f10,395ddcce7e7c,Karnataka,2145,2024-03-11T21:59:44,2024-03-11T22:12:04,approved,1,0,
683eca1b047bc64f,6f5fa5bed003,0d6b8747ba9a,Gujarat,626,2024-03-11T22:06:42,2024-03-11T22:24:51,approved,1,0,
23d1e927d8884f12,20332b92b91c,59e16ead3d75,Kerala,2409,2024-03-11T22:14:25,2024-03-11T22:44:25,expired,0,0,
59d9321091e3dde6,0d9a63adaba5,37137e02b573,Maharashtra,1100,2024-03-11T22:17:33,2024-03-11T22:26:54,approved,1,0,
234add166df9dbba,60a547ae6f0e,11c7be5a1763,Uttar Pradesh,177,2024-03-11T22:22:55,2024-03-11T22:23:27,approved,1,0,
0488b97f67b22686,5ded2d78f299,68385ac272af,Delhi,3115,2024-03-11T22:26:25,2024-03-11T22:33:46,approved,1,0,
5933b5f4fbadbdb2,51e266317647,3342e4fb5208,Rajasthan,745,2024-03-11T22:31:10,2024-03-11T22:33:06,approved,1,0,
547716e788682f24,6e73719779d9,59969fc15b27,Kerala,3198,2024-03-11T22:31:29,2024-03-11T23:01:29,expired,0,0,
7fc9f85b5796192f,2b1781ab1f24,27da394531d9,Karnataka,282,2024-03-11T22:34:53,2024-03-11T23:04:53,expired,0,0,
77e2a23dc6d60381,34994a8b60cd,27e74acc29a4,Maharashtra,497,2024-03-11T22:35:12,2024-03-11T23:03:37,declined,0,0,
3463dbcbc05695c4,1e30aaf5adb8,0bd773b039d2,Kerala,544,2024-03-11T22:36:17,2024-03-11T22:54:00,approved,1,0,
46b84d2ed6803f96,2b1781ab1f24,30acd0ec01db,Gujarat,3053,2024-03-11T22:36:41,2024-03-11T22:45:26,approved,0,0,
7982222f1c97d75c,5be02b242add,550dfa53e8c5,Kerala,737,2024-03-11T22:41:38,2024-03-11T23:11:38,expired,1,0,
3c13097695bce755,3a6576ce966b,56e8c23fa10e,Haryana,1588,2024-03-11T22:47:29,2024-03-11T22:59:56,approved,1,0,
0ebacd1665b0391d,09f6cd55cca3,0a70206daa38,Delhi,1421,2024-03-11T22:47:42,2024-03-11T23:17:42,expired,1,0,
5461aa29a003c17c,6f5fa5bed003,75099e3f4105,Karnataka,1801,2024-03-11T22:48:30,2024-03-11T22:57:29,approved,1,0,
2de6079e9a3180e9,2baf4e7593de,7f85d94bdb20,Kerala,749,2024-03-11T22:49:00,2024-03-11T23:19:00,expired,1,0,
38b85331d5beebf4,0f0510686293,24621e28e17c,West Bengal,650,2024-03-11T22:49:10,2024-03-11T22:52:24,approved,1,0,
6138c0a6ca822721,1318e3fa6d29,7e45be037b44,Telangana,444,2024-03-11T22:56:36,2024-03-11T23:04:12,approved,1,0,
3f021f6d6e1573bd,6a706675422c,256869c57d93,Maharashtra,443,2024-03-11T23:04:26,2024-03-11T23:20:19,approved,0,0,
7313086934a8e337,513484923021,79017c719c13,Maharashtra,734,2024-03-11T23:05:25,2024-03-11T23:06:26,approved,1,0,
3287dda75cf06c50,20332b92b91c,4aa9f4fc848c,West Bengal,1448,2024-03-11T23:27:35,2024-03-11T23:28:45,approved,0,0,
7e1a1efd76f8e15c,5be02b242add,26afb0fa75e6,Delhi,1337,2024-03-11T23:28:18,2024-03-11T23:31:51,approved,1,0,
24a93ad9ce9d4468,663473dc643e,15ac0fbdadab,Delhi,533,2024-03-11T23:29:13,2024-03-11T23:40:22,approved,1,0,
65aa6055c7194191,2b7ae5050a4d,5ff343057178,Gujarat,1005,2024-03-11T23:29:56,2024-03-11T23:34:52,approved,1,0,
1d9704eac0622fdb,2baf4e7593de,54447baf9e50,Bihar,489,2024-03-11T23:41:46,2024-03-12T00:01:13,approved,1,0,
04d1ea7f3a5f3693,20332b92b91c,27a58559eaae,West Bengal,1005,2024-03-11T23:44:59,2024-03-11T23:48:11,approved,0,0,
5b58bb53fd029c98,09805b931ea6,32f7a9309052,Delhi,2278,2024-03-12T00:14:18,2024-03-12T00:34:07,approved,1,0,
29294096f9fb2888,694d71c69d67,39e96755a8b3,Delhi,2202,2024-03-12T00:20:33,2024-03-12T00:35:14,approved,1,0,
02448dadea7ce99f,0cce3dbda79d,06fcb96f2f58,Delhi,473,2024-03-12T00:25:35,2024-03-12T00:26:28,approved,0,0,
37d9ff6d976305e1,0d4a1f2e8b76,7c89a77613c5,Telangana,570,2024-03-12T00:25:55,2024-03-12T00:34:52,approved,1,0,
68ce890430b99e0d,48f26f133a7b,2e5dc8a7cfa3,Telangana,287,2024-03-12T00:32:56,2024-03-12T00:42:17,approved,1,0,
76834b6dd14603f3,7b8a68c1ae9c,291d5a80f148,Gujarat,1719,2024-03-12T00:43:37,2024-03-12T01:09:02,declined,1,0,
49adf14530bbe56f,6ab35d61cd9f,7c1a1bef8480,Rajasthan,796,2024-03-12T00:51:56,2024-03-12T00:59:48,approved,1,0,
7632249f28dcb65e,107ff2ac18f1,7ea49e448b0b,Delhi,277,2024-03-12T01:02:38,2024-03-12T01:04:33,approved,1,0,
5c936e552b1df2eb,51e266317647,75006c7052cc,West Bengal,1046,2024-03-12T01:29:24,2024-03-12T01:30:18,approved,1,0,
0c0aea0a55ee228f,6e836fcd1e4d,7dc09a56cd58,West Bengal,1694,2024-03-12T02:26:48,2024-03-12T02:38:32,approved,0,0,
65d022a9c7d3880e,0cce3dbda79d,301ac77e9389,West Bengal,1225,2024-03-12T02:39:08,2024-03-12T03:09:08,expired,0,0,
2cc47002bad1f112,30595689af87,047f2380ccf3,Maharashtra,586,2024-03-12T02:57:53,2024-03-12T03:05:40,approved,1,0,
519f6668f903ce5b,35ed52508031,52d3187c6154,Maharashtra,1281,2024-03-12T03:21:29,2024-03-12T03:28:21,approved,1,0,
62fb91bb6875ad17,107ff2ac18f1,3140eb9598c5,Rajasthan,780,2024-03-12T04:02:02,2024-03-12T04:14:09,approved,1,0,
0fa562a1a6d200d2,0f0510686293,044b54cf3892,Delhi,735,2024-03-12T04:25:13,2024-03-12T04:36:32,approved,1,0,
7852774da341fa14,2910947f9388,04f84a990fc1,Telangana,574,2024-03-12T05:11:24,2024-03-12T05:29:22,approved,1,0,
64e148b8f04874b2,513484923021,7b35325edbba,Gujarat,562,2024-03-12T05:36:34,2024-03-12T05:46:54,approved,1,0,
65601bf2338055a9,48f26f133a7b,3fe52cab5ceb,Maharashtra,835,2024-03-12T06:07:23,2024-03-12T06:23:27,approved,1,0,
42c897c934761785,6ab35d61cd9f,4ad5d71e84a0,Rajasthan,516,2024-03-12T06:22:31,2024-03-12T06:48:22,declined,1,0,
2d8c7028b97711c8,6a706675422c,6327b083e38a,Haryana,283,2024-03-12T06:26:19,2024-03-12T06:40:49,approved,0,0,
56e7bbf6891cf458,1e30aaf5adb8,789c196b9156,Bihar,424,2024-03-12T06:36:28,2024-03-12T06:38:38,approved,1,0,
384caf388a970ee7,7b8a68c1ae9c,1222042561bd,Gujarat,889,2024-03-12T06:59:56,2024-03-12T07:13:11,approved,1,0,
6391d022f326d729,48f26f133a7b,52cd07c94180,West Bengal,348,2024-03-12T07:01:37,2024-03-12T07:31:37,expired,1,0,
20fee20df8f06d12,634690700829,71d31d9ad5b0,Uttar Pradesh,399,2024-03-12T07:04:08,2024-03-12T07:32:09,declined,1,0,
45429dd5400bc4e5,4c6b531ee064,6e142d806e68,Tamil Nadu,947,2024-03-12T07:06:35,2024-03-12T07:16:01,approved,1,0,
6be826ced251fe37,107ff2ac18f1,7c93d87e67ab,Rajasthan,490,2024-03-12T07:15:47,2024-03-12T07:45:47,expired,1,0,
2f10283a635c753e,41e20e89712f,70de11425644,Rajasthan,1139,2024-03-12T07:20:44,2024-03-12T07:50:44,expired,1,0,
6f2abe3c96e3f8bc,6d33a7293228,62144b84e9b6,Gujarat,341,2024-03-12T07:20:54,2024-03-12T07:40:50,approved,1,0,
37aeaddd970a0b91,3a6576ce966b,2cab10ab2d3f,Uttar Pradesh,3021,2024-03-12T07:24:54,2024-03-12T07:54:54,expired,1,0,
48f94a6076881d5c,6646fee30506,24ad3ad5c0a5,Maharashtra,757,2024-03-12T07:38:39,2024-03-12T07:42:43,approved,1,0,
3cdf69f8ec770132,6e836fcd1e4d,11bba6762d76,Bihar,1063,2024-03-12T07:39:18,2024-03-12T07:53:05,approved,0,0,
4ac71ef630dc4a04,22ea49616c97,1c274916e563,Maharashtra,457,2024-03-12T07:42:14,2024-03-12T07:45:58,approved,1,0,
51296ea8331dcb7a,11d601015742,70105b893da7,Tamil Nadu,1251,2024-03-12T08:03:12,2024-03-12T08:21:47,approved,1,0,
16b26e3a74bc6c42,6a7bccb8c392,46a968a60b47,Haryana,410,2024-03-12T08:04:39,2024-03-12T08:22:17,approved,1,0,
25079bda5e1385bc,09f6cd55cca3,2ebb7e18896a,Gujarat,1025,2024-03-12T08:08:07,2024-03-12T08:38:07,expired,1,0,
5aa3904282196376,19a849472d1b,1022d9318ace,Delhi,2273,2024-03-12T08:13:13,2024-03-12T08:21:27,approved,1,0,
50c89658f066f0f9,7b99521e8d62,78ff285e6166,Gujarat,3392,2024-03-12T08:16:10,2024-03-12T08:32:15,approved,1,0,
01c0c39870c314a3,39dc63eef666,74cd9cfcad3c,Maharashtra,935,2024-03-12T08:22:54,2024-03-12T08:42:39,approved,1,0,
2aff79ce15e45fdc,2b1781ab1f24,4e8178e75f1c,Karnataka,953,2024-03-12T08:25:02,2024-03-12T08:29:01,approved,0,0,
09e7cb1c54c79f69,6d33a7293228,209a037549dc,Kerala,369,2024-03-12T08:25:19,2024-03-12T08:37:04,approved,1,0,
64dd5a761f57ffde,673acd5d1161,1c4000bb32a4,Telangana,1643,2024-03-12T08:26:01,2024-03-12T08:44:54,approved,1,0,
0f28d09b9a3e7b5a,0fc3186df001,4e5969f8eb8d,Tamil Nadu,1264,2024-03-12T08:32:54,2024-03-12T08:48:43,approved,1,0,
34ab485efc15c8fb,1318e3fa6d29,17abc2f96544,Karnataka,343,2024-03-12T08:33:14,2024-03-12T08:37:13,approved,1,0,
2c5be36f821a102e,35ed52508031,031f31bd4363,Maharashtra,534,2024-03-12T08:34:38,2024-03-12T08:46:33,approved,1,0,
05c627bb88ee6e69,0cce3dbda79d,12b2a63c28f7,Maharashtra,2400,2024-03-12T08:35:45,2024-03-12T08:51:18,approved,0,0,
234ef3ad5207320a,107ff2ac18f1,428f5f551f89,Uttar Pradesh,275,2024-03-12T08:39:24,2024-03-12T09:09:24,expired,1,0,
7a7c873a429d1fcc,09805b931ea6,04eb8d8fdb13,West Bengal,2841,2024-03-12T08:42:42,2024-03-12T09:00:24,approved,1,0,
35463ccecc8c89de,6a7bccb8c392,6d391dc66552,Rajasthan,300,2024-03-12T08:51:17,2024-03-12T09:09:01,approved,1,0,
65cc94a60f68b4d6,09f6cd55cca3,46d9687821b0,Karnataka,2291,2024-03-12T08:54:46,2024-03-12T09:10:37,approved,1,0,
49a0c0374304e8b9,673acd5d1161,0de849f6646b,Haryana,4849,2024-03-12T08:54:49,2024-03-12T09:07:42,approved,1,0,
3150c75a5aa43988,2baf4e7593de,00b1deaa6596,West Bengal,745,2024-03-12T08:55:34,2024-03-12T09:04:16,approved,1,0,
69206f06db717995,663473dc643e,05caa849c212,Kerala,668,2024-03-12T08:59:09,2024-03-12T09:13:17,approved,1,0,
0fc293e4a20f65ac,6ab35d61cd9f,4bb27217c49e,West Bengal,742,2024-03-12T09:01:17,2024-03-12T09:14:59,approved,1,0,
71f35754f24b48ac,5be02b242add,7c2c3687db4f,Bihar,4073,2024-03-12T09:01:41,2024-03-12T09:31:41,expired,1,0,
035884302144243e,0cce3dbda79d,6cae231b2e94,Bihar,3491,2024-03-12T09:02:40,2024-03-12T09:14:37,approved,0,0,
5a3921990a0ac77e,0f0510686293,4df3345efbd1,Uttar Pradesh,485,2024-03-12T09:05:10,2024-03-12T09:18:49,approved,1,0,
0280c7f4a64db63f,22ea49616c97,38b4de450bc8,Kerala,407,2024-03-12T09:06:02,2024-03-12T09:15:26,approved,1,0,
6fd32aafeb2c18dc,6a7bccb8c392,3d92003cda5a,Gujarat,409,2024-03-12T09:13:53,2024-03-12T09:32:21,approved,1,0,
2b561a0bd35025ce,11d601015742,2a2ce4b6e33a,Maharashtra,952,2024-03-12T09:14:04,2024-03-12T09:27:07,approved,1,0,
586eaf5c7a515e5d,107ff2ac18f1,1445f00f2d73,Gujarat,765,2024-03-12T09:14:16,2024-03-12T09:44:16,expired,1,0,
3052292f721028ba,6646fee30506,1aaeceb25081,Telangana,1476,2024-03-12T09:18:05,2024-03-12T09:30:46,approved,1,0,
3586265b8c94ac09,48e58d7747c6,75a412000a84,Uttar Pradesh,431,2024-03-12T09:18:08,2024-03-12T09:25:30,approved,1,0,
1e8061d2fa7a16a6,7d81c905f4c1,27d5f76a37ba,Telangana,924,2024-03-12T09:18:27,2024-03-12T09:34:17,approved,1,0,
10d320c216606b7b,3a6d68f3644e,6472b4130ca5,Uttar Pradesh,2363,2024-03-12T09:18:36,2024-03-12T09:48:36,expired,1,0,
5ddb199fc36aedcf,694d71c69d67,529506644a5a,Uttar Pradesh,2978,2024-03-12T09:20:13,2024-03-12T09:41:35,declined,1,0,
35eb116c9429efe8,107ff2ac18f1,6295012251fb,Haryana,558,2024-03-12T09:23:57,2024-03-12T09:53:57,expired,1,0,
455381f5c51e25df,673acd5d1161,1c35704d9963,Telangana,2139,2024-03-12T09:36:23,2024-03-12T10:06:23,expired,1,0,
5cdd613a4bcc9873,4818964bb9e3,12be2132e387,Rajasthan,371,2024-03-12T09:38:20,2024-03-12T10:08:20,expired,1,0,
72a1092379f6cdd0,22ea49616c97,1f11fc149b19,Karnataka,422,2024-03-12T09:39:28,2024-03-12T09:50:36,approved,1,0,
2df60d2975b294b6,7786fa4ecb51,0106f9fe2635,Kerala,526,2024-03-12T09:42:43,2024-03-12T09:49:54,approved,1,0,
1f1fb9601e57a5bf,2b1781ab1f24,3008060c8a1e,Rajasthan,28542,2024-03-12T09:54:19,2024-03-12T10:10:03,declined,0,0,
7539a0a47a271a1e,6a2b9baa3e4a,33dd992e79df,Karnataka,547,2024-03-12T09:58:53,2024-03-12T10:16:50,approved,1,0,
110c5a937e6a04fe,216f11aafe2f,335d62a5d62c,Gujarat,470,2024-03-12T10:00:28,2024-03-12T10:30:28,expired,0,0,
008948218585919f,6a7bccb8c392,20c02ad1ad1a,Telangana,442,2024-03-12T10:01:03,2024-03-12T10:15:33,approved,1,0,
241b965b22131e10,1318e3fa6d29,46eeda764b0c,Telangana,364,2024-03-12T10:03:34,2024-03-12T10:11:16,approved,1,0,
36b43f116bbbd458,6a7bccb8c392,02975cd5c9fb,Bihar,977,2024-03-12T10:03:55,2024-03-12T10:05:46,approved,1,0,
1a6385361568933c,6fdf521c2b77,7a6b5fb3784a,Karnataka,931,2024-03-12T10:04:27,2024-03-12T10:08:34,approved,1,0,
68d4a0be8407b5db,216f11aafe2f,2660e2c60b6a,Tamil Nadu,894,2024-03-12T10:06:34,2024-03-12T10:22:47,approved,0,0,
71dfe7dbd6a02e1b,0d4a1f2e8b76,0713abdf23ad,Karnataka,1039,2024-03-12T10:07:39,2024-03-12T10:24:38,approved,1,0,
5a19ff2269be03c2,0176a1a01f10,512bb937a19a,Gujarat,1048,2024-03-12T10:14:11,2024-03-12T10:30:05,approved,1,0,
6ed63de6181a754c,6e836fcd1e4d,0fba8251c81c,Maharashtra,305,2024-03-12T10:20:35,2024-03-12T10:50:35,expired,0,0,
1fb17c641a59308d,0cce3dbda79d,239cec20166c,Rajasthan,178,2024-03-12T10:21:40,2024-03-12T10:34:46,approved,0,0,
1ec53b770f28d268,0d9a63adaba5,4679683f2ec7,Telangana,4727,2024-03-12T10:29:45,2024-03-12T10:38:49,approved,1,0,
5e9ad2cfb17ddc89,49217212965b,5edfcaf2ec14,Delhi,849,2024-03-12T10:29:55,2024-03-12T10:37:07,approved,1,0,
1eaf64f8b1a4da47,48f26f133a7b,758820486a41,Uttar Pradesh,427,2024-03-12T10:32:24,2024-03-12T10:52:11,approved,1,0,
5ff9b1be79c5c9a2,48a5f4e76a41,1dc42d7e7d67,Haryana,3418,2024-03-12T10:33:12,2024-03-12T10:42:33,declined,0,0,
76b39f859aa17435,67a0390930e5,13ddd64345c9,Tamil Nadu,880,2024-03-12T10:34:54,2024-03-12T10:42:44,approved,1,0,
379497731e09c513,513484923021,78ba2e73f3b0,Karnataka,392,2024-03-12T10:36:54,2024-03-12T10:38:50,approved,1,0,
18c5b3c188ba24f0,6d33a7293228,0ddaceda0381,Rajasthan,268,2024-03-12T10:40:16,2024-03-12T10:43:13,approved,1,0,
4b65e6bb4cb57ad6,216f11aafe2f,471b6baa0ea9,West Bengal,652,2024-03-12T10:41:02,2024-03-12T10:42:45,approved,0,0,
7e51fcfd3a61771d,67a0390930e5,73cd5454980f,Haryana,533,2024-03-12T10:42:19,2024-03-12T10:52:24,approved,1,0,
63719c55c7641140,216f11aafe2f,5e8e3c501620,Rajasthan,978,2024-03-12T10:43:19,2024-03-12T10:51:12,declined,0,0,
4e16b19a60550e64,0d9a63adaba5,7e49bfcd02df,Delhi,2322,2024-03-12T10:47:44,2024-03-12T10:55:37,approved,1,0,
11ab78c532640fc8,694d71c69d67,2398f97e9fe2,Haryana,878,2024-03-12T10:47:59,2024-03-12T10:58:06,approved,1,0,
539723eac6b5d778,34994a8b60cd,1047704d3a93,Haryana,3751,2024-03-12T10:49:40,2024-03-12T11:05:29,approved,0,0,
11c750478bf9d12b,09805b931ea6,5a70619004e3,Maharashtra,1854,2024-03-12T10:50:26,2024-03-12T11:09:47,approved,1,0,
449914bfbb2466c3,6a706675422c,4aa9f4fc848c,West Bengal,697,2024-03-12T11:02:28,2024-03-12T11:04:30,approved,0,0,
75d963f2e547c2a3,30595689af87,78ddc61eedab,Delhi,2005,2024-03-12T11:04:03,2024-03-12T11:15:38,approved,1,0,
5d336eeeb017d5ab,22ea49616c97,11156becc282,Uttar Pradesh,250,2024-03-12T11:04:05,2024-03-12T11:19:13,approved,1,0,
0141fa25a8db0767,1e30aaf5adb8,791b667eb466,Karnataka,517,2024-03-12T11:08:20,2024-03-12T11:26:17,declined,1,0,
3b40a4a5ab9ac1fe,20332b92b91c,34380e522cc8,Kerala,903,2024-03-12T11:09:11,2024-03-12T11:24:56,approved,0,0,
4d4a22a2d178fa71,0d4a1f2e8b76,352107bc9977,Telangana,310,2024-03-12T11:09:32,2024-03-12T11:20:43,declined,1,0,
27a66a0b6fe13d5d,7786fa4ecb51,6fc81879f197,Rajasthan,582,2024-03-12T11:09:44,2024-03-12T11:17:54,approved,1,0,
1ff4f944100f6606,0f0510686293,5e1109fe341e,Bihar,386,2024-03-12T11:10:26,2024-03-12T11:16:08,approved,1,0,
2a8227c1c079fb8d,6d33a7293228,3e6b10deab92,Haryana,889,2024-03-12T11:15:18,2024-03-12T11:18:32,approved,1,0,
3a2b15aa53561120,34994a8b60cd,302bd0995c87,Bihar,2491,2024-03-12T11:17:50,2024-03-12T11:33:16,approved,0,0,
209957bf1e0afac1,4818964bb9e3,2a938f5350f3,Tamil Nadu,287,2024-03-12T11:18:24,2024-03-12T11:48:24,expired,1,0,
37a81c0c1f9b5206,6646fee30506,57efa224cb69,West Bengal,966,2024-03-12T11:18:42,2024-03-12T11:35:34,approved,1,0,
57d89216c955dda9,48f26f133a7b,450b56e133da,Tamil Nadu,458,2024-03-12T11:21:08,2024-03-12T11:22:47,approved,1,0,
67e2ff69eedf9a9d,60a547ae6f0e,5162bf716cc0,Bihar,784,2024-03-12T11:21:10,2024-03-12T11:27:30,approved,1,0,
0b314bde61785451,48a5f4e76a41,2d7734e70243,Rajasthan,534,2024-03-12T11:24:18,2024-03-12T11:31:19,approved,0,0,
32842938f6f494f7,6e836fcd1e4d,1000d5926bb4,Telangana,1795,2024-03-12T11:25:26,2024-03-12T11:55:26,expired,0,0,
06da2ec422c6a609,0176a1a01f10,40a325d7729a,Kerala,2254,2024-03-12T11:27:14,2024-03-12T11:27:52,approved,1,0,
1ef80ab956cf0e2e,2b1781ab1f24,046a95dbcf64,Haryana,1733,2024-03-12T11:27:57,2024-03-12T11:32:12,approved,0,0,
5c9ac8dfaf9f0da5,6a2b9baa3e4a,764788b109be,Karnataka,434,2024-03-12T11:27:59,2024-03-12T11:41:22,approved,1,0,
00eff26071976a44,35ed52508031,151484a1d371,West Bengal,3208,2024-03-12T11:28:23,2024-03-12T11:44:00,approved,1,0,
2dd40f69c581696a,216f11aafe2f,515e553567e2,Maharashtra,1935,2024-03-12T11:28:39,2024-03-12T11:48:20,approved,0,0,
183b0ff73e023514,6e73719779d9,72b47922eff9,Tamil Nadu,395,2024-03-12T11:29:52,2024-03-12T11:46:01,declined,0,0,
5f101175e083dd90,6e73719779d9,3cbdf823fcba,Kerala,307,2024-03-12T11:29:54,2024-03-12T11:59:54,expired,0,0,
1eff0ab355da98e2,4a83bc732574,03f47fc7b2b0,Maharashtra,1862,2024-03-12T11:31:20,2024-03-12T11:48:21,approved,1,0,
3572a369502b4b00,39dc63eef666,3d8c85542a1d,Delhi,408,2024-03-12T11:37:45,2024-03-12T11:45:46,approved,1,0,
1640f1cb716dc16f,67a0390930e5,6758498db5d9,Haryana,459,2024-03-12T11:38:55,2024-03-12T11:51:47,approved,1,0,
148a9c7ae065df17,6d33a7293228,548ac480c405,Tamil Nadu,407,2024-03-12T11:40:27,2024-03-12T11:51:47,approved,1,0,
04d07cae91ab14a2,48a5f4e76a41,02802d1f03b7,West Bengal,1008,2024-03-12T11:40:29,2024-03-12T11:42:54,approved,0,0,
50e4bb0bd84ddd85,7786fa4ecb51,64c9c5c68d09,Tamil Nadu,677,2024-03-12T11:40:43,2024-03-12T11:47:54,approved,1,0,
2d867a94ef40bf8f,09805b931ea6,09dedeac12de,Maharashtra,1074,2024-03-12T11:42:24,2024-03-12T11:50:33,approved,1,0,
367ee6c6533a5a99,7b99521e8d62,03b28097414b,Bihar,1328,2024-03-12T11:46:06,2024-03-12T11:59:47,approved,1,0,
3b86fe0d0227f536,216f11aafe2f,7b2ac917a166,Karnataka,231,2024-03-12T11:48:42,2024-03-12T12:02:35,approved,0,0,
7b1514062ea57546,20332b92b91c,0f2cedf1d1e7,Gujarat,384,2024-03-12T11:49:36,2024-03-12T11:50:34,approved,0,0,
013cd50640a31e41,39dc63eef666,66d48cece167,Delhi,456,2024-03-12T11:52:45,2024-03-12T12:22:45,expired,1,0,
0dd0fb3a147474dc,1e30aaf5adb8,70b845969ed4,Bihar,675,2024-03-12T11:53:26,2024-03-12T12:02:55,approved,1,0,
012d243f9b70f0bb,34994a8b60cd,0c510ac4b729,Maharashtra,1160,2024-03-12T11:54:38,2024-03-12T11:57:10,approved,0,0,
646c33f054da5dc8,673acd5d1161,40136eb89829,Uttar Pradesh,2338,2024-03-12T11:55:58,2024-03-12T12:12:19,approved,1,0,
7072ac8325592498,22ea49616c97,3dbdb476d706,West Bengal,556,2024-03-12T11:57:17,2024-03-12T12:27:17,expired,1,0,
29e16a791451430e,6ab35d61cd9f,3b4b81b82964,Telangana,522,2024-03-12T12:02:41,2024-03-12T12:09:18,approved,1,0,
0e1fb7b814239760,1e30aaf5adb8,3d94fd4da17f,Maharashtra,507,2024-03-12T12:05:27,2024-03-12T12:25:06,approved,1,0,
332d0f7fc02da887,2569a0f51294,7762b9f6ba4c,Haryana,1713,2024-03-12T12:08:27,2024-03-12T12:15:05,approved,1,0,
0c054df995264617,45d11774ab5d,38ba1ebef12c,Gujarat,1109,2024-03-12T12:12:16,2024-03-12T12:42:16,expired,0,0,
58373512ca946df2,1e30aaf5adb8,12245daa468a,Uttar Pradesh,459,2024-03-12T12:13:51,2024-03-12T12:20:38,approved,1,0,
4c0fac9d3e94a5dd,09805b931ea6,487a9660c505,Delhi,1822,2024-03-12T12:16:30,2024-03-12T12:31:24,approved,1,0,
2fe47b9b1a47cf74,0176a1a01f10,14924a7b6256,Bihar,1975,2024-03-12T12:17:09,2024-03-12T12:26:43,approved,1,0,
086fafd8d2be1627,5ded2d78f299,12e78c6b9ed6,Maharashtra,1585,2024-03-12T12:19:38,2024-03-12T12:36:02,declined,1,0,
766e795e1baa399f,11d601015742,2416b6842956,Haryana,469,2024-03-12T12:19:46,2024-03-12T12:33:23,approved,1,0,
1c9fcf50acbf73f8,6f5fa5bed003,33170d8f5cde,Uttar Pradesh,1047,2024-03-12T12:20:47,2024-03-12T12:36:49,approved,1,0,
1bf7130cfde4ef93,7d493d48b208,18e811008e3a,Karnataka,981,2024-03-12T12:21:16,2024-03-12T12:51:16,expired,1,0,
4c3b310dd77a0814,673acd5d1161,3ead26a48d82,Delhi,1303,2024-03-12T12:22:33,2024-03-12T12:38:23,approved,1,0,
0e7d1b321e11e9eb,2b1781ab1f24,1f73c51a015f,West Bengal,730,2024-03-12T12:25:30,2024-03-12T12:31:12,approved,0,0,
72225bc130cf8a3d,7d81c905f4c1,320a93b369da,Maharashtra,3647,2024-03-12T12:25:41,2024-03-12T12:30:08,approved,1,0,
19d16491147479ca,6e836fcd1e4d,2dc097113279,Rajasthan,603,2024-03-12T12:28:27,2024-03-12T12:58:27,expired,0,0,
692e885137fa6779,1318e3fa6d29,76186b60d5e1,Delhi,588,2024-03-12T12:33:39,2024-03-12T12:45:36,approved,1,0,
5e50b1df188f65c5,7b99521e8d62,1f534e41cb27,Bihar,734,2024-03-12T12:41:22,2024-03-12T12:58:39,approved,1,0,
7e2688a4e3b6161f,7d493d48b208,7e876d602d97,Uttar Pradesh,479,2024-03-12T12:42:41,2024-03-12T12:59:46,approved,1,0,
618cdb4df3e49ae0,45d11774ab5d,3dbdb476d706,West Bengal,1031,2024-03-12T12:47:27,2024-03-12T13:17:27,expired,0,0,
017fd9646fa12045,7d81c905f4c1,4e8178e75f1c,Karnataka,1588,2024-03-12T12:48:42,2024-03-12T12:53:43,approved,1,0,
24db73fdc850eafb,7b99521e8d62,7d047ecd1a10,Haryana,1680,2024-03-12T12:49:57,2024-03-12T13:00:00,approved,1,0,
1772a642cd0b79da,2b1781ab1f24,27d56a826577,Maharashtra,5481,2024-03-12T12:53:02,2024-03-12T12:58:58,approved,0,0,
19ffcbf5f847c4dc,4a83bc732574,5e25560b3984,Bihar,1205,2024-03-12T12:55:33,2024-03-12T12:58:35,approved,1,0,
223c4454020f5229,4818964bb9e3,577f2fb2ce31,Maharashtra,432,2024-03-12T12:57:07,2024-03-12T13:12:47,approved,1,0,
20a5d8c68aec37f6,3a6d68f3644e,32304ceefde1,Uttar Pradesh,1281,2024-03-12T12:58:42,2024-03-12T13:28:42,expired,1,0,
04bd538b05dd2b80,4c6b531ee064,61682129cc62,Haryana,4001,2024-03-12T12:58:46,2024-03-12T13:17:36,approved,1,0,
05eac02d4857c0ec,7d81c905f4c1,371aeb594cea,Tamil Nadu,1131,2024-03-12T13:06:24,2024-03-12T13:23:55,approved,1,0,
339423d01d1c61b7,0fc3186df001,6da867ed5358,Rajasthan,2322,2024-03-12T13:06:54,2024-03-12T13:09:19,approved,1,0,
347bbec77a8822da,216f11aafe2f,073351767739,Bihar,502,2024-03-12T13:07:13,2024-03-12T13:16:31,approved,0,0,
72cf75bc29f55841,6a2b9baa3e4a,78936cbf29a1,Delhi,723,2024-03-12T13:14:21,2024-03-12T13:19:25,approved,1,0,
410ca538ddb265ac,6ab35d61cd9f,63513ad2bb3f,Telangana,659,2024-03-12T13:17:46,2024-03-12T13:29:24,approved,1,0,
06ad1223936e663b,107ff2ac18f1,42f1cc8f1c78,Rajasthan,395,2024-03-12T13:18:12,2024-03-12T13:28:36,approved,1,0,
7f19e639a5b4d6b6,634690700829,39e017cc62b0,Haryana,492,2024-03-12T13:21:03,2024-03-12T13:29:19,approved,1,0,
1b95709c6e7d47da,6d33a7293228,1920f9e8ae9f,Rajasthan,313,2024-03-12T13:21:37,2024-03-12T13:24:06,approved,1,0,
5b146339dfa1848b,45d11774ab5d,64661ca15cc0,Haryana,675,2024-03-12T13:22:31,2024-03-12T13:35:06,approved,0,0,
42e1e7cf7676d8a2,39dc63eef666,6095292283ef,Delhi,517,2024-03-12T13:24:07,2024-03-12T13:30:47,approved,1,0,
11a074cb62df1ef0,6fdf521c2b77,01cf0e766fd0,Kerala,834,2024-03-12T13:27:01,2024-03-12T13:57:01,expired,1,0,
74823bc53be16a40,2baf4e7593de,042af0848a53,Kerala,639,2024-03-12T13:27:47,2024-03-12T13:31:27,approved,1,0,
0bbbf4d0c0f12aec,48e58d7747c6,2262e55a0c7b,Haryana,765,2024-03-12T13:28:08,2024-03-12T13:45:54,approved,1,0,
2a4fc4a214409325,7d493d48b208,13b82768eed8,Delhi,622,2024-03-12T13:28:16,2024-03-12T13:39:56,approved,1,0,
140d00cd95603866,0176a1a01f10,4c3ac598995b,Uttar Pradesh,1606,2024-03-12T13:36:24,2024-03-12T13:50:10,approved,1,0,
6661da28acf8878a,6d33a7293228,10942d69d3d5,West Bengal,586,2024-03-12T13:39:11,2024-03-12T13:41:18,approved,1,0,
37bbc9331d21c24b,6a706675422c,14e4cbbb0af4,Tamil Nadu,1039,2024-03-12T13:40:23,2024-03-12T13:55:17,approved,0,0,
0bea875635885e92,22ea49616c97,0b00f27cafae,Rajasthan,286,2024-03-12T13:43:45,2024-03-12T13:54:23,approved,1,0,
3fb55a9a629af8b0,2baf4e7593de,37cee5b377cb,Maharashtra,526,2024-03-12T13:47:11,2024-03-12T14:04:17,approved,1,0,
0e08f965a69a7c42,0176a1a01f10,056f887bde06,Rajasthan,1433,2024-03-12T13:48:10,2024-03-12T14:18:10,expired,1,0,
054833091b903d02,45d11774ab5d,3d93738c97b2,West Bengal,1067,2024-03-12T13:50:59,2024-03-12T14:20:59,expired,0,0,
2e8e9cac3d35ab87,3a6d68f3644e,4917c5d1b6a8,Gujarat,973,2024-03-12T13:54:46,2024-03-12T14:06:16,approved,1,0,
7bac327cce2a2d9a,0f0510686293,1d661efa3833,West Bengal,1128,2024-03-12T13:59:56,2024-03-12T14:16:04,approved,1,0,
45e7b9541afd59d3,0f0510686293,70930cce217e,Maharashtra,431,2024-03-12T14:07:47,2024-03-12T14:13:20,approved,1,0,
7d94cc289272d5ad,0fc3186df001,7226c609ee5f,Rajasthan,1154,2024-03-12T14:15:11,2024-03-12T14:29:33,approved,1,0,
440780ef72c736b3,0176a1a01f10,56abf2648203,West Bengal,785,2024-03-12T14:15:54,2024-03-12T14:21:11,approved,1,0,
410653b1b15ff141,6f17ea22aaac,374ca6bf8185,West Bengal,3426,2024-03-12T14:16:54,2024-03-12T14:46:54,expired,1,0,
2aab93d16ddbd742,513484923021,060b607f7678,Bihar,1214,2024-03-12T14:17:40,2024-03-12T14:30:19,approved,1,0,
5ab7d48712079c09,0176a1a01f10,2ab0fd69bff6,Maharashtra,2196,2024-03-12T14:18:33,2024-03-12T14:26:35,approved,1,0,
4168cd0acd9734e2,634690700829,0ae3deb573a3,Bihar,536,2024-03-12T14:19:15,2024-03-12T14:29:55,approved,1,0,
2f8f33e9898a7e25,67a0390930e5,7340f67268b2,Haryana,568,2024-03-12T14:20:55,2024-03-12T14:28:37,approved,1,0,
09503dae19668a70,6ab35d61cd9f,639dda936f6f,Bihar,548,2024-03-12T14:22:34,2024-03-12T14:33:27,approved,1,0,
026689e60f4f930a,0f0510686293,08c129e74631,Kerala,579,2024-03-12T14:23:08,2024-03-12T14:53:08,expired,1,0,
2cb7c550341ea5b5,107ff2ac18f1,4bb27217c49e,West Bengal,456,2024-03-12T14:23:11,2024-03-12T14:26:29,approved,1,0,
03e44bb90f92b8c8,5e5c092ab53d,7776d24e5e24,Telangana,893,2024-03-12T14:24:38,2024-03-12T14:42:47,approved,1,0,
5a3b882ea58df9e4,09805b931ea6,2162034f0e71,Haryana,2403,2024-03-12T14:27:41,2024-03-12T14:40:29,approved,1,0,
13c81519746e1154,7d81c905f4c1,2d6aea19223c,Rajasthan,1500,2024-03-12T14:28:30,2024-03-12T14:39:01,approved,1,0,
2af698424503db5c,39dc63eef666,308450f3ccfa,Rajasthan,617,2024-03-12T14:32:28,2024-03-12T14:45:01,approved,1,0,
53c1325aafeac85d,2b1781ab1f24,4248c11fb9b9,Rajasthan,406,2024-03-12T14:37:02,2024-03-12T14:39:19,approved,0,0,
0093e7172963c498,5ded2d78f299,2ad4a2478d48,Bihar,1920,2024-03-12T14:41:29,2024-03-12T14:50:20,approved,1,0,
78cac3b40593390e,0176a1a01f10,73909bf79da7,West Bengal,2003,2024-03-12T14:41:48,2024-03-12T14:52:11,approved,1,0,
2654d953a80ca874,11d601015742,5b26dee8653c,West Bengal,506,2024-03-12T14:45:45,2024-03-12T15:05:13,approved,1,0,
6f2961a7be40eef1,6a7bccb8c392,679204c17a63,Haryana,843,2024-03-12T14:47:46,2024-03-12T14:50:01,approved,1,0,
5a886ad35b93be3d,41e20e89712f,4a5c19b87b77,Uttar Pradesh,1990,2024-03-12T14:51:58,2024-03-12T15:05:47,approved,1,0,
5996eb3c51c12166,0511fee882e4,6f65211f156f,Maharashtra,862,2024-03-12T14:53:55,2024-03-12T15:06:34,approved,1,0,
59ada6110e59b68c,0cce3dbda79d,77643bd6188d,Haryana,1600,2024-03-12T14:53:58,2024-03-12T15:02:04,approved,0,0,
04b7247f8aa66762,5e5c092ab53d,113e2929c6db,West Bengal,1719,2024-03-12T14:56:14,2024-03-12T15:14:20,approved,1,0,
39c1041cb37db9fb,6f5fa5bed003,1aca107a4e34,Haryana,2502,2024-03-12T14:56:27,2024-03-12T15:08:15,approved,1,0,
337aaf7718200b9c,2b1781ab1f24,2a12905db552,Rajasthan,1123,2024-03-12T14:59:30,2024-03-12T15:17:48,approved,0,0,
312a3ba86b24c357,49217212965b,69136ef8b10c,Gujarat,267,2024-03-12T15:00:24,2024-03-12T15:02:22,approved,1,0,
290855fac8d8eff0,1318e3fa6d29,4aeb84c7f092,Telangana,660,2024-03-12T15:01:15,2024-03-12T15:19:48,approved,1,0,
3eb73f0e8afcab03,19a849472d1b,7776d24e5e24,Telangana,2419,2024-03-12T15:03:23,2024-03-12T15:09:07,approved,1,0,
5b69ea630eebc39b,48f26f133a7b,055d6335f30e,Tamil Nadu,498,2024-03-12T15:05:14,2024-03-12T15:16:58,approved,1,0,
54f38c991b56f9e6,7786fa4ecb51,2c56a91026b0,West Bengal,562,2024-03-12T15:07:41,2024-03-12T15:08:41,approved,1,0,
684b3a81bead84e0,1318e3fa6d29,229506d99674,Kerala,392,2024-03-12T15:14:23,2024-03-12T15:18:55,approved,1,0,
6b203b766ada2d8b,6e836fcd1e4d,1b82713401b3,Delhi,798,2024-03-12T15:18:00,2024-03-12T15:34:14,approved,0,0,
5855507770e6b2d3,30595689af87,680c14ac045c,Karnataka,2428,2024-03-12T15:19:55,2024-03-12T15:39:05,approved,1,0,
6c086256726bd506,41e20e89712f,12e2d6e5147c,Rajasthan,1253,2024-03-12T15:20:43,2024-03-12T15:32:53,approved,1,0,
7a91d6b575b385d0,60a547ae6f0e,50f9904638da,Uttar Pradesh,432,2024-03-12T15:23:40,2024-03-12T15:37:20,approved,1,0,
4cb80be99d82a27c,5be02b242add,370a91d39132,Maharashtra,558,2024-03-12T15:24:04,2024-03-12T15:26:28,declined,1,0,
50b24e3c2d9d5de7,6646fee30506,749a58477ab6,Telangana,1570,2024-03-12T15:26:17,2024-03-12T15:32:52,approved,1,0,
26a49f8c72a06302,663473dc643e,508e788e03c4,Rajasthan,553,2024-03-12T15:26:18,2024-03-12T15:37:24,approved,1,0,
387ba8edc07335ca,216f11aafe2f,05ac9a5efaa7,Karnataka,6215,2024-03-12T15:29:23,2024-03-12T15:44:24,approved,0,0,
019eca281181b5a5,48f26f133a7b,7b6639949600,Telangana,1055,2024-03-12T15:29:44,2024-03-12T15:59:44,expired,1,0,
41c6fe95234433ce,2b1781ab1f24,68607b211482,Uttar Pradesh,4596,2024-03-12T15:32:06,2024-03-12T15:41:33,approved,0,0,
6c8d5e6992ed44a3,6f17ea22aaac,5ba879f7c5ac,Uttar Pradesh,820,2024-03-12T15:32:54,2024-03-12T15:52:32,approved,1,0,
17fd131d5bbf224b,216f11aafe2f,68db5e23c96b,Uttar Pradesh,193,2024-03-12T15:35:56,2024-03-12T15:42:47,approved,0,0,
5863010f84310445,4818964bb9e3,12dc58badf31,Bihar,890,2024-03-12T15:38:24,2024-03-12T16:08:24,expired,1,0,
4ce00347905c7a8b,6e836fcd1e4d,34929cc99e94,Telangana,996,2024-03-12T15:41:18,2024-03-12T15:46:31,declined,0,0,
709b2990fd6c3aae,1318e3fa6d29,27a2cd040f82,Karnataka,309,2024-03-12T15:46:05,2024-03-12T16:01:27,approved,1,0,
2a722256a9baada8,48a5f4e76a41,17079279a6a8,Telangana,502,2024-03-12T15:46:42,2024-03-12T16:05:36,approved,0,0,
5384d76ae66350da,6f5fa5bed003,06d0c70a89f6,Maharashtra,642,2024-03-12T15:47:32,2024-03-12T15:53:47,approved,1,0,
3acab8b6148a18a5,19a849472d1b,7ea7f352dc91,Uttar Pradesh,1489,2024-03-12T15:53:38,2024-03-12T16:01:57,approved,1,0,
2bd8282cbb0fb51d,6a2b9baa3e4a,681f3d5687b8,Bihar,483,2024-03-12T16:02:46,2024-03-12T16:22:27,approved,1,0,
5cc3a6f38eba8e3e,6ab35d61cd9f,6f1e4cfe4971,Bihar,447,2024-03-12T16:03:04,2024-03-12T16:16:10,approved,1,0,
72aa30576b1ba85f,1318e3fa6d29,6f62672863a9,Kerala,440,2024-03-12T16:04:16,2024-03-12T16:09:05,approved,1,0,
3bd6adcf262c562f,20332b92b91c,1f3e56dacee3,Tamil Nadu,1142,2024-03-12T16:05:25,2024-03-12T16:19:25,approved,0,0,
4f3277cc405b03fd,6ab35d61cd9f,1b0f65afbd64,Maharashtra,387,2024-03-12T16:06:16,2024-03-12T16:13:05,approved,1,0,
62346a80b7df51e5,67a0390930e5,0f672762e6c2,Kerala,629,2024-03-12T16:06:58,2024-03-12T16:20:27,approved,1,0,
150bbf64031d4d23,0cce3dbda79d,2f1bd8b7cf8a,Haryana,667,2024-03-12T16:07:00,2024-03-12T16:07:51,approved,0,0,
01c11bb79248924b,3a6d68f3644e,2dd9d44d5380,Gujarat,2961,2024-03-12T16:11:23,2024-03-12T16:21:48,approved,1,0,
31a801184ed47b87,216f11aafe2f,5c88908df54a,Haryana,1289,2024-03-12T16:11:24,2024-03-12T16:14:01,approved,0,0,
352ecc167dcb8484,51e266317647,3ad3483af029,West Bengal,1118,2024-03-12T16:12:24,2024-03-12T16:25:07,approved,1,0,
3e03d3063be825ae,216f11aafe2f,602d4c2b6c73,Tamil Nadu,570,2024-03-12T16:14:18,2024-03-12T16:44:18,expired,0,0,
7afab687e471668c,673acd5d1161,7a86ee7940b9,Bihar,1917,2024-03-12T16:15:11,2024-03-12T16:16:55,approved,1,0,
55ea2e99cf5614ac,6a2b9baa3e4a,48f30773ad18,Karnataka,551,2024-03-12T16:17:27,2024-03-12T16:25:18,approved,1,0,
1b67a33e18e16069,0f0510686293,5febc2769659,West Bengal,436,2024-03-12T16:17:46,2024-03-12T16:23:43,approved,1,0,
23a4a9c02f56166d,45d11774ab5d,0eb1cb028b1f,Tamil Nadu,5725,2024-03-12T16:18:02,2024-03-12T16:48:02,expired,0,0,
73c4df79a4327a32,0f0510686293,388827d383e6,Haryana,1009,2024-03-12T16:20:47,2024-03-12T16:26:23,approved,1,0,
5de6096e941052de,4c6b531ee064,1de9f0a4d021,Rajasthan,691,2024-03-12T16:22:28,2024-03-12T16:32:44,approved,1,0,
73b083a05667856a,48a5f4e76a41,57e63824922d,Rajasthan,453,2024-03-12T16:24:12,2024-03-12T16:42:17,declined,0,0,
002ce9ff9d4d19dd,7b8a68c1ae9c,093e8c4c9ce6,Gujarat,1531,2024-03-12T16:26:04,2024-03-12T16:41:41,approved,1,0,
2852c873a71a0927,673acd5d1161,6061284eacd4,Rajasthan,520,2024-03-12T16:26:54,2024-03-12T16:28:45,approved,1,0,
1ad15c7028efe158,67a0390930e5,17f19df09653,Gujarat,609,2024-03-12T16:27:18,2024-03-12T16:42:54,approved,1,0,
0651951b8033ea17,2569a0f51294,529c8c1ccb39,Haryana,815,2024-03-12T16:31:13,2024-03-12T16:36:05,approved,1,0,
767243763badbb20,5be02b242add,135c5312a034,Haryana,2643,2024-03-12T16:31:52,2024-03-12T16:32:28,approved,1,0,
52d21d736ef59e46,1e30aaf5adb8,0ce3ffa37e72,Rajasthan,660,2024-03-12T16:31:54,2024-03-12T16:36:51,approved,1,0,
64efa58a17a336f3,1318e3fa6d29,030415db0d5b,Bihar,356,2024-03-12T16:33:03,2024-03-12T16:40:14,approved,1,0,
677cd7b9ed02cb29,51e266317647,25870f5bda33,Kerala,756,2024-03-12T16:40:04,2024-03-12T16:59:01,approved,1,0,
17c53737f748759d,107ff2ac18f1,582db1eca661,Kerala,706,2024-03-12T16:42:00,2024-03-12T16:47:26,approved,1,0,
49d865a231e537aa,6f17ea22aaac,39dbc44eaa70,Kerala,746,2024-03-12T16:44:39,2024-03-12T16:51:45,approved,1,0,
06654788b64c177b,4a83bc732574,63d026860b36,Haryana,2168,2024-03-12T16:45:12,2024-03-12T16:46:46,declined,1,0,
57726eb2b710db3d,39dc63eef666,663edcf29086,Bihar,543,2024-03-12T16:49:25,2024-03-12T17:08:51,approved,1,0,
30738509e2e798c3,7d493d48b208,7a65093b1eac,Tamil Nadu,513,2024-03-12T16:52:21,2024-03-12T17:11:53,approved,1,0,
3a35993812500d08,6ab35d61cd9f,02b14d9f8b29,Uttar Pradesh,1057,2024-03-12T16:53:23,2024-03-12T16:57:38,approved,1,0,
19469173c9bfa937,6f17ea22aaac,44f17d524bc0,Maharashtra,2282,2024-03-12T16:57:53,2024-03-12T16:58:56,approved,1,0,
23764dd55771ddd6,0176a1a01f10,09c5c962635d,West Bengal,2695,2024-03-12T16:58:18,2024-03-12T17:06:12,approved,1,0,
399797667bba03a6,6a706675422c,2ad4a2478d48,Bihar,348,2024-03-12T17:00:58,2024-03-12T17:05:17,approved,0,0,
160f33410fef3135,51e266317647,3b19551d67f8,Uttar Pradesh,428,2024-03-12T17:02:55,2024-03-12T17:16:29,approved,1,0,
763458ad06486c86,1e30aaf5adb8,23cb21bd5328,Bihar,444,2024-03-12T17:05:54,2024-03-12T17:13:38,approved,1,0,
340af60b820120eb,60a547ae6f0e,039f838f339c,Telangana,461,2024-03-12T17:06:05,2024-03-12T17:10:44,approved,1,0,
32f36452a0bcbe40,7d493d48b208,2aded71b4144,Telangana,260,2024-03-12T17:10:15,2024-03-12T17:28:10,approved,1,0,
17f2a7979b41de26,19a849472d1b,7bf1a2bfe0ee,Rajasthan,1053,2024-03-12T17:13:07,2024-03-12T17:21:03,declined,1,0,
7fc9f04dac138be0,11d601015742,367eea3c43a4,West Bengal,1074,2024-03-12T17:15:49,2024-03-12T17:24:31,approved,1,0,
44e6cfae4b5af14b,51e266317647,6b63470f9b45,Telangana,409,2024-03-12T17:17:56,2024-03-12T17:26:58,approved,1,0,
2018dcdd82755a90,49217212965b,455e1895447b,West Bengal,175,2024-03-12T17:22:46,2024-03-12T17:32:00,approved,1,0,
2924fd71e29ae5f7,694d71c69d67,77dbe17485ca,West Bengal,3802,2024-03-12T17:24:51,2024-03-12T17:42:28,approved,1,0,
6d248998db37532f,1318e3fa6d29,224b64a16927,Maharashtra,387,2024-03-12T17:26:27,2024-03-12T17:33:20,approved,1,0,
3cdac73a03010232,673acd5d1161,4df2fb721659,Haryana,1472,2024-03-12T17:29:09,2024-03-12T17:35:45,approved,1,0,
6f89896b4c9b266e,6a7bccb8c392,5c59f6e7e5b5,Bihar,300,2024-03-12T17:30:08,2024-03-12T17:31:21,approved,1,0,
554e1089ec9d7296,11d601015742,19e625f3a2d6,Karnataka,3711,2024-03-12T17:35:37,2024-03-12T17:43:13,approved,1,0,
30e6dceff3d12c3d,34994a8b60cd,044358cb4635,Kerala,644,2024-03-12T17:36:28,2024-03-12T18:06:28,expired,0,0,
71b4fe8a313a367a,4a83bc732574,668667c0bcca,Haryana,262,2024-03-12T17:37:16,2024-03-12T18:07:16,expired,1,0,
028cd9ef28c97b81,5e5c092ab53d,5f7d25d131f1,Haryana,911,2024-03-12T17:38:42,2024-03-12T17:43:00,approved,1,0,
715293c0202d8d41,107ff2ac18f1,61d4153263a9,Uttar Pradesh,412,2024-03-12T17:41:11,2024-03-12T17:56:51,approved,1,0,
350f562d0f33d991,6646fee30506,4e9a2cb80e06,Delhi,1472,2024-03-12T17:53:53,2024-03-12T18:03:49,declined,1,0,
790c761249e7723a,09805b931ea6,16f937d36ee0,Bihar,2446,2024-03-12T17:54:59,2024-03-12T18:11:04,approved,1,0,
544cb8bbc608f0ca,216f11aafe2f,396f6e90b61b,Bihar,1680,2024-03-12T17:57:26,2024-03-12T18:05:43,approved,0,0,
3e535611da5c6b43,4a83bc732574,643db15c80ce,Telangana,1435,2024-03-12T18:02:46,2024-03-12T18:05:57,approved,1,0,
218283d57d0e07f4,41e20e89712f,4a819acd7e9c,Telangana,1854,2024-03-12T18:03:17,2024-03-12T18:06:02,approved,1,0,
59076261e584d674,30595689af87,1282a5481746,Tamil Nadu,1454,2024-03-12T18:10:33,2024-03-12T18:20:19,approved,1,0,
11c2196d1448ae3c,45d11774ab5d,3a9a6e5ddb9d,Bihar,436,2024-03-12T18:13:11,2024-03-12T18:26:08,declined,0,0,
3ab418b485fbab40,0d9a63adaba5,27e74acc29a4,Maharashtra,2900,2024-03-12T18:14:32,2024-03-12T18:29:59,approved,1,0,
30cc34ae9167b5b8,5be02b242add,11630528f61d,Haryana,3224,2024-03-12T18:16:19,2024-03-12T18:21:13,approved,1,0,
02b29e05896e1984,5be02b242add,621f6f7422ae,Rajasthan,1129,2024-03-12T18:17:51,2024-03-12T18:26:27,approved,1,0,
5c656da63f495f21,39dc63eef666,6da867ed5358,Rajasthan,1018,2024-03-12T18:20:12,2024-03-12T18:32:39,approved,1,0,
56bb7d912c8d0fc7,0176a1a01f10,60677f7b650b,Uttar Pradesh,715,2024-03-12T18:26:53,2024-03-12T18:46:26,approved,1,0,
3c16375f212b7a20,51e266317647,5c6e1f107a8b,Maharashtra,923,2024-03-12T18:27:45,2024-03-12T18:37:56,approved,1,0,
658ea7bbc85f95cc,107ff2ac18f1,04a157bd65b4,Bihar,711,2024-03-12T18:29:34,2024-03-12T18:36:17,approved,1,0,
6b898af3f82df5d1,6e73719779d9,0dd1782a846d,Uttar Pradesh,1671,2024-03-12T18:30:39,2024-03-12T18:40:43,approved,0,0,
59f6cc34a7210ac4,09f6cd55cca3,3dbdb476d706,West Bengal,1119,2024-03-12T18:31:40,2024-03-12T18:43:48,approved,1,0,
3c20e9e24b7541b0,5ded2d78f299,086c423b0ce2,Maharashtra,2136,2024-03-12T18:34:06,2024-03-12T18:46:29,approved,1,0,
4ec349559363f740,0d9a63adaba5,7d670346e119,Telangana,1550,2024-03-12T18:37:55,2024-03-12T18:45:40,approved,1,0,
0faae16b97b059cc,634690700829,7e6f42290538,Karnataka,544,2024-03-12T18:39:42,2024-03-12T18:46:06,approved,1,0,
729e7d79b99580a9,19a849472d1b,7aed65dfdfd9,Maharashtra,927,2024-03-12T18:42:35,2024-03-12T18:48:10,approved,1,0,
4a9093583f20bff4,6646fee30506,0eb1cb028b1f,Tamil Nadu,541,2024-03-12T18:43:38,2024-03-12T18:48:49,approved,1,0,
0e6544c209898f9c,1318e3fa6d29,7a65093b1eac,Tamil Nadu,467,2024-03-12T18:44:48,2024-03-12T18:48:20,approved,1,0,
614cbefbe7e2af62,0f0510686293,0e3749a34cea,Maharashtra,609,2024-03-12T18:47:02,2024-03-12T19:00:32,approved,1,0,
40700fbfc4dbf4c0,663473dc643e,0d5b4e64d433,Kerala,408,2024-03-12T18:50:25,2024-03-12T19:02:34,approved,1,0,
672d75f6f97a26d6,2baf4e7593de,515e553567e2,Maharashtra,411,2024-03-12T18:53:11,2024-03-12T19:08:58,approved,1,0,
3a2e6c59e0012108,45d11774ab5d,6ac0dac6759f,Maharashtra,208,2024-03-12T18:53:52,2024-03-12T19:23:52,expired,0,0,
35e473bfb0e76ec8,67a0390930e5,68b0b0fad1c9,Haryana,272,2024-03-12T18:56:57,2024-03-12T19:05:21,approved,1,0,
1a015b3a7b12ff26,6e73719779d9,061c2e717eb9,Telangana,846,2024-03-12T18:57:53,2024-03-12T19:05:43,approved,0,0,
211f614677eaa7e3,634690700829,1350e77876b2,West Bengal,350,2024-03-12T18:59:10,2024-03-12T19:13:24,approved,1,0,
6fe0fefa15c4a80b,6e73719779d9,5a50aeaa911f,Gujarat,361,2024-03-12T19:01:02,2024-03-12T19:19:40,declined,0,0,
555f15ab2a993754,22ea49616c97,642fe5f29ea3,Tamil Nadu,596,2024-03-12T19:03:34,2024-03-12T19:18:35,approved,1,0,
046ba992464464e1,7d493d48b208,38ee02027be6,Kerala,626,2024-03-12T19:05:38,2024-03-12T19:14:30,approved,1,0,
5bdb257bd36c2285,0fc3186df001,17a8f4461a92,Bihar,953,2024-03-12T19:06:21,2024-03-12T19:15:56,approved,1,0,
79983fcb903f3224,6f17ea22aaac,3fda3222e583,Rajasthan,2328,2024-03-12T19:08:05,2024-03-12T19:16:12,approved,1,0,
703edb8db2ce3011,0cce3dbda79d,4164bd38aa75,Haryana,121,2024-03-12T19:08:41,2024-03-12T19:21:37,approved,0,0,
21963d4da68a8811,513484923021,09280161101f,Rajasthan,345,2024-03-12T19:11:17,2024-03-12T19:36:23,declined,1,0,
3387e1779838cf41,0f0510686293,0cadcb4f45d7,Telangana,582,2024-03-12T19:12:32,2024-03-12T19:14:10,approved,1,0,
629129618ce61bf2,39dc63eef666,764d0459ae0c,Gujarat,485,2024-03-12T19:14:36,2024-03-12T19:17:38,approved,1,0,
3b6cb4dfcfec3b86,216f11aafe2f,457dd7372bff,Karnataka,746,2024-03-12T19:17:30,2024-03-12T19:37:47,declined,0,0,
3513c86f13331afe,7b99521e8d62,02b6356c5ba5,Delhi,3398,2024-03-12T19:18:47,2024-03-12T19:27:47,approved,1,0,
6e69b823d23ec871,663473dc643e,7cddff05cb27,Maharashtra,375,2024-03-12T19:19:05,2024-03-12T19:21:26,approved,1,0,
4d234bbf3c14abc6,34994a8b60cd,45d4a4641228,Delhi,3507,2024-03-12T19:20:50,2024-03-12T19:50:50,expired,0,0,
204cb38ba11014ab,0f0510686293,70d075c5b70c,Karnataka,285,2024-03-12T19:22:09,2024-03-12T19:34:02,approved,1,0,
51d0a4f9d9fd7091,22ea49616c97,15561f82b01d,Rajasthan,633,2024-03-12T19:29:05,2024-03-12T19:33:52,approved,1,0,
4c4f4b6fdb85949b,09f6cd55cca3,23603a42cf4e,Haryana,2708,2024-03-12T19:31:59,2024-03-12T19:37:23,approved,1,0,
5949f9ccd61731d5,09f6cd55cca3,02b14d9f8b29,Uttar Pradesh,1160,2024-03-12T19:33:48,2024-03-12T20:03:48,expired,1,0,
07b84a92b80c2c4d,6e73719779d9,4f62e1356db9,Gujarat,4615,2024-03-12T19:37:19,2024-03-12T20:04:11,declined,0,0,
10c12c8c57751cbb,51e266317647,7678f18a1e79,Telangana,859,2024-03-12T19:40:56,2024-03-12T19:58:58,approved,1,0,
6f780427cbe188b7,1318e3fa6d29,02975cd5c9fb,Bihar,583,2024-03-12T19:48:46,2024-03-12T20:18:46,expired,1,0,
721faec8f0104da6,5ded2d78f299,7d9e960c17e6,Bihar,1029,2024-03-12T19:48:52,2024-03-12T19:51:54,approved,1,0,
71a8f1eb3a1ef5e5,6f5fa5bed003,772595d2154f,Gujarat,905,2024-03-12T19:50:22,2024-03-12T20:20:22,expired,1,0,
0560b7323fc2cc3a,7d493d48b208,55a93be32c88,Gujarat,254,2024-03-12T19:52:09,2024-03-12T20:10:14,approved,1,0,
152919f57148da32,1e30aaf5adb8,06959e5e119c,Haryana,618,2024-03-12T19:52:17,2024-03-12T20:08:05,approved,1,0,
43b148afe5e96103,6ab35d61cd9f,2271ad30eaf1,Maharashtra,1084,2024-03-12T19:57:43,2024-03-12T20:17:14,approved,1,0,
03523eb70cbffc97,48a5f4e76a41,1a09601d7cfc,Maharashtra,360,2024-03-12T20:04:33,2024-03-12T20:13:58,approved,0,0,
26c0f46f7f8705bc,6a7bccb8c392,705269b28271,Delhi,667,2024-03-12T20:10:00,2024-03-12T20:18:08,approved,1,0,
64ce3c5e31819d64,6a7bccb8c392,1cb40ef0d588,Maharashtra,450,2024-03-12T20:11:43,2024-03-12T20:22:00,approved,1,0,
735712a68bf586aa,7d81c905f4c1,0ee2850df898,Bihar,1230,2024-03-12T20:14:34,2024-03-12T20:24:06,approved,1,0,
29d2126a40c0fd15,1318e3fa6d29,29f6451d4242,Tamil Nadu,713,2024-03-12T20:14:48,2024-03-12T20:19:21,approved,1,0,
028f37d1d8858681,6646fee30506,7b09085a17ea,Kerala,887,2024-03-12T20:17:29,2024-03-12T20:31:05,approved,1,0,
29d95fa55c2f122a,39dc63eef666,320c9b687fb3,Delhi,495,2024-03-12T20:17:42,2024-03-12T20:21:06,approved,1,0,
1353e1ae553a0faa,634690700829,4f622715013e,Tamil Nadu,292,2024-03-12T20:17:52,2024-03-12T20:19:24,approved,1,0,
5aa903a3bf72ab1d,51e266317647,7f8b35f50083,Delhi,500,2024-03-12T20:18:07,2024-03-12T20:22:00,approved,1,0,
340bb63be728f5f2,513484923021,6061284eacd4,Rajasthan,355,2024-03-12T20:24:02,2024-03-12T20:54:02,expired,1,0,
2a8e7562e4856599,4a83bc732574,007a97ac2d9d,Bihar,2150,2024-03-12T20:24:19,2024-03-12T20:40:26,approved,1,0,
707051bb3788023d,2baf4e7593de,0a9204270bad,West Bengal,336,2024-03-12T20:24:49,2024-03-12T20:30:52,approved,1,0,
780e8f341f374f2a,22ea49616c97,6d8a9acd9dfa,Kerala,424,2024-03-12T20:29:16,2024-03-12T20:41:19,approved,1,0,
557ebb0f494fe438,7b99521e8d62,5abf855f5b60,Kerala,3109,2024-03-12T20:29:45,2024-03-12T20:46:53,approved,1,0,
43ea3957d5292577,634690700829,2b4ca6d99a4b,Rajasthan,679,2024-03-12T20:30:18,2024-03-12T20:48:33,approved,1,0,
0c46eb4dcd83219b,0511fee882e4,0905e1fe8261,Karnataka,1102,2024-03-12T20:37:23,2024-03-12T20:56:52,declined,1,0,
5d4418460e25e9f5,663473dc643e,75d6ed72dbd8,Rajasthan,596,2024-03-12T20:38:29,2024-03-12T20:53:25,approved,1,0,
0e8cbb821f1b3c50,0f0510686293,5ff343057178,Gujarat,386,2024-03-12T20:39:00,2024-03-12T20:50:42,approved,1,0,
74749ea019d75513,60a547ae6f0e,1990096a8b38,Bihar,271,2024-03-12T20:43:30,2024-03-12T21:13:30,expired,1,0,
404536ba71943ea9,107ff2ac18f1,6b88beb514f4,Tamil Nadu,655,2024-03-12T20:47:24,2024-03-12T21:03:08,approved,1,0,
33462e1cf6a9808f,0176a1a01f10,1ae24ac457d0,Tamil Nadu,1153,2024-03-12T20:47:36,2024-03-12T21:00:56,approved,1,0,
4af8ea418f1f683b,513484923021,41593bafb331,Karnataka,485,2024-03-12T20:47:59,2024-03-12T21:00:16,approved,1,0,
254b82555cac5d12,2b1781ab1f24,72c0757ae2f6,Haryana,1380,2024-03-12T20:50:12,2024-03-12T20:52:05,approved,0,0,
16cd997f81538e31,6d33a7293228,7d05a5b0c15b,Delhi,305,2024-03-12T20:51:08,2024-03-12T21:10:56,approved,1,0,
1b5aade9f2e2482a,0cce3dbda79d,082857a8408b,Telangana,3103,2024-03-12T20:53:50,2024-03-12T21:02:57,approved,0,0,
324e44c0c69bb00f,30595689af87,12e2d6e5147c,Rajasthan,2377,2024-03-12T20:56:27,2024-03-12T21:04:41,approved,1,0,
30d1dd8640e670ec,6a706675422c,69e107e221b7,Rajasthan,1571,2024-03-12T20:58:06,2024-03-12T21:11:15,approved,0,0,
1427b3e01d8101b5,09805b931ea6,2d3003638d6e,Rajasthan,2625,2024-03-12T20:59:25,2024-03-12T21:09:31,approved,1,0,
31894c2c6262bf70,0d9a63adaba5,109c3510c7fc,Rajasthan,2802,2024-03-12T21:02:29,2024-03-12T21:11:28,approved,1,0,
0f1334a71850da36,0fc3186df001,10bb786d41cc,Gujarat,2885,2024-03-12T21:06:03,2024-03-12T21:36:03,expired,1,0,
33dc49496f9acc29,2b7ae5050a4d,2be2fef5adc2,Telangana,830,2024-03-12T21:07:50,2024-03-12T21:25:44,approved,1,0,
24de5b1190de00d0,2baf4e7593de,483c67c30f29,Kerala,849,2024-03-12T21:10:05,2024-03-12T21:18:45,approved,1,0,
53c1af630beaddb0,4a83bc732574,7e03fd880ca6,Delhi,1960,2024-03-12T21:14:57,2024-03-12T21:15:54,approved,1,0,
003d700de07f1203,39dc63eef666,799c83fce3c0,West Bengal,526,2024-03-12T21:17:49,2024-03-12T21:34:38,approved,1,0,
55ddb276621dde3f,6e73719779d9,499e04d93002,Delhi,745,2024-03-12T21:19:51,2024-03-12T21:29:13,approved,0,0,
48acdcb93b794115,6a7bccb8c392,62eb838b4a35,Rajasthan,613,2024-03-12T21:20:57,2024-03-12T21:33:40,approved,1,0,
59a9978ba3de992c,1318e3fa6d29,4d8a991251fe,Kerala,633,2024-03-12T21:25:15,2024-03-12T21:41:52,approved,1,0,
57acc03af35bc590,0d4a1f2e8b76,7eacf1298fba,Bihar,647,2024-03-12T21:25:22,2024-03-12T21:41:58,approved,1,0,
51e2f5e52164cb0b,0d9a63adaba5,2828769a9d2f,Bihar,3323,2024-03-12T21:25:45,2024-03-12T21:55:45,expired,1,0,
0c2dfd5749c58194,0fc3186df001,6b26144e2233,Rajasthan,898,2024-03-12T21:26:40,2024-03-12T21:41:15,approved,1,0,
04566947f4d4a886,7d81c905f4c1,5f5e9e2235d1,Kerala,2343,2024-03-12T21:27:22,2024-03-12T21:40:14,approved,1,0,
1edd273015581af6,6a706675422c,523d69f19025,Delhi,2361,2024-03-12T21:27:36,2024-03-12T21:39:45,approved,0,0,
1e3e1e1fdf529888,2910947f9388,565dd733244d,Maharashtra,416,2024-03-12T21:37:57,2024-03-12T21:56:19,approved,1,0,
63ef8724985f329c,20332b92b91c,0af0ae8a5582,Delhi,1158,2024-03-12T21:42:17,2024-03-12T21:54:18,declined,0,0,
4cd56822e5c2a9c9,6a7bccb8c392,098f21f94a84,Uttar Pradesh,524,2024-03-12T21:43:07,2024-03-12T21:53:48,approved,1,0,
78c35d11a0b3e2eb,2b1781ab1f24,2c2e8884b7ba,Gujarat,1029,2024-03-12T21:47:00,2024-03-12T22:00:45,approved,0,0,
53b82264a1e22b89,107ff2ac18f1,4614819195b1,Bihar,684,2024-03-12T21:50:36,2024-03-12T21:56:16,approved,1,0,
2f9f29ffc073b86f,6a7bccb8c392,5c24e4123c44,Kerala,565,2024-03-12T21:50:38,2024-03-12T21:53:49,approved,1,0,
4b7aed22851612aa,0f0510686293,0f79c727416d,Kerala,426,2024-03-12T22:02:12,2024-03-12T22:20:07,approved,1,0,
777b6e57688efc3e,0176a1a01f10,00c0327d74ab,Haryana,1973,2024-03-12T22:07:41,2024-03-12T22:09:21,approved,1,0,
424d107ffcab351e,7d493d48b208,2810c3560356,Rajasthan,383,2024-03-12T22:11:20,2024-03-12T22:41:20,expired,1,0,
34dbf7ef5f68ba61,513484923021,2bf15694db53,Karnataka,559,2024-03-12T22:14:43,2024-03-12T22:32:01,approved,1,0,
73b547f81f06842b,30595689af87,74d38523d70a,Bihar,308,2024-03-12T22:18:46,2024-03-12T22:35:05,approved,1,0,
1fe0502e91561f0a,6e836fcd1e4d,001ad41cce3f,Tamil Nadu,601,2024-03-12T22:18:47,2024-03-12T22:21:31,approved,0,0,
57bbd0e06dd7eda3,51e266317647,0c197ad05eb6,Maharashtra,487,2024-03-12T22:19:33,2024-03-12T22:34:31,approved,1,0,
3041e6ee95bdfe47,1318e3fa6d29,48fdaeec88c9,Bihar,416,2024-03-12T22:19:45,2024-03-12T22:35:57,approved,1,0,
0af0e40ddc709ffa,4a83bc732574,5cc853648c81,Karnataka,1408,2024-03-12T22:22:06,2024-03-12T22:52:06,expired,1,0,
1d51041a228c187e,48a5f4e76a41,40ab6f1f30b2,Telangana,120,2024-03-12T22:32:24,2024-03-12T22:42:05,approved,0,0,
1576b9608c68b8e2,673acd5d1161,07ae6af9d372,Uttar Pradesh,1927,2024-03-12T22:32:36,2024-03-12T23:02:36,expired,1,0,
7ce5d06407b0243e,634690700829,5013c77ee23e,Bihar,583,2024-03-12T22:35:43,2024-03-12T22:48:30,approved,1,0,
5a86887472b4473a,4818964bb9e3,32a094cf7d54,Delhi,401,2024-03-12T22:40:29,2024-03-12T22:59:52,approved,1,0,
35058236a7ef8992,20332b92b91c,56d320115614,Maharashtra,706,2024-03-12T22:42:07,2024-03-12T22:56:37,declined,0,0,
2a925e55593fc5f5,663473dc643e,1587044364c6,Tamil Nadu,678,2024-03-12T22:46:57,2024-03-12T22:47:57,declined,1,0,
1879bce5a5f104c9,6646fee30506,69e107e221b7,Rajasthan,1864,2024-03-12T22:49:01,2024-03-12T22:57:37,approved,1,0,
687a9d187505ba7a,7d81c905f4c1,21e3fe949919,Maharashtra,2961,2024-03-12T22:49:34,2024-03-12T23:02:17,approved,1,0,
38a4d51ea6eb208f,11d601015742,0d539f4a048d,West Bengal,878,2024-03-12T22:56:22,2024-03-12T22:58:45,approved,1,0,
58df9e1094672fe4,7d493d48b208,23025a6434bc,Rajasthan,296,2024-03-12T22:56:33,2024-03-12T23:15:37,approved,1,0,
0bb9df306617ed95,7786fa4ecb51,40fe4ba7aace,Delhi,321,2024-03-12T22:57:15,2024-03-12T23:03:25,approved,1,0,
1fdfd32eb04539cb,39dc63eef666,36b6fb875d8b,Haryana,632,2024-03-12T22:57:43,2024-03-12T23:05:47,approved,1,0,
4b3f70c62ae07861,20332b92b91c,42d91ad4d325,Karnataka,2002,2024-03-12T23:10:57,2024-03-12T23:11:56,declined,0,0,
7b14fefc161be800,5be02b242add,7276ec657e63,Bihar,1092,2024-03-12T23:11:41,2024-03-12T23:41:41,expired,1,0,
58ffd8681b3af493,1e30aaf5adb8,053088d40bc3,Haryana,646,2024-03-12T23:16:10,2024-03-12T23:33:46,approved,1,0,
6632e3866e10890b,6a7bccb8c392,0d9262b4183c,Telangana,285,2024-03-12T23:23:31,2024-03-12T23:27:45,approved,1,0,
36eb8490d9149478,11d601015742,2b1a63291e0e,Tamil Nadu,596,2024-03-12T23:35:36,2024-03-12T23:53:50,declined,1,0,
54133f3399ae49b3,20332b92b91c,54de3af15985,Karnataka,615,2024-03-12T23:42:03,2024-03-12T23:59:42,declined,0,0,
2d81d2402b403d4a,1e30aaf5adb8,1fc8338a97fa,Uttar Pradesh,557,2024-03-12T23:46:05,2024-03-13T00:02:38,approved,1,0,
4680374338657569,0511fee882e4,45e5e9348663,Karnataka,1500,2024-03-12T23:59:32,2024-03-13T00:03:54,approved,1,0,
2cd7b60e95592655,5e5c092ab53d,2bfd9602f3eb,Tamil Nadu,740,2024-03-13T00:03:07,2024-03-13T00:04:25,approved,1,0,
1768b9191a0ca7e3,6d33a7293228,7367b5124b81,Kerala,484,2024-03-13T00:10:38,2024-03-13T00:26:51,approved,1,0,
7bebb09b109a8549,673acd5d1161,30f0fccb0a9c,West Bengal,892,2024-03-13T00:14:50,2024-03-13T00:31:19,approved,1,0,
061f19a8e8f1404b,7786fa4ecb51,16db91a1b744,Maharashtra,618,2024-03-13T00:24:42,2024-03-13T00:40:01,approved,1,0,
6d19f0a4b7d8e1bf,4c6b531ee064,24148ce956ec,Delhi,803,2024-03-13T00:33:02,2024-03-13T00:47:45,approved,1,0,
7cef62790b98987a,48e58d7747c6,4fbbd8e99724,Gujarat,1460,2024-03-13T01:13:36,2024-03-13T01:14:24,approved,1,0,
2d3d1a660cac2c8b,3a6d68f3644e,301ac77e9389,West Bengal,1658,2024-03-13T01:51:45,2024-03-13T02:07:34,approved,1,0,
7770a79f4046b8c3,20332b92b91c,4bcf90d7a571,Delhi,1019,2024-03-13T01:53:20,2024-03-13T02:06:28,approved,0,0,
535108e2f10f09aa,30595689af87,63d289a7d3c6,Rajasthan,2302,2024-03-13T02:19:24,2024-03-13T02:20:11,approved,1,0,
26a45cbeef884074,6a7bccb8c392,237303d5d4bf,Maharashtra,722,2024-03-13T02:52:49,2024-03-13T03:07:59,approved,1,0,
59d6b700e7c4d3fd,0511fee882e4,226ce0615b60,Rajasthan,1119,2024-03-13T03:55:13,2024-03-13T04:09:07,approved,1,0,
233d11b58dc6f052,513484923021,37391d57b1e2,Telangana,514,2024-03-13T04:17:32,2024-03-13T04:34:47,approved,1,0,
21a85d07c8de9190,2569a0f51294,4aa4dd826607,Kerala,2815,2024-03-13T04:35:24,2024-03-13T04:47:34,approved,1,0,
520aa5592feebe37,6fdf521c2b77,07a74717f48c,Uttar Pradesh,3416,2024-03-13T06:00:02,2024-03-13T06:13:20,approved,1,0,
0d1d7369198964eb,663473dc643e,0dcfff7f46c3,Kerala,451,2024-03-13T06:10:19,2024-03-13T06:18:34,approved,1,0,
0cd36ff3c8ee506b,0cce3dbda79d,37a0be912fe1,Delhi,822,2024-03-13T06:14:30,2024-03-13T06:19:48,approved,0,0,
1a69d91a4b357734,2b1781ab1f24,70777a53a369,Karnataka,694,2024-03-13T06:17:46,2024-03-13T06:24:27,approved,0,0,
67ec778642e1963a,7d81c905f4c1,42cebc2a139d,West Bengal,1293,2024-03-13T06:28:09,2024-03-13T06:35:31,approved,1,0,
4b84086eb82eb407,4a83bc732574,7b8adb00f5db,Rajasthan,852,2024-03-13T06:48:25,2024-03-13T06:59:03,approved,1,0,
2c3646b5cdfc28d5,0f0510686293,7d39818e1f53,Uttar Pradesh,390,2024-03-13T06:51:09,2024-03-13T06:57:04,approved,1,0,
49c6e2ab7521337c,7786fa4ecb51,769da22c8433,Gujarat,402,2024-03-13T06:51:33,2024-03-13T07:21:33,expired,1,0,
432bc5b34bec3c11,11d601015742,58e8a043d1af,Telangana,697,2024-03-13T06:58:10,2024-03-13T07:13:59,approved,1,0,
69ed627f4e243e44,2b1781ab1f24,2e6ad22d1bf2,West Bengal,776,2024-03-13T07:00:15,2024-03-13T07:12:18,declined,0,0,
6b1e8291d5b85175,09805b931ea6,66935843ab16,Tamil Nadu,2228,2024-03-13T07:03:12,2024-03-13T07:12:38,approved,1,0,
430c6c0f5fa46c08,7b99521e8d62,3d6791534d3d,Bihar,1815,2024-03-13T07:18:55,2024-03-13T07:36:48,approved,1,0,
6ddef49c8242b113,6d33a7293228,3259cce3ec77,Karnataka,375,2024-03-13T07:19:06,2024-03-13T07:34:22,approved,1,0,
4228af54510f33f0,30595689af87,061341300dad,West Bengal,696,2024-03-13T07:33:24,2024-03-13T07:42:07,declined,1,0,
365166ac9fbac27f,7d493d48b208,657ecb3d7b5c,Kerala,575,2024-03-13T07:41:25,2024-03-13T07:45:12,approved,1,0,
16f418c637ff82b1,4a83bc732574,0a0a45abf318,Uttar Pradesh,767,2024-03-13T07:46:24,2024-03-13T07:47:59,approved,1,0,
0a64f35114ba65c1,107ff2ac18f1,027a16725bfb,Telangana,290,2024-03-13T07:48:21,2024-03-13T08:03:29,approved,1,0,
1606e54391f3eeba,5e5c092ab53d,6e3e7c9f92d1,Gujarat,659,2024-03-13T07:48:45,2024-03-13T08:13:12,declined,1,0,
78cd729dc8bc5ec9,45d11774ab5d,1d5f65833471,Kerala,782,2024-03-13T07:55:26,2024-03-13T08:00:07,approved,0,0,
05526f51a6f7954b,694d71c69d67,613965c351b4,Kerala,4421,2024-03-13T08:00:05,2024-03-13T08:03:14,approved,1,0,
50d18ee9d5d1d9d9,11d601015742,700c73bfb29f,Telangana,879,2024-03-13T08:05:24,2024-03-13T08:08:19,approved,1,0,
0b2c371701ea6ce2,0fc3186df001,7775ecc32d27,Tamil Nadu,1574,2024-03-13T08:09:27,2024-03-13T08:21:37,approved,1,0,
25c9b8e0b291a331,6fdf521c2b77,765d492b3873,Uttar Pradesh,704,2024-03-13T08:09:50,2024-03-13T08:13:37,declined,1,0,
35efb5e6be5dbaf1,7b99521e8d62,27bcabe35848,Maharashtra,4363,2024-03-13T08:11:01,2024-03-13T08:30:29,approved,1,0,
18914d9617293854,216f11aafe2f,24aee9737710,West Bengal,511,2024-03-13T08:12:09,2024-03-13T08:13:03,approved,0,0,
037660947d8da8b6,0f0510686293,7b78a22f7f69,Uttar Pradesh,286,2024-03-13T08:17:52,2024-03-13T08:33:49,approved,1,0,
34c4737a3bd20433,634690700829,324c8c80ff0d,Uttar Pradesh,428,2024-03-13T08:18:52,2024-03-13T08:38:18,approved,1,0,
20a34843028b7bfc,6d33a7293228,70de11425644,Rajasthan,409,2024-03-13T08:26:42,2024-03-13T08:31:38,approved,1,0,
6e0818e6480cbcf5,41e20e89712f,7942d228c083,Telangana,1525,2024-03-13T08:30:25,2024-03-13T08:38:05,approved,1,0,
17ba664b6d780f78,673acd5d1161,58a2fdeaaf54,Kerala,855,2024-03-13T08:31:16,2024-03-13T08:36:51,approved,1,0,
6ccc011e27b7862c,0176a1a01f10,50cd44d78d38,Uttar Pradesh,2323,2024-03-13T08:32:24,2024-03-13T08:36:29,approved,1,0,
652a7aa1230210bd,216f11aafe2f,66d48cece167,Delhi,410,2024-03-13T08:37:21,2024-03-13T08:44:33,approved,0,0,
5bc6ab91caca491c,634690700829,098d6afc4692,Gujarat,491,2024-03-13T08:38:08,2024-03-13T08:55:13,approved,1,0,
0558c9321c044ad8,0d4a1f2e8b76,4dbb138f2581,Telangana,841,2024-03-13T08:40:50,2024-03-13T08:45:47,approved,1,0,
160056d34a647153,39dc63eef666,2f4b582b31a7,Kerala,265,2024-03-13T08:43:06,2024-03-13T08:54:43,approved,1,0,
3609a1b6cf353526,45d11774ab5d,6afc50388579,Bihar,688,2024-03-13T08:56:09,2024-03-13T09:08:59,approved,0,0,
1c55ed6225f83955,0fc3186df001,109cb6bdffa6,Tamil Nadu,1168,2024-03-13T08:56:31,2024-03-13T09:02:32,approved,1,0,
364d0c173aee4972,6a706675422c,7c2c48726bc5,Kerala,340,2024-03-13T08:56:32,2024-03-13T09:04:58,approved,0,0,
05319ebfa95d5c34,673acd5d1161,28d973aa2f8e,Rajasthan,3397,2024-03-13T09:09:53,2024-03-13T09:14:10,approved,1,0,
3ca6aef1842a452b,0511fee882e4,70ba92b2aeb1,Maharashtra,3241,2024-03-13T09:14:54,2024-03-13T09:17:14,approved,1,0,
3a97b2572ba22805,6e73719779d9,37f47b38063b,Uttar Pradesh,3706,2024-03-13T09:16:45,2024-03-13T09:46:45,expired,0,0,
2e17551fb28bdfeb,2b7ae5050a4d,5f7a621225fc,Delhi,757,2024-03-13T09:18:07,2024-03-13T09:48:07,expired,1,0,
0428d3de6ff92729,6a7bccb8c392,43380243bb4f,Uttar Pradesh,710,2024-03-13T09:18:08,2024-03-13T09:48:08,expired,1,0,
3ff9ecd8a3cd75cd,30595689af87,17010cbb9666,Telangana,1764,2024-03-13T09:18:29,2024-03-13T09:48:29,expired,1,0,
6c09ca055eef6ff2,7786fa4ecb51,140b0c68c8e0,West Bengal,391,2024-03-13T09:19:29,2024-03-13T09:30:41,approved,1,0,
5f9c1cfa7ed9f1f0,0d9a63adaba5,1fcc0c7b3ac8,Telangana,1011,2024-03-13T09:20:15,2024-03-13T09:28:27,approved,1,0,
69ddb870e4a142d6,2b1781ab1f24,55210d8be8f0,Haryana,833,2024-03-13T09:21:25,2024-03-13T09:30:36,approved,0,0,
1a8b215c38421d64,2b7ae5050a4d,477bd6112722,West Bengal,492,2024-03-13T09:22:16,2024-03-13T09:36:18,approved,1,0,
0e2419a0b5c3337d,4a83bc732574,0e8603110469,Delhi,1923,2024-03-13T09:24:35,2024-03-13T09:54:35,expired,1,0,
4ba5b230d8bedf1c,7b99521e8d62,4f2af33cb20d,Bihar,2006,2024-03-13T09:26:28,2024-03-13T09:32:12,approved,1,0,
748cd32a896118e7,6f17ea22aaac,4776102bd626,Haryana,1568,2024-03-13T09:26:50,2024-03-13T09:39:59,approved,1,0,
276ff0d717733219,6646fee30506,565a1ae87733,Telangana,351,2024-03-13T09:28:54,2024-03-13T09:33:56,approved,1,0,
505fedf8dd211e2c,67a0390930e5,5660461d1928,Gujarat,227,2024-03-13T09:31:38,2024-03-13T09:50:26,approved,1,0,
3364ade08f97b35a,22ea49616c97,6787cbcf1f7f,Telangana,331,2024-03-13T09:33:26,2024-03-13T09:46:52,approved,1,0,
7d78a0b2431eb343,1318e3fa6d29,5c84a124237f,Kerala,381,2024-03-13T09:37:25,2024-03-13T09:43:54,approved,1,0,
73c3a59cdab1aa25,663473dc643e,1b0f65afbd64,Maharashtra,305,2024-03-13T09:38:58,2024-03-13T09:45:03,approved,1,0,
09db86d40665c021,60a547ae6f0e,00a7f88ba0a4,Telangana,472,2024-03-13T09:39:08,2024-03-13T09:52:30,approved,1,0,
7e06f24b40e1e430,7786fa4ecb51,0a700b06680a,Telangana,409,2024-03-13T09:41:45,2024-03-13T09:54:14,approved,1,0,
10ef88e14b343437,1e30aaf5adb8,32a2be35c48c,Uttar Pradesh,527,2024-03-13T09:48:31,2024-03-13T09:54:13,approved,1,0,
51a6d770286ccbdc,67a0390930e5,26199e36c0fa,Tamil Nadu,339,2024-03-13T09:50:27,2024-03-13T10:01:38,approved,1,0,
6e35b7a43cc4c8e4,09f6cd55cca3,03e8f5697178,Telangana,1058,2024-03-13T09:53:27,2024-03-13T10:02:01,approved,1,0,
1f3073886caf652b,39dc63eef666,55210d8be8f0,Haryana,570,2024-03-13T09:57:06,2024-03-13T10:15:21,approved,1,0,
4ee29d3ebffe7426,4a83bc732574,7a3526e9082b,Delhi,2029,2024-03-13T09:57:36,2024-03-13T10:15:50,approved,1,0,
23c404fa64b1c4d2,5e5c092ab53d,31c78b22989c,Kerala,1270,2024-03-13T09:59:42,2024-03-13T10:05:29,approved,1,0,
376897656bb9de2f,30595689af87,2d805b5ce41b,Maharashtra,1952,2024-03-13T10:06:39,2024-03-13T10:17:22,declined,1,0,
1ae4be7886d68036,7b99521e8d62,0f75fd4aae06,Haryana,891,2024-03-13T10:09:54,2024-03-13T10:24:00,approved,1,0,
534a2f64e4997ced,0cce3dbda79d,7a755d536997,Maharashtra,1126,2024-03-13T10:12:18,2024-03-13T10:25:03,approved,0,0,
144c1efc57f97b90,694d71c69d67,1e0f980ce781,West Bengal,1063,2024-03-13T10:13:55,2024-03-13T10:28:57,approved,1,0,
57e18a81d42f8120,0d4a1f2e8b76,5ce6ff41c448,Haryana,645,2024-03-13T10:16:50,2024-03-13T10:34:07,approved,1,0,
63e5a0526fc7a1e5,60a547ae6f0e,34558a20cc2d,Delhi,605,2024-03-13T10:17:17,2024-03-13T10:21:55,approved,1,0,
6bafc49209eb32db,67a0390930e5,7faf3708e365,Delhi,512,2024-03-13T10:18:18,2024-03-13T10:24:12,approved,1,0,
568572c95c030328,5be02b242add,4b12865ab856,Telangana,1255,2024-03-13T10:22:48,2024-03-13T10:34:18,approved,1,0,
711b6e8f60dbcfab,0d4a1f2e8b76,1034c8040db8,Haryana,753,2024-03-13T10:38:55,2024-03-13T10:57:50,approved,1,0,
626836380acd4e20,1318e3fa6d29,1cbfd2dce485,Delhi,1002,2024-03-13T10:44:47,2024-03-13T10:49:53,approved,1,0,
100954830bd3c591,216f11aafe2f,5d331e9da28c,Gujarat,389,2024-03-13T10:46:10,2024-03-13T11:10:35,declined,0,0,
09c939f5e4652338,48a5f4e76a41,6b4a9810b2e1,Gujarat,771,2024-03-13T10:51:09,2024-03-13T11:12:11,declined,0,0,
2b60fc341db33a79,216f11aafe2f,547480a0ae92,Gujarat,410,2024-03-13T10:52:37,2024-03-13T11:15:54,declined,0,0,
427ecd2fd2b42513,22ea49616c97,0005e7b69440,Gujarat,898,2024-03-13T10:57:52,2024-03-13T10:59:24,approved,1,0,
55931de6fe26601b,7786fa4ecb51,4c7f256845d7,Uttar Pradesh,473,2024-03-13T10:59:09,2024-03-13T11:15:04,approved,1,0,
5c172fc647b862e4,6f17ea22aaac,135edcbf63d4,Telangana,1689,2024-03-13T11:00:36,2024-03-13T11:08:55,approved,1,0,
3660b5d6e34a859d,2b1781ab1f24,10b44aa1121f,Uttar Pradesh,1121,2024-03-13T11:04:37,2024-03-13T11:22:41,approved,0,0,
463a76707462a86b,4818964bb9e3,6ee2f89b4cc2,Karnataka,167,2024-03-13T11:04:55,2024-03-13T11:09:19,approved,1,0,
6f6dddbabff61c8d,2910947f9388,5500c1914021,Gujarat,807,2024-03-13T11:06:46,2024-03-13T11:24:34,approved,1,0,
34afd72c47a27a6e,7d81c905f4c1,28a7bec42b09,Uttar Pradesh,2585,2024-03-13T11:11:41,2024-03-13T11:19:18,approved,1,0,
05f162d12176b6aa,6d33a7293228,151484a1d371,West Bengal,270,2024-03-13T11:14:23,2024-03-13T11:22:02,approved,1,0,
0c2f7319a33c54bd,2b1781ab1f24,519dcc34edc5,Rajasthan,413,2024-03-13T11:14:26,2024-03-13T11:25:37,approved,0,0,
2d0da52fd0c73f6a,6d33a7293228,2c7432bbe830,Delhi,722,2024-03-13T11:16:08,2024-03-13T11:46:08,expired,1,0,
3275a3778fe95036,39dc63eef666,53bf90e6aa71,Tamil Nadu,717,2024-03-13T11:16:13,2024-03-13T11:25:04,approved,1,0,
71eeb638527e5246,0f0510686293,2810c3560356,Rajasthan,226,2024-03-13T11:16:14,2024-03-13T11:19:21,approved,1,0,
14bf18d49f5737c6,48a5f4e76a41,056c17ee7b89,Uttar Pradesh,387,2024-03-13T11:22:18,2024-03-13T11:22:54,approved,0,0,
1350807b94b37124,7d81c905f4c1,08df12410584,Karnataka,1944,2024-03-13T11:22:27,2024-03-13T11:26:56,approved,1,0,
17ecbc4ab16bf567,2b1781ab1f24,2f07fa9a982c,Haryana,471,2024-03-13T11:25:15,2024-03-13T11:36:47,declined,0,0,
66ac2740e6b2958a,0d4a1f2e8b76,3392ad9d2d36,Kerala,354,2024-03-13T11:25:55,2024-03-13T11:55:55,expired,1,0,
7816764ce0d70308,30595689af87,3e5b53e7e754,Telangana,1386,2024-03-13T11:29:18,2024-03-13T11:33:59,approved,1,0,
500faea84b21b430,45d11774ab5d,4f1b043d4d2f,West Bengal,980,2024-03-13T11:29:42,2024-03-13T11:59:42,expired,0,0,
1a187df54abb3db9,0176a1a01f10,7442bcfb4db3,Kerala,3549,2024-03-13T11:32:55,2024-03-13T11:40:19,approved,1,0,
60225567a27daaa0,7d81c905f4c1,6746f7fcb367,Telangana,949,2024-03-13T11:32:59,2024-03-13T11:38:30,approved,1,0,
55b894db91324d29,1318e3fa6d29,64100cfc8ab3,Kerala,596,2024-03-13T11:34:25,2024-03-13T11:49:06,approved,1,0,
70b3a2e773556885,6ab35d61cd9f,36deab76612e,Delhi,550,2024-03-13T11:36:13,2024-03-13T11:53:31,approved,1,0,
0a039205efa3cf88,2910947f9388,70f5e83d47fc,Uttar Pradesh,375,2024-03-13T11:40:14,2024-03-13T11:50:33,approved,1,0,
77173af676212b1a,694d71c69d67,38d41555adf8,Tamil Nadu,7531,2024-03-13T11:41:40,2024-03-13T11:52:01,approved,1,0,
00e8d41be85736c6,48a5f4e76a41,160f40a29f09,Gujarat,839,2024-03-13T11:41:54,2024-03-13T11:45:24,approved,0,0,
6c567646a8ae07ed,673acd5d1161,6efd2c7dcca3,Delhi,1806,2024-03-13T11:44:40,2024-03-13T11:56:04,approved,1,0,
7dc05da826ea3130,6f5fa5bed003,68da9341895b,Kerala,1438,2024-03-13T11:44:56,2024-03-13T12:00:41,approved,1,0,
2e48523dfb4efc36,60a547ae6f0e,62c119bf352e,Bihar,365,2024-03-13T11:45:03,2024-03-13T11:51:26,approved,1,0,
0287640d3c5ee5ea,6e73719779d9,2c7432bbe830,Delhi,176,2024-03-13T11:45:17,2024-03-13T12:01:56,approved,0,0,
16187be100cbfae0,09f6cd55cca3,5406086e0d3d,Karnataka,1445,2024-03-13T11:53:47,2024-03-13T12:06:14,approved,1,0,
29ebc1211312084d,634690700829,2e1ad3bb64b3,Delhi,489,2024-03-13T11:53:51,2024-03-13T12:07:13,approved,1,0,
5d83aa0b9377ba98,673acd5d1161,224b64a16927,Maharashtra,1200,2024-03-13T11:59:24,2024-03-13T12:04:45,approved,1,0,
13be2fddbf2f8cb7,1318e3fa6d29,777e2b876b7c,Rajasthan,407,2024-03-13T12:05:52,2024-03-13T12:15:38,approved,1,0,
4f9ab3c4efa3d491,0fc3186df001,39aa3648b6cd,Bihar,1366,2024-03-13T12:08:51,2024-03-13T12:28:15,approved,1,0,
2f66ecabb2e55c58,694d71c69d67,20517f7f0a95,Maharashtra,618,2024-03-13T12:10:45,2024-03-13T12:23:39,approved,1,0,
1a77100db6ac4ab9,2b1781ab1f24,4b0cd03a26f9,Karnataka,228,2024-03-13T12:14:55,2024-03-13T12:20:36,approved,0,0,
5463adce630f6eb7,51e266317647,5d331e9da28c,Gujarat,689,2024-03-13T12:15:03,2024-03-13T12:34:05,approved,1,0,
78c2ae0df00c61cc,663473dc643e,6746f7fcb367,Telangana,589,2024-03-13T12:15:51,2024-03-13T12:45:51,expired,1,0,
4d4d1f9b760adb35,11d601015742,316744ef077c,Rajasthan,689,2024-03-13T12:16:58,2024-03-13T12:25:31,approved,1,0,
04ca02576ca76541,34994a8b60cd,1f075a6096a9,Haryana,988,2024-03-13T12:20:03,2024-03-13T12:25:55,approved,0,0,
0391a8aa6c5dd2dc,35ed52508031,6c7aa39a836e,Kerala,4773,2024-03-13T12:22:55,2024-03-13T12:38:34,approved,1,0,
36b95e2da793ca6e,216f11aafe2f,20231a0a33e5,Uttar Pradesh,292,2024-03-13T12:24:08,2024-03-13T12:54:08,expired,0,0,
1ff01aed6c585240,09f6cd55cca3,64343053c0e7,Bihar,2798,2024-03-13T12:26:25,2024-03-13T12:39:57,approved,1,0,
28cd52c3a3459890,0f0510686293,0ed5d0561010,Telangana,406,2024-03-13T12:27:13,2024-03-13T12:27:59,approved,1,0,
5f2ebbf5d593e57f,0cce3dbda79d,268a8b4f06f7,Rajasthan,2464,2024-03-13T12:30:07,2024-03-13T13:00:07,expired,0,0,
51e12a473b5c73cc,09f6cd55cca3,5309ddc6db64,Haryana,1258,2024-03-13T12:30:11,2024-03-13T12:34:01,approved,1,0,
500a5ae757d888b4,45d11774ab5d,30f5060f403b,Karnataka,2825,2024-03-13T12:30:16,2024-03-13T12:48:39,approved,0,0,
437b733c9f939d7b,0176a1a01f10,2da9202fa06c,Delhi,2684,2024-03-13T12:33:50,2024-03-13T12:41:48,approved,1,0,
3be14285b9ddf2d9,663473dc643e,4470836d8f11,Telangana,367,2024-03-13T12:34:37,2024-03-13T12:50:20,approved,1,0,
4bd372fd6097dc18,6a7bccb8c392,1d635e804e1c,Bihar,480,2024-03-13T12:41:43,2024-03-13T12:48:35,approved,1,0,
3d1e38692a4d3358,6fdf521c2b77,322e732f7d20,Karnataka,1069,2024-03-13T12:42:31,2024-03-13T12:53:34,approved,1,0,
76af7a8ca1bfd515,7d81c905f4c1,6909d53c7c2d,Haryana,1582,2024-03-13T12:46:04,2024-03-13T12:47:35,approved,1,0,
47f16c6db7f15d74,513484923021,094aca433bdb,Bihar,736,2024-03-13T12:48:19,2024-03-13T13:03:46,approved,1,0,
22592091c6bf98f5,5be02b242add,18d02fa9be1f,Kerala,1846,2024-03-13T12:50:08,2024-03-13T12:58:02,approved,1,0,
32ef1fc44d31ff33,7d81c905f4c1,355f0c9e6f23,Uttar Pradesh,2047,2024-03-13T12:50:25,2024-03-13T12:51:19,approved,1,0,
3fe137b70a23860a,0fc3186df001,4e9d81b6181b,Kerala,538,2024-03-13T12:53:37,2024-03-13T13:06:54,approved,1,0,
15e38b20b89b9b6e,0176a1a01f10,138651c3bde8,Rajasthan,1593,2024-03-13T12:54:57,2024-03-13T13:13:23,approved,1,0,
7036d3ea6c779b43,1e30aaf5adb8,185f88cdf806,Kerala,521,2024-03-13T12:56:00,2024-03-13T13:12:07,approved,1,0,
0c19b3b6970622ff,1318e3fa6d29,29889ce94fa7,Kerala,1234,2024-03-13T12:56:40,2024-03-13T13:13:47,approved,1,0,
144999a94fd7e6fe,34994a8b60cd,27ab3ef09119,Telangana,658,2024-03-13T12:59:03,2024-03-13T13:04:41,declined,0,0,
6b7684bf7018ca50,6d33a7293228,1973b5dc7d52,Maharashtra,377,2024-03-13T13:00:56,2024-03-13T13:30:56,expired,1,0,
6ae3e6946fe419bb,5be02b242add,602d4c2b6c73,Tamil Nadu,866,2024-03-13T13:01:42,2024-03-13T13:14:38,approved,1,0,
701f2f3dd76bd3b5,0176a1a01f10,33f0d21b6fe7,Maharashtra,150,2024-03-13T13:06:12,2024-03-13T13:13:42,approved,1,0,
0c603ef4ec408734,2baf4e7593de,0c0c4b207e65,Telangana,730,2024-03-13T13:10:25,2024-03-13T13:40:25,expired,1,0,
259c49027c11cc98,41e20e89712f,384e985d0c2b,Gujarat,3382,2024-03-13T13:11:20,2024-03-13T13:12:58,approved,1,0,
246ff74f6286de2b,2569a0f51294,62144b84e9b6,Gujarat,1399,2024-03-13T13:11:52,2024-03-13T13:23:58,approved,1,0,
530867407539bd09,694d71c69d67,513f74709191,Maharashtra,1258,2024-03-13T13:14:37,2024-03-13T13:21:01,approved,1,0,
5c1cfeca4551fd11,673acd5d1161,69189b182a89,Rajasthan,1047,2024-03-13T13:16:25,2024-03-13T13:18:06,approved,1,0,
6398d41a5b74281c,0cce3dbda79d,3c6abd36a6a6,Karnataka,162,2024-03-13T13:18:56,2024-03-13T13:35:15,approved,0,0,
35f02641f4a0637b,0f0510686293,31ce6c17b7e8,Tamil Nadu,545,2024-03-13T13:25:23,2024-03-13T13:34:18,approved,1,0,
56558e1dda64a111,4c6b531ee064,6779730d7a4f,Rajasthan,1340,2024-03-13T13:29:48,2024-03-13T13:39:29,approved,1,0,
5c1678f846f8686f,1e30aaf5adb8,60bb4040d50d,Maharashtra,797,2024-03-13T13:31:07,2024-03-13T13:38:00,approved,1,0,
20882e18c7862071,19a849472d1b,094aca433bdb,Bihar,1886,2024-03-13T13:32:10,2024-03-13T13:42:17,approved,1,0,
48511c8f412ceba2,7d81c905f4c1,795267bfcac5,Bihar,1234,2024-03-13T13:33:49,2024-03-13T13:36:17,approved,1,0,
78ffa06317144768,1e30aaf5adb8,5a00b99e5775,Delhi,238,2024-03-13T13:40:42,2024-03-13T13:45:01,approved,1,0,
49eb363841d71d2b,0f0510686293,6e47311faab4,Bihar,285,2024-03-13T13:43:23,2024-03-13T13:54:39,approved,1,0,
19bf36ca59a8307e,22ea49616c97,504d93f896e7,Bihar,609,2024-03-13T13:44:16,2024-03-13T13:48:54,approved,1,0,
2831a1091e8cb30b,4a83bc732574,284e9551e9b0,Karnataka,1508,2024-03-13T13:45:34,2024-03-13T13:56:21,approved,1,0,
1146874205f07e61,0cce3dbda79d,63306fb9ed18,Maharashtra,1485,2024-03-13T13:47:56,2024-03-13T13:49:39,approved,0,0,
77820bb98b27c1ec,2b7ae5050a4d,31659494ff8b,Gujarat,649,2024-03-13T13:49:08,2024-03-13T14:08:42,approved,1,0,
1853e5dfc7a0bb3e,5be02b242add,4aa80bdaf9e9,Tamil Nadu,2536,2024-03-13T13:54:44,2024-03-13T13:57:00,approved,1,0,
5e0215afd1c36def,7b99521e8d62,0e9ec0aed19e,Delhi,1496,2024-03-13T13:58:33,2024-03-13T14:00:37,approved,1,0,
067eaf2b766ce7da,30595689af87,7ea49e448b0b,Delhi,937,2024-03-13T13:58:33,2024-03-13T14:13:29,approved,1,0,
2032c7d6f798cb4f,67a0390930e5,27970f6b7cce,Bihar,496,2024-03-13T14:01:32,2024-03-13T14:20:35,approved,1,0,
528cd7033f4fa447,30595689af87,443b50905959,Kerala,1954,2024-03-13T14:04:40,2024-03-13T14:24:39,approved,1,0,
0251f8bab1094c06,6e73719779d9,4d835a6418a0,Delhi,545,2024-03-13T14:09:49,2024-03-13T14:39:49,expired,0,0,
31d4ac21fe597105,3a6576ce966b,4eed413472d1,Maharashtra,1881,2024-03-13T14:10:32,2024-03-13T14:24:20,approved,1,0,
1e405e9165a55bb5,673acd5d1161,02b6356c5ba5,Delhi,1439,2024-03-13T14:11:23,2024-03-13T14:21:53,approved,1,0,
3845d17838d5f52f,48f26f133a7b,52a71691fa37,West Bengal,694,2024-03-13T14:11:30,2024-03-13T14:14:43,approved,1,0,
2e62f363657cb68a,634690700829,72bf50230381,Uttar Pradesh,334,2024-03-13T14:11:32,2024-03-13T14:14:56,approved,1,0,
21c227250290fdb1,6f17ea22aaac,587463f5a1f5,Kerala,1105,2024-03-13T14:11:39,2024-03-13T14:27:56,approved,1,0,
207e363ae19860b7,34994a8b60cd,585bf732839f,Tamil Nadu,587,2024-03-13T14:11:56,2024-03-13T14:19:54,declined,0,0,
1a7fb8f2e8d61d90,1e30aaf5adb8,0e0a53934421,Rajasthan,301,2024-03-13T14:14:03,2024-03-13T14:29:25,approved,1,0,
5b2127306a7c6c6a,48f26f133a7b,42c3ccffa5d3,Bihar,649,2024-03-13T14:14:48,2024-03-13T14:19:36,approved,1,0,
207bb20635646e03,0f0510686293,7eda537d6567,Karnataka,345,2024-03-13T14:15:41,2024-03-13T14:23:04,approved,1,0,
71ab6db5917ca57b,6e73719779d9,189bb0a90b2e,Karnataka,674,2024-03-13T14:18:30,2024-03-13T14:36:37,declined,0,0,
691b380dc2111871,7b99521e8d62,5eb39c0bffb7,Rajasthan,905,2024-03-13T14:18:55,2024-03-13T14:33:37,declined,1,0,
000edea4f18cac01,7d81c905f4c1,699990d4cd34,Maharashtra,1920,2024-03-13T14:23:51,2024-03-13T14:32:17,approved,1,0,
058742a70b9b443c,6f5fa5bed003,452e79f2e31d,Bihar,1176,2024-03-13T14:27:21,2024-03-13T14:43:21,approved,1,0,
24d4f2202fbcbbbc,6a7bccb8c392,32a2be35c48c,Uttar Pradesh,393,2024-03-13T14:29:48,2024-03-13T14:46:11,approved,1,0,
1154db1a5f9ca8b3,3a6576ce966b,5d2614c3f15a,Uttar Pradesh,405,2024-03-13T14:32:49,2024-03-13T14:51:27,approved,1,0,
574702b8fc903610,673acd5d1161,5624dae487e9,Telangana,1099,2024-03-13T14:35:12,2024-03-13T14:47:07,approved,1,0,
4a2b0859b9a52b9d,6a706675422c,4bd114e441b8,Delhi,1156,2024-03-13T14:35:27,2024-03-13T14:37:31,approved,0,0,
323eb8e60ddac754,0176a1a01f10,262c4405596f,Haryana,1159,2024-03-13T14:35:55,2024-03-13T14:50:49,approved,1,0,
4947d8f084dbc861,7786fa4ecb51,5eaf8fea7a04,Telangana,431,2024-03-13T14:36:30,2024-03-13T14:49:18,approved,1,0,
7ca277db5f95a5d9,2b1781ab1f24,2d283e75e4fc,Delhi,4078,2024-03-13T14:36:36,2024-03-13T14:45:05,approved,0,0,
5b832f35f9c5b477,6646fee30506,1932302cebfc,Telangana,2646,2024-03-13T14:39:24,2024-03-13T14:55:03,approved,1,0,
622a274c1e251258,6e73719779d9,565c35db4eae,Uttar Pradesh,300,2024-03-13T14:39:34,2024-03-13T14:55:08,approved,0,0,
040369727f701836,6a7bccb8c392,5461a9115993,West Bengal,604,2024-03-13T14:40:04,2024-03-13T14:41:03,approved,1,0,
514350349854f401,6ab35d61cd9f,5abf855f5b60,Kerala,380,2024-03-13T14:43:45,2024-03-13T14:59:42,approved,1,0,
2b8cce35c569e030,0511fee882e4,00b78663c6e0,West Bengal,665,2024-03-13T14:43:56,2024-03-13T14:56:04,approved,1,0,
1ef77fb1f33207b8,1318e3fa6d29,36656d6ff21d,Kerala,267,2024-03-13T14:44:49,2024-03-13T15:04:32,approved,1,0,
646e74bd988d4ec2,60a547ae6f0e,194830ff2942,Haryana,416,2024-03-13T14:45:02,2024-03-13T14:58:01,approved,1,0,
3e9aa0fd2195d574,663473dc643e,65d859e2f540,Tamil Nadu,500,2024-03-13T14:47:35,2024-03-13T15:01:24,approved,1,0,
645eb00a5a88e644,7b99521e8d62,410fb3fdeaa8,Tamil Nadu,2427,2024-03-13T14:50:25,2024-03-13T14:54:31,approved,1,0,
7e9b845501cec613,6d33a7293228,3395e7a1cffd,Uttar Pradesh,422,2024-03-13T14:50:45,2024-03-13T15:08:44,approved,1,0,
5079cd91322f3ca2,67a0390930e5,327fe9624eba,Delhi,597,2024-03-13T14:50:56,2024-03-13T14:59:25,approved,1,0,
020a45ac1e63e68d,673acd5d1161,6ff85005f83d,Maharashtra,1140,2024-03-13T14:54:23,2024-03-13T15:06:39,approved,1,0,
3a67cde0a560f105,49217212965b,11cf47135053,Kerala,324,2024-03-13T14:57:32,2024-03-13T15:16:23,approved,1,0,
131e512f3caea87b,51e266317647,33a0a6e99f91,Maharashtra,283,2024-03-13T15:01:17,2024-03-13T15:17:05,approved,1,0,
344970bc78508fa6,09805b931ea6,3a571f762cfb,Uttar Pradesh,2747,2024-03-13T15:03:52,2024-03-13T15:10:02,approved,1,0,
3087c1a23097a2ea,6e73719779d9,02f0f2681d8b,Gujarat,1953,2024-03-13T15:11:37,2024-03-13T15:18:47,approved,0,0,
3238b32b85121c82,48f26f133a7b,418ec9705316,Gujarat,427,2024-03-13T15:12:42,2024-03-13T15:23:23,approved,1,0,
7455ace80b24e479,0cce3dbda79d,6aa64a19f3a4,Maharashtra,661,2024-03-13T15:13:35,2024-03-13T15:17:04,approved,0,0,
6964558d49186f78,39dc63eef666,35045b674b9f,West Bengal,719,2024-03-13T15:14:08,2024-03-13T15:27:20,approved,1,0,
7d9ea029e1bd13c1,0d9a63adaba5,723872f703ae,Gujarat,2476,2024-03-13T15:21:26,2024-03-13T15:37:48,approved,1,0,
7f71a3292d5b2cb5,67a0390930e5,79fda29de014,Telangana,490,2024-03-13T15:22:15,2024-03-13T15:39:42,approved,1,0,
42ad45bf094a9c79,2baf4e7593de,57e8314f5486,Bihar,646,2024-03-13T15:27:29,2024-03-13T15:33:45,approved,1,0,
655d81cb36a61c03,6e836fcd1e4d,51ab76bdd1fd,Karnataka,3332,2024-03-13T15:27:48,2024-03-13T15:38:15,approved,0,0,
17c825865fde1fb6,2baf4e7593de,5bdc85f74fc4,Karnataka,302,2024-03-13T15:29:45,2024-03-13T15:42:49,approved,1,0,
5474e6464441d6fa,1e30aaf5adb8,11bb04bb1340,Rajasthan,674,2024-03-13T15:35:21,2024-03-13T15:48:47,approved,1,0,
21089bddf2ad1356,20332b92b91c,6a034450e61f,Bihar,1956,2024-03-13T15:37:30,2024-03-13T15:57:10,declined,0,0,
58e432ffc03132a9,6a706675422c,2e204ddf5409,Karnataka,711,2024-03-13T15:42:45,2024-03-13T15:55:27,approved,0,0,
79377dee54962603,4a83bc732574,7a0492eb9054,West Bengal,2096,2024-03-13T15:43:33,2024-03-13T15:57:39,approved,1,0,
7b0054aabb43a19e,09805b931ea6,34d9abc3f7e1,Tamil Nadu,2171,2024-03-13T15:46:39,2024-03-13T15:52:50,approved,1,0,
6a54a4843162c601,6d33a7293228,4d272e18af5b,West Bengal,605,2024-03-13T15:48:48,2024-03-13T16:03:01,approved,1,0,
2abbaf4a53c51af8,6ab35d61cd9f,7b915b436f3b,Karnataka,541,2024-03-13T15:52:21,2024-03-13T15:57:37,approved,1,0,
33f4b1789dcc0afe,09805b931ea6,0473f4881c28,Telangana,861,2024-03-13T15:54:07,2024-03-13T16:09:11,approved,1,0,
66a67f2dcd4cf8ed,30595689af87,2e6ad22d1bf2,West Bengal,6588,2024-03-13T15:56:53,2024-03-13T15:58:28,approved,1,0,
10737bf7d2e8b6be,6fdf521c2b77,1d0ff6be95a0,Haryana,2871,2024-03-13T16:09:07,2024-03-13T16:39:07,expired,1,0,
4f0df88cfa94d1aa,0176a1a01f10,729372fea74f,Uttar Pradesh,1889,2024-03-13T16:10:52,2024-03-13T16:14:30,approved,1,0,
33fd1a62ad176641,4818964bb9e3,746493226fd3,Uttar Pradesh,274,2024-03-13T16:12:02,2024-03-13T16:12:54,approved,1,0,
7b6f010b2da08c72,6ab35d61cd9f,029e0d1ba334,Karnataka,523,2024-03-13T16:12:47,2024-03-13T16:42:47,expired,1,0,
68f525b7cc5a4795,3a6d68f3644e,3165befbf2cd,Bihar,1050,2024-03-13T16:13:56,2024-03-13T16:27:49,approved,1,0,
5423efacac17efe5,6646fee30506,5053c7c50258,Delhi,3161,2024-03-13T16:13:58,2024-03-13T16:17:18,approved,1,0,
021f23f8cb4838af,513484923021,29414c217299,Telangana,519,2024-03-13T16:14:20,2024-03-13T16:33:20,approved,1,0,
4fef53784fe739ac,35ed52508031,35a5cfbdf56d,Kerala,3041,2024-03-13T16:14:39,2024-03-13T16:37:49,declined,1,0,
5407022f84352d64,2569a0f51294,05865fc10851,Karnataka,1234,2024-03-13T16:15:49,2024-03-13T16:30:30,approved,1,0,
7b8be6dda957082f,09805b931ea6,789f82c3596b,Kerala,1657,2024-03-13T16:17:00,2024-03-13T16:35:47,approved,1,0,
39ac386d0ddcc84d,5be02b242add,3b7f17a54fa6,Haryana,2017,2024-03-13T16:18:31,2024-03-13T16:37:41,approved,1,0,
705e2306bbe4778c,5be02b242add,33a0a6e99f91,Maharashtra,1632,2024-03-13T16:19:27,2024-03-13T16:31:29,approved,1,0,
41e3863bf34be637,663473dc643e,794ec0af6589,Kerala,837,2024-03-13T16:19:53,2024-03-13T16:38:15,approved,1,0,
457703211214f93b,6d33a7293228,62bfea719ee4,Rajasthan,686,2024-03-13T16:22:11,2024-03-13T16:34:01,approved,1,0,
0aa66c2194d1a37b,5be02b242add,0de849f6646b,Haryana,1554,2024-03-13T16:23:37,2024-03-13T16:53:37,expired,1,0,
278c3f1b59829bed,51e266317647,684bdfc8dec9,Telangana,278,2024-03-13T16:26:29,2024-03-13T16:43:36,approved,1,0,
08d3216d47f99cad,0176a1a01f10,5cd9c6ac547a,Rajasthan,3358,2024-03-13T16:27:19,2024-03-13T16:46:37,approved,1,0,
414f4c731e4ff6b7,48a5f4e76a41,18f6e5b3cf79,Telangana,1122,2024-03-13T16:29:06,2024-03-13T16:29:39,approved,0,0,
0bd04708d8c670ce,673acd5d1161,4df77af36e44,Bihar,1471,2024-03-13T16:30:54,2024-03-13T16:38:27,approved,1,0,
5bc32915a772365f,4818964bb9e3,21ab8d3b8f5a,Gujarat,424,2024-03-13T16:32:14,2024-03-13T16:51:13,approved,1,0,
0ffe78583571908d,7b99521e8d62,5c4ae0ba8a23,Haryana,1996,2024-03-13T16:32:48,2024-03-13T16:43:13,approved,1,0,
7e344b8a23f47f5a,22ea49616c97,6fb9bcecde51,Tamil Nadu,832,2024-03-13T16:33:35,2024-03-13T16:45:38,approved,1,0,
35d29b7fa9b15a75,0176a1a01f10,0a8614ae1e3f,Bihar,1935,2024-03-13T16:34:25,2024-03-13T16:42:35,approved,1,0,
6df2a59ff1402cc0,30595689af87,78b646902f51,Delhi,2817,2024-03-13T16:37:28,2024-03-13T16:53:10,approved,1,0,
5078ce2a8ad55008,39dc63eef666,77d89829ab89,Tamil Nadu,261,2024-03-13T16:39:14,2024-03-13T16:49:06,approved,1,0,
3e91e0bb6904062c,2b1781ab1f24,6db2933bc8e1,Rajasthan,1045,2024-03-13T16:40:10,2024-03-13T16:42:57,approved,0,0,
2d504b9ab8f31546,0cce3dbda79d,163815395f93,Karnataka,1413,2024-03-13T16:43:26,2024-03-13T16:48:27,approved,0,0,
2fd509f78033d173,0d4a1f2e8b76,59660d9d7897,Gujarat,763,2024-03-13T16:48:49,2024-03-13T16:51:29,approved,1,0,
7fa5a4d294cd15b0,2b1781ab1f24,5fa4c1304104,Uttar Pradesh,2331,2024-03-13T16:49:55,2024-03-13T17:05:00,declined,0,0,
641abc0c372402b0,6ab35d61cd9f,1ba4cfe7ee9a,Delhi,647,2024-03-13T16:52:03,2024-03-13T16:58:29,approved,1,0,
18fd5794c59358db,22ea49616c97,0f8b57f25a1d,Karnataka,579,2024-03-13T16:56:32,2024-03-13T17:03:50,approved,1,0,
7d046c75835d3aad,09805b931ea6,157e1d3b5c42,Telangana,2579,2024-03-13T16:56:48,2024-03-13T16:58:48,approved,1,0,
3a8cc5d35b081385,48e58d7747c6,33f1465c38b2,Delhi,1620,2024-03-13T16:59:08,2024-03-13T17:04:19,approved,1,0,
4aa0ac0121abba0b,2910947f9388,15324c753000,Uttar Pradesh,574,2024-03-13T17:02:37,2024-03-13T17:18:41,approved,1,0,
57e30a612509b6f8,6646fee30506,62acf12433d1,Gujarat,664,2024-03-13T17:02:45,2024-03-13T17:14:23,approved,1,0,
224be7996cbbc1f8,48a5f4e76a41,78a63a690f0e,Delhi,431,2024-03-13T17:09:00,2024-03-13T17:10:32,approved,0,0,
0d56f6b636b19da9,5be02b242add,6d98ae1fd1c6,Haryana,960,2024-03-13T17:12:43,2024-03-13T17:18:05,approved,1,0,
4a1160752bcf9b97,7d81c905f4c1,4a87489bcbfb,Bihar,1389,2024-03-13T17:15:22,2024-03-13T17:19:12,approved,1,0,
795361230e30ac6e,4c6b531ee064,2467bb12b96a,Tamil Nadu,1293,2024-03-13T17:19:32,2024-03-13T17:28:44,approved,1,0,
05e1914456bb1284,0fc3186df001,470d417ff29f,Karnataka,2210,2024-03-13T17:23:15,2024-03-13T17:28:44,approved,1,0,
3ac9412e0db1cff7,634690700829,5d0785e888c0,Telangana,416,2024-03-13T17:24:26,2024-03-13T17:28:05,approved,1,0,
3574744f0a058df9,694d71c69d67,2367cf368e77,Kerala,2141,2024-03-13T17:24:49,2024-03-13T17:28:47,approved,1,0,
1efaf657964fff7b,0fc3186df001,0776aaeb274b,Rajasthan,1414,2024-03-13T17:24:51,2024-03-13T17:33:59,approved,1,0,
4a4cb96e01cbbaaf,7b99521e8d62,19446bed163b,Haryana,2787,2024-03-13T17:24:57,2024-03-13T17:30:19,approved,1,0,
7ddbd57f00694a47,663473dc643e,25e05296fd29,Rajasthan,1206,2024-03-13T17:25:06,2024-03-13T17:26:18,approved,1,0,
1cd83fe58025a8c2,51e266317647,666e3b27e578,Karnataka,417,2024-03-13T17:25:28,2024-03-13T17:38:13,approved,1,0,
1425e51c620c4bd9,41e20e89712f,2268340f7468,Delhi,3745,2024-03-13T17:26:57,2024-03-13T17:31:50,approved,1,0,
4673a46fd6d1126c,0176a1a01f10,41bad8fe91ed,Maharashtra,1147,2024-03-13T17:27:50,2024-03-13T17:33:56,approved,1,0,
635c9a080f0f1cf8,48f26f133a7b,069392bb30ea,Gujarat,350,2024-03-13T17:28:56,2024-03-13T17:31:48,approved,1,0,
3ca145be41bf3b96,6a2b9baa3e4a,032626b623e4,Rajasthan,566,2024-03-13T17:29:03,2024-03-13T17:36:33,approved,1,0,
348e2e86a88573fc,673acd5d1161,2e218e4d3588,Karnataka,702,2024-03-13T17:29:20,2024-03-13T17:38:23,approved,1,0,
177c927fd7b1f345,48a5f4e76a41,326c00fbda7e,Telangana,665,2024-03-13T17:34:58,2024-03-13T17:52:53,approved,0,0,
553c439449587373,4818964bb9e3,72f4e8849278,Rajasthan,371,2024-03-13T17:38:26,2024-03-13T17:55:56,approved,1,0,
7702d3a7f0c739db,5e5c092ab53d,05e4f1bb28a1,Rajasthan,4565,2024-03-13T17:39:11,2024-03-13T17:52:42,approved,1,0,
78166cbf0f1c1b1c,513484923021,4c4cb3f13aa7,Karnataka,452,2024-03-13T17:42:28,2024-03-13T17:50:01,approved,1,0,
1f8750fd1080f282,2569a0f51294,235a63046506,Kerala,3929,2024-03-13T17:47:18,2024-03-13T17:49:53,approved,1,0,
6a61c5a788b33830,634690700829,7678f18a1e79,Telangana,719,2024-03-13T17:52:40,2024-03-13T18:06:43,approved,1,0,
201c980a817f9281,5e5c092ab53d,1539e82c29a1,Tamil Nadu,2256,2024-03-13T17:54:46,2024-03-13T18:09:25,approved,1,0,
4e0066e77f91f8f5,216f11aafe2f,68ede506e9dd,Bihar,1315,2024-03-13T17:54:49,2024-03-13T18:13:11,approved,0,0,
200b5e437d8505f9,51e266317647,0384ef7e000c,West Bengal,824,2024-03-13T17:57:27,2024-03-13T17:59:33,approved,1,0,
543e9217bbe140d5,5be02b242add,514044c2996d,Gujarat,1070,2024-03-13T17:58:43,2024-03-13T18:07:15,approved,1,0,
5ae07ddbb2e18661,6e836fcd1e4d,3724a31af62d,West Bengal,2198,2024-03-13T17:58:47,2024-03-13T18:28:47,expired,0,0,
0ee562a7140f8506,6f17ea22aaac,26a44041f125,Rajasthan,1400,2024-03-13T18:02:54,2024-03-13T18:19:17,declined,1,0,
6c336accf488dc87,30595689af87,1a07f8ce15e8,West Bengal,2498,2024-03-13T18:03:26,2024-03-13T18:09:28,approved,1,0,
3f757d69e377e4ad,67a0390930e5,41a35b81d115,Telangana,518,2024-03-13T18:04:20,2024-03-13T18:12:42,approved,1,0,
3dcb3df1e36fc42f,6a706675422c,65b9290fa3be,Haryana,3007,2024-03-13T18:04:35,2024-03-13T18:10:50,approved,0,0,
0d22df7e96a89959,5ded2d78f299,27e74acc29a4,Maharashtra,2383,2024-03-13T18:05:51,2024-03-13T18:11:31,approved,1,0,
335b87690febbfe2,0cce3dbda79d,76a944066fa2,Gujarat,935,2024-03-13T18:07:45,2024-03-13T18:37:45,expired,0,0,
5c55388a78862153,6d33a7293228,54d5ef8646d5,Tamil Nadu,297,2024-03-13T18:08:17,2024-03-13T18:22:42,approved,1,0,
213892fbbd02f913,34994a8b60cd,5dbdf8662b5c,Haryana,548,2024-03-13T18:14:01,2024-03-13T18:38:39,declined,0,0,
35ccc3ffb348a29c,35ed52508031,066361200b49,Gujarat,2277,2024-03-13T18:14:51,2024-03-13T18:23:47,approved,1,0,
17a6c825fa4bdd48,2baf4e7593de,46600080a831,Delhi,303,2024-03-13T18:15:24,2024-03-13T18:18:03,approved,1,0,
168727d5bee94214,09805b931ea6,380c1b4c30c6,Kerala,1823,2024-03-13T18:15:52,2024-03-13T18:19:27,approved,1,0,
6be84ec7ad7a7184,48a5f4e76a41,13860df70467,Haryana,712,2024-03-13T18:16:21,2024-03-13T18:30:27,approved,0,0,
61539cd3b5b093a6,634690700829,3ecc945d748a,Haryana,472,2024-03-13T18:19:25,2024-03-13T18:49:25,expired,1,0,
285f928067a86a4d,48f26f133a7b,2719c82c447a,Rajasthan,275,2024-03-13T18:22:27,2024-03-13T18:39:21,approved,1,0,
7e13488c64bec5b7,7d81c905f4c1,3c1a126cefc2,Karnataka,1158,2024-03-13T18:22:35,2024-03-13T18:42:04,approved,1,0,
21d02c7140b73734,513484923021,0a8614ae1e3f,Bihar,453,2024-03-13T18:22:45,2024-03-13T18:26:21,approved,1,0,
212c5f78ddd79aa7,3a6d68f3644e,56401bebbeb0,West Bengal,498,2024-03-13T18:26:23,2024-03-13T18:56:23,expired,1,0,
11169c7378e38298,45d11774ab5d,127ae492c6f1,Uttar Pradesh,8045,2024-03-13T18:33:48,2024-03-13T18:51:16,approved,0,0,
293783c8a0d57a90,2b1781ab1f24,01f8c1f5868d,Rajasthan,366,2024-03-13T18:34:59,2024-03-13T18:54:23,approved,0,0,
470dd1847e4a45db,48a5f4e76a41,30a257465c1f,Bihar,2732,2024-03-13T18:34:59,2024-03-13T18:52:38,approved,0,0,
1976f9e63ec52a47,216f11aafe2f,3270dcd94f97,Tamil Nadu,1344,2024-03-13T18:35:46,2024-03-13T18:51:51,approved,0,0,
55f1ec800e0e9a93,4818964bb9e3,4c4b5341e45d,West Bengal,596,2024-03-13T18:36:30,2024-03-13T18:53:03,declined,1,0,
0dec43398db33cc8,3a6d68f3644e,7c61876d1edf,Gujarat,896,2024-03-13T18:37:01,2024-03-13T18:53:30,approved,1,0,
08cbf157927a749e,35ed52508031,69e4c0484909,Karnataka,1788,2024-03-13T18:37:40,2024-03-13T18:45:19,approved,1,0,
347664152f88a6be,1e30aaf5adb8,5789bf9db93b,Bihar,733,2024-03-13T18:37:57,2024-03-13T18:49:35,approved,1,0,
292526481f311874,6a2b9baa3e4a,3c1a126cefc2,Karnataka,581,2024-03-13T18:40:04,2024-03-13T18:47:03,approved,1,0,
31a8707e7cb81c88,2910947f9388,015ce5b0dc11,Gujarat,620,2024-03-13T18:43:29,2024-03-13T18:45:07,declined,1,0,
5764c01e35c54f06,7b99521e8d62,498ab3d59a05,Karnataka,473,2024-03-13T18:45:06,2024-03-13T18:53:40,approved,1,0,
04a21fe1ddfb79a3,7786fa4ecb51,548ac480c405,Tamil Nadu,385,2024-03-13T18:47:04,2024-03-13T19:00:08,approved,1,0,
37a709f840723f24,0f0510686293,0af0ae8a5582,Delhi,617,2024-03-13T18:47:06,2024-03-13T19:05:04,approved,1,0,
7962ea184e05d447,67a0390930e5,097c3672733e,Karnataka,473,2024-03-13T18:51:24,2024-03-13T19:04:28,approved,1,0,
449eb494cfa89b04,6f17ea22aaac,0f79c727416d,Kerala,594,2024-03-13T18:52:06,2024-03-13T19:08:39,approved,1,0,
410e95cfb36df9fd,60a547ae6f0e,2292d28c7351,Haryana,708,2024-03-13T18:52:52,2024-03-13T19:02:02,approved,1,0,
2733fda6fd5020c6,6646fee30506,246aa6cb5ff0,Gujarat,901,2024-03-13T18:53:14,2024-03-13T19:13:12,approved,1,0,
332e00dac2fa0010,11d601015742,57e37288cc6d,Rajasthan,1909,2024-03-13T18:53:33,2024-03-13T18:59:21,approved,1,0,
34981c07b2884c66,6e836fcd1e4d,6bc14be57959,Bihar,1422,2024-03-13T18:56:27,2024-03-13T19:08:33,approved,0,0,
6b1b14ebc719b4ae,0cce3dbda79d,6d211e4f86f8,Kerala,649,2024-03-13T18:58:03,2024-03-13T19:05:10,approved,0,0,
41f823e0942bd113,48f26f133a7b,011b986bd9d1,Tamil Nadu,537,2024-03-13T19:01:13,2024-03-13T19:16:05,approved,1,0,
3324bf8b6803c253,2b7ae5050a4d,70599048e4f5,Delhi,592,2024-03-13T19:01:20,2024-03-13T19:15:06,approved,1,0,
720f6efef5d6e0e7,6f5fa5bed003,28520ed98201,Gujarat,1312,2024-03-13T19:02:08,2024-03-13T19:13:27,approved,1,0,
4da715a1a79ebd67,0511fee882e4,1cd0d00ef590,Tamil Nadu,1575,2024-03-13T19:02:30,2024-03-13T19:14:12,approved,1,0,
3cb450c47d047682,6ab35d61cd9f,56d320115614,Maharashtra,460,2024-03-13T19:03:19,2024-03-13T19:09:48,approved,1,0,
7a05e8db4f74dda0,48f26f133a7b,0f9a82e2887e,Delhi,595,2024-03-13T19:06:00,2024-03-13T19:10:55,approved,1,0,
654836f58d45fe80,513484923021,1620e50e7bbe,West Bengal,583,2024-03-13T19:06:12,2024-03-13T19:14:18,approved,1,0,
3b26606320ce643a,60a547ae6f0e,252cca6f6e85,Rajasthan,661,2024-03-13T19:07:11,2024-03-13T19:37:11,expired,1,0,
315adf6cf6604f08,6a2b9baa3e4a,6788711c2cea,Maharashtra,761,2024-03-13T19:07:44,2024-03-13T19:09:59,declined,1,0,
41c73a2391d0765a,6f17ea22aaac,078d11d1f057,Delhi,877,2024-03-13T19:09:11,2024-03-13T19:39:11,expired,1,0,
0d88d61ac5937f9a,694d71c69d67,3c1a1a58e508,West Bengal,924,2024-03-13T19:11:03,2024-03-13T19:30:04,approved,1,0,
205221388c01008c,0d4a1f2e8b76,7c2c3687db4f,Bihar,425,2024-03-13T19:11:18,2024-03-13T19:21:48,approved,1,0,
795f9704c441fc72,6e836fcd1e4d,0f215cfcc28c,Maharashtra,1466,2024-03-13T19:12:06,2024-03-13T19:27:28,approved,0,0,
12da635d273c6f01,2b7ae5050a4d,74f52e38a538,Rajasthan,359,2024-03-13T19:14:44,2024-03-13T19:35:14,declined,1,0,
4c110ef28373dcb6,39dc63eef666,340d2305060d,Delhi,196,2024-03-13T19:17:30,2024-03-13T19:27:56,approved,1,0,
026d6619e6e23e0b,107ff2ac18f1,40c105c2867b,Maharashtra,316,2024-03-13T19:22:38,2024-03-13T19:36:19,approved,1,0,
677240a001883fdd,0cce3dbda79d,34187eaddc6c,West Bengal,704,2024-03-13T19:22:42,2024-03-13T19:42:23,approved,0,0,
73502bd46956d780,22ea49616c97,0694a99de5df,Bihar,263,2024-03-13T19:24:58,2024-03-13T19:42:02,approved,1,0,
238aedc4c352a80e,4a83bc732574,1282a5481746,Tamil Nadu,2402,2024-03-13T19:27:53,2024-03-13T19:36:57,approved,1,0,
75557883a8fe4efb,0d9a63adaba5,09cc59d34cec,Kerala,766,2024-03-13T19:28:01,2024-03-13T19:40:23,approved,1,0,
50fb11bf2e8cce8b,30595689af87,3feabe1dc696,Kerala,1794,2024-03-13T19:28:35,2024-03-13T19:29:16,approved,1,0,
689091ebc4a5d860,39dc63eef666,727318c6d140,Rajasthan,521,2024-03-13T19:30:00,2024-03-13T19:45:17,approved,1,0,
1e35b42ba2dd0f56,34994a8b60cd,78ddc61eedab,Delhi,688,2024-03-13T19:32:11,2024-03-13T20:02:11,expired,0,0,
17b001df883be4b6,0d4a1f2e8b76,4b64dd0dd174,Haryana,1041,2024-03-13T19:33:12,2024-03-13T19:34:24,approved,1,0,
448856dd31f50d10,67a0390930e5,2a938f5350f3,Tamil Nadu,545,2024-03-13T19:34:59,2024-03-13T19:38:37,approved,1,0,
5922307dc38b2bb5,4a83bc732574,2fb8296a16e1,Telangana,1043,2024-03-13T19:35:31,2024-03-13T19:54:38,approved,1,0,
1ee4ceb2edb1856a,2b1781ab1f24,40fe4ba7aace,Delhi,1226,2024-03-13T19:38:50,2024-03-13T20:08:50,expired,0,0,
541da4cc3ca9d28f,0f0510686293,155e217b5849,West Bengal,533,2024-03-13T19:40:38,2024-03-13T19:45:18,approved,1,0,
6969d53b8f8690c7,45d11774ab5d,20f76a8e12c1,Gujarat,544,2024-03-13T19:41:01,2024-03-13T19:52:41,approved,0,0,
0bd2584747e0f4eb,6ab35d61cd9f,1350e77876b2,West Bengal,920,2024-03-13T19:45:20,2024-03-13T19:46:28,approved,1,0,
142077859d832fac,09f6cd55cca3,7d1b1278bfff,Rajasthan,2367,2024-03-13T19:46:43,2024-03-13T20:00:56,approved,1,0,
4bf7c64d2c0b2e74,6ab35d61cd9f,27c6b03b3e59,Karnataka,670,2024-03-13T19:53:08,2024-03-13T19:55:11,declined,1,0,
58d94c2e3cc4a1ee,6f5fa5bed003,1277573dd32b,Delhi,2672,2024-03-13T19:54:36,2024-03-13T20:24:36,expired,1,0,
378e5c0905a933f7,6a706675422c,6f291b40756c,Uttar Pradesh,732,2024-03-13T19:54:44,2024-03-13T20:01:41,approved,0,0,
1ce6b4a0d4c5dbc5,30595689af87,4e4068acbcd1,Uttar Pradesh,4172,2024-03-13T19:56:04,2024-03-13T19:59:53,approved,1,0,
69a5f4edce548b90,48a5f4e76a41,2271ad30eaf1,Maharashtra,395,2024-03-13T19:56:15,2024-03-13T20:14:20,approved,0,0,
0f81b38847f0fb59,0cce3dbda79d,5ac8d1fba9d8,West Bengal,779,2024-03-13T19:57:43,2024-03-13T19:59:53,approved,0,0,
3af2c9f82b29f945,51e266317647,11b6ff974315,Gujarat,343,2024-03-13T20:02:30,2024-03-13T20:15:47,declined,1,0,
0e88430febcd490b,7786fa4ecb51,6b84dc44f002,Kerala,300,2024-03-13T20:02:45,2024-03-13T20:16:06,approved,1,0,
319bc9801b3dcf4d,5be02b242add,2d283e75e4fc,Delhi,1342,2024-03-13T20:03:01,2024-03-13T20:14:56,approved,1,0,
7652e10bea5f98c7,6d33a7293228,6da83b99a827,Karnataka,440,2024-03-13T20:04:13,2024-03-13T20:09:55,approved,1,0,
6b45e61da2e42520,6a2b9baa3e4a,2162c22622f6,Bihar,454,2024-03-13T20:06:21,2024-03-13T20:08:13,approved,1,0,
4388126382e03b49,6e836fcd1e4d,6a39f95e6984,Maharashtra,691,2024-03-13T20:09:04,2024-03-13T20:14:03,approved,0,0,
0b25b9aa41151d30,1e30aaf5adb8,4e50395b4c62,Telangana,678,2024-03-13T20:09:56,2024-03-13T20:23:43,approved,1,0,
6cc6207a32d37fc4,0cce3dbda79d,54ae74f0c1e8,Tamil Nadu,1221,2024-03-13T20:10:07,2024-03-13T20:34:29,declined,0,0,
02ca55d21f6fab20,0d9a63adaba5,69e09c399016,Tamil Nadu,828,2024-03-13T20:11:41,2024-03-13T20:26:50,approved,1,0,
53d6588470bf107c,0cce3dbda79d,4808ae6d5705,Uttar Pradesh,543,2024-03-13T20:14:02,2024-03-13T20:29:12,approved,0,0,
47320753e4b36616,634690700829,45b3054425aa,Bihar,360,2024-03-13T20:14:15,2024-03-13T20:14:48,approved,1,0,
3670ca226638196b,0176a1a01f10,1b9a2d49d11c,Tamil Nadu,568,2024-03-13T20:14:44,2024-03-13T20:16:12,approved,1,0,
74223bd4a9c88c9a,20332b92b91c,57ed6f810c7d,West Bengal,987,2024-03-13T20:15:51,2024-03-13T20:19:12,approved,0,0,
68135f2934223d92,107ff2ac18f1,49b2faf40407,Karnataka,370,2024-03-13T20:16:45,2024-03-13T20:20:08,approved,1,0,
29904181366b1352,1318e3fa6d29,55a20f02b3f0,Gujarat,804,2024-03-13T20:17:07,2024-03-13T20:19:11,approved,1,0,
2b55dc5ce881b2e6,694d71c69d67,5106746cf881,Telangana,2130,2024-03-13T20:17:15,2024-03-13T20:31:44,approved,1,0,
6d7f8a1d07eca96a,19a849472d1b,5fc5ca7549f0,Rajasthan,1152,2024-03-13T20:18:07,2024-03-13T20:23:22,approved,1,0,
11cf04bc6138be6d,634690700829,20bb00f050e1,Bihar,503,2024-03-13T20:18:27,2024-03-13T20:23:00,declined,1,0,
699d5b5e9b3e7519,4a83bc732574,3803060c425e,Telangana,729,2024-03-13T20:22:35,2024-03-13T20:50:19,declined,1,0,
59f819029a1da278,673acd5d1161,6746f7fcb367,Telangana,2088,2024-03-13T20:23:59,2024-03-13T20:30:27,approved,1,0,
379b82da00a0e427,0f0510686293,36d90e51831e,Telangana,566,2024-03-13T20:24:30,2024-03-13T20:29:36,approved,1,0,
39c0ae0018695f65,6e73719779d9,26978eecff6c,Bihar,2804,2024-03-13T20:25:06,2024-03-13T20:40:23,declined,0,0,
0d846a953b393dab,2b7ae5050a4d,58864df0072f,Tamil Nadu,375,2024-03-13T20:25:14,2024-03-13T20:32:24,approved,1,0,
48a064e3bd05f198,6f5fa5bed003,254dafe70bc8,Telangana,443,2024-03-13T20:28:47,2024-03-13T20:38:26,declined,1,0,
6f53bbf54b76b24f,0d9a63adaba5,5514fadff5c0,Rajasthan,1400,2024-03-13T20:30:10,2024-03-13T20:31:31,approved,1,0,
6c9157d3589c9fb2,6e73719779d9,08fcd0851963,Tamil Nadu,2124,2024-03-13T20:30:33,2024-03-13T20:57:09,declined,0,0,
15a41b4ed6ca2b88,30595689af87,18c821fc7cfa,Gujarat,1745,2024-03-13T20:31:08,2024-03-13T20:37:04,approved,1,0,
46bd04fc29b9c3a8,7d493d48b208,50696a196d53,Rajasthan,402,2024-03-13T20:32:52,2024-03-13T20:39:16,approved,1,0,
3491414c2e12db69,6a7bccb8c392,23c0f2840a20,West Bengal,742,2024-03-13T20:33:59,2024-03-13T20:48:11,approved,1,0,
37051963e0113213,0f0510686293,271e20d6df67,Uttar Pradesh,522,2024-03-13T20:34:18,2024-03-13T20:39:27,approved,1,0,
61d70c642a9fd4da,1318e3fa6d29,1de6afc44462,Bihar,350,2024-03-13T20:39:09,2024-03-13T20:51:00,approved,1,0,
2f4f165460cb8919,1318e3fa6d29,69730e49cd5d,Uttar Pradesh,336,2024-03-13T20:45:34,2024-03-13T21:15:34,expired,1,0,
6d9b750ea5125f26,216f11aafe2f,75e624ffb4ac,Haryana,1031,2024-03-13T20:46:34,2024-03-13T20:48:03,approved,0,0,
4efdcc2b7b930230,694d71c69d67,6ce8910e1be7,Gujarat,1019,2024-03-13T20:48:22,2024-03-13T20:49:19,approved,1,0,
195d9af69ba0320c,663473dc643e,41593bafb331,Karnataka,202,2024-03-13T20:48:51,2024-03-13T21:08:34,approved,1,0,
1250cb178a053921,513484923021,7191a64fcc92,Haryana,504,2024-03-13T20:52:22,2024-03-13T21:08:29,approved,1,0,
57a11fed2e0a8dc9,694d71c69d67,17e9a11d2bfd,Bihar,2313,2024-03-13T20:53:18,2024-03-13T21:08:13,approved,1,0,
273edca4b2243c9b,673acd5d1161,642fe5f29ea3,Tamil Nadu,3845,2024-03-13T20:55:26,2024-03-13T21:02:07,approved,1,0,
4f061eac055df4b7,48a5f4e76a41,69826f122e12,Tamil Nadu,1053,2024-03-13T20:56:17,2024-03-13T20:58:21,approved,0,0,
214309fb3aa34f53,20332b92b91c,305a2cb371e2,Rajasthan,1914,2024-03-13T20:57:18,2024-03-13T21:27:18,expired,0,0,
06c2e5ceafd5d98a,0d4a1f2e8b76,7b5d1e50e310,Karnataka,659,2024-03-13T20:59:34,2024-03-13T21:29:34,expired,1,0,
6a96074aafddb1f5,4c6b531ee064,102f9c22b4f1,Haryana,2024,2024-03-13T20:59:36,2024-03-13T21:15:58,approved,1,0,
7d761142c1f87456,663473dc643e,3f9b33669847,West Bengal,331,2024-03-13T20:59:44,2024-03-13T21:07:08,approved,1,0,
5bc0ecf5c14d2f81,67a0390930e5,08522703507d,Telangana,422,2024-03-13T21:00:12,2024-03-13T21:15:52,approved,1,0,
7db11d5eb2635ca3,09805b931ea6,305a99832109,Kerala,3287,2024-03-13T21:02:02,2024-03-13T21:04:33,approved,1,0,
42f7b32bea36b8a0,4a83bc732574,739429ed5171,Delhi,981,2024-03-13T21:05:01,2024-03-13T21:12:05,approved,1,0,
08e876a1b0d3b29d,1e30aaf5adb8,53012aa7d807,Karnataka,389,2024-03-13T21:11:05,2024-03-13T21:23:08,declined,1,0,
257b761e893a7a6a,6a706675422c,3dcf0098a586,Haryana,2531,2024-03-13T21:12:15,2024-03-13T21:26:36,approved,0,0,
45bf76a8260d1576,5be02b242add,396965330e35,Tamil Nadu,631,2024-03-13T21:15:58,2024-03-13T21:23:35,approved,1,0,
3e3af781d315ab5f,09805b931ea6,27cfb4b82d1d,Bihar,2302,2024-03-13T21:27:14,2024-03-13T21:57:14,expired,1,0,
0f93ae61e856b025,34994a8b60cd,5def0346bcda,Bihar,868,2024-03-13T21:28:55,2024-03-13T21:37:12,approved,0,0,
69a7e757a1bf290b,3a6576ce966b,5defc5652657,Karnataka,2989,2024-03-13T21:29:43,2024-03-13T21:45:24,approved,1,0,
57bdeac4cd5cfce4,5ded2d78f299,38a9a006f8d2,Rajasthan,1016,2024-03-13T21:30:35,2024-03-13T21:32:26,approved,1,0,
39c190e5f3c7e849,6646fee30506,24513c6c7398,Delhi,1708,2024-03-13T21:33:41,2024-03-13T21:37:00,approved,1,0,
44e110a9a5d19c38,1318e3fa6d29,31d0d4715a46,Bihar,565,2024-03-13T21:33:44,2024-03-13T21:41:29,approved,1,0,
2be1514c5cd2c8af,7b99521e8d62,6f7c135f9e48,Maharashtra,2250,2024-03-13T21:37:26,2024-03-13T21:41:45,approved,1,0,
63a61488a6c895d3,216f11aafe2f,65eded54f1bc,Haryana,1460,2024-03-13T21:39:03,2024-03-13T21:43:24,approved,0,0,
748d6a121b9d0955,22ea49616c97,4e8178e75f1c,Karnataka,416,2024-03-13T21:40:14,2024-03-13T21:58:59,approved,1,0,
7d538844cff758a3,6e836fcd1e4d,43b2d7013a77,Maharashtra,587,2024-03-13T21:46:31,2024-03-13T21:51:54,approved,0,0,
7fedc04a3aff401d,3a6d68f3644e,63892cfd4cb2,Maharashtra,5038,2024-03-13T21:49:08,2024-03-13T21:59:27,approved,1,0,
78c98ed62d30f949,0511fee882e4,0e8ef3b9d65c,West Bengal,2691,2024-03-13T21:50:38,2024-03-13T22:03:56,approved,1,0,
38f42e82fe082cec,48a5f4e76a41,364ac444672b,Bihar,2404,2024-03-13T21:52:34,2024-03-13T21:54:30,approved,0,0,
5386bfee6b12cf21,09805b931ea6,398babdd4ed3,Telangana,1237,2024-03-13T21:53:58,2024-03-13T22:00:05,approved,1,0,
2cf92207d45aaab0,2b1781ab1f24,156345f34bb4,West Bengal,752,2024-03-13T21:54:55,2024-03-13T21:58:56,approved,0,0,
34278da9889eae03,20332b92b91c,79c57169cfb0,West Bengal,221,2024-03-13T21:59:12,2024-03-13T22:06:38,approved,0,0,
0560059c70b466d8,7786fa4ecb51,3728b91d175b,Telangana,716,2024-03-13T22:05:04,2024-03-13T22:07:50,approved,1,0,
159209ffb35ef024,513484923021,7bc499650086,Bihar,487,2024-03-13T22:11:30,2024-03-13T22:31:21,approved,1,0,
56354d1e548da261,6d33a7293228,32476de3d420,Maharashtra,452,2024-03-13T22:11:50,2024-03-13T22:38:09,declined,1,0,
3fc791770051c589,634690700829,5624dae487e9,Telangana,589,2024-03-13T22:23:08,2024-03-13T22:25:51,approved,1,0,
1c3e97359903d9a0,0d9a63adaba5,4e0ff293fa87,Karnataka,1473,2024-03-13T22:25:41,2024-03-13T22:43:08,approved,1,0,
5b6d8bce45f7321c,67a0390930e5,73e0b8547df4,Delhi,875,2024-03-13T22:28:13,2024-03-13T22:40:39,approved,1,0,
5901855812f293ae,45d11774ab5d,2a8e5423d7f1,Maharashtra,602,2024-03-13T22:30:30,2024-03-13T22:39:21,approved,0,0,
44b6e9b05b8cdb04,48a5f4e76a41,3008060c8a1e,Rajasthan,404,2024-03-13T22:31:05,2024-03-13T22:33:02,approved,0,0,
43e43d657730a653,2569a0f51294,6f1e9ad08815,Telangana,2151,2024-03-13T22:35:15,2024-03-13T22:48:54,approved,1,0,
4e5d51e476ddaf54,513484923021,7604d158b342,Uttar Pradesh,723,2024-03-13T22:45:09,2024-03-13T22:56:57,approved,1,0,
4bb761a797bd4b30,09f6cd55cca3,54abd0a1df1c,Haryana,1109,2024-03-13T22:48:55,2024-03-13T23:06:02,approved,1,0,
247a89aebac715d4,4a83bc732574,0f6274e665ed,West Bengal,1692,2024-03-13T22:51:14,2024-03-13T23:01:45,approved,1,0,
24b5e3d86f59e446,4c6b531ee064,6698c6f577f2,Rajasthan,271,2024-03-13T22:53:06,2024-03-13T23:02:13,approved,1,0,
4597046ff9e4e775,5be02b242add,6291ef37a5b6,Karnataka,4304,2024-03-13T22:55:05,2024-03-13T23:00:06,approved,1,0,
254cb808f0d2489c,6a706675422c,1e8e7008e99f,Bihar,1472,2024-03-13T22:55:50,2024-03-13T23:17:46,declined,0,0,
60240e68551b9810,4818964bb9e3,69f4987a3da3,Delhi,249,2024-03-13T22:56:36,2024-03-13T23:11:12,approved,1,0,
35fa544065dcc714,6d33a7293228,7276ec657e63,Bihar,500,2024-03-13T22:57:52,2024-03-13T23:16:45,approved,1,0,
6258b67475a889d1,0cce3dbda79d,521c870056bc,Karnataka,83,2024-03-13T23:01:48,2024-03-13T23:31:48,expired,0,0,
4252af8bca9f7ac4,0511fee882e4,6e137364ab23,Rajasthan,1723,2024-03-13T23:06:28,2024-03-13T23:09:09,approved,1,0,
3e78266733bd21c5,2b7ae5050a4d,0e487b34355b,Gujarat,517,2024-03-13T23:26:42,2024-03-13T23:44:26,approved,1,0,
4995c1ded5628850,663473dc643e,3eaa29fc5f4c,Maharashtra,566,2024-03-13T23:29:57,2024-03-13T23:39:44,approved,1,0,
368468f81934dd86,7b99521e8d62,18d02fa9be1f,Kerala,2196,2024-03-13T23:30:09,2024-03-13T23:38:10,approved,1,0,
352214ceb7a0176f,30595689af87,66d48cece167,Delhi,1132,2024-03-13T23:42:56,2024-03-13T23:55:52,approved,1,0,
41956b10f3c90929,6a2b9baa3e4a,074ee85ce1fb,Uttar Pradesh,429,2024-03-13T23:45:37,2024-03-13T23:57:53,approved,1,0,
6500c46ffd8c7ef2,48a5f4e76a41,26103dfd71fe,Uttar Pradesh,1090,2024-03-13T23:55:38,2024-03-14T00:19:08,declined,0,0,
7787533a75b0390f,6a706675422c,5e8e3c501620,Rajasthan,1162,2024-03-14T00:04:49,2024-03-14T00:22:04,approved,0,0,
19df8b6ef52f89bc,6646fee30506,7b2ac917a166,Karnataka,886,2024-03-14T00:11:51,2024-03-14T00:26:19,approved,1,0,
51b94a26b3ad6ea9,7d81c905f4c1,5a0ee731e2fe,Telangana,2958,2024-03-14T00:35:57,2024-03-14T00:37:19,approved,1,0,
296bf64307e5e29f,6ab35d61cd9f,3e37799e3fe2,Bihar,451,2024-03-14T00:37:11,2024-03-14T00:53:39,approved,1,0,
68be86b3b94790b0,634690700829,2e058ec085d4,Gujarat,703,2024-03-14T00:55:06,2024-03-14T01:17:53,declined,1,0,
4b04fc556902d033,11d601015742,4e1f7d05637e,Haryana,1961,2024-03-14T01:09:17,2024-03-14T01:19:23,approved,1,0,
17323ec95c413641,1e30aaf5adb8,3d61dcd72d4a,Maharashtra,673,2024-03-14T01:34:45,2024-03-14T01:41:02,approved,1,0,
5a6889be336e10a8,6f17ea22aaac,700dd8d5f59c,Maharashtra,2652,2024-03-14T01:52:07,2024-03-14T01:57:46,approved,1,0,
426f9530d93c0927,6d33a7293228,74ae9f3585bd,Telangana,802,2024-03-14T04:06:33,2024-03-14T04:08:44,declined,1,0,
64f35a3ee5be06b8,673acd5d1161,4bb8370009c9,Maharashtra,1171,2024-03-14T05:02:47,2024-03-14T05:20:56,approved,1,0,
638a3f656f924d91,694d71c69d67,3995227c4b63,Rajasthan,865,2024-03-14T05:06:49,2024-03-14T05:14:03,approved,1,0,
14b752073e4af53a,7786fa4ecb51,1acb11689632,Tamil Nadu,969,2024-03-14T05:09:26,2024-03-14T05:21:15,approved,1,0,
741199b0c55faf6a,6d33a7293228,076efe672429,Rajasthan,470,2024-03-14T06:00:21,2024-03-14T06:04:01,approved,1,0,
26590de0c8e320b5,4a83bc732574,5f79dc3ef633,Maharashtra,1066,2024-03-14T06:02:25,2024-03-14T06:12:44,approved,1,0,
6577e708948f5d0f,4a83bc732574,5d0785e888c0,Telangana,1072,2024-03-14T06:13:54,2024-03-14T06:20:30,approved,1,0,
7df5ca2c7dbdc334,4a83bc732574,2e33c41bad64,Haryana,837,2024-03-14T06:18:13,2024-03-14T06:25:48,approved,1,0,
143131f39d9814d7,48e58d7747c6,30ff3dfb8852,Maharashtra,1170,2024-03-14T06:42:33,2024-03-14T06:56:45,approved,1,0,
78dd1565dc6bc6a4,4a83bc732574,515e553567e2,Maharashtra,2961,2024-03-14T06:45:57,2024-03-14T07:03:59,approved,1,0,
25bb5e85369c5c79,41e20e89712f,2162034f0e71,Haryana,1300,2024-03-14T06:47:30,2024-03-14T06:52:46,approved,1,0,
6adcf8eb5f1ca37a,1e30aaf5adb8,1ca167538370,West Bengal,420,2024-03-14T07:00:26,2024-03-14T07:20:06,approved,1,0,
55358347041da2ae,6a706675422c,0ba970a31d99,Bihar,576,2024-03-14T07:05:59,2024-03-14T07:35:59,expired,0,0,
113171cc4e8362a3,11d601015742,1afbf79cf542,Karnataka,328,2024-03-14T07:07:54,2024-03-14T07:15:44,approved,1,0,
47f82a108e81048a,6a706675422c,7a6ca88db9a0,Telangana,250,2024-03-14T07:15:16,2024-03-14T07:45:16,expired,0,0,
61181fd41ab58dd8,634690700829,5ddc6dc8044b,Maharashtra,774,2024-03-14T07:19:16,2024-03-14T07:23:05,approved,1,0,
4079481481c55b2c,4a83bc732574,29e947713561,Uttar Pradesh,903,2024-03-14T07:19:31,2024-03-14T07:21:42,approved,1,0,
0e4f3fb90118dd09,09805b931ea6,744397a91353,Delhi,2929,2024-03-14T07:33:46,2024-03-14T07:43:05,approved,1,0,
50a85cd5bb8d00dd,1318e3fa6d29,2fb8296a16e1,Telangana,772,2024-03-14T07:36:52,2024-03-14T07:47:02,approved,1,0,
4640ffe3cb3f5081,20332b92b91c,67d07b7f9fa8,Uttar Pradesh,3649,2024-03-14T07:37:19,2024-03-14T07:53:16,declined,0,0,
4b6b59e5c949b51e,2b7ae5050a4d,028b51612c6d,Uttar Pradesh,398,2024-03-14T07:48:52,2024-03-14T07:50:11,approved,1,0,
7d23a1f932b03d35,694d71c69d67,0907ad7695cd,Bihar,2792,2024-03-14T07:54:58,2024-03-14T08:00:32,approved,1,0,
3f36208941c96654,2b1781ab1f24,7bf1a2bfe0ee,Rajasthan,1015,2024-03-14T07:58:35,2024-03-14T08:07:01,approved,0,0,
3ea19b5d8bea7a32,7b99521e8d62,34a57bdfa3cd,Delhi,1547,2024-03-14T08:00:33,2024-03-14T08:20:28,approved,1,0,
15221cb4f3e26cc1,09805b931ea6,6080ec9bb8fc,West Bengal,3713,2024-03-14T08:01:14,2024-03-14T08:17:14,approved,1,0,
2e5e4ae93abef757,19a849472d1b,259713498b44,Gujarat,1840,2024-03-14T08:03:42,2024-03-14T08:19:45,approved,1,0,
37ba7c5241060c16,45d11774ab5d,1f4e87b561e6,Gujarat,804,2024-03-14T08:06:05,2024-03-14T08:25:05,approved,0,0,
5abab7eaabe58964,2baf4e7593de,46601a768522,Telangana,444,2024-03-14T08:07:25,2024-03-14T08:13:03,approved,1,0,
04ab3bc0bd0f5948,216f11aafe2f,2bec56e240f3,Maharashtra,8074,2024-03-14T08:09:05,2024-03-14T08:26:09,approved,0,0,
2b70f07224af1474,7d81c905f4c1,6698c6f577f2,Rajasthan,1312,2024-03-14T08:11:18,2024-03-14T08:16:49,approved,1,0,
5f199af902150f61,0511fee882e4,4fcbe14481c3,Kerala,332,2024-03-14T08:13:38,2024-03-14T08:14:35,approved,1,0,
1dbc198a76ee201a,09f6cd55cca3,2ad68a9b35fb,Haryana,5041,2024-03-14T08:16:35,2024-03-14T08:43:10,declined,1,0,
6410d01e4e592850,2b7ae5050a4d,2349cd31b4f0,Bihar,1174,2024-03-14T08:17:43,2024-03-14T08:25:47,approved,1,0,
2add94af7c646b63,09805b931ea6,27adaeabcae5,Maharashtra,1736,2024-03-14T08:18:09,2024-03-14T08:32:31,declined,1,0,
7c0b37728e5ce6fd,6a7bccb8c392,53899a879246,Tamil Nadu,400,2024-03-14T08:19:35,2024-03-14T08:29:57,approved,1,0,
0a97e6ec24080acf,67a0390930e5,3f092306ed88,Haryana,225,2024-03-14T08:20:51,2024-03-14T08:32:23,approved,1,0,
23bd56dc4a763a59,41e20e89712f,6ac0dac6759f,Maharashtra,594,2024-03-14T08:23:55,2024-03-14T08:33:10,approved,1,0,
71220b86d916b078,16c1be31df12,564c89e2bbea,Gujarat,12265,2024-03-14T08:26:01,2024-03-14T08:56:01,expired,0,1,P04
34e1c1a12d158e26,48a5f4e76a41,3a2c8ddc7aea,Rajasthan,597,2024-03-14T08:26:03,2024-03-14T08:40:14,approved,0,0,
60498868fd5e2bcc,16c1be31df12,4e1e557b148d,West Bengal,4969,2024-03-14T08:26:30,2024-03-14T08:56:30,expired,0,1,P04
2330ebbf7d94401c,2baf4e7593de,7bdc3f33c829,Maharashtra,899,2024-03-14T08:26:59,2024-03-14T08:29:33,approved,1,0,
411da559d178d7c1,5be02b242add,646094ae6622,Telangana,1517,2024-03-14T08:28:56,2024-03-14T08:42:00,approved,1,0,
23542938a5331fe4,16c1be31df12,769397bef9a8,Maharashtra,11918,2024-03-14T08:29:00,2024-03-14T08:59:00,expired,0,1,P04
70fe9174e01ae84b,3a6d68f3644e,49b66853f5ef,Maharashtra,2304,2024-03-14T08:29:34,2024-03-14T08:39:26,declined,1,0,
0fccc4179138ebca,16c1be31df12,2d86568d3db2,Bihar,17635,2024-03-14T08:30:20,2024-03-14T08:32:11,declined,0,1,P04
333686a29a6eb1e6,0511fee882e4,4bb27217c49e,West Bengal,2962,2024-03-14T08:31:54,2024-03-14T08:35:41,approved,1,0,
139eb444ab182ab9,22ea49616c97,3113e88748dc,Tamil Nadu,674,2024-03-14T08:35:06,2024-03-14T08:38:30,approved,1,0,
2b9e60290db36d8f,2baf4e7593de,628f40ea9fef,Gujarat,520,2024-03-14T08:49:10,2024-03-14T09:02:36,approved,1,0,
61193c9128381bdd,16c1be31df12,0928ef5f0b67,Uttar Pradesh,7114,2024-03-14T08:50:23,2024-03-14T09:20:23,expired,0,1,P04
6a265a08312ab288,513484923021,4f34c1041e12,Rajasthan,706,2024-03-14T08:50:39,2024-03-14T09:04:51,approved,1,0,
2106ab6363bcc7e9,16c1be31df12,38d76899215e,Delhi,7632,2024-03-14T08:51:44,2024-03-14T09:06:30,declined,0,1,P04
03edc1eb04c16115,16c1be31df12,3ac98e73a9c1,Haryana,13246,2024-03-14T08:52:03,2024-03-14T09:22:03,expired,0,1,P04
0b72970a81d67bec,30595689af87,1081b38d24e9,Bihar,3066,2024-03-14T08:52:24,2024-03-14T08:59:13,approved,1,0,
42b5a547d050ada5,0f0510686293,2cd5bf8a66f4,Delhi,902,2024-03-14T08:53:25,2024-03-14T09:09:22,approved,1,0,
2fda1a4b5509507e,16c1be31df12,31591dd016e6,Kerala,5704,2024-03-14T08:54:11,2024-03-14T09:24:11,expired,0,1,P04
0c9aae420749a344,2baf4e7593de,0d0c3283bbaa,Uttar Pradesh,712,2024-03-14T08:57:29,2024-03-14T09:15:37,approved,1,0,
33206d6338a5552b,41e20e89712f,00cc8e9090f6,Maharashtra,2804,2024-03-14T08:59:21,2024-03-14T09:14:33,approved,1,0,
722c2931301fbf14,16c1be31df12,1c6d8b102945,Tamil Nadu,25000,2024-03-14T09:00:12,2024-03-14T09:22:43,declined,0,1,P04
4631bbbd840555f1,6f17ea22aaac,2140be34b371,West Bengal,3057,2024-03-14T09:03:03,2024-03-14T09:11:09,approved,1,0,
0325c09aee9e286c,6d33a7293228,41bf049eadf5,West Bengal,609,2024-03-14T09:03:29,2024-03-14T09:08:55,approved,1,0,
04a15d0404c4f309,5be02b242add,6ec062166b2c,Karnataka,514,2024-03-14T09:04:55,2024-03-14T09:10:48,approved,1,0,
7013519b0cff4afe,16c1be31df12,36a93aad186d,West Bengal,15920,2024-03-14T09:04:56,2024-03-14T09:34:56,expired,0,1,P04
2805c7eea7ab6b56,0cce3dbda79d,1b72d5992438,Tamil Nadu,845,2024-03-14T09:06:54,2024-03-14T09:12:18,declined,0,0,
454978d05e75a126,2910947f9388,610add1c46e8,Tamil Nadu,683,2024-03-14T09:08:04,2024-03-14T09:16:30,approved,1,0,
4af24aa00ede7437,09f6cd55cca3,30acd0ec01db,Gujarat,2315,2024-03-14T09:09:19,2024-03-14T09:28:00,approved,1,0,
48b42a63a4475c83,7d81c905f4c1,75b7f66bed32,Maharashtra,1755,2024-03-14T09:09:41,2024-03-14T09:18:49,approved,1,0,
5da702c35c3fdfde,3a6d68f3644e,28f179792b62,Uttar Pradesh,1747,2024-03-14T09:09:42,2024-03-14T09:16:07,approved,1,0,
4650f6b7722adb78,3a6576ce966b,55d350b8f010,West Bengal,854,2024-03-14T09:10:34,2024-03-14T09:40:34,expired,1,0,
08a1c08fe913929e,663473dc643e,2a938d7fbbc8,Tamil Nadu,665,2024-03-14T09:10:46,2024-03-14T09:19:10,approved,1,0,
65192cb5e468ff16,3a6d68f3644e,2828769a9d2f,Bihar,2236,2024-03-14T09:12:02,2024-03-14T09:22:16,approved,1,0,
35ed5e0cc6cc9ecf,0fc3186df001,267643ef38c1,Bihar,1850,2024-03-14T09:12:53,2024-03-14T09:14:38,approved,1,0,
795a937f1cfca565,16c1be31df12,4cde0a840c30,Telangana,10532,2024-03-14T09:13:15,2024-03-14T09:33:10,declined,0,1,P04
49a736fc61e8190b,5be02b242add,025d7489e1e9,Rajasthan,869,2024-03-14T09:16:27,2024-03-14T09:26:27,approved,1,0,
6abe416804e30780,0d9a63adaba5,1dd48e727209,Delhi,5886,2024-03-14T09:16:33,2024-03-14T09:30:59,approved,1,0,
02848b5285778eed,67a0390930e5,151451a15c0b,Haryana,476,2024-03-14T09:19:41,2024-03-14T09:30:37,approved,1,0,
26a4ef0110981fb1,6e73719779d9,38f03c762ff1,Gujarat,2913,2024-03-14T09:20:04,2024-03-14T09:50:04,expired,0,0,
3890dcb63b126ab4,09f6cd55cca3,6c4ca5e3b822,Bihar,1995,2024-03-14T09:21:06,2024-03-14T09:36:38,approved,1,0,
464f0b7d65b0a2d8,16c1be31df12,5cab795ecd8a,Gujarat,7137,2024-03-14T09:21:36,2024-03-14T09:35:56,declined,0,1,P04
6bbf5754001b3f29,0cce3dbda79d,412fb59c2a11,West Bengal,367,2024-03-14T09:23:00,2024-03-14T09:53:00,expired,0,0,
1d03a592f00ba44b,16c1be31df12,29521fb43383,Gujarat,4202,2024-03-14T09:23:17,2024-03-14T09:32:00,declined,0,1,P04
20494d7f7775ba66,2b7ae5050a4d,316744ef077c,Rajasthan,759,2024-03-14T09:23:18,2024-03-14T09:40:00,approved,1,0,
488a1c459eac3e42,16c1be31df12,1c65f8467501,Tamil Nadu,13423,2024-03-14T09:23:32,2024-03-14T09:38:46,declined,0,1,P04
64c6d6ff5c137ea8,5e5c092ab53d,723872f703ae,Gujarat,1410,2024-03-14T09:24:49,2024-03-14T09:40:40,approved,1,0,
3ea12e0a56d5ed01,7d81c905f4c1,03caae7b19c2,Bihar,1064,2024-03-14T09:25:03,2024-03-14T09:40:02,approved,1,0,
4e24c550e399f309,634690700829,21e59caf2cf3,Telangana,343,2024-03-14T09:26:21,2024-03-14T09:40:27,approved,1,0,
514cc5df05a7afb2,634690700829,67420493520a,Rajasthan,344,2024-03-14T09:26:56,2024-03-14T09:41:30,approved,1,0,
0d649f44896a7c0f,107ff2ac18f1,341983bc2ec0,Bihar,493,2024-03-14T09:28:00,2024-03-14T09:44:48,approved,1,0,
4de81ab674678d11,30595689af87,5b43b2f3cfee,Karnataka,1093,2024-03-14T09:30:18,2024-03-14T09:34:05,approved,1,0,
055919a29879c577,16c1be31df12,7b97af66dc28,Maharashtra,13354,2024-03-14T09:31:38,2024-03-14T09:51:04,approved,0,1,P04
7a9d325d38785a5e,5ded2d78f299,5d156bc06c2e,Karnataka,387,2024-03-14T09:32:28,2024-03-14T09:42:24,approved,1,0,
61b4ecf5831951ff,16c1be31df12,4cf131fb8ef6,Maharashtra,6080,2024-03-14T09:35:24,2024-03-14T10:05:24,expired,0,1,P04
1a50e7ed8ead8fc1,6a2b9baa3e4a,40ab6f1f30b2,Telangana,816,2024-03-14T09:37:18,2024-03-14T09:45:55,approved,1,0,
4549593e6ab7e520,30595689af87,48d398136f04,Rajasthan,5265,2024-03-14T09:37:32,2024-03-14T09:51:04,approved,1,0,
3786a975e132b364,0511fee882e4,17f8aabc3cf7,Uttar Pradesh,6834,2024-03-14T09:37:40,2024-03-14T09:39:24,approved,1,0,
0b52adfde2eae16f,35ed52508031,68c80854a3c7,Haryana,3782,2024-03-14T09:37:42,2024-03-14T10:07:42,expired,1,0,
0c6b5287701156bb,5be02b242add,5bdc85f74fc4,Karnataka,1743,2024-03-14T09:39:28,2024-03-14T09:53:21,approved,1,0,
55a042f79eb4a951,16c1be31df12,0a0e7c55ba60,Uttar Pradesh,11223,2024-03-14T09:41:36,2024-03-14T09:45:43,declined,0,1,P04
5421a3f155a7d93d,0176a1a01f10,1fe5153211ee,Haryana,3470,2024-03-14T09:41:48,2024-03-14T09:42:42,approved,1,0,
123f5ea50fe44ee3,16c1be31df12,5b6ec8007239,Uttar Pradesh,5819,2024-03-14T09:42:09,2024-03-14T10:12:09,expired,0,1,P04
375cb3f6773d04f1,16c1be31df12,4d1ce3b764ad,Maharashtra,12328,2024-03-14T09:44:56,2024-03-14T09:54:03,declined,0,1,P04
4c4b37351f1e1d89,16c1be31df12,08adac985e7f,Delhi,11409,2024-03-14T09:44:57,2024-03-14T10:14:57,expired,0,1,P04
7e707cb900200b06,16c1be31df12,54fa05830963,West Bengal,5172,2024-03-14T09:47:21,2024-03-14T10:17:21,expired,0,1,P04
36cec28fe0115f1f,16c1be31df12,381cec68277b,Rajasthan,9332,2024-03-14T09:48:14,2024-03-14T09:57:37,declined,0,1,P04
402bd37ed4b4a0bb,16c1be31df12,471c4d14cd63,Bihar,13646,2024-03-14T09:48:48,2024-03-14T10:13:38,declined,0,1,P04
278dd392674afe6c,0d4a1f2e8b76,6654b7e4258c,West Bengal,874,2024-03-14T09:50:45,2024-03-14T09:58:01,approved,1,0,
489e4fbc7cc42012,16c1be31df12,05fdf427f654,Haryana,12253,2024-03-14T09:52:16,2024-03-14T10:22:16,expired,0,1,P04
3a765320728d3e1f,16c1be31df12,5e4221362b56,Haryana,25000,2024-03-14T09:52:21,2024-03-14T10:17:50,declined,0,1,P04
2a8d5df1964cd805,0cce3dbda79d,1b48c49ff46b,West Bengal,1392,2024-03-14T09:52:44,2024-03-14T10:22:44,expired,0,0,
41d2b6425bbbe1c4,16c1be31df12,75ccdc2fa636,West Bengal,6463,2024-03-14T09:54:20,2024-03-14T10:01:04,declined,0,1,P04
14e364ad129baef3,694d71c69d67,62decccdf52c,Rajasthan,1128,2024-03-14T09:55:42,2024-03-14T09:59:30,approved,1,0,
55c9cd7528aa582f,16c1be31df12,10b44aa1121f,Uttar Pradesh,7367,2024-03-14T09:56:44,2024-03-14T10:15:29,declined,0,1,P04
6d79d1c459613ca7,6d33a7293228,22312c073edd,Tamil Nadu,547,2024-03-14T10:02:26,2024-03-14T10:14:54,approved,1,0,
7d123cf4aed147ba,7b99521e8d62,09eee6fc3c51,West Bengal,997,2024-03-14T10:02:57,2024-03-14T10:07:22,approved,1,0,
2a2c331b1f4c0adf,6a2b9baa3e4a,2a3372489310,Telangana,667,2024-03-14T10:03:28,2024-03-14T10:04:37,approved,1,0,
22b66e9a7ed10c8b,7b99521e8d62,78b646902f51,Delhi,1454,2024-03-14T10:03:52,2024-03-14T10:18:05,approved,1,0,
50d8e0b7cedb9d6a,513484923021,2c04c09ee96c,Karnataka,699,2024-03-14T10:05:33,2024-03-14T10:10:15,approved,1,0,
3dae3b80da891eab,48a5f4e76a41,1dcfb70e2704,Bihar,1079,2024-03-14T10:10:25,2024-03-14T10:18:34,declined,0,0,
0e1cea683d7e1369,6fdf521c2b77,512bb937a19a,Gujarat,686,2024-03-14T10:11:39,2024-03-14T10:20:08,approved,1,0,
3bc28c63ee07fefd,16c1be31df12,778f3cab2348,Telangana,2718,2024-03-14T10:11:51,2024-03-14T10:41:51,expired,0,1,P04
3e033a3ddcde1633,16c1be31df12,5a70619004e3,Maharashtra,7226,2024-03-14T10:13:39,2024-03-14T10:39:32,declined,0,1,P04
67d410b459a0d70f,6a706675422c,113e2929c6db,West Bengal,1733,2024-03-14T10:16:30,2024-03-14T10:26:53,approved,0,0,
22826bd3b2b95690,2b1781ab1f24,6ad784664408,Karnataka,579,2024-03-14T10:17:50,2024-03-14T10:20:38,approved,0,0,
3c4334b8bf275974,16c1be31df12,6139e3693e45,Maharashtra,10861,2024-03-14T10:18:28,2024-03-14T10:23:36,declined,0,1,P04
40029eab814aed86,673acd5d1161,684d85f0a23c,Tamil Nadu,1982,2024-03-14T10:19:36,2024-03-14T10:30:11,approved,1,0,
56fffaf6aa8b27e2,1e30aaf5adb8,5e716314202c,Bihar,396,2024-03-14T10:20:28,2024-03-14T10:24:15,approved,1,0,
713cbae9afd38cbe,513484923021,114f1602155e,Haryana,247,2024-03-14T10:20:45,2024-03-14T10:24:30,approved,1,0,
0456040a24fd9aca,0f0510686293,576fb16385d5,West Bengal,430,2024-03-14T10:20:49,2024-03-14T10:45:49,declined,1,0,
77f6cc68d972ac60,16c1be31df12,742323a8b59b,Karnataka,15336,2024-03-14T10:21:05,2024-03-14T10:41:26,declined,0,1,P04
66190e8cd8bea063,6d33a7293228,550dfa53e8c5,Kerala,302,2024-03-14T10:21:24,2024-03-14T10:29:08,approved,1,0,
53e8e78e558a238f,16c1be31df12,574b6db61800,Bihar,24854,2024-03-14T10:21:51,2024-03-14T10:51:51,expired,0,1,P04
28a3f8b35cfa7559,673acd5d1161,23f26ac101d2,Tamil Nadu,888,2024-03-14T10:21:54,2024-03-14T10:44:14,declined,1,0,
532136d862e663a7,16c1be31df12,1f0c6cca65de,Haryana,17504,2024-03-14T10:22:34,2024-03-14T10:26:27,declined,0,1,P04
00d4a39a7774d8fc,0fc3186df001,5af034a07ac7,West Bengal,648,2024-03-14T10:22:45,2024-03-14T10:36:52,approved,1,0,
0c72daea506b4cfa,48a5f4e76a41,6bd2b3ec6836,Maharashtra,358,2024-03-14T10:23:13,2024-03-14T10:26:50,declined,0,0,
3a626f095f30bc73,6a7bccb8c392,473af731c0e9,West Bengal,523,2024-03-14T10:28:55,2024-03-14T10:38:49,approved,1,0,
1151c0259490bbcd,49217212965b,3ac347c7ced7,Kerala,476,2024-03-14T10:29:15,2024-03-14T10:36:55,approved,1,0,
690d6c8399faf1f2,16c1be31df12,514044c2996d,Gujarat,14265,2024-03-14T10:30:09,2024-03-14T11:00:09,expired,0,1,P04
1595760cecd2f521,6f5fa5bed003,39b10ff0068b,Haryana,1645,2024-03-14T10:30:11,2024-03-14T10:41:02,approved,1,0,
46a402ca43f18399,16c1be31df12,76f47ce86c0c,Rajasthan,11963,2024-03-14T10:30:51,2024-03-14T10:55:07,declined,0,1,P04
78c7461a52d28065,6fdf521c2b77,5c02e0acf0b3,Tamil Nadu,1222,2024-03-14T10:33:00,2024-03-14T10:36:45,approved,1,0,
227eb7d6e84e0f79,663473dc643e,53fdd940083c,Bihar,389,2024-03-14T10:34:23,2024-03-14T10:42:21,approved,1,0,
305d2b667aaa91c5,16c1be31df12,158e22e901d0,Uttar Pradesh,2935,2024-03-14T10:36:07,2024-03-14T10:47:50,declined,0,1,P04
749b14b6d7e0e229,16c1be31df12,668981f3a499,Telangana,4152,2024-03-14T10:36:20,2024-03-14T11:06:20,expired,0,1,P04
63f3cb704d229cb0,67a0390930e5,78ff285e6166,Gujarat,499,2024-03-14T10:37:26,2024-03-14T11:07:26,expired,1,0,
1ad3ad892655c09c,0fc3186df001,04c336e06e8f,Maharashtra,2923,2024-03-14T10:42:09,2024-03-14T10:43:28,approved,1,0,
7811557689942a97,34994a8b60cd,226ce0615b60,Rajasthan,1364,2024-03-14T10:42:37,2024-03-14T11:06:39,declined,0,0,
4fd9e69da351a6d2,16c1be31df12,55f0b1ba2912,Telangana,5764,2024-03-14T10:42:43,2024-03-14T11:12:43,expired,0,1,P04
3978fc1bddad5a6b,16c1be31df12,3e2646f0d144,Rajasthan,7735,2024-03-14T10:44:13,2024-03-14T11:04:00,declined,0,1,P04
439b1b5797bb2883,6e836fcd1e4d,30e6f903b749,Karnataka,712,2024-03-14T10:45:58,2024-03-14T11:02:06,declined,0,0,
2849cfdb72242482,5e5c092ab53d,5df076557e9b,Rajasthan,2560,2024-03-14T10:46:57,2024-03-14T10:57:23,approved,1,0,
03690bd69186651a,16c1be31df12,2769277c9c73,Telangana,4917,2024-03-14T10:48:49,2024-03-14T11:18:49,expired,0,1,P04
16b57a63592864a4,6a2b9baa3e4a,6e6bfcbf747e,Kerala,394,2024-03-14T10:48:54,2024-03-14T10:57:51,approved,1,0,
229520986727ab25,60a547ae6f0e,7413dbf73983,Bihar,400,2024-03-14T10:50:41,2024-03-14T11:08:11,approved,1,0,
341d8668572f8c27,2baf4e7593de,1081b38d24e9,Bihar,526,2024-03-14T10:51:08,2024-03-14T11:21:08,expired,1,0,
5a88ec9972d562d4,16c1be31df12,5cc853648c81,Karnataka,10762,2024-03-14T10:54:50,2024-03-14T11:23:41,declined,0,1,P04
50f1784e65a96c80,673acd5d1161,195f52582f34,Gujarat,1651,2024-03-14T10:56:29,2024-03-14T11:15:15,approved,1,0,
5908bdad819bbef6,16c1be31df12,1a8ac65886f7,Rajasthan,18365,2024-03-14T10:56:43,2024-03-14T11:08:18,declined,0,1,P04
31a5d2de51ee37bf,67a0390930e5,39af87f17bff,Rajasthan,1052,2024-03-14T10:58:39,2024-03-14T11:11:38,approved,1,0,
28d67448fe43f148,67a0390930e5,35059a024291,Telangana,237,2024-03-14T10:58:57,2024-03-14T11:13:01,approved,1,0,
34172848963153c6,20332b92b91c,4a791ed91158,Maharashtra,902,2024-03-14T10:59:51,2024-03-14T11:10:30,declined,0,0,
5bea1be218303cf2,49217212965b,214d9baeff53,Haryana,444,2024-03-14T11:02:44,2024-03-14T11:09:10,approved,1,0,
3919c716daae96d7,4c6b531ee064,083a72effef9,Uttar Pradesh,819,2024-03-14T11:03:18,2024-03-14T11:04:02,approved,1,0,
47699d4404d88f3d,16c1be31df12,6d97ba226f15,Haryana,4987,2024-03-14T11:05:03,2024-03-14T11:22:52,approved,0,1,P04
559bd7f52912282f,0f0510686293,1dcfb70e2704,Bihar,475,2024-03-14T11:06:25,2024-03-14T11:22:47,approved,1,0,
1349b2d61a49ba88,51e266317647,49ed6960fcc1,Haryana,918,2024-03-14T11:06:33,2024-03-14T11:36:33,expired,1,0,
75e3ededd3d5942f,6a2b9baa3e4a,3a9321c71d3d,Karnataka,733,2024-03-14T11:06:33,2024-03-14T11:18:03,approved,1,0,
3765b6266a2e08c2,2569a0f51294,0a0a45abf318,Uttar Pradesh,3115,2024-03-14T11:06:49,2024-03-14T11:11:51,approved,1,0,
4e70e8177f196f16,6a2b9baa3e4a,4f8cd24ce69a,Tamil Nadu,880,2024-03-14T11:11:49,2024-03-14T11:41:49,expired,1,0,
14185cf335db4b1e,20332b92b91c,202ffa13c3eb,Kerala,1506,2024-03-14T11:13:43,2024-03-14T11:25:04,approved,0,0,
7293f3083d624a3f,673acd5d1161,2ec6735f03ff,West Bengal,2254,2024-03-14T11:16:58,2024-03-14T11:34:26,approved,1,0,
4d6ae152ec4bad06,4a83bc732574,070511f371a8,West Bengal,1247,2024-03-14T11:17:17,2024-03-14T11:21:19,approved,1,0,
5917d652d0381bfa,6a2b9baa3e4a,0c660b454e7f,Kerala,650,2024-03-14T11:23:17,2024-03-14T11:25:02,declined,1,0,
1002662b480e1d80,67a0390930e5,41dfc2d7b03f,West Bengal,413,2024-03-14T11:23:52,2024-03-14T11:40:33,approved,1,0,
35d69e213c346629,6a7bccb8c392,4c867d5be114,Uttar Pradesh,568,2024-03-14T11:24:43,2024-03-14T11:43:10,approved,1,0,
47988e4b24e24d59,16c1be31df12,33243d84b875,Delhi,3713,2024-03-14T11:25:32,2024-03-14T11:33:33,declined,0,1,P04
20b8afb92a5cc80f,0d4a1f2e8b76,7453a8380237,Kerala,538,2024-03-14T11:26:06,2024-03-14T11:28:40,approved,1,0,
0835ec6d875987a9,16c1be31df12,7d9059206911,Bihar,12648,2024-03-14T11:28:27,2024-03-14T11:54:36,declined,0,1,P04
039eea9a26188561,16c1be31df12,6aeaaa2dfe91,Bihar,7781,2024-03-14T11:30:53,2024-03-14T11:33:27,declined,0,1,P04
0896646d409380df,16c1be31df12,54a05b016067,West Bengal,10743,2024-03-14T11:30:54,2024-03-14T12:00:54,expired,0,1,P04
38c0f040075375c9,7d81c905f4c1,5b008f1c14e8,Rajasthan,2708,2024-03-14T11:31:38,2024-03-14T11:46:02,approved,1,0,
265781c39dbdf084,7d81c905f4c1,163815395f93,Karnataka,773,2024-03-14T11:31:40,2024-03-14T11:46:55,approved,1,0,
5b1d6b9f42701cac,16c1be31df12,0457c8b78038,Haryana,6215,2024-03-14T11:32:52,2024-03-14T12:02:52,expired,0,1,P04
5dc266d1b4ecd191,16c1be31df12,2aaeb7f6b1f9,Rajasthan,5878,2024-03-14T11:35:03,2024-03-14T11:53:20,declined,0,1,P04
7b9552385fe1f63b,16c1be31df12,2bd58e29d97e,Kerala,9074,2024-03-14T11:38:01,2024-03-14T12:05:11,declined,0,1,P04
7bef91147491dc4a,3a6576ce966b,6c5f484f7cf0,Haryana,384,2024-03-14T11:38:02,2024-03-14T11:57:40,approved,1,0,
047392492b5dfbf8,7786fa4ecb51,7e3ff5d0515d,Haryana,939,2024-03-14T11:45:06,2024-03-14T11:56:02,approved,1,0,
2b4420cab8616b08,2b1781ab1f24,5e01a8d4f124,Uttar Pradesh,257,2024-03-14T11:45:16,2024-03-14T12:04:31,declined,0,0,
5053720b0c980d18,16c1be31df12,7d8173d7cfff,Bihar,15713,2024-03-14T11:46:06,2024-03-14T12:01:02,declined,0,1,P04
299ebc969b4a03fc,0511fee882e4,766b82e2720c,Haryana,1184,2024-03-14T11:49:04,2024-03-14T12:19:04,expired,1,0,
1b819ca8fd664040,16c1be31df12,02db6b5557f6,Gujarat,9818,2024-03-14T11:49:24,2024-03-14T12:15:29,declined,0,1,P04
788cf60f70617fc7,16c1be31df12,68e03519fc09,Maharashtra,25000,2024-03-14T11:51:46,2024-03-14T12:21:46,expired,0,1,P04
649e021f1d24acda,6e73719779d9,479e77a0dff0,Tamil Nadu,4807,2024-03-14T11:52:08,2024-03-14T12:11:51,approved,0,0,
6863bb284cb6583b,0f0510686293,03e4f1c8c7e5,Rajasthan,449,2024-03-14T11:52:18,2024-03-14T11:55:14,approved,1,0,
35647787d40930ff,6e836fcd1e4d,49c5e3d3db25,Delhi,631,2024-03-14T11:55:01,2024-03-14T12:06:30,approved,0,0,
53a9ae08bab1fea1,2569a0f51294,48b49faedbf0,Tamil Nadu,2511,2024-03-14T11:57:30,2024-03-14T12:05:46,approved,1,0,
1a33ca57db760e4b,16c1be31df12,343f4e717409,Maharashtra,25000,2024-03-14T11:59:11,2024-03-14T12:29:11,expired,0,1,P04
393a8c541dd2c425,16c1be31df12,18d6bc5dca6a,Delhi,4888,2024-03-14T11:59:19,2024-03-14T12:29:19,expired,0,1,P04
4fb0874e39c23276,16c1be31df12,056c17ee7b89,Uttar Pradesh,3035,2024-03-14T12:00:05,2024-03-14T12:14:23,approved,0,1,P04
0e103938fd76758a,513484923021,646a4b752632,Maharashtra,536,2024-03-14T12:00:15,2024-03-14T12:06:28,approved,1,0,
1e704b018ae0810d,16c1be31df12,2d3b78be9059,Rajasthan,10399,2024-03-14T12:01:00,2024-03-14T12:27:04,declined,0,1,P04
6fbcb0f461029ef7,45d11774ab5d,63b0642043bf,West Bengal,7595,2024-03-14T12:04:44,2024-03-14T12:15:00,approved,0,0,
4f753c6fd33e11bc,6a7bccb8c392,2f63e717684c,Uttar Pradesh,604,2024-03-14T12:05:45,2024-03-14T12:22:15,approved,1,0,
5e4c8fcfddde43eb,41e20e89712f,6e137364ab23,Rajasthan,949,2024-03-14T12:06:57,2024-03-14T12:14:01,approved,1,0,
33e4b6791784fbdb,16c1be31df12,66a4819964ee,Gujarat,4404,2024-03-14T12:07:40,2024-03-14T12:37:40,expired,0,1,P04
1be0e5ad6537d8db,20332b92b91c,4d582548bdd2,Uttar Pradesh,387,2024-03-14T12:09:29,2024-03-14T12:39:29,expired,0,0,
1407cb474bad6e51,16c1be31df12,0972c8974b1c,West Bengal,11505,2024-03-14T12:10:24,2024-03-14T12:22:01,declined,0,1,P04
04781ae02249679d,1318e3fa6d29,542977dae094,Telangana,528,2024-03-14T12:13:28,2024-03-14T12:28:37,approved,1,0,
67683c35f16afa0f,7d81c905f4c1,469f51086747,Maharashtra,680,2024-03-14T12:13:45,2024-03-14T12:30:22,approved,1,0,
300f095ac5ec5c4e,16c1be31df12,12c4993380b9,Telangana,25000,2024-03-14T12:15:08,2024-03-14T12:35:44,declined,0,1,P04
1c4940d16906bf1d,6a706675422c,76f072939128,Kerala,1455,2024-03-14T12:17:11,2024-03-14T12:47:11,expired,0,0,
232db67847ad1292,16c1be31df12,6f1e9ad08815,Telangana,4974,2024-03-14T12:17:22,2024-03-14T12:47:22,expired,0,1,P04
65d62b1fe57a9abc,7b8a68c1ae9c,5cdc92f3910a,Maharashtra,1005,2024-03-14T12:19:05,2024-03-14T12:27:47,approved,1,0,
6d28c958af054577,0d9a63adaba5,18e1a07337c6,Uttar Pradesh,905,2024-03-14T12:19:15,2024-03-14T12:24:27,approved,1,0,
198f31842721ac8b,3a6d68f3644e,5d4a0cd167b2,Gujarat,2282,2024-03-14T12:22:01,2024-03-14T12:29:15,approved,1,0,
3362118b43209898,16c1be31df12,2292d28c7351,Haryana,11698,2024-03-14T12:22:59,2024-03-14T12:52:59,expired,0,1,P04
6a54b37bc66a800f,16c1be31df12,1aedee0f4a2d,Karnataka,3823,2024-03-14T12:23:52,2024-03-14T12:48:08,declined,0,1,P04
75d07c05ca755566,16c1be31df12,77b6fe16a768,Delhi,8761,2024-03-14T12:25:14,2024-03-14T12:50:24,declined,0,1,P04
3e38b50eaf7d9e2f,16c1be31df12,38b77629d69b,Gujarat,23959,2024-03-14T12:25:26,2024-03-14T12:29:45,declined,0,1,P04
492dbaf1a49802c3,2569a0f51294,5ce6ff41c448,Haryana,1348,2024-03-14T12:25:27,2024-03-14T12:41:47,approved,1,0,
6c6e279dcea88a1b,2baf4e7593de,4af2cf071166,Karnataka,971,2024-03-14T12:25:56,2024-03-14T12:31:51,approved,1,0,
74048586f63f932c,2910947f9388,56abf2648203,West Bengal,563,2024-03-14T12:26:08,2024-03-14T12:34:14,approved,1,0,
6b5ed0b54c5a03b0,694d71c69d67,6c089f5c3073,Karnataka,1419,2024-03-14T12:26:49,2024-03-14T12:45:03,approved,1,0,
50bfa943bcb80747,16c1be31df12,5a848d5624d1,Delhi,14021,2024-03-14T12:34:58,2024-03-14T13:00:29,declined,0,1,P04
66a96886522d6939,16c1be31df12,35d7392f1c98,Bihar,19046,2024-03-14T12:36:39,2024-03-14T13:03:12,declined,0,1,P04
5dcfa065006c382e,6e836fcd1e4d,12245daa468a,Uttar Pradesh,2572,2024-03-14T12:39:24,2024-03-14T12:55:49,approved,0,0,
21a5ffe93d4db63a,11d601015742,68d9ef1053a7,Karnataka,3078,2024-03-14T12:39:29,2024-03-14T12:43:37,approved,1,0,
2b30610f94124c63,16c1be31df12,7b80376e32b4,Rajasthan,25000,2024-03-14T12:39:53,2024-03-14T12:55:39,declined,0,1,P04
7383bf547f07e61f,34994a8b60cd,03b8dda50fd8,Uttar Pradesh,2626,2024-03-14T12:41:42,2024-03-14T12:46:53,approved,0,0,
4e5695c6e8e7cf4d,16c1be31df12,73158131b236,Bihar,4609,2024-03-14T12:41:55,2024-03-14T12:50:15,declined,0,1,P04
7e2357fa72fb6fe6,2baf4e7593de,34142174b317,Telangana,821,2024-03-14T12:42:40,2024-03-14T12:46:42,approved,1,0,
7486b5a5baf8b400,6a7bccb8c392,49b66853f5ef,Maharashtra,669,2024-03-14T12:42:58,2024-03-14T12:59:37,approved,1,0,
531c4768d66cf89c,7786fa4ecb51,1640884132a5,Rajasthan,459,2024-03-14T12:43:00,2024-03-14T13:13:00,expired,1,0,
792068e9fa002482,7d81c905f4c1,3a16ede41169,Rajasthan,717,2024-03-14T12:43:12,2024-03-14T13:13:12,expired,1,0,
76a7bc11d929ec30,16c1be31df12,76b0dbd40005,Uttar Pradesh,8069,2024-03-14T12:43:30,2024-03-14T12:51:50,declined,0,1,P04
040e9c272192563f,16c1be31df12,005658804883,Haryana,8759,2024-03-14T12:44:57,2024-03-14T12:54:53,declined,0,1,P04
2cec748cbb169d12,16c1be31df12,0ad93f350cff,Telangana,14520,2024-03-14T12:45:31,2024-03-14T13:15:31,expired,0,1,P04
290649a9deabf51d,16c1be31df12,3008060c8a1e,Rajasthan,2812,2024-03-14T12:47:43,2024-03-14T13:11:16,declined,0,1,P04
5f7fc2a899719967,1318e3fa6d29,6909d53c7c2d,Haryana,491,2024-03-14T12:49:02,2024-03-14T13:19:02,expired,1,0,
65cccbfdf3c6039d,4a83bc732574,20ab0e6763ff,Gujarat,1120,2024-03-14T12:50:05,2024-03-14T13:05:13,approved,1,0,
7491c8c77de25e86,16c1be31df12,25de3a3b697d,Maharashtra,15073,2024-03-14T12:51:39,2024-03-14T13:01:07,approved,0,1,P04
2732fb8e81ff9638,16c1be31df12,0ab600962ee6,Bihar,2812,2024-03-14T12:53:13,2024-03-14T13:23:13,expired,0,1,P04
32485908fb5a6e56,16c1be31df12,2b0cfffd8c73,Karnataka,7633,2024-03-14T12:53:32,2024-03-14T13:23:32,expired,0,1,P04
4e99dd69bad17599,4a83bc732574,7413dbf73983,Bihar,1961,2024-03-14T12:56:06,2024-03-14T13:08:52,approved,1,0,
11c9bc1ee0044299,16c1be31df12,2304601e6a82,Uttar Pradesh,8022,2024-03-14T12:56:24,2024-03-14T13:13:26,declined,0,1,P04
4159fa4eda2d1d6d,3a6d68f3644e,21f73c9561b2,Telangana,2970,2024-03-14T12:57:17,2024-03-14T13:05:35,approved,1,0,
0a64c5657bc8d990,2baf4e7593de,23f26ac101d2,Tamil Nadu,1059,2024-03-14T12:58:04,2024-03-14T13:16:29,approved,1,0,
136a6e6057fa7dbf,4a83bc732574,2503b79008ab,Rajasthan,2044,2024-03-14T12:59:08,2024-03-14T13:06:26,approved,1,0,
47526f0159d7a7e8,1e30aaf5adb8,6c4ca5e3b822,Bihar,289,2024-03-14T13:00:15,2024-03-14T13:14:56,approved,1,0,
0f317aa9b622cbb9,6ab35d61cd9f,2ba0b9b08492,Tamil Nadu,225,2024-03-14T13:03:29,2024-03-14T13:20:16,approved,1,0,
39da1893de04d1af,16c1be31df12,3f110050a8ca,Delhi,11418,2024-03-14T13:03:37,2024-03-14T13:06:25,declined,0,1,P04
5431e4e7b6cf397d,1318e3fa6d29,7193391b4e49,Maharashtra,519,2024-03-14T13:03:57,2024-03-14T13:12:48,approved,1,0,
58cae42a4290544b,7d81c905f4c1,6c23c4ec1c9b,Telangana,1039,2024-03-14T13:05:45,2024-03-14T13:11:44,approved,1,0,
73a51fccfa3ac6ca,16c1be31df12,6774a8b010d6,Rajasthan,5485,2024-03-14T13:06:06,2024-03-14T13:25:32,declined,0,1,P04
5abf42b8d985e422,107ff2ac18f1,22adc8839acb,Haryana,415,2024-03-14T13:07:24,2024-03-14T13:25:34,approved,1,0,
1661057eeb836545,6a2b9baa3e4a,28e68d7210e5,Kerala,326,2024-03-14T13:09:01,2024-03-14T13:25:25,approved,1,0,
61af0bd16c22d536,2569a0f51294,6a4c37334c78,Kerala,1846,2024-03-14T13:11:27,2024-03-14T13:12:19,approved,1,0,
0a6b2382c351dc3a,16c1be31df12,35bbd698e831,Maharashtra,12039,2024-03-14T13:14:52,2024-03-14T13:22:05,approved,0,1,P04
71f649a5ded9a9fb,35ed52508031,7689221fca33,Bihar,2857,2024-03-14T13:15:19,2024-03-14T13:27:50,approved,1,0,
69264b38ed752452,16c1be31df12,1030c06c7734,Maharashtra,6102,2024-03-14T13:15:41,2024-03-14T13:23:42,declined,0,1,P04
749a13d8d409ca5b,16c1be31df12,38b77629d69b,Gujarat,6327,2024-03-14T13:16:59,2024-03-14T13:29:31,declined,0,1,P04
4a3ebe6b94922bd0,60a547ae6f0e,6ce8910e1be7,Gujarat,442,2024-03-14T13:19:04,2024-03-14T13:49:04,expired,1,0,
674806aa2db97017,51e266317647,5a91aebc5787,West Bengal,737,2024-03-14T13:20:46,2024-03-14T13:35:41,approved,1,0,
6a8b2f1c55b4cfc4,5ded2d78f299,74aa63b1ac81,Telangana,1013,2024-03-14T13:22:51,2024-03-14T13:35:35,approved,1,0,
671f967c93c8b191,16c1be31df12,026546dc8d14,Bihar,25000,2024-03-14T13:27:19,2024-03-14T13:57:19,expired,0,1,P04
1ccc07ae285959a8,16c1be31df12,753e875a94f7,Bihar,9015,2024-03-14T13:27:23,2024-03-14T13:33:37,approved,0,1,P04
50a4d648dfbabf7f,16c1be31df12,6e7678054c25,Bihar,8563,2024-03-14T13:27:37,2024-03-14T13:42:45,declined,0,1,P04
043c9b4ccaa97b32,0d9a63adaba5,6c09bf8a1ecd,Telangana,2339,2024-03-14T13:29:43,2024-03-14T13:40:30,declined,1,0,
02de588d66f332f1,7d81c905f4c1,0dd6ae681738,Maharashtra,3022,2024-03-14T13:30:36,2024-03-14T13:47:07,approved,1,0,
243b895558a1fec0,51e266317647,3d672e15e7a9,Karnataka,1025,2024-03-14T13:32:04,2024-03-14T14:02:04,expired,1,0,
4cbf73f667b42366,7b8a68c1ae9c,09e2768a955f,Karnataka,1089,2024-03-14T13:32:28,2024-03-14T14:02:28,expired,1,0,
026c16bd51ff45c2,4c6b531ee064,33de41b969f5,Uttar Pradesh,1519,2024-03-14T13:33:33,2024-03-14T13:43:10,approved,1,0,
6355ba351305ec1f,3a6d68f3644e,1aaf53d931b3,West Bengal,2004,2024-03-14T13:36:20,2024-03-14T13:41:11,approved,1,0,
31e33d36389ecb4a,16c1be31df12,2dafc666c9ca,Bihar,3879,2024-03-14T13:36:37,2024-03-14T13:57:42,declined,0,1,P04
3d9044108079ba2f,30595689af87,684bdfc8dec9,Telangana,1729,2024-03-14T13:36:43,2024-03-14T13:47:18,approved,1,0,
56eefb8d9f7094cf,09f6cd55cca3,256ee0f25388,Haryana,1267,2024-03-14T13:39:38,2024-03-14T13:59:33,approved,1,0,
1e7b851a3db39220,16c1be31df12,6698c6f577f2,Rajasthan,7064,2024-03-14T13:39:48,2024-03-14T13:51:43,declined,0,1,P04
3f66a6ad2d03de52,6fdf521c2b77,75a6917f58c8,Kerala,1174,2024-03-14T13:39:55,2024-03-14T13:45:19,approved,1,0,
5fbcab8196504b5e,1e30aaf5adb8,5551f130dcc1,Maharashtra,586,2024-03-14T13:40:05,2024-03-14T13:59:05,approved,1,0,
461d68a8894c5f2b,16c1be31df12,1034c8040db8,Haryana,3154,2024-03-14T13:40:31,2024-03-14T14:10:31,expired,0,1,P04
7ad62883fe85a11b,16c1be31df12,4e143b1213c7,Gujarat,13528,2024-03-14T13:41:30,2024-03-14T13:44:24,declined,0,1,P04
5e6c406fc3e3d6c2,2baf4e7593de,580837b7a4cc,West Bengal,465,2024-03-14T13:42:23,2024-03-14T14:01:38,approved,1,0,
4e2b1ea2b4c9f45e,16c1be31df12,132b32fdc07c,Maharashtra,21388,2024-03-14T13:42:57,2024-03-14T13:53:59,declined,0,1,P04
389a3f883fa1dd3c,16c1be31df12,7df3158bf3ff,Telangana,5735,2024-03-14T13:43:37,2024-03-14T14:09:57,declined,0,1,P04
13d33aa80b085a4a,1e30aaf5adb8,779f76498ebb,Bihar,867,2024-03-14T13:44:13,2024-03-14T14:14:13,expired,1,0,
325b2a8963b90358,16c1be31df12,585a213d2aa1,Uttar Pradesh,10749,2024-03-14T13:45:56,2024-03-14T14:11:08,declined,0,1,P04
6d6e118c03692dd7,6a7bccb8c392,3a2c8ddc7aea,Rajasthan,828,2024-03-14T13:47:42,2024-03-14T13:51:22,approved,1,0,
173f9e20f2200dab,16c1be31df12,4b797becf646,Haryana,9611,2024-03-14T13:47:46,2024-03-14T14:17:46,expired,0,1,P04
6160f07983c514b9,16c1be31df12,02b6356c5ba5,Delhi,18418,2024-03-14T13:50:56,2024-03-14T14:01:53,declined,0,1,P04
57cda7ee5392cd0c,60a547ae6f0e,6f9501f6af1c,Tamil Nadu,715,2024-03-14T13:51:18,2024-03-14T14:01:06,approved,1,0,
02f4a583c6df2710,16c1be31df12,135677a7d0be,Delhi,23883,2024-03-14T13:51:50,2024-03-14T14:02:50,declined,0,1,P04
769e39b6b1aa5314,513484923021,6788711c2cea,Maharashtra,435,2024-03-14T13:52:24,2024-03-14T14:02:44,approved,1,0,
42d5b776dab7ae50,2b7ae5050a4d,33afa6a0af15,Tamil Nadu,1145,2024-03-14T13:54:47,2024-03-14T14:12:42,approved,1,0,
17e0f896772ac101,16c1be31df12,69c873a43ea6,Bihar,7353,2024-03-14T13:56:28,2024-03-14T14:26:28,expired,0,1,P04
3ec186ba930d8999,48f26f133a7b,582f9e33563f,Karnataka,241,2024-03-14T13:56:50,2024-03-14T13:59:48,approved,1,0,
7f3855ef6af06a86,09805b931ea6,70fa37d44ede,Kerala,1255,2024-03-14T13:57:45,2024-03-14T14:10:20,approved,1,0,
64042268afd21d2c,16c1be31df12,3da813e1e391,Bihar,16177,2024-03-14T13:58:19,2024-03-14T14:28:19,expired,0,1,P04
3a4317de8af8b8e6,6f17ea22aaac,4d0a083dce1c,West Bengal,782,2024-03-14T14:01:29,2024-03-14T14:05:22,approved,1,0,
1df2a378c4c3efc6,5ded2d78f299,1cbfd2dce485,Delhi,4571,2024-03-14T14:06:07,2024-03-14T14:24:41,approved,1,0,
34157134614f7aea,16c1be31df12,681071b0d2d1,Tamil Nadu,4921,2024-03-14T14:07:10,2024-03-14T14:37:10,expired,0,1,P04
76cca6d48b710ef3,51e266317647,55586aad1b29,Kerala,492,2024-03-14T14:07:41,2024-03-14T14:26:17,approved,1,0,
0eea0c87c125b0c7,7d81c905f4c1,6db7f384045e,Karnataka,927,2024-03-14T14:08:53,2024-03-14T14:38:53,expired,1,0,
0c24a0858a7cf854,673acd5d1161,15ae11baec14,Maharashtra,3112,2024-03-14T14:09:49,2024-03-14T14:12:47,approved,1,0,
4e521a626b8c559c,16c1be31df12,6529eaf4ea8f,Maharashtra,11897,2024-03-14T14:13:30,2024-03-14T14:41:58,declined,0,1,P04
110b4a531301cb8d,45d11774ab5d,3cea4fa6529a,Gujarat,4066,2024-03-14T14:13:48,2024-03-14T14:17:17,declined,0,0,
4187aa5b14d5c5f2,6d33a7293228,56fc5a33f137,Haryana,535,2024-03-14T14:15:05,2024-03-14T14:25:57,approved,1,0,
0041266553b2e782,16c1be31df12,08df12410584,Karnataka,20280,2024-03-14T14:15:56,2024-03-14T14:45:56,expired,0,1,P04
17234d0c8a70ad37,16c1be31df12,01595239be46,Tamil Nadu,6973,2024-03-14T14:16:00,2024-03-14T14:32:18,declined,0,1,P04
6069e1ef4d0f1313,7b8a68c1ae9c,32b954e3e9ae,Delhi,1859,2024-03-14T14:16:43,2024-03-14T14:17:57,approved,1,0,
7268c4a3df37c0bb,16c1be31df12,0d305aa2786f,Telangana,4199,2024-03-14T14:17:35,2024-03-14T14:39:06,declined,0,1,P04
5f47541105069a3f,16c1be31df12,096aeb904694,Bihar,2359,2024-03-14T14:19:01,2024-03-14T14:44:46,declined,0,1,P04
615ccaac2194275a,16c1be31df12,0b8ee2d8a0ca,Maharashtra,2815,2024-03-14T14:20:45,2024-03-14T14:50:45,expired,0,1,P04
4be41eacae146fdd,2b7ae5050a4d,4fc45d7368f8,Karnataka,467,2024-03-14T14:22:14,2024-03-14T14:29:34,approved,1,0,
61294ee943e0106f,16c1be31df12,52cab256eebb,West Bengal,5988,2024-03-14T14:23:01,2024-03-14T14:53:01,expired,0,1,P04
77d932f8042cfc29,51e266317647,154b65433c6f,Rajasthan,426,2024-03-14T14:23:10,2024-03-14T14:27:51,approved,1,0,
0631030284c934f5,4a83bc732574,723872f703ae,Gujarat,4269,2024-03-14T14:24:28,2024-03-14T14:31:19,approved,1,0,
5cc0ec85eb3f9ccc,16c1be31df12,700dd8d5f59c,Maharashtra,4878,2024-03-14T14:32:58,2024-03-14T14:57:39,declined,0,1,P04
5a01b8bffc6ef9c0,16c1be31df12,073351767739,Bihar,2617,2024-03-14T14:33:22,2024-03-14T14:46:18,declined,0,1,P04
1cf2726ade9dba87,16c1be31df12,1035d83609c7,Maharashtra,4387,2024-03-14T14:34:32,2024-03-14T14:42:53,declined,0,1,P04
707abf6011a3970c,7d81c905f4c1,77546ebf51dd,West Bengal,1344,2024-03-14T14:37:18,2024-03-14T14:42:49,approved,1,0,
79a0f1d7499a1ccf,7b99521e8d62,3575fe10e4cd,Kerala,2318,2024-03-14T14:37:22,2024-03-14T14:55:07,approved,1,0,
05ba17e67b0ef1f3,0176a1a01f10,47afd6c96206,Gujarat,1156,2024-03-14T14:41:52,2024-03-14T14:51:15,approved,1,0,
58d92656c0de31dd,0d4a1f2e8b76,6497fd61535f,Haryana,550,2024-03-14T14:44:52,2024-03-14T14:50:06,approved,1,0,
268cccd509528bc8,16c1be31df12,7006a283ecff,Gujarat,9309,2024-03-14T14:45:34,2024-03-14T15:02:52,declined,0,1,P04
744e0bc43b4ccf29,6a7bccb8c392,55837159416a,Tamil Nadu,701,2024-03-14T14:45:38,2024-03-14T15:15:38,expired,1,0,
578372139fd3c05e,48a5f4e76a41,5089503eb544,Telangana,1833,2024-03-14T14:47:00,2024-03-14T14:53:45,approved,0,0,
437f0d421726787c,16c1be31df12,3eb0cbc90df9,Tamil Nadu,5740,2024-03-14T14:47:05,2024-03-14T15:17:05,expired,0,1,P04
12cc74b62a4d0b56,16c1be31df12,04f89ec26e18,Maharashtra,2196,2024-03-14T14:48:58,2024-03-14T15:18:58,expired,0,1,P04
4ef619a49802f75e,6e73719779d9,453a89874134,West Bengal,788,2024-03-14T14:52:03,2024-03-14T15:22:03,expired,0,0,
6c18a0047c71cb36,09805b931ea6,21d991c079bf,Karnataka,1999,2024-03-14T14:53:52,2024-03-14T15:04:51,approved,1,0,
64021c8779098c3e,634690700829,799323f01830,Gujarat,1356,2024-03-14T14:55:18,2024-03-14T15:02:23,approved,1,0,
329d20dc9cd99574,51e266317647,3424d8f29bc7,West Bengal,598,2024-03-14T14:55:47,2024-03-14T15:09:41,approved,1,0,
74d8a4c703b8a915,0176a1a01f10,62495164183c,Karnataka,3951,2024-03-14T14:59:14,2024-03-14T15:07:08,approved,1,0,
339bed9b5c577d03,16c1be31df12,0962d0ef9e9d,Uttar Pradesh,3364,2024-03-14T15:00:58,2024-03-14T15:30:58,expired,0,1,P04
52f8ee71eb69b90b,67a0390930e5,7b58f88e2661,Delhi,484,2024-03-14T15:04:50,2024-03-14T15:10:00,approved,1,0,
47aabdc51c0ebd90,513484923021,761cfdf4f06e,Gujarat,816,2024-03-14T15:06:12,2024-03-14T15:08:38,approved,1,0,
3cc446eb520f2bbb,16c1be31df12,0407fdfb5299,West Bengal,5078,2024-03-14T15:09:44,2024-03-14T15:38:18,declined,0,1,P04
189edefd53bf021f,16c1be31df12,3a4ecff6c8db,Bihar,15539,2024-03-14T15:09:50,2024-03-14T15:30:27,declined,0,1,P04
4557fecab2cd03ab,16c1be31df12,547fad29fdf8,Maharashtra,14362,2024-03-14T15:11:57,2024-03-14T15:32:03,declined,0,1,P04
490c810a68d59304,16c1be31df12,7bb4c1c88ca1,Uttar Pradesh,20270,2024-03-14T15:14:18,2024-03-14T15:44:18,expired,0,1,P04
1a242e8866d209ef,16c1be31df12,2cdf9858dec7,Tamil Nadu,10507,2024-03-14T15:15:25,2024-03-14T15:45:25,expired,0,1,P04
3ad3b0ea7b27e746,16c1be31df12,2020d1152b5d,Kerala,2510,2024-03-14T15:16:05,2024-03-14T15:16:21,declined,0,1,P04
5d18830c5d19c241,48a5f4e76a41,1a6b4df72973,Uttar Pradesh,2390,2024-03-14T15:19:52,2024-03-14T15:39:34,approved,0,0,
23f1e191531be0bd,16c1be31df12,7fd559047ecb,Karnataka,6433,2024-03-14T15:20:15,2024-03-14T15:50:15,expired,0,1,P04
6d758a919ed6ff3b,7786fa4ecb51,2eaaecc695df,Uttar Pradesh,480,2024-03-14T15:20:18,2024-03-14T15:27:45,approved,1,0,
0696441ef94cbf7d,16c1be31df12,138651c3bde8,Rajasthan,3850,2024-03-14T15:20:22,2024-03-14T15:22:57,declined,0,1,P04
64f5d2132ab2dcfd,16c1be31df12,2837e317fa8e,Delhi,9024,2024-03-14T15:20:50,2024-03-14T15:50:50,expired,0,1,P04
43f55be53b98a74f,6f17ea22aaac,15ce1d8c5b90,Karnataka,687,2024-03-14T15:23:32,2024-03-14T15:40:14,approved,1,0,
6b5f6d5c411241f7,16c1be31df12,5d55f19ed24b,Kerala,2509,2024-03-14T15:24:26,2024-03-14T15:29:08,declined,0,1,P04
3ad199d738a3b08a,48f26f133a7b,32adf6170254,Gujarat,726,2024-03-14T15:25:05,2024-03-14T15:34:56,approved,1,0,
43db27e485f8d65f,22ea49616c97,7ffe76f65b3d,Bihar,242,2024-03-14T15:26:58,2024-03-14T15:31:21,approved,1,0,
5ca732809a7fe7bd,16c1be31df12,53d94382a6ce,Telangana,13938,2024-03-14T15:30:08,2024-03-14T15:36:29,declined,0,1,P04
3883a695eb3bd521,673acd5d1161,17fbf5ff0f24,Karnataka,1026,2024-03-14T15:30:20,2024-03-14T15:44:53,approved,1,0,
07a48e262b6ad154,16c1be31df12,3985402a6e79,Uttar Pradesh,4265,2024-03-14T15:30:39,2024-03-14T15:36:35,declined,0,1,P04
230b56ca1e3e1925,5ded2d78f299,0f8b57f25a1d,Karnataka,468,2024-03-14T15:30:43,2024-03-14T15:41:35,approved,1,0,
64c5d53c2b0f9eb8,16c1be31df12,4faec1282c48,Kerala,17137,2024-03-14T15:32:14,2024-03-14T15:51:59,declined,0,1,P04
1cc3074240eebe9c,0fc3186df001,41bd9ba4448a,Telangana,431,2024-03-14T15:32:44,2024-03-14T15:39:26,approved,1,0,
4cc11f4e0c396623,16c1be31df12,49b2faf40407,Karnataka,13391,2024-03-14T15:33:55,2024-03-14T15:37:14,declined,0,1,P04
779aa582c4ce90f0,16c1be31df12,5397a4eba502,Bihar,13628,2024-03-14T15:34:26,2024-03-14T16:04:26,expired,0,1,P04
79b6ade9d4daa6c6,2910947f9388,6a81ebb601e2,Haryana,467,2024-03-14T15:35:15,2024-03-14T15:38:26,approved,1,0,
1a798e021c6d9f1c,673acd5d1161,3fae2506867f,Kerala,2489,2024-03-14T15:39:12,2024-03-14T15:54:04,approved,1,0,
307c8611e210bfe7,1318e3fa6d29,42a63fa1ccb2,Maharashtra,298,2024-03-14T15:40:24,2024-03-14T15:51:50,approved,1,0,
735311d39b47d360,6e836fcd1e4d,73bae1d73718,Delhi,869,2024-03-14T15:40:46,2024-03-14T15:53:41,approved,0,0,
5ed2041c35026075,4a83bc732574,5b43b2f3cfee,Karnataka,2352,2024-03-14T15:43:42,2024-03-14T15:51:23,approved,1,0,
402866ccf1773e03,6646fee30506,7a755d536997,Maharashtra,575,2024-03-14T15:44:03,2024-03-14T15:47:29,approved,1,0,
796e621481e73b2b,6e836fcd1e4d,12be2132e387,Rajasthan,1069,2024-03-14T15:44:33,2024-03-14T15:58:29,approved,0,0,
78c66fc7a45aa4bb,16c1be31df12,7571a07cc46a,Tamil Nadu,5448,2024-03-14T15:47:34,2024-03-14T16:01:45,declined,0,1,P04
6b6b61377900de05,6e836fcd1e4d,026e40f7ad16,Karnataka,1145,2024-03-14T15:51:03,2024-03-14T16:02:43,approved,0,0,
2264aa268fd4c5e3,1318e3fa6d29,07813f8f4fbb,Gujarat,524,2024-03-14T15:53:03,2024-03-14T16:00:09,approved,1,0,
426430684b65b9f5,19a849472d1b,3c4e33107689,Haryana,2779,2024-03-14T15:53:10,2024-03-14T15:56:50,approved,1,0,
7b2c9596b5dd72ba,16c1be31df12,3ffcde4d7c74,Uttar Pradesh,19642,2024-03-14T15:54:42,2024-03-14T16:24:42,expired,0,1,P04
7fb02ca1b7c642b8,34994a8b60cd,3bb954563fe9,West Bengal,1733,2024-03-14T15:58:14,2024-03-14T16:08:12,approved,0,0,
0593439eaaab5615,1318e3fa6d29,493ae7cfc634,Karnataka,931,2024-03-14T15:58:56,2024-03-14T16:28:56,expired,1,0,
7645403939ee00c7,16c1be31df12,765d492b3873,Uttar Pradesh,8669,2024-03-14T15:59:08,2024-03-14T16:05:19,declined,0,1,P04
5d20de1921d622d1,16c1be31df12,01356afedeaa,Maharashtra,2387,2024-03-14T16:00:34,2024-03-14T16:00:52,declined,0,1,P04
777726644c220c63,2b7ae5050a4d,725e6a57398b,Tamil Nadu,820,2024-03-14T16:01:16,2024-03-14T16:18:11,approved,1,0,
570076ac79aae345,16c1be31df12,1e8e7008e99f,Bihar,11878,2024-03-14T16:01:48,2024-03-14T16:11:58,declined,0,1,P04
36b6c66d35a34df0,0d4a1f2e8b76,640d82309fdf,Haryana,528,2024-03-14T16:02:23,2024-03-14T16:14:39,approved,1,0,
1c44aab5a0601e2b,673acd5d1161,4c25698f0ef8,Maharashtra,2398,2024-03-14T16:03:37,2024-03-14T16:11:11,approved,1,0,
0fac77e048ec5823,16c1be31df12,18d02fa9be1f,Kerala,3637,2024-03-14T16:03:50,2024-03-14T16:17:51,declined,0,1,P04
73376b524c91962f,16c1be31df12,2774f7b386e1,Gujarat,17075,2024-03-14T16:06:55,2024-03-14T16:36:55,expired,0,1,P04
67bf7e746e834535,673acd5d1161,2f4acb65a9af,Telangana,2070,2024-03-14T16:07:04,2024-03-14T16:24:27,approved,1,0,
5821c1ec075a96b1,663473dc643e,19a579ce080c,Uttar Pradesh,492,2024-03-14T16:07:30,2024-03-14T16:20:10,approved,1,0,
2f3a256fca01fbe8,16c1be31df12,009f73a3cb22,Kerala,12506,2024-03-14T16:07:50,2024-03-14T16:12:02,declined,0,1,P04
40570e064c178a68,60a547ae6f0e,7aff86b3b5e6,Haryana,400,2024-03-14T16:08:18,2024-03-14T16:23:41,declined,1,0,
492c2ed5dc2319c8,2910947f9388,15c12a50518e,Gujarat,661,2024-03-14T16:11:15,2024-03-14T16:14:29,approved,1,0,
21b2b8529ac1ca35,6a7bccb8c392,225a0cd9bb2b,West Bengal,415,2024-03-14T16:12:27,2024-03-14T16:27:09,approved,1,0,
7dbf591f67b092df,6a2b9baa3e4a,00a2a2194699,Telangana,331,2024-03-14T16:13:38,2024-03-14T16:15:34,approved,1,0,
0a054f01d74d03d9,0176a1a01f10,0c32c6f47be2,Telangana,1160,2024-03-14T16:14:46,2024-03-14T16:25:31,approved,1,0,
457d3c308141f352,16c1be31df12,6f3e81949acb,Tamil Nadu,7999,2024-03-14T16:15:07,2024-03-14T16:16:48,approved,0,1,P04
5872626ffb5fc476,16c1be31df12,2a668ac7affe,Tamil Nadu,11631,2024-03-14T16:17:02,2024-03-14T16:47:02,expired,0,1,P04
4bb07ea6f2251fa6,16c1be31df12,744d8c56bf83,Bihar,6804,2024-03-14T16:20:28,2024-03-14T16:50:28,expired,0,1,P04
5ec0fc1f51d9a618,5ded2d78f299,4aa80bdaf9e9,Tamil Nadu,1380,2024-03-14T16:24:42,2024-03-14T16:42:32,approved,1,0,
7267bdaf3f5d0d5a,16c1be31df12,18cf8484f0d1,Karnataka,7100,2024-03-14T16:26:25,2024-03-14T16:40:15,declined,0,1,P04
10c3999eb1756e9e,16c1be31df12,5eaa74a929ec,Bihar,5308,2024-03-14T16:26:47,2024-03-14T16:37:32,approved,0,1,P04
313eeb537075b3f6,6a706675422c,37dec3bdb014,Gujarat,1904,2024-03-14T16:27:47,2024-03-14T16:43:44,approved,0,0,
28ca99417916a68c,4a83bc732574,25b9470f146b,Karnataka,747,2024-03-14T16:28:53,2024-03-14T16:41:12,approved,1,0,
564d51595b9135e6,16c1be31df12,50b19de80fbd,Bihar,17685,2024-03-14T16:30:41,2024-03-14T17:00:41,expired,0,1,P04
32a109170e902418,6646fee30506,2f640fb3b4a4,Rajasthan,862,2024-03-14T16:33:55,2024-03-14T16:53:41,approved,1,0,
45167ecfcd37423f,09805b931ea6,5a0ee731e2fe,Telangana,1901,2024-03-14T16:33:57,2024-03-14T16:42:37,approved,1,0,
45cbc5adc575919e,11d601015742,6d240a0e1c3b,Bihar,1251,2024-03-14T16:35:45,2024-03-14T16:52:21,approved,1,0,
77465b79e493f574,16c1be31df12,597aa0d86227,West Bengal,7307,2024-03-14T16:36:21,2024-03-14T17:06:21,expired,0,1,P04
08e179ee4b801217,7b99521e8d62,2ed5608c783e,West Bengal,2550,2024-03-14T16:37:47,2024-03-14T16:56:30,approved,1,0,
6ebe648451260a6e,16c1be31df12,2c7432bbe830,Delhi,4751,2024-03-14T16:39:54,2024-03-14T16:52:38,declined,0,1,P04
6284cddcc9dcbcf9,16c1be31df12,6848270a8277,West Bengal,12205,2024-03-14T16:40:46,2024-03-14T17:10:46,expired,0,1,P04
1ff0f9c0b7a8542d,16c1be31df12,4efef63e5ce7,Maharashtra,9348,2024-03-14T16:41:59,2024-03-14T16:43:45,declined,0,1,P04
50b65b323bca80ee,16c1be31df12,5b008f1c14e8,Rajasthan,13847,2024-03-14T16:45:09,2024-03-14T17:15:09,expired,0,1,P04
416e2004927fb8b1,34994a8b60cd,2e34803f386c,Haryana,1249,2024-03-14T16:45:31,2024-03-14T16:57:41,approved,0,0,
15c0cde5933a4dce,16c1be31df12,7c2c48726bc5,Kerala,6736,2024-03-14T16:49:35,2024-03-14T16:58:18,approved,0,1,P04
150b0894e301962b,16c1be31df12,42207ffd8c1b,Gujarat,25000,2024-03-14T16:50:36,2024-03-14T17:13:44,declined,0,1,P04
2ddc498f08203bf2,4a83bc732574,7d59f4c8b530,Delhi,4147,2024-03-14T16:51:20,2024-03-14T16:57:35,approved,1,0,
196c83d18598a64a,16c1be31df12,6f0b8314febf,Rajasthan,6749,2024-03-14T16:53:28,2024-03-14T16:54:27,declined,0,1,P04
34f6367274141373,16c1be31df12,67766f0c9bb9,West Bengal,2049,2024-03-14T16:55:10,2024-03-14T17:04:03,declined,0,1,P04
761709faf93611cc,39dc63eef666,54464ea17873,Uttar Pradesh,361,2024-03-14T16:55:32,2024-03-14T17:12:28,approved,1,0,
44d5dca15e5f77d9,09805b931ea6,761acb49ccd4,Delhi,1324,2024-03-14T16:55:42,2024-03-14T17:01:10,approved,1,0,
1a6cbbf7a4bc65e8,5be02b242add,3bf9427f67c2,Bihar,2503,2024-03-14T16:55:55,2024-03-14T17:05:48,approved,1,0,
77a879788c27d813,45d11774ab5d,386b346cf53a,Maharashtra,160,2024-03-14T16:58:48,2024-03-14T17:00:13,approved,0,0,
5768a41a1279ccb1,16c1be31df12,2058df8b38e2,Rajasthan,12992,2024-03-14T16:58:56,2024-03-14T17:25:15,declined,0,1,P04
0ed34bf3f4378ff5,6a7bccb8c392,50639847ff3e,West Bengal,451,2024-03-14T17:01:16,2024-03-14T17:05:36,approved,1,0,
19860693905ca474,60a547ae6f0e,1d361c297fc1,Tamil Nadu,747,2024-03-14T17:01:21,2024-03-14T17:04:57,declined,1,0,
5ecfe03ae2b3a6c5,34994a8b60cd,41b484963296,Delhi,1263,2024-03-14T17:01:51,2024-03-14T17:07:52,approved,0,0,
63a2cd74a3161b64,6a2b9baa3e4a,3746208d3e26,Maharashtra,370,2024-03-14T17:02:19,2024-03-14T17:08:59,approved,1,0,
30f9ccba67eb14c0,16c1be31df12,1c6dca55e322,Rajasthan,8358,2024-03-14T17:03:08,2024-03-14T17:33:08,expired,0,1,P04
4260a841ded7d27d,16c1be31df12,10f4bedef350,Maharashtra,6268,2024-03-14T17:03:57,2024-03-14T17:33:57,expired,0,1,P04
283147795dff1869,16c1be31df12,3243e65ee50f,Karnataka,3333,2024-03-14T17:06:31,2024-03-14T17:09:55,declined,0,1,P04
245499676aeee59c,16c1be31df12,5827b5bae743,Bihar,13475,2024-03-14T17:06:42,2024-03-14T17:35:19,declined,0,1,P04
6180eb2102aff4bf,4818964bb9e3,1022d9318ace,Delhi,392,2024-03-14T17:07:36,2024-03-14T17:10:29,approved,1,0,
4bd5fc851fdde9f3,39dc63eef666,109cb6bdffa6,Tamil Nadu,178,2024-03-14T17:07:58,2024-03-14T17:12:55,approved,1,0,
699c83760f6def9e,2569a0f51294,2d449df1ad01,Rajasthan,1313,2024-03-14T17:08:16,2024-03-14T17:20:59,approved,1,0,
3624bd185a74aefe,634690700829,4883cf49a2a4,Maharashtra,682,2024-03-14T17:11:32,2024-03-14T17:20:15,approved,1,0,
50454c8b65c8d783,107ff2ac18f1,3d38d8ab002d,Gujarat,522,2024-03-14T17:12:52,2024-03-14T17:22:00,approved,1,0,
2f8a378746d4a7a7,16c1be31df12,3bf40c0fe009,Rajasthan,7473,2024-03-14T17:13:05,2024-03-14T17:36:39,declined,0,1,P04
7cb4563a63b616bf,16c1be31df12,6bed1e13d2a7,Rajasthan,2155,2024-03-14T17:14:01,2024-03-14T17:20:16,declined,0,1,P04
28479f8cb374f699,16c1be31df12,62f6bf18bbc2,Kerala,18419,2024-03-14T17:14:29,2024-03-14T17:44:29,expired,0,1,P04
2faed863cdf0013a,16c1be31df12,19c504ce74ff,Karnataka,5109,2024-03-14T17:14:53,2024-03-14T17:44:53,expired,0,1,P04
3ddd64e5cf403115,6a7bccb8c392,78ddc61eedab,Delhi,648,2024-03-14T17:18:30,2024-03-14T17:33:41,approved,1,0,
3b053f8969c90bb6,09805b931ea6,4f1b043d4d2f,West Bengal,792,2024-03-14T17:18:52,2024-03-14T17:20:22,approved,1,0,
573639ba7912ab36,634690700829,2f63e717684c,Uttar Pradesh,294,2024-03-14T17:19:03,2024-03-14T17:35:15,approved,1,0,
4a021ec7b8d6e8ca,16c1be31df12,3cbc0744d489,Maharashtra,4492,2024-03-14T17:19:32,2024-03-14T17:23:10,approved,0,1,P04
68cbd0eaa8ff4fe5,6a7bccb8c392,77de3f40a42e,Tamil Nadu,1041,2024-03-14T17:20:04,2024-03-14T17:38:30,approved,1,0,
06cc4c590243e286,16c1be31df12,76ceaf9b5a54,Haryana,18073,2024-03-14T17:21:00,2024-03-14T17:51:00,expired,0,1,P04
19c6da9579904152,34994a8b60cd,02975cd5c9fb,Bihar,502,2024-03-14T17:21:17,2024-03-14T17:38:13,approved,0,0,
4c26f70867f07794,16c1be31df12,388827d383e6,Haryana,4781,2024-03-14T17:24:15,2024-03-14T17:51:33,declined,0,1,P04
0c864cf0c5dfcf8a,16c1be31df12,31675db8f6c0,West Bengal,5546,2024-03-14T17:25:39,2024-03-14T17:29:31,declined,0,1,P04
1fc0d1b6ca66d314,6646fee30506,3ee793d5f08b,Haryana,1267,2024-03-14T17:27:04,2024-03-14T17:40:47,approved,1,0,
73685a0b6721a2b1,5be02b242add,3ff35b16ce24,Bihar,1353,2024-03-14T17:27:13,2024-03-14T17:28:45,approved,1,0,
65228fba839eb4cd,0511fee882e4,2f0c78c2dbdd,Maharashtra,1610,2024-03-14T17:29:29,2024-03-14T17:48:46,approved,1,0,
7641ddabd3d6d277,6e73719779d9,3e8382e3b8bd,Karnataka,831,2024-03-14T17:30:09,2024-03-14T17:36:36,approved,0,0,
41d7e22bdba220fc,16c1be31df12,64a3c149f93e,Uttar Pradesh,9657,2024-03-14T17:34:48,2024-03-14T18:04:48,expired,0,1,P04
4573ed2ac46d6aa2,67a0390930e5,6a6ccff3c256,Telangana,796,2024-03-14T17:35:32,2024-03-14T17:47:51,approved,1,0,
6e00d0eb47869d38,6646fee30506,408afb865351,Kerala,987,2024-03-14T17:36:37,2024-03-14T17:56:24,approved,1,0,
747c29abddd36b42,22ea49616c97,11bba6762d76,Bihar,601,2024-03-14T17:37:01,2024-03-14T18:07:01,expired,1,0,
4792ec58ae9e24ea,16c1be31df12,2a938d7fbbc8,Tamil Nadu,19398,2024-03-14T17:38:03,2024-03-14T18:08:03,expired,0,1,P04
68d9cc002648e897,6646fee30506,49e7b4a452f5,Haryana,1236,2024-03-14T17:38:17,2024-03-14T18:08:17,expired,1,0,
347f362883923e03,48e58d7747c6,240c6b957a51,Haryana,1401,2024-03-14T17:40:23,2024-03-14T17:49:55,approved,1,0,
2269956e3498daf5,16c1be31df12,63402e86bf2e,Kerala,16429,2024-03-14T17:40:44,2024-03-14T18:10:44,expired,0,1,P04
3c82ee6250e77546,16c1be31df12,0f53b195aed1,Tamil Nadu,19579,2024-03-14T17:42:57,2024-03-14T17:50:41,declined,0,1,P04
681064b3a74fb7cb,6e836fcd1e4d,7420f742cea6,Telangana,1173,2024-03-14T17:44:03,2024-03-14T18:14:03,expired,0,0,
770383d163e8ea45,16c1be31df12,0caece1ed5ee,Telangana,5166,2024-03-14T17:44:25,2024-03-14T18:05:54,declined,0,1,P04
1875fbb4734aa622,0176a1a01f10,7d24c37ae9a9,Tamil Nadu,1077,2024-03-14T17:45:12,2024-03-14T17:52:24,approved,1,0,
599384db1d551bdd,34994a8b60cd,066361200b49,Gujarat,580,2024-03-14T17:46:16,2024-03-14T17:59:59,approved,0,0,
18ad41fc019dd91f,51e266317647,05560b3c4757,Karnataka,532,2024-03-14T17:48:05,2024-03-14T17:56:08,approved,1,0,
3b38887cb19a4c8e,2910947f9388,73810a4df5ef,Uttar Pradesh,460,2024-03-14T17:48:27,2024-03-14T18:01:09,approved,1,0,
789c25a32eed8060,67a0390930e5,7b771a062f61,Tamil Nadu,694,2024-03-14T17:50:10,2024-03-14T18:09:30,approved,1,0,
6e149b1b3f07b99b,16c1be31df12,607a3ed07930,Bihar,19978,2024-03-14T17:57:48,2024-03-14T18:09:14,declined,0,1,P04
1637d68d3739e249,2b1781ab1f24,589a6ccb6972,Karnataka,652,2024-03-14T17:59:04,2024-03-14T18:12:56,approved,0,0,
4a99a24c064e42a1,6646fee30506,13f6a154d3cb,Kerala,2417,2024-03-14T17:59:15,2024-03-14T18:11:33,approved,1,0,
3689832084781005,67a0390930e5,5b82ce64da53,Haryana,1276,2024-03-14T17:59:19,2024-03-14T18:08:43,approved,1,0,
7aac366de5446567,16c1be31df12,4d5c6fc96c99,Tamil Nadu,3302,2024-03-14T17:59:57,2024-03-14T18:14:22,declined,0,1,P04
5867a3152cb8b024,16c1be31df12,7c1d9566baeb,Maharashtra,2977,2024-03-14T18:00:18,2024-03-14T18:12:41,declined,0,1,P04
2fc41babefaebae4,0511fee882e4,004735b84aeb,Karnataka,1762,2024-03-14T18:00:23,2024-03-14T18:17:29,approved,1,0,
0bc99e6869bc4462,4818964bb9e3,1989f7a81bd6,Haryana,581,2024-03-14T18:01:27,2024-03-14T18:05:23,approved,1,0,
577f56e49aa3b454,4a83bc732574,42ba5d82ccf8,Uttar Pradesh,591,2024-03-14T18:04:16,2024-03-14T18:11:44,approved,1,0,
02bb15b28b6845e8,0fc3186df001,28949f53155c,West Bengal,1176,2024-03-14T18:04:19,2024-03-14T18:18:09,approved,1,0,
4047284d83930699,0d4a1f2e8b76,62d788484202,Uttar Pradesh,734,2024-03-14T18:04:30,2024-03-14T18:17:50,approved,1,0,
3e8a037c4e103095,1e30aaf5adb8,47c557768a89,West Bengal,845,2024-03-14T18:06:34,2024-03-14T18:08:04,approved,1,0,
01281910616b2d07,6a2b9baa3e4a,654b1a96dba7,Bihar,508,2024-03-14T18:06:49,2024-03-14T18:19:39,approved,1,0,
0fd42ef2d7cedf8f,16c1be31df12,391c99c53c8c,Kerala,5174,2024-03-14T18:07:00,2024-03-14T18:18:27,declined,0,1,P04
66886d3307fc0287,3a6d68f3644e,1a3ba0d33636,Gujarat,1477,2024-03-14T18:08:38,2024-03-14T18:18:23,approved,1,0,
20692ff5a7f99916,513484923021,621f6f7422ae,Rajasthan,591,2024-03-14T18:09:07,2024-03-14T18:23:27,approved,1,0,
18cec88919a5ef88,16c1be31df12,24a30a7db89b,Haryana,10183,2024-03-14T18:11:15,2024-03-14T18:35:40,declined,0,1,P04
4e05e6533c606470,7d493d48b208,3abed4d7a80a,Telangana,344,2024-03-14T18:13:44,2024-03-14T18:17:40,approved,1,0,
5e1b5022b0751353,16c1be31df12,48306dc91614,Rajasthan,10015,2024-03-14T18:14:46,2024-03-14T18:41:24,declined,0,1,P04
35080185cd1f1e8c,663473dc643e,57bf75cde474,Karnataka,779,2024-03-14T18:14:56,2024-03-14T18:32:10,approved,1,0,
6b0450e6de41791e,6d33a7293228,6e8b2701c72e,Rajasthan,238,2024-03-14T18:15:40,2024-03-14T18:30:41,approved,1,0,
50d5f067f8fed2f2,6646fee30506,1ee1df444b7d,West Bengal,4224,2024-03-14T18:17:01,2024-03-14T18:39:07,declined,1,0,
4ed8cd2096d0622c,16c1be31df12,00af74bde6ac,Haryana,9158,2024-03-14T18:18:53,2024-03-14T18:48:53,expired,0,1,P04
50d99202a980f814,2569a0f51294,4b33c58d1656,Uttar Pradesh,1646,2024-03-14T18:19:32,2024-03-14T18:22:57,approved,1,0,
67d7295e7142f542,7d81c905f4c1,4b1ac1fe0b02,Karnataka,924,2024-03-14T18:20:04,2024-03-14T18:37:18,approved,1,0,
61098eff2efb4625,51e266317647,54db134f8bf9,Bihar,370,2024-03-14T18:20:14,2024-03-14T18:37:14,approved,1,0,
3f4be749bc1d4af5,48e58d7747c6,70b845969ed4,Bihar,7191,2024-03-14T18:20:35,2024-03-14T18:35:47,approved,1,0,
739bde22ca109f59,0cce3dbda79d,680c14ac045c,Karnataka,1799,2024-03-14T18:22:54,2024-03-14T18:52:54,expired,0,0,
3a798595cac090ed,41e20e89712f,565199e82f0a,Maharashtra,2240,2024-03-14T18:27:13,2024-03-14T18:42:56,approved,1,0,
030696a5ee1047ae,16c1be31df12,4ac257ae1cb7,Kerala,7054,2024-03-14T18:28:21,2024-03-14T18:49:25,declined,0,1,P04
56e8061ae7fccb69,5be02b242add,5c88908df54a,Haryana,2336,2024-03-14T18:28:53,2024-03-14T18:39:07,approved,1,0,
4f30c3d1c6dab184,20332b92b91c,2c2e8884b7ba,Gujarat,3232,2024-03-14T18:28:59,2024-03-14T18:48:26,approved,0,0,
03429bc72687b4c2,09805b931ea6,13035719be23,Telangana,2319,2024-03-14T18:29:03,2024-03-14T18:30:28,approved,1,0,
3e88315320a825e7,16c1be31df12,0930b7c972b0,Maharashtra,25000,2024-03-14T18:29:44,2024-03-14T18:42:48,declined,0,1,P04
3a29a7bb18468469,6e73719779d9,548ac480c405,Tamil Nadu,1113,2024-03-14T18:30:05,2024-03-14T18:34:37,declined,0,0,
45f089c2042026cf,6e836fcd1e4d,59310a216ce5,Haryana,1329,2024-03-14T18:30:36,2024-03-14T19:00:36,expired,0,0,
77410eb2c38a4e14,0cce3dbda79d,3ae441e91233,Haryana,1507,2024-03-14T18:32:32,2024-03-14T18:46:51,approved,0,0,
1dc96546011ff5d9,0511fee882e4,76b0dbd40005,Uttar Pradesh,1205,2024-03-14T18:35:10,2024-03-14T18:51:55,approved,1,0,
1ce3c656acf86b88,16c1be31df12,10b44aa1121f,Uttar Pradesh,9358,2024-03-14T18:35:16,2024-03-14T18:53:12,declined,0,1,P04
65606afc2f057f37,16c1be31df12,4a69fa435a17,Karnataka,4174,2024-03-14T18:35:20,2024-03-14T18:36:47,declined,0,1,P04
65ef1e2a2e5cc632,48e58d7747c6,658cd601181c,Karnataka,632,2024-03-14T18:35:33,2024-03-14T19:05:33,expired,1,0,
2f3fb42da8300507,4a83bc732574,61e44ff8396b,Telangana,1052,2024-03-14T18:36:04,2024-03-14T18:38:36,approved,1,0,
455492fb24e34333,6646fee30506,6327b083e38a,Haryana,3654,2024-03-14T18:37:31,2024-03-14T18:56:47,approved,1,0,
56cdca3bb3942dad,6a7bccb8c392,0ef8f36b7963,Maharashtra,632,2024-03-14T18:38:41,2024-03-14T18:44:51,approved,1,0,
12301f9f8350c7f2,0fc3186df001,3c67962a7990,Kerala,1088,2024-03-14T18:39:15,2024-03-14T19:09:15,expired,1,0,
40b8b8587db662a4,16c1be31df12,59f75ab66450,West Bengal,25000,2024-03-14T18:41:38,2024-03-14T18:47:51,declined,0,1,P04
11a9fcc41f8a4273,2b1781ab1f24,71f0e90fb50d,Rajasthan,831,2024-03-14T18:44:17,2024-03-14T18:52:22,approved,0,0,
44ef4bec07faa3e4,7d81c905f4c1,4213e5c880d8,Bihar,1090,2024-03-14T18:45:26,2024-03-14T18:55:57,approved,1,0,
7c7d9c0680c48b8a,5be02b242add,26a9ec4c3451,West Bengal,486,2024-03-14T18:46:24,2024-03-14T19:04:42,approved,1,0,
41c28e1e47819b94,6a7bccb8c392,030bed3dcf5b,Uttar Pradesh,972,2024-03-14T18:46:49,2024-03-14T18:59:10,approved,1,0,
28dac0274d69b0a1,2b1781ab1f24,4b1ac1fe0b02,Karnataka,2049,2024-03-14T18:47:05,2024-03-14T18:50:12,declined,0,0,
7476f5d3c7aa6fd8,5be02b242add,1e4dd19b4cb8,Tamil Nadu,484,2024-03-14T18:47:22,2024-03-14T18:48:03,approved,1,0,
65532b93047b7bc1,6e836fcd1e4d,7b30f538e09e,Haryana,1086,2024-03-14T18:47:45,2024-03-14T19:17:45,expired,0,0,
7ea8587ed384210e,45d11774ab5d,59f75ab66450,West Bengal,2389,2024-03-14T18:48:45,2024-03-14T19:05:27,approved,0,0,
23d07d9547629c34,0176a1a01f10,08adac985e7f,Delhi,2239,2024-03-14T18:50:24,2024-03-14T18:59:35,approved,1,0,
7c4de5bf329a9864,16c1be31df12,33afa6a0af15,Tamil Nadu,5932,2024-03-14T18:50:46,2024-03-14T19:20:46,expired,0,1,P04
6bf3512467f88c85,16c1be31df12,39edfef4867b,Maharashtra,11877,2024-03-14T18:50:47,2024-03-14T19:12:20,declined,0,1,P04
0359b4dc99b0ba9a,2569a0f51294,195bf8a9d12a,Tamil Nadu,3130,2024-03-14T18:51:38,2024-03-14T18:57:05,approved,1,0,
2d1c505adf8f7270,48e58d7747c6,77d88b43926b,Bihar,1875,2024-03-14T18:52:20,2024-03-14T19:01:01,approved,1,0,
1c9e75e7dcae6a25,16c1be31df12,71b807ef0536,Tamil Nadu,7849,2024-03-14T18:52:28,2024-03-14T19:03:01,declined,0,1,P04
22c10c18f3173094,673acd5d1161,4b12865ab856,Telangana,2130,2024-03-14T18:52:43,2024-03-14T19:06:50,approved,1,0,
5679d7fec22348b5,16c1be31df12,70105b893da7,Tamil Nadu,15221,2024-03-14T18:53:13,2024-03-14T19:23:13,expired,0,1,P04
4148d8aef38f8ce3,0cce3dbda79d,357604eca360,Gujarat,1187,2024-03-14T18:54:37,2024-03-14T18:59:17,approved,0,0,
471f23dad446165f,3a6d68f3644e,2d72aca71729,Kerala,10636,2024-03-14T18:56:19,2024-03-14T19:26:19,expired,1,0,
1d0e728a08255a9e,16c1be31df12,46725edfc62f,Gujarat,13520,2024-03-14T18:56:39,2024-03-14T19:09:54,declined,0,1,P04
5b5bd8fd722449bf,0176a1a01f10,74ed9dbb5a43,Tamil Nadu,7676,2024-03-14T18:57:21,2024-03-14T19:04:48,approved,1,0,
3163902ee56a1335,16c1be31df12,0ef9d07598d4,Kerala,5367,2024-03-14T18:57:29,2024-03-14T19:27:29,expired,0,1,P04
606a2a743a22eb3a,16c1be31df12,29e947713561,Uttar Pradesh,2381,2024-03-14T18:58:13,2024-03-14T19:02:43,declined,0,1,P04
072b287483814d89,0cce3dbda79d,05eea986f095,Maharashtra,141,2024-03-14T19:01:56,2024-03-14T19:14:43,approved,0,0,
7edd20429b49e21d,16c1be31df12,2774f7b386e1,Gujarat,11782,2024-03-14T19:02:17,2024-03-14T19:05:52,approved,0,1,P04
7c2b95f4ff4e689f,16c1be31df12,11c7be5a1763,Uttar Pradesh,8759,2024-03-14T19:03:12,2024-03-14T19:33:12,expired,0,1,P04
40e084814c6e5df0,5be02b242add,45a6c55c802d,Gujarat,1359,2024-03-14T19:03:27,2024-03-14T19:18:56,approved,1,0,
728ec0efd1d5965e,16c1be31df12,5d331e9da28c,Gujarat,8039,2024-03-14T19:06:35,2024-03-14T19:36:35,expired,0,1,P04
17c6f8f9823b9ae5,16c1be31df12,243edeef7f3b,Telangana,12581,2024-03-14T19:06:52,2024-03-14T19:18:09,declined,0,1,P04
2551df69313d0534,0511fee882e4,53c08cc84b71,Bihar,1058,2024-03-14T19:08:50,2024-03-14T19:20:35,approved,1,0,
0c8b4112374e6fc9,107ff2ac18f1,6215d25167e7,Telangana,464,2024-03-14T19:08:52,2024-03-14T19:16:43,declined,1,0,
1a922127002cfc6c,11d601015742,625be0e254f6,Gujarat,1030,2024-03-14T19:09:43,2024-03-14T19:16:38,approved,1,0,
22f1ec3057764c9b,16c1be31df12,4ff0ef31bdd4,Rajasthan,4468,2024-03-14T19:10:03,2024-03-14T19:40:03,expired,0,1,P04
49dac4a0851bf58b,0511fee882e4,01c72a0b74f3,Maharashtra,2019,2024-03-14T19:11:42,2024-03-14T19:29:02,approved,1,0,
04c6e9cd9c6068bb,39dc63eef666,0084ec381ec0,Bihar,917,2024-03-14T19:12:19,2024-03-14T19:19:10,approved,1,0,
3b6b71f1676d2bee,48e58d7747c6,2bfd9602f3eb,Tamil Nadu,643,2024-03-14T19:12:23,2024-03-14T19:42:23,expired,1,0,
6a3d28f4adccd8d9,0d4a1f2e8b76,5488fb85f785,Haryana,686,2024-03-14T19:12:34,2024-03-14T19:15:53,approved,1,0,
61c04924bd6c91f4,16c1be31df12,34558a20cc2d,Delhi,8088,2024-03-14T19:16:35,2024-03-14T19:46:35,expired,0,1,P04
7239269f2ba6934c,1318e3fa6d29,0c4e0efa55fe,Delhi,360,2024-03-14T19:16:47,2024-03-14T19:19:03,approved,1,0,
14fb115bce3db1cc,663473dc643e,4e1e557b148d,West Bengal,579,2024-03-14T19:17:57,2024-03-14T19:20:42,approved,1,0,
5645e8ae76f62007,6f17ea22aaac,5a6a213f43e7,Telangana,4804,2024-03-14T19:18:14,2024-03-14T19:29:21,approved,1,0,
58253af68fb6afb3,4818964bb9e3,62b93ca37ffd,Maharashtra,229,2024-03-14T19:18:18,2024-03-14T19:38:00,approved,1,0,
5ce8eecee8319573,7b99521e8d62,1c185a3c24c1,West Bengal,1109,2024-03-14T19:19:00,2024-03-14T19:35:21,approved,1,0,
07cb6ef4294f864d,7b99521e8d62,61ae6f28a4c9,Haryana,1850,2024-03-14T19:19:41,2024-03-14T19:33:07,approved,1,0,
441846246ba6a85d,16c1be31df12,72fad7ffab4e,Haryana,6495,2024-03-14T19:25:37,2024-03-14T19:55:37,expired,0,1,P04
3d91622c17dae2aa,11d601015742,4e61bfad11ad,Maharashtra,1463,2024-03-14T19:29:07,2024-03-14T19:38:26,approved,1,0,
2d84183bea350656,16c1be31df12,122c7f335a35,Gujarat,3777,2024-03-14T19:29:48,2024-03-14T19:49:39,approved,0,1,P04
7d298fcbc8176640,6ab35d61cd9f,66d7666f1211,Maharashtra,1021,2024-03-14T19:30:08,2024-03-14T19:45:28,approved,1,0,
507a3ce09e8e832f,5be02b242add,5e0ae4f63ef6,Uttar Pradesh,978,2024-03-14T19:30:10,2024-03-14T19:36:12,approved,1,0,
7a39c0b29ae3a1bc,60a547ae6f0e,0e410baf70a1,Maharashtra,351,2024-03-14T19:30:13,2024-03-14T19:46:19,approved,1,0,
3f35c4cf9d8dc742,16c1be31df12,6ca356e998cd,Tamil Nadu,9896,2024-03-14T19:31:59,2024-03-14T19:48:52,declined,0,1,P04
44eaa37ebc8f629e,673acd5d1161,34a6959dd8b3,Kerala,3130,2024-03-14T19:32:09,2024-03-14T19:48:01,approved,1,0,
1ee6764c426813e0,16c1be31df12,30ff3dfb8852,Maharashtra,14958,2024-03-14T19:33:04,2024-03-14T19:37:48,declined,0,1,P04
748920f6c64361a8,16c1be31df12,7a4726685234,Telangana,18313,2024-03-14T19:33:08,2024-03-14T19:38:57,declined,0,1,P04
327297b44398c381,6a7bccb8c392,78936cbf29a1,Delhi,745,2024-03-14T19:33:53,2024-03-14T19:49:05,approved,1,0,
51639bdc08bfb2d8,3a6d68f3644e,549650e19b6d,Karnataka,1805,2024-03-14T19:34:07,2024-03-14T19:53:30,approved,1,0,
786bb099daf9a795,16c1be31df12,0a70bf819780,Delhi,3061,2024-03-14T19:34:57,2024-03-14T19:41:39,declined,0,1,P04
77c6f6324a27f10e,107ff2ac18f1,64343053c0e7,Bihar,646,2024-03-14T19:35:14,2024-03-14T19:54:23,approved,1,0,
282f450ea8506d05,6a2b9baa3e4a,50e4d0cbb999,Telangana,987,2024-03-14T19:35:15,2024-03-14T19:43:39,approved,1,0,
2e629ad1269fa130,6f17ea22aaac,4a70223f00b6,Uttar Pradesh,3129,2024-03-14T19:36:04,2024-03-14T19:45:23,approved,1,0,
1c2fad1ba89d7f77,16c1be31df12,05ac9a5efaa7,Karnataka,20061,2024-03-14T19:37:31,2024-03-14T19:57:11,declined,0,1,P04
7741577b625580f0,1318e3fa6d29,386b346cf53a,Maharashtra,591,2024-03-14T19:37:58,2024-03-14T19:39:57,approved,1,0,
6c0097abfeb6dc10,11d601015742,78c6e7c0638b,Tamil Nadu,1992,2024-03-14T19:39:12,2024-03-14T19:51:29,approved,1,0,
6134ac0c4f25d455,6ab35d61cd9f,0c12dffe92a0,Telangana,421,2024-03-14T19:39:18,2024-03-14T19:52:10,approved,1,0,
7c3ac05d80e03288,39dc63eef666,3263b3ea42cd,Maharashtra,983,2024-03-14T19:39:41,2024-03-14T19:41:55,approved,1,0,
3f6ef0349c9921b1,5be02b242add,50db9533607d,Tamil Nadu,709,2024-03-14T19:40:30,2024-03-14T19:47:12,approved,1,0,
2b8524a27464dec0,39dc63eef666,21948492415a,Delhi,1010,2024-03-14T19:41:19,2024-03-14T19:55:48,approved,1,0,
1a0c569ba6d5fc02,16c1be31df12,420178284f21,Maharashtra,13159,2024-03-14T19:41:19,2024-03-14T19:42:49,declined,0,1,P04
37e1e267fb0a4d28,16c1be31df12,35dc8ca7a1e3,Gujarat,10502,2024-03-14T19:41:34,2024-03-14T19:45:13,approved,0,1,P04
1a6ad148dfe60ff6,0cce3dbda79d,0609a997dea2,Tamil Nadu,2223,2024-03-14T19:43:13,2024-03-14T20:13:13,expired,0,0,
7be5a572b9ae202b,6a706675422c,3c2d4818d438,Maharashtra,2567,2024-03-14T19:44:07,2024-03-14T20:05:22,declined,0,0,
420503c7d78381f6,7b99521e8d62,05b65d8f3ec2,Haryana,1052,2024-03-14T19:45:32,2024-03-14T20:05:03,approved,1,0,
34c9356943c6fb7a,16c1be31df12,3113e88748dc,Tamil Nadu,15199,2024-03-14T19:46:51,2024-03-14T19:55:45,declined,0,1,P04
77f017c70c0a9698,16c1be31df12,68f03dfe84c2,Uttar Pradesh,4044,2024-03-14T19:47:33,2024-03-14T20:10:47,declined,0,1,P04
7ffccbea7472b78a,6d33a7293228,5e4221362b56,Haryana,491,2024-03-14T19:48:00,2024-03-14T20:05:40,approved,1,0,
344f2e50d293ecae,16c1be31df12,2be6067b6a8b,Rajasthan,12457,2024-03-14T19:51:31,2024-03-14T20:05:48,approved,0,1,P04
2d4767a62fccb234,634690700829,1f7420399f09,Delhi,479,2024-03-14T19:52:43,2024-03-14T20:05:20,approved,1,0,
16769077e457c282,30595689af87,29cf4e103d7b,Uttar Pradesh,1511,2024-03-14T19:53:08,2024-03-14T20:11:54,approved,1,0,
363bba976976ff28,0cce3dbda79d,434cee4b22ba,Haryana,1477,2024-03-14T19:53:27,2024-03-14T19:58:27,approved,0,0,
7f5a396b8ebfc20d,16c1be31df12,61eeaa3f43d5,Tamil Nadu,22255,2024-03-14T19:54:18,2024-03-14T20:04:31,declined,0,1,P04
22eb6e8487c117de,45d11774ab5d,0baa7e96f1b2,West Bengal,1576,2024-03-14T19:54:38,2024-03-14T19:56:46,approved,0,0,
282694d240e0e53a,1318e3fa6d29,422aeef83103,Bihar,724,2024-03-14T19:55:05,2024-03-14T20:01:54,approved,1,0,
64365e37f2f6bf4b,6ab35d61cd9f,09b06cff2348,Telangana,277,2024-03-14T19:57:51,2024-03-14T20:03:02,approved,1,0,
401fd67f9c72eab2,67a0390930e5,72f3ec291f3b,Tamil Nadu,881,2024-03-14T19:58:31,2024-03-14T20:04:18,approved,1,0,
61637ecc351ff17c,5ded2d78f299,79ba5cf9f57c,Tamil Nadu,658,2024-03-14T20:03:40,2024-03-14T20:13:57,approved,1,0,
2cebf50441e13ee4,16c1be31df12,6da907eceb13,Uttar Pradesh,16125,2024-03-14T20:06:40,2024-03-14T20:30:15,declined,0,1,P04
20e434283c075de4,1318e3fa6d29,3d69b37addc2,Telangana,492,2024-03-14T20:08:07,2024-03-14T20:27:45,approved,1,0,
3d9426ca48f8e322,6e836fcd1e4d,6b819fd1a346,Gujarat,984,2024-03-14T20:09:55,2024-03-14T20:10:53,approved,0,0,
34ccd24684cc5129,16c1be31df12,2d9025abbf04,Kerala,6671,2024-03-14T20:10:10,2024-03-14T20:21:57,declined,0,1,P04
5c3367a4b4058579,22ea49616c97,7335e638d296,Karnataka,242,2024-03-14T20:10:38,2024-03-14T20:14:58,approved,1,0,
6241a541f5fdff97,30595689af87,2f4acb65a9af,Telangana,3301,2024-03-14T20:14:47,2024-03-14T20:19:16,approved,1,0,
7b3979d970c2334b,16c1be31df12,5fa4c1304104,Uttar Pradesh,4894,2024-03-14T20:16:28,2024-03-14T20:46:28,expired,0,1,P04
3929e45435c610ad,0d4a1f2e8b76,2c2de52740ed,West Bengal,480,2024-03-14T20:18:36,2024-03-14T20:24:57,approved,1,0,
7393e445e722bbcc,7d81c905f4c1,746e8395c891,Kerala,1935,2024-03-14T20:19:34,2024-03-14T20:35:30,approved,1,0,
04aa98179c325424,0d9a63adaba5,551f0c90ea31,Karnataka,1330,2024-03-14T20:23:56,2024-03-14T20:25:38,approved,1,0,
4455d682fe55457c,6ab35d61cd9f,3d4ac1def33c,Bihar,645,2024-03-14T20:24:51,2024-03-14T20:27:08,approved,1,0,
00fc004430b019af,16c1be31df12,46f961e66906,Gujarat,5929,2024-03-14T20:26:05,2024-03-14T20:38:02,declined,0,1,P04
7fc85ce4f7263241,7d493d48b208,565a1ae87733,Telangana,372,2024-03-14T20:26:50,2024-03-14T20:39:07,approved,1,0,
789feef965b60bfc,6e836fcd1e4d,291d5a80f148,Gujarat,673,2024-03-14T20:31:14,2024-03-14T20:33:28,approved,0,0,
750fee87182988ee,0fc3186df001,20c5bd7334c4,Telangana,2568,2024-03-14T20:32:28,2024-03-14T20:41:47,approved,1,0,
27bf4d80e8b693bd,6a2b9baa3e4a,5ae0c1dcaed9,Maharashtra,453,2024-03-14T20:32:59,2024-03-14T20:46:01,approved,1,0,
3dfb6f6c0948d730,6e836fcd1e4d,6080ec9bb8fc,West Bengal,1394,2024-03-14T20:33:22,2024-03-14T20:36:58,approved,0,0,
79a62cca0021af6a,1e30aaf5adb8,57e8314f5486,Bihar,182,2024-03-14T20:33:36,2024-03-14T20:47:16,approved,1,0,
487e0be1b61385ad,6ab35d61cd9f,0dd6ae681738,Maharashtra,663,2024-03-14T20:34:14,2024-03-14T21:04:14,expired,1,0,
75658566d7e74930,0f0510686293,49b79f17c03b,Maharashtra,776,2024-03-14T20:35:52,2024-03-14T20:45:22,approved,1,0,
22a0c86581a2f38a,16c1be31df12,40844f989927,Delhi,10005,2024-03-14T20:35:56,2024-03-14T21:02:10,declined,0,1,P04
6d4a3928f9532b6b,2b1781ab1f24,154fc7dab423,Tamil Nadu,780,2024-03-14T20:38:58,2024-03-14T20:44:16,approved,0,0,
53d6ebf79e7a0441,4a83bc732574,049b4eb90c00,Tamil Nadu,1035,2024-03-14T20:40:19,2024-03-14T21:10:19,expired,1,0,
25c73bb179659498,16c1be31df12,62ded9a1ec64,Bihar,10161,2024-03-14T20:40:50,2024-03-14T21:10:50,expired,0,1,P04
212489c74ba67546,0f0510686293,3244c41821cc,West Bengal,750,2024-03-14T20:42:47,2024-03-14T20:52:56,approved,1,0,
746171f0d5e77243,16c1be31df12,49b2faf40407,Karnataka,7038,2024-03-14T20:44:18,2024-03-14T20:49:11,declined,0,1,P04
40082408b11f4aa7,16c1be31df12,76cd4dfd6b4d,Karnataka,8793,2024-03-14T20:47:02,2024-03-14T21:10:22,declined,0,1,P04
22c070530fc940dd,16c1be31df12,68e6fc71237e,Rajasthan,2936,2024-03-14T20:48:02,2024-03-14T21:01:50,approved,0,1,P04
76a2ca306a92289a,0511fee882e4,2908401b3d88,Telangana,498,2024-03-14T20:48:10,2024-03-14T20:48:40,approved,1,0,
68c169d5ac1dc52f,2569a0f51294,53ada0ade9ad,Kerala,1820,2024-03-14T20:50:07,2024-03-14T20:54:30,approved,1,0,
6e301367c5e60609,16c1be31df12,70bc472f827f,West Bengal,10723,2024-03-14T20:50:22,2024-03-14T21:20:22,expired,0,1,P04
40cbe69e0e4c8b2d,673acd5d1161,2161d2048583,West Bengal,749,2024-03-14T20:53:53,2024-03-14T21:02:58,approved,1,0,
67e373fbb48abb5a,22ea49616c97,2249e0f08b22,Haryana,470,2024-03-14T20:54:55,2024-03-14T21:05:02,approved,1,0,
170c81ff75f4e5bd,45d11774ab5d,6ccc79c054f5,Telangana,930,2024-03-14T20:56:17,2024-03-14T21:10:21,approved,0,0,
4391f60d95909825,634690700829,7403fafe1114,Haryana,572,2024-03-14T20:58:26,2024-03-14T21:11:05,approved,1,0,
505450394fd77caf,4a83bc732574,5ee61ac6e4b5,Karnataka,2142,2024-03-14T20:59:23,2024-03-14T21:01:52,approved,1,0,
13b12eb87778dd1d,6d33a7293228,6abdaa1f15df,Haryana,507,2024-03-14T21:03:44,2024-03-14T21:22:40,approved,1,0,
535559ba765babdd,16c1be31df12,0106f9fe2635,Kerala,13908,2024-03-14T21:04:40,2024-03-14T21:17:56,declined,0,1,P04
09843fa58f6217df,48a5f4e76a41,2cddfdcfa323,Gujarat,1918,2024-03-14T21:04:48,2024-03-14T21:21:12,approved,0,0,
220e1c72fe2fd4c1,48a5f4e76a41,0b69b64c6c28,Rajasthan,348,2024-03-14T21:06:48,2024-03-14T21:36:48,expired,0,0,
0fcb6c24ce641155,16c1be31df12,63d2a7a10d7c,Haryana,9688,2024-03-14T21:08:05,2024-03-14T21:21:58,declined,0,1,P04
2358efdebe8339a2,67a0390930e5,140b0c68c8e0,West Bengal,1024,2024-03-14T21:09:45,2024-03-14T21:26:31,approved,1,0,
13697c1ec1491f80,663473dc643e,6498611075b0,Delhi,254,2024-03-14T21:11:29,2024-03-14T21:26:23,approved,1,0,
395cde92d1cea5a3,16c1be31df12,35045b674b9f,West Bengal,6478,2024-03-14T21:12:10,2024-03-14T21:23:02,approved,0,1,P04
512deb62bf145bd1,35ed52508031,75dd55bd98d3,Bihar,1633,2024-03-14T21:12:21,2024-03-14T21:16:24,approved,1,0,
1f35d1857d1d953f,2baf4e7593de,0214a3a3e2e3,Kerala,643,2024-03-14T21:13:03,2024-03-14T21:14:27,approved,1,0,
6d361f90d123dc1b,0cce3dbda79d,70bc472f827f,West Bengal,5626,2024-03-14T21:13:04,2024-03-14T21:43:04,expired,0,0,
2d786f897b2a9c41,16c1be31df12,6f5de8ba7ee4,West Bengal,24646,2024-03-14T21:13:58,2024-03-14T21:43:58,expired,0,1,P04
1dfb3d41e0cfacea,216f11aafe2f,0d1b484d9a41,Kerala,467,2024-03-14T21:14:16,2024-03-14T21:16:43,approved,0,0,
780f94596a8b4703,6646fee30506,40ccc6d68252,Bihar,391,2024-03-14T21:15:08,2024-03-14T21:17:22,approved,1,0,
2ac8063c61b3b605,513484923021,72f3ec291f3b,Tamil Nadu,294,2024-03-14T21:15:40,2024-03-14T21:30:38,approved,1,0,
45c341fe601ae58e,0f0510686293,05bf92360573,Karnataka,498,2024-03-14T21:16:53,2024-03-14T21:46:53,expired,1,0,
31e07d42d5963151,49217212965b,7faf3708e365,Delhi,499,2024-03-14T21:18:40,2024-03-14T21:28:06,approved,1,0,
7c143fb40270f2f8,1e30aaf5adb8,2006d0af771a,Rajasthan,404,2024-03-14T21:19:10,2024-03-14T21:38:24,approved,1,0,
29f95f535fdc5616,16c1be31df12,1440adfd3399,Karnataka,8044,2024-03-14T21:23:26,2024-03-14T21:35:45,declined,0,1,P04
62e50e2404081307,2b1781ab1f24,1c37570d050b,Telangana,279,2024-03-14T21:24:48,2024-03-14T21:39:11,approved,0,0,
1b63575c3b95fdc9,513484923021,599f872770fd,Karnataka,273,2024-03-14T21:25:21,2024-03-14T21:43:34,approved,1,0,
585ab26f98121a44,107ff2ac18f1,345365f32562,Karnataka,716,2024-03-14T21:26:39,2024-03-14T21:37:33,approved,1,0,
4938882a0b04270a,16c1be31df12,68ede506e9dd,Bihar,11324,2024-03-14T21:30:22,2024-03-14T22:00:22,expired,0,1,P04
4c6f4789e504b274,0cce3dbda79d,3575fe10e4cd,Kerala,252,2024-03-14T21:30:37,2024-03-14T21:31:52,approved,0,0,
4085048b9ddbc929,0cce3dbda79d,475b8b5b9f89,Bihar,401,2024-03-14T21:30:49,2024-03-14T21:36:46,declined,0,0,
163bc5499d9e54db,11d601015742,109c6eca4578,Telangana,631,2024-03-14T21:31:48,2024-03-14T21:49:24,approved,1,0,
07ac10261d61b2a4,35ed52508031,701ef5b7d2cc,Haryana,968,2024-03-14T21:33:03,2024-03-14T21:49:55,declined,1,0,
0330933387a22f81,16c1be31df12,7bd9dd605343,Haryana,6261,2024-03-14T21:34:53,2024-03-14T22:04:53,expired,0,1,P04
049b0092c3ae7861,09805b931ea6,18e811008e3a,Karnataka,1394,2024-03-14T21:37:02,2024-03-14T21:39:50,approved,1,0,
2f00c826e3dcd345,19a849472d1b,5db1ba54365e,Delhi,1567,2024-03-14T21:40:44,2024-03-14T21:59:44,approved,1,0,
7c752b25a9e57456,48f26f133a7b,57be8717c72a,Telangana,308,2024-03-14T21:42:42,2024-03-14T22:02:35,approved,1,0,
4d11cc277fdbc0a1,16c1be31df12,1a639f4a57f5,Karnataka,5695,2024-03-14T21:43:46,2024-03-14T22:13:46,expired,0,1,P04
4d462c2d57fdf54b,6646fee30506,70516fa478e9,Karnataka,1121,2024-03-14T21:44:45,2024-03-14T22:03:17,approved,1,0,
4fddaca71180c1a0,4818964bb9e3,18dd13177644,Maharashtra,448,2024-03-14T21:45:33,2024-03-14T21:53:12,approved,1,0,
7181a30cf8730b63,16c1be31df12,4efe9198d82f,Rajasthan,20311,2024-03-14T21:46:32,2024-03-14T22:15:59,declined,0,1,P04
5ef9b885cf81517c,22ea49616c97,508d1b5d47b6,West Bengal,734,2024-03-14T21:47:54,2024-03-14T21:52:11,approved,1,0,
72f43cbccb086360,0cce3dbda79d,01d805fa4336,Kerala,2447,2024-03-14T21:47:55,2024-03-14T22:17:55,expired,0,0,
6337f40b7c3a2a21,7d493d48b208,1783058cb798,Bihar,687,2024-03-14T21:50:00,2024-03-14T22:05:36,approved,1,0,
1bec050d109f9331,5be02b242add,6f5de8ba7ee4,West Bengal,3188,2024-03-14T21:50:09,2024-03-14T22:08:44,approved,1,0,
49e6aec2c4266c09,16c1be31df12,461d8974a9a0,West Bengal,8190,2024-03-14T21:51:59,2024-03-14T22:01:37,declined,0,1,P04
52550a95aa11bd7e,6d33a7293228,489e2753dbe1,Telangana,546,2024-03-14T21:53:31,2024-03-14T21:55:26,approved,1,0,
53be7bd5b3cecea5,6e836fcd1e4d,0ca975459764,West Bengal,603,2024-03-14T21:54:26,2024-03-14T22:24:26,expired,0,0,
5afb4bcab4649e3f,7786fa4ecb51,66b5537bd994,Bihar,595,2024-03-14T21:55:04,2024-03-14T22:06:35,approved,1,0,
31d42304ff92f06e,16c1be31df12,531b6995e156,Tamil Nadu,16278,2024-03-14T21:55:46,2024-03-14T22:25:46,expired,0,1,P04
6a82586874ffc77b,67a0390930e5,1f17561ef70f,Haryana,599,2024-03-14T21:57:17,2024-03-14T22:08:36,approved,1,0,
5d4402c800e0aa69,5e5c092ab53d,76b7fdae8b61,Uttar Pradesh,2928,2024-03-14T21:58:25,2024-03-14T22:10:55,approved,1,0,
6efb0779526be1c1,673acd5d1161,752ac93e590d,Telangana,924,2024-03-14T22:00:00,2024-03-14T22:30:00,expired,1,0,
4c46027b8e8170d1,16c1be31df12,7f3d29d340f9,Tamil Nadu,19120,2024-03-14T22:00:15,2024-03-14T22:25:25,declined,0,1,P04
5147f5af4f150729,16c1be31df12,531b56e7b237,Telangana,9156,2024-03-14T22:01:47,2024-03-14T22:31:47,expired,0,1,P04
7e6fa251cd3ec45e,1318e3fa6d29,516871b10cb0,Tamil Nadu,671,2024-03-14T22:03:12,2024-03-14T22:26:22,declined,1,0,
63019ad2d63c1322,3a6576ce966b,27a26db7faf5,Telangana,965,2024-03-14T22:03:57,2024-03-14T22:17:58,approved,1,0,
3728b16b4853b5d1,16c1be31df12,0cb5990af101,Bihar,12505,2024-03-14T22:05:04,2024-03-14T22:31:41,declined,0,1,P04
45ae8713ef7ff568,16c1be31df12,72adb62e8329,Maharashtra,8951,2024-03-14T22:05:33,2024-03-14T22:35:33,expired,0,1,P04
1132dde6bdaf44b2,16c1be31df12,6f40cd6a3f85,Bihar,6332,2024-03-14T22:08:02,2024-03-14T22:22:49,declined,0,1,P04
1cb8ec9634e6b200,7d493d48b208,6b1cd07d5f30,Gujarat,644,2024-03-14T22:08:32,2024-03-14T22:38:32,expired,1,0,
73400e7fbedec0e2,22ea49616c97,4c3ac598995b,Uttar Pradesh,280,2024-03-14T22:10:56,2024-03-14T22:14:28,approved,1,0,
13cc50cdb7392765,7d81c905f4c1,3ed02c7f98d6,West Bengal,1653,2024-03-14T22:12:34,2024-03-14T22:31:28,approved,1,0,
378b377d811820ce,6a2b9baa3e4a,7fabe00ff084,Bihar,878,2024-03-14T22:13:13,2024-03-14T22:30:13,approved,1,0,
6d803a62c56856a8,16c1be31df12,6c86539ac535,Telangana,5157,2024-03-14T22:14:55,2024-03-14T22:23:55,declined,0,1,P04
4667ff3eed0b040a,0176a1a01f10,677c2a31e4df,Uttar Pradesh,3697,2024-03-14T22:17:17,2024-03-14T22:32:55,approved,1,0,
30ea115fa74f6c1c,5be02b242add,59078ea89d37,Gujarat,2779,2024-03-14T22:17:32,2024-03-14T22:19:51,approved,1,0,
3f7066591154d6e4,16c1be31df12,1cc95c1fe7db,Kerala,4003,2024-03-14T22:17:57,2024-03-14T22:43:44,declined,0,1,P04
3eaeec3fbd759c50,16c1be31df12,5d0785e888c0,Telangana,12687,2024-03-14T22:19:34,2024-03-14T22:23:20,approved,0,1,P04
51a19201fef0e90e,60a547ae6f0e,7604c3d822db,Bihar,866,2024-03-14T22:20:53,2024-03-14T22:50:53,expired,1,0,
169f641c6d32dee8,16c1be31df12,68854c84d90f,Karnataka,18157,2024-03-14T22:22:16,2024-03-14T22:44:08,declined,0,1,P04
1a24af6dc34d2c9f,16c1be31df12,6c86539ac535,Telangana,11737,2024-03-14T22:25:24,2024-03-14T22:42:09,declined,0,1,P04
4a36f99dcf6854c2,16c1be31df12,1904e4352432,Rajasthan,7534,2024-03-14T22:27:50,2024-03-14T22:47:11,declined,0,1,P04
6dbeee747336813b,6f5fa5bed003,7d51179cd265,West Bengal,711,2024-03-14T22:32:10,2024-03-14T22:50:22,approved,1,0,
53102222bf0e596c,16c1be31df12,6da4ef063b6e,Uttar Pradesh,3052,2024-03-14T22:35:47,2024-03-14T23:00:44,declined,0,1,P04
617662b20611bc74,513484923021,3450bcecae04,Rajasthan,319,2024-03-14T22:40:30,2024-03-14T23:10:30,expired,1,0,
112b1a62c39b8325,6a706675422c,7b6639949600,Telangana,613,2024-03-14T22:40:35,2024-03-14T22:49:06,approved,0,0,
1be51bfbb09f01c5,16c1be31df12,346b76364e15,Maharashtra,18305,2024-03-14T22:42:57,2024-03-14T23:12:57,expired,0,1,P04
4bf3288826766876,0cce3dbda79d,2ce13b2d1e94,Kerala,568,2024-03-14T22:45:05,2024-03-14T23:15:05,expired,0,0,
28d41f5da14fc71e,09805b931ea6,7f6d08bf886f,Kerala,3191,2024-03-14T22:46:34,2024-03-14T23:06:04,approved,1,0,
52931a17da1d3c47,16c1be31df12,28503afef9e8,Maharashtra,3195,2024-03-14T22:47:09,2024-03-14T22:54:53,declined,0,1,P04
4c525e69beae6579,16c1be31df12,3a275605d802,Kerala,7064,2024-03-14T22:48:44,2024-03-14T23:17:04,declined,0,1,P04
79ffbad22bd00887,16c1be31df12,5527f6507516,Kerala,6467,2024-03-14T22:48:55,2024-03-14T23:18:55,expired,0,1,P04
222c9da22629e077,0d9a63adaba5,39dbc44eaa70,Kerala,725,2024-03-14T22:50:02,2024-03-14T22:52:49,approved,1,0,
626f0d5d3439c11e,11d601015742,71f3dc7ff581,Gujarat,897,2024-03-14T22:50:27,2024-03-14T22:55:27,approved,1,0,
3f273d8e4541b36b,16c1be31df12,6b11f4cf02b2,Karnataka,3605,2024-03-14T22:51:36,2024-03-14T23:01:13,declined,0,1,P04
226eca140e9a5b45,34994a8b60cd,433a3e29bfbc,Rajasthan,728,2024-03-14T22:52:52,2024-03-14T23:05:53,approved,0,0,
141158968f1bca2c,2569a0f51294,337a08c8c672,Telangana,1959,2024-03-14T22:53:56,2024-03-14T23:17:29,declined,1,0,
0ba5b7905a14615d,48e58d7747c6,0ab600962ee6,Bihar,2344,2024-03-14T22:58:32,2024-03-14T23:28:32,expired,1,0,
2d9e1cd52cbad86c,216f11aafe2f,459d31d064bd,Haryana,793,2024-03-14T22:59:28,2024-03-14T23:29:28,expired,0,0,
7889906452028163,16c1be31df12,3582e8363d8f,West Bengal,8965,2024-03-14T23:03:13,2024-03-14T23:15:02,declined,0,1,P04
0e0a1a7695d50bc7,16c1be31df12,1c8bbb763641,Rajasthan,4051,2024-03-14T23:03:13,2024-03-14T23:33:13,expired,0,1,P04
40c85c588f3f55fc,16c1be31df12,5f10dbbf72a8,Maharashtra,4335,2024-03-14T23:03:21,2024-03-14T23:15:22,approved,0,1,P04
6982ee8fadb80806,16c1be31df12,35a5cfbdf56d,Kerala,9423,2024-03-14T23:04:20,2024-03-14T23:17:48,declined,0,1,P04
4273effdb5567f10,49217212965b,471b6baa0ea9,West Bengal,511,2024-03-14T23:04:54,2024-03-14T23:10:03,approved,1,0,
3354097ad004c6f8,0f0510686293,77d89829ab89,Tamil Nadu,465,2024-03-14T23:06:52,2024-03-14T23:20:46,approved,1,0,
42e95663136d44e1,16c1be31df12,1e0f980ce781,West Bengal,17891,2024-03-14T23:07:17,2024-03-14T23:23:25,declined,0,1,P04
604f123edae29ab7,16c1be31df12,7c2c48726bc5,Kerala,15125,2024-03-14T23:09:20,2024-03-14T23:21:12,declined,0,1,P04
7d7453b2224598e9,16c1be31df12,367ba02dd7fd,Rajasthan,14532,2024-03-14T23:12:24,2024-03-14T23:42:24,expired,0,1,P04
154981a5ad15f6f6,16c1be31df12,3b57f1bc1553,Telangana,16078,2024-03-14T23:13:52,2024-03-14T23:43:52,expired,0,1,P04
4807acb0aa9c16d2,16c1be31df12,4cf131fb8ef6,Maharashtra,5361,2024-03-14T23:15:45,2024-03-14T23:28:50,declined,0,1,P04
09d6f7ba66de3597,16c1be31df12,5c6e1f107a8b,Maharashtra,22752,2024-03-14T23:16:33,2024-03-14T23:46:33,expired,0,1,P04
514d18d9370beb0a,39dc63eef666,1f74ef1b3a56,Gujarat,485,2024-03-14T23:17:12,2024-03-14T23:26:59,approved,1,0,
3c87a5abbdaee740,16c1be31df12,7944f8a36644,Gujarat,25000,2024-03-14T23:18:19,2024-03-14T23:48:19,expired,0,1,P04
5783ec38e91add48,6d33a7293228,6da0452e3b1c,Telangana,325,2024-03-14T23:20:16,2024-03-14T23:29:23,approved,1,0,
7a659d287eb42b70,0176a1a01f10,7afca6f9e4ec,Telangana,9875,2024-03-14T23:31:40,2024-03-14T23:33:55,approved,1,0,
1c77c31c6196228e,16c1be31df12,3008060c8a1e,Rajasthan,19143,2024-03-14T23:34:54,2024-03-14T23:40:32,declined,0,1,P04
3ac562e997d00713,5be02b242add,74cdb6dc50a3,Kerala,415,2024-03-14T23:35:24,2024-03-14T23:41:36,approved,1,0,
3cfdbc4b74b786a4,16c1be31df12,66f628e51393,Kerala,13154,2024-03-14T23:35:55,2024-03-15T00:05:55,expired,0,1,P04
7d712410ab39e350,16c1be31df12,667234732a42,Telangana,5144,2024-03-14T23:36:02,2024-03-14T23:59:38,declined,0,1,P04
02d8ce5d82703270,2910947f9388,2d10808091a2,Karnataka,253,2024-03-14T23:42:13,2024-03-15T00:00:02,approved,1,0,
7569d2d4061db3b1,16c1be31df12,194830ff2942,Haryana,7313,2024-03-14T23:44:14,2024-03-14T23:54:17,declined,0,1,P04
2f47212e483e0d16,16c1be31df12,3c76ec37bbce,West Bengal,6574,2024-03-14T23:46:32,2024-03-15T00:16:32,expired,0,1,P04
6d8a9cd77c9f9071,3a6576ce966b,45e0a075c633,Haryana,1179,2024-03-14T23:46:38,2024-03-15T00:16:38,expired,1,0,
03ef27dbf8f583fa,16c1be31df12,3f6f0313338f,Rajasthan,2023,2024-03-14T23:46:43,2024-03-15T00:16:43,expired,0,1,P04
24b0a32fb3c0b853,694d71c69d67,71004484ebe9,Delhi,700,2024-03-14T23:51:03,2024-03-14T23:56:46,approved,1,0,
5539b514025f0a61,16c1be31df12,2ba0b9b08492,Tamil Nadu,3997,2024-03-14T23:54:00,2024-03-15T00:10:19,declined,0,1,P04
738406e6ebbd2220,16c1be31df12,6510e7391084,Uttar Pradesh,3150,2024-03-14T23:57:58,2024-03-15T00:00:59,declined,0,1,P04
7b89da2f186b86b0,1318e3fa6d29,267643ef38c1,Bihar,752,2024-03-14T23:58:02,2024-03-15T00:01:31,approved,1,0,
3187d8ed39f593d6,16c1be31df12,0609a997dea2,Tamil Nadu,4243,2024-03-15T00:00:53,2024-03-15T00:30:53,expired,0,1,P04
7ffbed545cdec1c0,16c1be31df12,686c466a0749,West Bengal,16530,2024-03-15T00:05:38,2024-03-15T00:17:07,declined,0,1,P04
19a57f23442f1ad3,16c1be31df12,51b321cfa737,Gujarat,6161,2024-03-15T00:05:38,2024-03-15T00:35:38,expired,0,1,P04
639fca50faf67e12,16c1be31df12,721a6e9ad983,Gujarat,8339,2024-03-15T00:06:58,2024-03-15T00:15:09,declined,0,1,P04
2ffc3acd4fcc59c3,16c1be31df12,4a83113ddab1,Bihar,8146,2024-03-15T00:07:43,2024-03-15T00:31:39,declined,0,1,P04
277426c56254d1e6,0d9a63adaba5,613ff2be774a,Rajasthan,2003,2024-03-15T00:10:58,2024-03-15T00:22:04,approved,1,0,
5671a26712cbbffb,16c1be31df12,36fe96868824,Karnataka,12185,2024-03-15T00:13:16,2024-03-15T00:25:41,declined,0,1,P04
50f7ed5d97197bcb,16c1be31df12,73626f7b5a26,Tamil Nadu,10579,2024-03-15T00:13:47,2024-03-15T00:14:30,declined,0,1,P04
7efbabaf533f82ad,16c1be31df12,6c848f845473,Uttar Pradesh,4601,2024-03-15T00:13:49,2024-03-15T00:32:07,declined,0,1,P04
31ae68aeff5ac3ea,16c1be31df12,7e45be037b44,Telangana,25000,2024-03-15T00:20:25,2024-03-15T00:35:32,declined,0,1,P04
545cc16eca319002,16c1be31df12,78446698ef42,Delhi,4619,2024-03-15T00:26:33,2024-03-15T00:56:33,expired,0,1,P04
33d845a488966c40,16c1be31df12,6e8bd2b474f9,Gujarat,4304,2024-03-15T00:33:36,2024-03-15T01:03:36,expired,0,1,P04
05f279ac18591ae1,16c1be31df12,12942a7fae59,Telangana,9409,2024-03-15T00:35:34,2024-03-15T01:05:34,expired,0,1,P04
4be834753dcf8a6c,16c1be31df12,0930b7c972b0,Maharashtra,6967,2024-03-15T00:37:48,2024-03-15T00:57:58,declined,0,1,P04
1ff79772bf3feb62,16c1be31df12,42a937520281,Tamil Nadu,3948,2024-03-15T00:42:29,2024-03-15T01:12:29,expired,0,1,P04
3da77f6e76d44251,16c1be31df12,326c00fbda7e,Telangana,10282,2024-03-15T00:43:58,2024-03-15T01:00:59,declined,0,1,P04
5aaa1aa8150598f9,16c1be31df12,182560b89352,Rajasthan,25000,2024-03-15T00:53:45,2024-03-15T01:19:47,declined,0,1,P04
0d0be5b39b0a02bd,634690700829,27b8febe4ff0,Kerala,309,2024-03-15T00:53:50,2024-03-15T01:23:50,expired,1,0,
495d3ff429a75290,16c1be31df12,46af5488b087,Maharashtra,4500,2024-03-15T00:54:38,2024-03-15T01:10:50,declined,0,1,P04
484235c19c01b85a,16c1be31df12,3746208d3e26,Maharashtra,25000,2024-03-15T00:57:00,2024-03-15T01:23:12,declined,0,1,P04
3a966812a8b36864,16c1be31df12,4faec1282c48,Kerala,10517,2024-03-15T00:57:16,2024-03-15T01:12:46,declined,0,1,P04
452d2dbfa828c58c,16c1be31df12,1d75d352c49a,Uttar Pradesh,5905,2024-03-15T00:57:35,2024-03-15T01:07:26,declined,0,1,P04
5fa57b990b8261ef,0d4a1f2e8b76,408afb865351,Kerala,262,2024-03-15T00:57:42,2024-03-15T01:27:42,expired,1,0,
6693137d3a6a4f22,16c1be31df12,41b484963296,Delhi,6982,2024-03-15T01:02:33,2024-03-15T01:32:08,declined,0,1,P04
60ddee9e8049aafd,16c1be31df12,35acb778de64,Delhi,16401,2024-03-15T01:03:00,2024-03-15T01:33:00,expired,0,1,P04
250dc0328969d2c0,16c1be31df12,7604c3d822db,Bihar,13507,2024-03-15T01:04:47,2024-03-15T01:31:37,declined,0,1,P04
019e04e9a7acb696,16c1be31df12,3703ed95880d,Maharashtra,7986,2024-03-15T01:09:39,2024-03-15T01:29:33,declined,0,1,P04
78d27eff9f7a1cf3,16c1be31df12,31519978137a,Gujarat,6041,2024-03-15T01:12:51,2024-03-15T01:33:27,declined,0,1,P04
42f22f7d9424e797,16c1be31df12,1dcc7ab7a0fa,Haryana,3859,2024-03-15T01:14:16,2024-03-15T01:28:58,declined,0,1,P04
5d3f4f464b9cd913,16c1be31df12,70c2b1a6a83f,Telangana,22564,2024-03-15T01:14:18,2024-03-15T01:44:18,expired,0,1,P04
30a6d10d459a698b,16c1be31df12,7271ba9bedd3,Telangana,5806,2024-03-15T01:16:47,2024-03-15T01:29:35,declined,0,1,P04
02297249823de35b,16c1be31df12,526781d1faac,Rajasthan,10805,2024-03-15T01:18:58,2024-03-15T01:48:30,declined,0,1,P04
319bff9b80f8be11,1e30aaf5adb8,4303b11676ac,Delhi,448,2024-03-15T01:22:08,2024-03-15T01:37:36,approved,1,0,
286764bc716c8abe,16c1be31df12,2e1ec2287f7b,Karnataka,23213,2024-03-15T01:27:30,2024-03-15T01:28:18,declined,0,1,P04
5b0177d6ef7023ad,16c1be31df12,15c12a50518e,Gujarat,14597,2024-03-15T01:36:01,2024-03-15T01:57:52,declined,0,1,P04
66cba2f2150d4ca2,16c1be31df12,23e40de6a110,Bihar,4756,2024-03-15T01:38:40,2024-03-15T02:07:13,declined,0,1,P04
2215674c57485c06,16c1be31df12,3d93738c97b2,West Bengal,7702,2024-03-15T01:45:29,2024-03-15T02:15:29,expired,0,1,P04
77d93efeedc81365,7d493d48b208,6588af646890,Karnataka,246,2024-03-15T01:49:00,2024-03-15T02:04:54,approved,1,0,
258a893c6169c4ba,16c1be31df12,1b9d5ea3b831,Haryana,8955,2024-03-15T01:49:17,2024-03-15T02:19:17,expired,0,1,P04
74131e4f99ec9010,16c1be31df12,1bcf7301776b,Uttar Pradesh,17537,2024-03-15T01:53:11,2024-03-15T02:06:17,declined,0,1,P04
72868569e7a75bd0,16c1be31df12,1061d44a4346,Uttar Pradesh,8308,2024-03-15T01:54:58,2024-03-15T02:02:50,declined,0,1,P04
0cb37dcb2736836e,16c1be31df12,508d1b5d47b6,West Bengal,4097,2024-03-15T01:55:00,2024-03-15T02:02:34,declined,0,1,P04
6b04fc34f9c139cd,16c1be31df12,62a5cba2f09b,Maharashtra,24515,2024-03-15T01:56:15,2024-03-15T02:21:12,declined,0,1,P04
35642559fe1aab47,4a83bc732574,7f7439b6e700,Kerala,718,2024-03-15T01:56:52,2024-03-15T01:58:50,approved,1,0,
4948f5cb3ccfce26,16c1be31df12,535447840207,Telangana,6096,2024-03-15T01:58:43,2024-03-15T02:28:43,expired,0,1,P04
494086750a96c07e,16c1be31df12,367eea3c43a4,West Bengal,12906,2024-03-15T01:59:22,2024-03-15T02:26:17,declined,0,1,P04
52331def0948640d,16c1be31df12,171d77a9e528,Tamil Nadu,10647,2024-03-15T02:00:05,2024-03-15T02:06:27,approved,0,1,P04
5a6d2ef5ed851c92,16c1be31df12,16455106ac51,Haryana,2794,2024-03-15T02:02:49,2024-03-15T02:14:21,declined,0,1,P04
7325690292ca9c2f,16c1be31df12,126a32640421,Karnataka,2414,2024-03-15T02:03:12,2024-03-15T02:33:12,expired,0,1,P04
08e5e8857af8f89e,16c1be31df12,389df89c19e5,Karnataka,17897,2024-03-15T02:07:21,2024-03-15T02:23:55,approved,0,1,P04
05ed1fd527b33537,16c1be31df12,22fee9dead53,Telangana,5393,2024-03-15T02:07:31,2024-03-15T02:11:13,declined,0,1,P04
2be00887ba4014f0,16c1be31df12,791b667eb466,Karnataka,8985,2024-03-15T02:09:24,2024-03-15T02:20:50,declined,0,1,P04
4d8ca1f9ac772f8d,0cce3dbda79d,6d62fff0df42,Karnataka,1005,2024-03-15T02:10:57,2024-03-15T02:28:41,approved,0,0,
5cefe235b5f385ad,16c1be31df12,6d391dc66552,Rajasthan,14392,2024-03-15T02:16:23,2024-03-15T02:26:45,declined,0,1,P04
0c676a699d1517a9,35ed52508031,050569a03a2d,Kerala,915,2024-03-15T02:18:38,2024-03-15T02:27:01,approved,1,0,
273c58e077a96130,16c1be31df12,19e292cef203,Karnataka,16419,2024-03-15T02:18:51,2024-03-15T02:48:51,expired,0,1,P04
1f6a32a20badfe89,16c1be31df12,7e45be037b44,Telangana,5402,2024-03-15T02:23:54,2024-03-15T02:53:54,expired,0,1,P04
0e57e16dd3103149,16c1be31df12,6d62dc8e59be,Kerala,13031,2024-03-15T02:28:45,2024-03-15T02:56:54,declined,0,1,P04
4c873941611f080e,16c1be31df12,71ddc9dd0728,Telangana,3749,2024-03-15T02:28:48,2024-03-15T02:29:39,declined,0,1,P04
418606573ff890a5,16c1be31df12,4d582548bdd2,Uttar Pradesh,4680,2024-03-15T02:29:11,2024-03-15T02:40:12,declined,0,1,P04
15064c7c806f6eff,16c1be31df12,797768f62f76,Haryana,10464,2024-03-15T02:30:08,2024-03-15T02:34:17,declined,0,1,P04
0d770efd39daf7b5,16c1be31df12,6d6fc91a07c8,West Bengal,4477,2024-03-15T02:36:02,2024-03-15T02:58:37,declined,0,1,P04
78cad66dc378df69,16c1be31df12,0c12dffe92a0,Telangana,5176,2024-03-15T02:42:28,2024-03-15T03:12:28,expired,0,1,P04
4eeabd3be15e01a4,16c1be31df12,21186b380fb1,Maharashtra,9618,2024-03-15T02:42:56,2024-03-15T02:56:05,declined,0,1,P04
0c6b181d7c4af7af,16c1be31df12,3c76ec37bbce,West Bengal,6153,2024-03-15T02:46:20,2024-03-15T03:16:20,expired,0,1,P04
144c846781ddb17b,16c1be31df12,7c500d558e38,Haryana,10793,2024-03-15T02:50:45,2024-03-15T03:20:45,expired,0,1,P04
16bf2b3c69874e8a,16c1be31df12,4cf131fb8ef6,Maharashtra,13743,2024-03-15T02:51:07,2024-03-15T03:00:41,approved,0,1,P04
770b5265d9b78a84,16c1be31df12,09e2768a955f,Karnataka,7299,2024-03-15T02:54:44,2024-03-15T02:59:39,declined,0,1,P04
5a7753432b94123f,16c1be31df12,7a5eb5aeb744,Telangana,8998,2024-03-15T02:58:42,2024-03-15T03:27:59,declined,0,1,P04
5ffc989d2e87af56,16c1be31df12,399912ef20fb,Kerala,8247,2024-03-15T03:01:28,2024-03-15T03:31:28,expired,0,1,P04
2df5c78b5cdb47b5,16c1be31df12,19c8941e4f81,Gujarat,8889,2024-03-15T03:09:11,2024-03-15T03:37:04,declined,0,1,P04
2ccf95e1ef904809,16c1be31df12,5e33c534e425,Haryana,10411,2024-03-15T03:10:25,2024-03-15T03:40:25,expired,0,1,P04
2f9023bee1abc395,16c1be31df12,7bb1bb780960,Uttar Pradesh,7921,2024-03-15T03:12:47,2024-03-15T03:35:11,declined,0,1,P04
07f34032b42e849a,16c1be31df12,2db0c6635daa,Maharashtra,4125,2024-03-15T03:13:57,2024-03-15T03:38:47,declined,0,1,P04
15575bb407152a00,16c1be31df12,58194b354a9f,Tamil Nadu,5588,2024-03-15T03:29:06,2024-03-15T03:32:28,declined,0,1,P04
3e0f9aa1b0c2120d,16c1be31df12,34f48cdf568d,Uttar Pradesh,4133,2024-03-15T03:36:27,2024-03-15T04:02:37,declined,0,1,P04
50265f9fa886be55,16c1be31df12,48fc72d66364,Tamil Nadu,23082,2024-03-15T03:38:58,2024-03-15T04:08:58,expired,0,1,P04
25d5b7ca908a468b,16c1be31df12,0f22a3d2314b,Delhi,6178,2024-03-15T03:42:18,2024-03-15T03:55:51,declined,0,1,P04
143619da2c7dde72,16c1be31df12,672e7161c576,Tamil Nadu,7403,2024-03-15T03:43:17,2024-03-15T04:13:17,expired,0,1,P04
49763750db661bed,16c1be31df12,23025a6434bc,Rajasthan,3561,2024-03-15T03:46:59,2024-03-15T04:07:46,declined,0,1,P04
4c4456caa2aee2c6,16c1be31df12,52515afaaebc,Gujarat,11782,2024-03-15T03:54:40,2024-03-15T04:08:40,declined,0,1,P04
4b21f15588d72a8b,16c1be31df12,04da334311e2,Bihar,5343,2024-03-15T03:58:08,2024-03-15T04:10:33,declined,0,1,P04
54450f0c5a7788d2,16c1be31df12,63753b3afb4e,Karnataka,19968,2024-03-15T04:01:59,2024-03-15T04:31:59,expired,0,1,P04
08e773c56c6b3488,16c1be31df12,7462b27d852a,Kerala,9928,2024-03-15T04:03:01,2024-03-15T04:10:35,approved,0,1,P04
70620fc073fc81fc,16c1be31df12,4e9d81b6181b,Kerala,4767,2024-03-15T04:03:58,2024-03-15T04:29:51,declined,0,1,P04
798ab74301133bbb,16c1be31df12,4b58154a69f6,Bihar,15437,2024-03-15T04:15:50,2024-03-15T04:16:26,declined,0,1,P04
1db5f1b5c2413968,16c1be31df12,611f20907835,Karnataka,12557,2024-03-15T04:20:44,2024-03-15T04:40:13,declined,0,1,P04
117cfdb3a64cb27f,16c1be31df12,23d4545903d9,Rajasthan,5066,2024-03-15T04:21:00,2024-03-15T04:51:00,expired,0,1,P04
19f30a9a18b7518e,16c1be31df12,45c386ed094f,Kerala,2172,2024-03-15T04:22:34,2024-03-15T04:34:42,declined,0,1,P04
54f387e9a6630096,16c1be31df12,1685e380f7cf,Uttar Pradesh,2000,2024-03-15T04:22:42,2024-03-15T04:46:38,declined,0,1,P04
3d89eaac6cf6dd47,16c1be31df12,15076584ce79,West Bengal,9848,2024-03-15T04:26:01,2024-03-15T04:39:40,approved,0,1,P04
5230ee19ffc3154a,16c1be31df12,4e1e557b148d,West Bengal,3910,2024-03-15T04:26:13,2024-03-15T04:48:27,declined,0,1,P04
6528c82096d597cb,16c1be31df12,39e96755a8b3,Delhi,8643,2024-03-15T04:26:57,2024-03-15T04:27:43,declined,0,1,P04
655463f3a7414292,16c1be31df12,76b0dbd40005,Uttar Pradesh,25000,2024-03-15T04:33:40,2024-03-15T05:03:40,expired,0,1,P04
26ca991a0b40e19e,16c1be31df12,52142c481263,Karnataka,10130,2024-03-15T04:34:18,2024-03-15T05:04:18,expired,0,1,P04
3c8acfe811ede005,16c1be31df12,1fc8338a97fa,Uttar Pradesh,6141,2024-03-15T04:45:56,2024-03-15T04:54:11,declined,0,1,P04
75b94685752fbbba,16c1be31df12,1bcfd81fad55,Uttar Pradesh,5381,2024-03-15T04:47:38,2024-03-15T05:16:47,declined,0,1,P04
3696348741b3c4b4,16c1be31df12,690b43e201de,Uttar Pradesh,7767,2024-03-15T04:52:12,2024-03-15T05:22:12,expired,0,1,P04
146090b88a2cebce,16c1be31df12,5febc2769659,West Bengal,11024,2024-03-15T04:59:25,2024-03-15T05:29:25,expired,0,1,P04
6132084f46b0e26e,0cce3dbda79d,248235f689a5,Haryana,521,2024-03-15T05:06:26,2024-03-15T05:23:43,approved,0,0,
52051552ad1273e2,16c1be31df12,342620e1d215,Delhi,25000,2024-03-15T05:07:12,2024-03-15T05:37:12,expired,0,1,P04
405ee21325839acf,16c1be31df12,3f0d4067c4bf,Kerala,3543,2024-03-15T05:08:31,2024-03-15T05:38:31,expired,0,1,P04
1fab803330b3f42a,16c1be31df12,32d739e64e31,Karnataka,9861,2024-03-15T05:16:16,2024-03-15T05:46:16,expired,0,1,P04
4e6c26592821a9ac,16c1be31df12,172742f8966a,Rajasthan,3685,2024-03-15T05:24:08,2024-03-15T05:54:08,expired,0,1,P04
0776d90d083e6377,16c1be31df12,2098d8d8288d,Bihar,10203,2024-03-15T05:24:51,2024-03-15T05:54:51,expired,0,1,P04
583dc8b49237d84c,16c1be31df12,0c11b29c2e72,Haryana,8400,2024-03-15T05:26:43,2024-03-15T05:41:56,declined,0,1,P04
4fd98e0dcda02e72,16c1be31df12,4f029b8f0819,Telangana,9822,2024-03-15T05:27:42,2024-03-15T05:57:42,expired,0,1,P04
21e65e3f9c8f3167,16c1be31df12,3a39ebbf0111,West Bengal,13008,2024-03-15T05:27:44,2024-03-15T05:57:44,expired,0,1,P04
6df8c7e03d3d20b8,16c1be31df12,566b090baf06,West Bengal,7571,2024-03-15T05:28:07,2024-03-15T05:58:07,expired,0,1,P04
6c45f29b70098553,16c1be31df12,19a37eedc568,West Bengal,9470,2024-03-15T05:29:25,2024-03-15T05:59:25,expired,0,1,P04
5fcae74e43cde8c0,16c1be31df12,3725c190da3e,Uttar Pradesh,4797,2024-03-15T05:30:38,2024-03-15T05:40:02,declined,0,1,P04
278fbba546e1c043,16c1be31df12,498a19a6115e,Gujarat,15197,2024-03-15T05:33:13,2024-03-15T06:03:13,expired,0,1,P04
4c3d854f797c18d1,16c1be31df12,5bd700fff718,Karnataka,4456,2024-03-15T05:35:10,2024-03-15T05:53:35,declined,0,1,P04
4f8d67b6d113dea3,45d11774ab5d,454d54917eb3,Bihar,645,2024-03-15T05:36:02,2024-03-15T06:06:02,expired,0,0,
673971eb6141689d,16c1be31df12,0d4eb55ba651,Telangana,6996,2024-03-15T05:40:45,2024-03-15T05:56:56,declined,0,1,P04
410bebadf2b6a131,16c1be31df12,684f8f9a026b,Rajasthan,5636,2024-03-15T05:40:59,2024-03-15T05:50:39,declined,0,1,P04
7f98d2cfe4600106,16c1be31df12,2d6aea19223c,Rajasthan,5296,2024-03-15T05:41:07,2024-03-15T06:07:57,declined,0,1,P04
7017072afb96d2c3,16c1be31df12,1e4cb58590d7,Maharashtra,4110,2024-03-15T05:41:20,2024-03-15T05:43:24,declined,0,1,P04
59fcf28aff4c03b5,16c1be31df12,049b4eb90c00,Tamil Nadu,11511,2024-03-15T05:47:04,2024-03-15T06:17:04,expired,0,1,P04
6947ed0d65f4d523,16c1be31df12,0713abdf23ad,Karnataka,8430,2024-03-15T05:53:09,2024-03-15T06:05:39,approved,0,1,P04
0a1d2e3b7a21aa09,48f26f133a7b,13482480ea05,Kerala,1127,2024-03-15T05:56:51,2024-03-15T06:12:31,approved,1,0,
04c4bc738cc9e739,16c1be31df12,72c50109e65a,Delhi,3558,2024-03-15T06:01:20,2024-03-15T06:31:20,expired,0,1,P04
787ee2f4ee49429b,16c1be31df12,35a5cfbdf56d,Kerala,9647,2024-03-15T06:03:24,2024-03-15T06:33:24,expired,0,1,P04
0b926a3676e00cd3,7d81c905f4c1,2c722909fd7b,Gujarat,3782,2024-03-15T06:03:37,2024-03-15T06:19:15,approved,1,0,
447f68a97f9d4443,5be02b242add,63d735629a29,Bihar,1778,2024-03-15T06:10:39,2024-03-15T06:20:10,approved,1,0,
20c04bca88664fb0,16c1be31df12,24b97a7eabcd,Haryana,10312,2024-03-15T06:11:37,2024-03-15T06:41:37,expired,0,1,P04
25dbed33761163d3,16c1be31df12,4ce08fa93378,Tamil Nadu,9537,2024-03-15T06:11:42,2024-03-15T06:29:43,declined,0,1,P04
7c7db762fd2de6da,16c1be31df12,1a5c267bdfc9,Haryana,4453,2024-03-15T06:11:48,2024-03-15T06:41:48,expired,0,1,P04
48bd2e63bedb5719,0f0510686293,744867f29761,Telangana,598,2024-03-15T06:21:28,2024-03-15T06:37:05,approved,1,0,
5447e080dd827320,16c1be31df12,548e8a4f8ecb,Telangana,4239,2024-03-15T06:28:59,2024-03-15T06:38:23,declined,0,1,P04
17cb6730747b233d,16c1be31df12,25de3a3b697d,Maharashtra,8468,2024-03-15T06:30:56,2024-03-15T07:00:56,expired,0,1,P04
546e040e8c8ac5c4,16c1be31df12,268cdbd09e3f,West Bengal,9898,2024-03-15T06:33:58,2024-03-15T06:51:41,declined,0,1,P04
18116b16520e9356,16c1be31df12,6c29c7ec8e38,Gujarat,16326,2024-03-15T06:35:45,2024-03-15T06:58:45,declined,0,1,P04
58e1c77c37dd6af8,16c1be31df12,160f40a29f09,Gujarat,9386,2024-03-15T06:37:00,2024-03-15T07:07:00,expired,0,1,P04
6813d55a2d101a2f,16c1be31df12,3ee5281b680e,Telangana,7272,2024-03-15T06:39:37,2024-03-15T07:02:43,declined,0,1,P04
18a8d0b17a4c9dd0,16c1be31df12,5f6daf466fee,Haryana,9668,2024-03-15T06:39:40,2024-03-15T06:40:44,declined,0,1,P04
118525a3b1e79b4f,16c1be31df12,5a86b32c51a9,Karnataka,2507,2024-03-15T06:44:19,2024-03-15T07:07:05,declined,0,1,P04
4d29cc75c729a425,39dc63eef666,0dafe8857143,Haryana,311,2024-03-15T06:45:16,2024-03-15T06:53:36,approved,1,0,
45f22aebf33b7a24,16c1be31df12,6d8a9c6c226a,Uttar Pradesh,4454,2024-03-15T06:48:01,2024-03-15T06:52:59,declined,0,1,P04
0f6ac5cfd727b5f3,34994a8b60cd,2918586051e1,Rajasthan,649,2024-03-15T06:52:56,2024-03-15T07:22:56,expired,0,0,
632068f7a0c9eee9,0176a1a01f10,320a93b369da,Maharashtra,1384,2024-03-15T06:55:25,2024-03-15T06:57:41,approved,1,0,
2460291acc11e8ac,48a5f4e76a41,5ee61ac6e4b5,Karnataka,180,2024-03-15T06:55:41,2024-03-15T07:03:36,approved,0,0,
5d6482071910bad6,6f5fa5bed003,0084ec381ec0,Bihar,2384,2024-03-15T07:05:47,2024-03-15T07:09:17,approved,1,0,
22cad3a6956af0e3,6e836fcd1e4d,40b05a2d0989,Delhi,1107,2024-03-15T07:06:47,2024-03-15T07:35:42,declined,0,0,
1b9a44cb27007025,30595689af87,642fe5f29ea3,Tamil Nadu,7208,2024-03-15T07:10:12,2024-03-15T07:24:48,approved,1,0,
4730ba941024dff5,09805b931ea6,31659494ff8b,Gujarat,3031,2024-03-15T07:15:30,2024-03-15T07:28:29,approved,1,0,
705911c690f6d911,16c1be31df12,08fec21cf5b9,Telangana,6051,2024-03-15T07:23:48,2024-03-15T07:50:00,declined,0,1,P04
489527846a8c9dd1,16c1be31df12,132a85ad3d56,Rajasthan,18985,2024-03-15T07:24:12,2024-03-15T07:45:09,declined,0,1,P04
21b4101a3bd9405c,634690700829,1b12a3f6a32f,Maharashtra,673,2024-03-15T07:25:01,2024-03-15T07:44:07,approved,1,0,
14c985ba4aa632ec,51e266317647,72c0757ae2f6,Haryana,310,2024-03-15T07:27:14,2024-03-15T07:35:04,approved,1,0,
482d8a2ba4722001,2b7ae5050a4d,5b05d8c1aa42,Bihar,391,2024-03-15T07:30:41,2024-03-15T07:50:03,approved,1,0,
3f6eab93b056a538,16c1be31df12,2a0be1cc3a59,Tamil Nadu,8589,2024-03-15T07:32:40,2024-03-15T08:02:40,expired,0,1,P04
1524032d563c88c1,16c1be31df12,04c525b6306d,Uttar Pradesh,5986,2024-03-15T07:33:31,2024-03-15T07:50:29,declined,0,1,P04
177cf96794b2f48b,09805b931ea6,4e10c8e5ddb4,Gujarat,2834,2024-03-15T07:39:59,2024-03-15T08:09:59,expired,1,0,
7b180bc3195dfbba,16c1be31df12,4199aea52493,Bihar,7161,2024-03-15T07:44:45,2024-03-15T07:56:04,declined,0,1,P04
74d547909c828836,1e30aaf5adb8,26780bf077e5,Kerala,845,2024-03-15T07:47:32,2024-03-15T08:00:41,approved,1,0,
286f8c4208edeb86,0fc3186df001,0c197ad05eb6,Maharashtra,3217,2024-03-15T07:50:13,2024-03-15T07:55:47,approved,1,0,
29f967aa27e53925,16c1be31df12,06811a84b414,Tamil Nadu,10885,2024-03-15T07:51:51,2024-03-15T08:21:51,expired,0,1,P04
54a08d513a441878,16c1be31df12,5af034a07ac7,West Bengal,6867,2024-03-15T07:52:47,2024-03-15T08:03:36,declined,0,1,P04
40b1603be4918c22,09805b931ea6,4aeb84c7f092,Telangana,3600,2024-03-15T07:52:49,2024-03-15T08:04:22,approved,1,0,
49d638c1e4f5bca3,16c1be31df12,140786dd4d7e,Tamil Nadu,12132,2024-03-15T07:54:52,2024-03-15T07:56:55,declined,0,1,P04
59c3cfd54e8acca9,16c1be31df12,1c93ac4c0230,Gujarat,2000,2024-03-15T07:56:35,2024-03-15T08:08:14,declined,0,1,P04
046d806d9ae64abd,663473dc643e,57efa224cb69,West Bengal,508,2024-03-15T08:02:35,2024-03-15T08:08:20,approved,1,0,
20c644e762a7b89b,0d4a1f2e8b76,1bcf92b0539c,Delhi,660,2024-03-15T08:05:21,2024-03-15T08:07:20,declined,1,0,
629868ae36588cf8,41e20e89712f,488f851b39d5,Telangana,863,2024-03-15T08:07:09,2024-03-15T08:15:38,approved,1,0,
46973096e959bb35,16c1be31df12,4fb39d89011e,Delhi,25000,2024-03-15T08:08:59,2024-03-15T08:22:59,declined,0,1,P04
147ea35ee5be15a2,634690700829,2783cd058294,Gujarat,189,2024-03-15T08:14:20,2024-03-15T08:44:20,expired,1,0,
60247a5bcb515178,16c1be31df12,68ebd6c4afce,Maharashtra,20896,2024-03-15T08:15:17,2024-03-15T08:21:28,declined,0,1,P04
1bdb140c134bffdd,48a5f4e76a41,2b4345d5da1e,Tamil Nadu,799,2024-03-15T08:16:47,2024-03-15T08:24:56,approved,0,0,
105ad9a970b2c331,663473dc643e,2ff794bdaabf,West Bengal,686,2024-03-15T08:18:14,2024-03-15T08:20:55,approved,1,0,
61ae9fd72aef855a,513484923021,2e6ad22d1bf2,West Bengal,558,2024-03-15T08:19:07,2024-03-15T08:26:16,approved,1,0,
7dff42a3043bc7ff,11d601015742,3bb9bba17330,Bihar,1380,2024-03-15T08:19:37,2024-03-15T08:35:31,approved,1,0,
00b23b1de9d52ae0,67a0390930e5,7d83578c86d2,Uttar Pradesh,419,2024-03-15T08:19:42,2024-03-15T08:49:42,expired,1,0,
0eb4c8889c325bcc,51e266317647,3325c144478f,Kerala,476,2024-03-15T08:21:35,2024-03-15T08:38:53,approved,1,0,
668cada3e2531539,0176a1a01f10,63932af4e86c,Delhi,1776,2024-03-15T08:23:18,2024-03-15T08:32:13,approved,1,0,
25049d017efa0e66,09f6cd55cca3,61b9b1da8342,Uttar Pradesh,650,2024-03-15T08:27:44,2024-03-15T08:33:31,approved,1,0,
353bdd0c077edf54,6ab35d61cd9f,11fce33fdce1,Delhi,389,2024-03-15T08:28:09,2024-03-15T08:32:17,approved,1,0,
2b3cb3fbc46f2b8e,16c1be31df12,42c526454b0c,Maharashtra,6673,2024-03-15T08:28:28,2024-03-15T08:51:18,declined,0,1,P04
3e2360df17934f2e,1e30aaf5adb8,3988cbdedc01,Uttar Pradesh,518,2024-03-15T08:28:40,2024-03-15T08:52:40,declined,1,0,
45c02d28e86015e0,0d4a1f2e8b76,2dc097113279,Rajasthan,268,2024-03-15T08:29:03,2024-03-15T08:41:06,approved,1,0,
1053cb4e9c1e01c9,1e30aaf5adb8,042af0848a53,Kerala,1053,2024-03-15T08:30:07,2024-03-15T08:35:19,approved,1,0,
6254321a1d6895a6,16c1be31df12,2477fe311f87,Bihar,8408,2024-03-15T08:32:02,2024-03-15T08:59:21,declined,0,1,P04
5420b12d8f69fcda,41e20e89712f,6e275cb08900,Haryana,3015,2024-03-15T08:32:48,2024-03-15T08:36:44,approved,1,0,
681cd6fbd68dcf7a,16c1be31df12,0ea7a0bfda06,Haryana,6920,2024-03-15T08:36:10,2024-03-15T09:04:26,declined,0,1,P04
3ed3a9b9096af00f,0511fee882e4,3a7913b121cb,Karnataka,909,2024-03-15T08:37:55,2024-03-15T09:07:55,expired,1,0,
615bc50956193d94,45d11774ab5d,4dbb138f2581,Telangana,51,2024-03-15T08:37:56,2024-03-15T08:46:00,approved,0,0,
4c6b593794847c42,634690700829,77d292f7244a,Tamil Nadu,368,2024-03-15T08:40:10,2024-03-15T08:46:59,approved,1,0,
1ab6213c55443527,16c1be31df12,06f6fc9858c5,Uttar Pradesh,5319,2024-03-15T08:43:20,2024-03-15T09:03:11,declined,0,1,P04
3b5d5192c43f7bf6,16c1be31df12,3b4b81b82964,Telangana,2000,2024-03-15T08:43:23,2024-03-15T09:03:09,declined,0,1,P04
6306dcad6c550f83,16c1be31df12,1aee3c5e2b92,Telangana,4959,2024-03-15T08:45:00,2024-03-15T09:02:25,approved,0,1,P04
097ccee0ca5738bd,16c1be31df12,03880808f843,Telangana,15383,2024-03-15T08:46:09,2024-03-15T09:00:25,declined,0,1,P04
5ed69c10f6c91597,16c1be31df12,78ee989e1e58,Haryana,5303,2024-03-15T08:50:09,2024-03-15T09:16:19,declined,0,1,P04
094917019cdcfa15,16c1be31df12,027a16725bfb,Telangana,4643,2024-03-15T08:51:41,2024-03-15T09:16:11,declined,0,1,P04
5e3b64b7c3a9b7db,16c1be31df12,5a249ee1a65a,Karnataka,11380,2024-03-15T08:56:32,2024-03-15T09:06:44,declined,0,1,P04
27e93469a2997956,16c1be31df12,706524e18bad,Gujarat,12058,2024-03-15T08:58:30,2024-03-15T09:15:43,declined,0,1,P04
0ddbba5e006a24d9,2b1781ab1f24,090ddcaeae09,Delhi,792,2024-03-15T08:58:40,2024-03-15T09:12:29,approved,0,0,
1eb5fa30c1975bda,16c1be31df12,69fc84bf6a49,Gujarat,7089,2024-03-15T08:59:25,2024-03-15T09:16:41,declined,0,1,P04
6adf408559275e2f,16c1be31df12,2f9d40c1008d,Maharashtra,3387,2024-03-15T09:00:27,2024-03-15T09:23:46,declined,0,1,P04
7baf160d3186b881,16c1be31df12,2c2e8884b7ba,Gujarat,4771,2024-03-15T09:02:46,2024-03-15T09:05:59,approved,0,1,P04
4eb99872d2863839,2b7ae5050a4d,275509cf4ea9,Uttar Pradesh,627,2024-03-15T09:05:10,2024-03-15T09:35:10,expired,1,0,
77052b4452c91bdb,4a83bc732574,74de0c67a416,Gujarat,4126,2024-03-15T09:05:13,2024-03-15T09:12:23,approved,1,0,
7395e4439e98094f,35ed52508031,4e4a50eeceb4,Telangana,2528,2024-03-15T09:05:50,2024-03-15T09:09:21,approved,1,0,
613148ce41f79a97,1e30aaf5adb8,15ac0fbdadab,Delhi,786,2024-03-15T09:07:07,2024-03-15T09:37:07,expired,1,0,
3b7ed6b20d5e33a8,6e73719779d9,2c722909fd7b,Gujarat,209,2024-03-15T09:07:08,2024-03-15T09:24:27,approved,0,0,
4988282a5df665a3,694d71c69d67,3165befbf2cd,Bihar,607,2024-03-15T09:07:50,2024-03-15T09:23:24,approved,1,0,
74dc33c96f576446,20332b92b91c,044c9b8fdf1c,Maharashtra,2130,2024-03-15T09:11:48,2024-03-15T09:15:22,approved,0,0,
260af3d6c0d62703,16c1be31df12,419f99070130,Kerala,19389,2024-03-15T09:14:46,2024-03-15T09:35:20,declined,0,1,P04
4bfc78f1d4adbcde,16c1be31df12,1dc42d7e7d67,Haryana,9286,2024-03-15T09:15:40,2024-03-15T09:23:19,declined,0,1,P04
172e91af98b661fa,0176a1a01f10,1b431bc8ce7a,West Bengal,706,2024-03-15T09:17:23,2024-03-15T09:34:36,approved,1,0,
629909b17b65e012,16c1be31df12,3d4ac1def33c,Bihar,2000,2024-03-15T09:17:36,2024-03-15T09:47:36,expired,0,1,P04
21a07ddfd73a0cb5,4c6b531ee064,6654b7e4258c,West Bengal,3642,2024-03-15T09:20:58,2024-03-15T09:24:37,approved,1,0,
759042d4de155633,16c1be31df12,1a34884ac6fa,Delhi,9588,2024-03-15T09:23:44,2024-03-15T09:53:44,expired,0,1,P04
12cd518f2be076df,6ab35d61cd9f,1a0163527f9f,Haryana,1124,2024-03-15T09:27:27,2024-03-15T09:35:25,approved,1,0,
15c7486b291f15b2,7b8a68c1ae9c,4acc3efb7aaf,Delhi,4367,2024-03-15T09:27:49,2024-03-15T09:41:57,approved,1,0,
478764f0579e6879,16c1be31df12,1a0163527f9f,Haryana,6048,2024-03-15T09:28:24,2024-03-15T09:50:45,declined,0,1,P04
5db4b71a07a68a9c,2b7ae5050a4d,0b454b334802,West Bengal,413,2024-03-15T09:28:38,2024-03-15T09:38:09,approved,1,0,
2cdf4d7444d08d38,0176a1a01f10,357b8322caa3,Telangana,2479,2024-03-15T09:29:26,2024-03-15T09:45:39,approved,1,0,
569a1a8398497f2a,16c1be31df12,5f528902e98a,Telangana,3689,2024-03-15T09:29:58,2024-03-15T09:59:58,expired,0,1,P04
2a50c1183d354bde,16c1be31df12,4d0ee41e2d4c,Uttar Pradesh,4782,2024-03-15T09:30:11,2024-03-15T09:36:33,declined,0,1,P04
242cd66ff676f619,513484923021,7bd9dd605343,Haryana,1087,2024-03-15T09:30:56,2024-03-15T09:50:30,approved,1,0,
2637013e8dee9d5e,16c1be31df12,582f9e33563f,Karnataka,22689,2024-03-15T09:32:33,2024-03-15T09:50:09,declined,0,1,P04
22a39c45d622db27,16c1be31df12,72bf50230381,Uttar Pradesh,3817,2024-03-15T09:32:33,2024-03-15T09:33:48,declined,0,1,P04
0653aa6740339afc,16c1be31df12,63d026860b36,Haryana,6790,2024-03-15T09:34:40,2024-03-15T10:04:40,expired,0,1,P04
23cb79d4809038da,16c1be31df12,38c2e5548f18,Tamil Nadu,9496,2024-03-15T09:34:51,2024-03-15T10:03:25,declined,0,1,P04
6d835f7ed1b361d7,0cce3dbda79d,25ae43a92909,Tamil Nadu,1872,2024-03-15T09:35:44,2024-03-15T09:58:56,declined,0,0,
13cebaaa97cd2d53,6a7bccb8c392,46600080a831,Delhi,326,2024-03-15T09:36:07,2024-03-15T09:48:13,approved,1,0,
3ee843a4c88afd58,3a6d68f3644e,517e64432ca4,Maharashtra,2221,2024-03-15T09:36:10,2024-03-15T09:45:46,approved,1,0,
1033c97ecf475e70,16c1be31df12,580493d8f0c6,Gujarat,4489,2024-03-15T09:37:18,2024-03-15T10:07:18,expired,0,1,P04
2dd7129404303ec6,16c1be31df12,5c728a78bd7e,Rajasthan,11311,2024-03-15T09:39:31,2024-03-15T09:52:48,declined,0,1,P04
27daa2e7b0fcd946,16c1be31df12,54d8ad42c6e8,Delhi,4955,2024-03-15T09:41:15,2024-03-15T10:08:37,declined,0,1,P04
22e574b2c945407c,30595689af87,0b9e6ea3a82b,Telangana,1069,2024-03-15T09:41:51,2024-03-15T09:53:45,declined,1,0,
7ca76d1c502b0e07,09f6cd55cca3,420b16cce915,West Bengal,777,2024-03-15T09:42:02,2024-03-15T09:59:22,approved,1,0,
612618e1e48974f9,16c1be31df12,1cc95c1fe7db,Kerala,13248,2024-03-15T09:42:51,2024-03-15T10:00:14,declined,0,1,P04
4cda960eeec2ee28,6ab35d61cd9f,73ca6cc569b3,Delhi,333,2024-03-15T09:45:12,2024-03-15T09:59:06,approved,1,0,
4541f28155f92688,16c1be31df12,6489e75b2737,Bihar,18229,2024-03-15T09:45:20,2024-03-15T10:15:20,expired,0,1,P04
2af778c6a69850be,6e836fcd1e4d,1f031eb4523f,Karnataka,834,2024-03-15T09:46:05,2024-03-15T10:16:05,expired,0,0,
2d844aaf4c800575,2baf4e7593de,655d12677574,Kerala,673,2024-03-15T09:47:30,2024-03-15T09:54:19,approved,1,0,
36d62f75c52fd72f,16c1be31df12,2a3ffa770a96,Gujarat,2933,2024-03-15T09:48:21,2024-03-15T10:18:21,expired,0,1,P04
4a4df9305ee30c42,20332b92b91c,3524c460fb46,Karnataka,756,2024-03-15T09:48:32,2024-03-15T09:54:00,approved,0,0,
78233b2e7d14ac5f,16c1be31df12,70516fa478e9,Karnataka,8065,2024-03-15T09:51:36,2024-03-15T10:21:36,expired,0,1,P04
5ba8d408c542278b,6d33a7293228,10717ea61c67,West Bengal,995,2024-03-15T09:53:31,2024-03-15T10:07:24,approved,1,0,
65af5fa8eb5162e6,48a5f4e76a41,118c8c99d7f0,Kerala,272,2024-03-15T09:54:15,2024-03-15T10:12:22,approved,0,0,
67f88f2327326e09,0f0510686293,0f85273ccade,Bihar,751,2024-03-15T09:56:01,2024-03-15T10:26:01,expired,1,0,
08a8a236d63f4acd,16c1be31df12,00fe28ef6e6f,Karnataka,15655,2024-03-15T09:56:03,2024-03-15T10:20:46,declined,0,1,P04
7ee4aa3ceb5a5cc2,6a7bccb8c392,5b06a05af0e3,Delhi,511,2024-03-15T09:57:10,2024-03-15T10:10:49,approved,1,0,
5c3e42f402832599,0d9a63adaba5,66d48cece167,Delhi,2015,2024-03-15T09:59:59,2024-03-15T10:07:51,approved,1,0,
6d35ea367955a090,7d81c905f4c1,7f809732d49e,Uttar Pradesh,734,2024-03-15T10:00:32,2024-03-15T10:01:32,approved,1,0,
3ae696821fef5ece,216f11aafe2f,4dc0ae71427e,Maharashtra,1068,2024-03-15T10:00:58,2024-03-15T10:08:53,approved,0,0,
684b0c4dc5fe56d8,45d11774ab5d,55dc5456d982,Rajasthan,828,2024-03-15T10:04:36,2024-03-15T10:22:15,approved,0,0,
487e44c83f3481e0,16c1be31df12,363c0bf0b35d,Bihar,3775,2024-03-15T10:04:38,2024-03-15T10:34:38,expired,0,1,P04
78728a28abac3985,16c1be31df12,5e0ae4f63ef6,Uttar Pradesh,8557,2024-03-15T10:06:58,2024-03-15T10:28:13,declined,0,1,P04
284e256e4e0e274b,16c1be31df12,7f19dcb4c2c9,Gujarat,5957,2024-03-15T10:07:43,2024-03-15T10:15:37,declined,0,1,P04
29b1efa1449b7667,7b8a68c1ae9c,41a4cd141ddd,Tamil Nadu,1896,2024-03-15T10:11:02,2024-03-15T10:15:04,approved,1,0,
0846b8c8b6979ce7,16c1be31df12,1d661efa3833,West Bengal,16607,2024-03-15T10:11:43,2024-03-15T10:29:01,declined,0,1,P04
166e98703db3ef7b,0d4a1f2e8b76,61dd6dc26047,Bihar,815,2024-03-15T10:12:54,2024-03-15T10:35:10,declined,1,0,
7fdfc81458fab2d3,0d9a63adaba5,1f01e941a8ef,Karnataka,778,2024-03-15T10:13:58,2024-03-15T10:20:12,approved,1,0,
438b067a34799671,48e58d7747c6,6a13eb9f8669,Telangana,2657,2024-03-15T10:15:22,2024-03-15T10:16:32,approved,1,0,
04db7b0099d90346,634690700829,5b008f1c14e8,Rajasthan,944,2024-03-15T10:19:55,2024-03-15T10:35:50,approved,1,0,
7babff63a89ddd1c,6d33a7293228,3e390fe1a144,Telangana,227,2024-03-15T10:21:55,2024-03-15T10:40:33,approved,1,0,
5c0c4c2a8364df97,5ded2d78f299,4dd6989dbceb,Karnataka,2168,2024-03-15T10:24:24,2024-03-15T10:27:02,approved,1,0,
3071059a07386b15,16c1be31df12,49315c768cb2,Gujarat,8869,2024-03-15T10:37:00,2024-03-15T10:55:39,declined,0,1,P04
2720c83bcb3bfbe6,16c1be31df12,1da3fbeea4e5,Bihar,3126,2024-03-15T10:38:50,2024-03-15T11:08:15,declined,0,1,P04
2b3522f1a447a3e1,22ea49616c97,340190796d65,Maharashtra,979,2024-03-15T10:38:54,2024-03-15T11:08:54,expired,1,0,
4def9c8f82911e51,7b99521e8d62,3204601ec2cc,Rajasthan,896,2024-03-15T10:40:17,2024-03-15T10:50:42,approved,1,0,
6cb9bb760da9cd41,16c1be31df12,39cc7022088d,Haryana,8431,2024-03-15T10:42:50,2024-03-15T11:12:41,declined,0,1,P04
22ca1467452c092d,5be02b242add,1c274916e563,Maharashtra,3273,2024-03-15T10:44:56,2024-03-15T10:49:30,approved,1,0,
20eb7e9098a8396a,30595689af87,6cb7531338c6,Rajasthan,1599,2024-03-15T10:45:02,2024-03-15T11:01:20,approved,1,0,
1b0c12c949f7c118,16c1be31df12,4199aea52493,Bihar,6261,2024-03-15T10:45:21,2024-03-15T11:04:30,declined,0,1,P04
0a791c194ef7091d,16c1be31df12,21b0b2a4f93c,Telangana,5299,2024-03-15T10:45:58,2024-03-15T11:15:58,expired,0,1,P04
1453d7d41f1fe9d3,1e30aaf5adb8,5a249ee1a65a,Karnataka,401,2024-03-15T10:46:15,2024-03-15T11:01:25,approved,1,0,
3f759f8de1ed7903,22ea49616c97,2fa614ae3b5d,Bihar,307,2024-03-15T10:47:15,2024-03-15T10:49:56,approved,1,0,
636300a071130283,7d493d48b208,07f4645bbc8e,West Bengal,475,2024-03-15T10:47:23,2024-03-15T11:06:12,approved,1,0,
19a85134bc60d581,22ea49616c97,025d7489e1e9,Rajasthan,221,2024-03-15T10:48:07,2024-03-15T11:01:01,approved,1,0,
604c49d2a2578a7d,16c1be31df12,11c7be5a1763,Uttar Pradesh,8333,2024-03-15T10:52:53,2024-03-15T11:22:53,expired,0,1,P04
45596057bc36fa45,16c1be31df12,3d38747841ea,Uttar Pradesh,21847,2024-03-15T10:53:02,2024-03-15T11:09:44,declined,0,1,P04
6f649683b3443933,4a83bc732574,440a81437b90,Uttar Pradesh,905,2024-03-15T10:53:42,2024-03-15T11:04:08,approved,1,0,
350a1b7cf8c6cd6a,30595689af87,4f169ac57335,West Bengal,1893,2024-03-15T10:54:38,2024-03-15T10:59:40,approved,1,0,
5e82b430e6c0e92e,6ab35d61cd9f,330443bec265,Bihar,365,2024-03-15T10:54:47,2024-03-15T11:03:55,approved,1,0,
0f3c13c6abd31e97,6d33a7293228,57e451d01155,Delhi,472,2024-03-15T10:56:27,2024-03-15T11:26:27,expired,1,0,
7c374aa6ed5b3fc8,513484923021,5af6dcfb8e6c,Karnataka,641,2024-03-15T10:56:33,2024-03-15T11:11:16,approved,1,0,
3828d0232078aaaa,16c1be31df12,11b6ff974315,Gujarat,19715,2024-03-15T10:56:50,2024-03-15T11:06:07,declined,0,1,P04
78dcc201792d29d8,16c1be31df12,35344e30ffdd,Maharashtra,7190,2024-03-15T11:02:35,2024-03-15T11:32:35,expired,0,1,P04
027a77b94cacd510,4c6b531ee064,042825570151,Gujarat,2540,2024-03-15T11:05:26,2024-03-15T11:06:41,approved,1,0,
24c60f68e4881f86,19a849472d1b,2499e3c2ef6e,Uttar Pradesh,1367,2024-03-15T11:07:11,2024-03-15T11:22:36,approved,1,0,
2abd1482ae2592ed,48f26f133a7b,1942aa6e28ae,Telangana,540,2024-03-15T11:08:02,2024-03-15T11:23:48,approved,1,0,
69b8a3f0f1c0c8f5,16c1be31df12,1e9750ba02be,Maharashtra,8002,2024-03-15T11:09:06,2024-03-15T11:21:43,declined,0,1,P04
40e9fb9abff4116e,6a7bccb8c392,1b8a125fc110,Karnataka,742,2024-03-15T11:09:55,2024-03-15T11:17:39,approved,1,0,
02792c0c593649f9,16c1be31df12,118c27664514,Karnataka,8165,2024-03-15T11:10:15,2024-03-15T11:36:07,declined,0,1,P04
639ebe894b831c44,16c1be31df12,17d0626f3361,Uttar Pradesh,7493,2024-03-15T11:14:00,2024-03-15T11:16:14,declined,0,1,P04
467e7431af03a185,7b8a68c1ae9c,534657b79e08,Telangana,1165,2024-03-15T11:14:07,2024-03-15T11:22:00,approved,1,0,
7f85e8bc9d1c6adb,673acd5d1161,2d59824a15dc,Karnataka,2133,2024-03-15T11:14:11,2024-03-15T11:18:16,approved,1,0,
263e91f257fcb290,22ea49616c97,5ab416fa35c0,Bihar,445,2024-03-15T11:14:56,2024-03-15T11:16:43,approved,1,0,
1ad80e4688112a8e,2b1781ab1f24,44bddfa34704,Haryana,11206,2024-03-15T11:15:47,2024-03-15T11:45:47,expired,0,0,
7119e02a1944d157,2b7ae5050a4d,6ba0f35c6983,Rajasthan,620,2024-03-15T11:16:28,2024-03-15T11:21:27,approved,1,0,
6269429da29bdeec,2baf4e7593de,3565a3d1ae02,Maharashtra,556,2024-03-15T11:16:41,2024-03-15T11:17:20,approved,1,0,
611c3f3203cc7775,35ed52508031,62ded9a1ec64,Bihar,587,2024-03-15T11:17:38,2024-03-15T11:28:34,approved,1,0,
26a75e8c9a2375cb,3a6576ce966b,6afb046221a1,West Bengal,2863,2024-03-15T11:17:51,2024-03-15T11:22:41,approved,1,0,
459e62e0a8255cae,16c1be31df12,18e811008e3a,Karnataka,9340,2024-03-15T11:18:48,2024-03-15T11:22:04,declined,0,1,P04
06431d84ac1cc474,216f11aafe2f,12781ea4d0f3,West Bengal,294,2024-03-15T11:22:13,2024-03-15T11:27:52,approved,0,0,
543f2111c4f3bccf,2b1781ab1f24,53ce2853508e,Telangana,556,2024-03-15T11:24:21,2024-03-15T11:48:35,declined,0,0,
417a7c905a77b19a,16c1be31df12,26199e36c0fa,Tamil Nadu,6322,2024-03-15T11:26:00,2024-03-15T11:43:35,declined,0,1,P04
07d46f38a3e5fb52,673acd5d1161,4c4b5341e45d,West Bengal,1596,2024-03-15T11:27:24,2024-03-15T11:40:44,approved,1,0,
51bb2132449cc9d1,2baf4e7593de,7d3b331c5170,Rajasthan,283,2024-03-15T11:27:42,2024-03-15T11:32:56,approved,1,0,
42578df186ec44bc,16c1be31df12,62f9e7cfa319,Uttar Pradesh,2575,2024-03-15T11:28:21,2024-03-15T11:56:06,declined,0,1,P04
6984bb8fe1ff27e1,16c1be31df12,69e107e221b7,Rajasthan,8310,2024-03-15T11:29:55,2024-03-15T11:44:33,approved,0,1,P04
6cac095d816ce56d,5ded2d78f299,4061e89f91c7,Haryana,1563,2024-03-15T11:31:36,2024-03-15T11:45:45,approved,1,0,
4bb9fd79135e634e,34994a8b60cd,47e959e33d8a,Bihar,2910,2024-03-15T11:32:36,2024-03-15T11:40:58,approved,0,0,
06a771a497ab47fa,16c1be31df12,30fee8b669f1,Bihar,9751,2024-03-15T11:33:31,2024-03-15T12:02:08,declined,0,1,P04
7021f8f3498c801e,3a6d68f3644e,4eee0217febf,Kerala,2467,2024-03-15T11:35:18,2024-03-15T11:42:25,approved,1,0,
0c8f92eecd120a4c,16c1be31df12,0883e040c56c,Maharashtra,13350,2024-03-15T11:36:34,2024-03-15T11:45:04,declined,0,1,P04
059fdf9f57b6ff8a,6f5fa5bed003,0ef8f36b7963,Maharashtra,578,2024-03-15T11:36:47,2024-03-15T11:37:57,approved,1,0,
6fdb64b8de6f7c83,16c1be31df12,144c653b757a,Telangana,19695,2024-03-15T11:37:52,2024-03-15T12:07:52,expired,0,1,P04
3f3c6fd30ee8af8d,09f6cd55cca3,3c4437d2a512,Maharashtra,1292,2024-03-15T11:39:01,2024-03-15T11:58:08,approved,1,0,
40811e953220efb9,7786fa4ecb51,36acd8119ae2,Karnataka,239,2024-03-15T11:39:06,2024-03-15T11:52:45,approved,1,0,
3db4231af596f507,35ed52508031,6da0452e3b1c,Telangana,5118,2024-03-15T11:39:57,2024-03-15T11:46:58,approved,1,0,
36bca83c0a15e129,0176a1a01f10,1a8780dbe2fc,Maharashtra,835,2024-03-15T11:41:08,2024-03-15T11:45:35,approved,1,0,
4aefd66e1f40101f,49217212965b,35ef02a2a1d0,Bihar,512,2024-03-15T11:41:32,2024-03-15T11:42:38,approved,1,0,
7ccddec7b1d77725,2baf4e7593de,196ae33f4f97,Bihar,534,2024-03-15T11:43:14,2024-03-15T11:54:49,approved,1,0,
0e65b8e55b7049a1,634690700829,4d835a6418a0,Delhi,348,2024-03-15T11:43:19,2024-03-15T11:57:52,approved,1,0,
72b162d6726d4aab,6e73719779d9,72bb510cf71b,Rajasthan,568,2024-03-15T11:47:13,2024-03-15T11:58:55,approved,0,0,
73770c7e5378849e,6e73719779d9,58e4b51b9e26,Maharashtra,2025,2024-03-15T11:51:13,2024-03-15T12:21:13,expired,0,0,
3f96d99b976617ce,6a7bccb8c392,76eda5975c35,Rajasthan,169,2024-03-15T11:52:48,2024-03-15T12:00:13,approved,1,0,
44a2753d7f7427ad,0d4a1f2e8b76,4571e8383907,Uttar Pradesh,364,2024-03-15T11:56:12,2024-03-15T12:26:12,expired,1,0,
43115114844203e1,16c1be31df12,4277516a1118,Kerala,5092,2024-03-15T11:56:30,2024-03-15T12:26:30,expired,0,1,P04
015f6626c62b22c2,16c1be31df12,41dfc2d7b03f,West Bengal,6567,2024-03-15T11:57:15,2024-03-15T12:27:15,expired,0,1,P04
4a4c319399c88775,41e20e89712f,7501d9d72847,Haryana,1279,2024-03-15T11:58:24,2024-03-15T12:13:15,approved,1,0,
79bc10f44341b4f3,45d11774ab5d,37f47b38063b,Uttar Pradesh,4068,2024-03-15T12:02:13,2024-03-15T12:32:13,expired,0,0,
7b9f5624c2d2db83,513484923021,4f3dc9f217f1,Haryana,408,2024-03-15T12:02:18,2024-03-15T12:21:20,approved,1,0,
5e8747609abb2b3b,41e20e89712f,79cacaa6a095,Gujarat,1023,2024-03-15T12:04:06,2024-03-15T12:22:24,approved,1,0,
31cb950cc71c9319,6e836fcd1e4d,469f51086747,Maharashtra,564,2024-03-15T12:05:36,2024-03-15T12:18:52,approved,0,0,
42260c0b41349413,16c1be31df12,66fe9453f3f0,Tamil Nadu,3810,2024-03-15T12:06:58,2024-03-15T12:09:00,approved,0,1,P04
54cd8810185a135b,0f0510686293,009cbdcf48a2,Kerala,371,2024-03-15T12:08:48,2024-03-15T12:20:59,approved,1,0,
4c7d5cad7fe6d058,16c1be31df12,5dff3d676da0,Gujarat,5914,2024-03-15T12:09:31,2024-03-15T12:13:03,approved,0,1,P04
4b0bc42fc5e44d60,1318e3fa6d29,5d011c2c688f,Karnataka,1127,2024-03-15T12:10:56,2024-03-15T12:18:24,approved,1,0,
5c56cfcddd77953e,16c1be31df12,17cf8e7acee2,Rajasthan,5705,2024-03-15T12:11:14,2024-03-15T12:41:14,expired,0,1,P04
6bf734871b743fe2,2b1781ab1f24,334bd8561e64,Karnataka,4330,2024-03-15T12:13:47,2024-03-15T12:38:24,declined,0,0,
61f3c5859cfc597b,67a0390930e5,514044c2996d,Gujarat,309,2024-03-15T12:15:12,2024-03-15T12:33:24,approved,1,0,
019c2a4f48962248,16c1be31df12,3450bcecae04,Rajasthan,6829,2024-03-15T12:15:30,2024-03-15T12:18:13,approved,0,1,P04
3ea517b7fa1e45af,16c1be31df12,3a39ebbf0111,West Bengal,4726,2024-03-15T12:15:34,2024-03-15T12:34:37,declined,0,1,P04
045aaf7084954480,67a0390930e5,3086af7b9db4,Gujarat,218,2024-03-15T12:15:35,2024-03-15T12:26:27,approved,1,0,
525c3b1c905a4d71,19a849472d1b,18dd13177644,Maharashtra,1159,2024-03-15T12:16:23,2024-03-15T12:27:17,approved,1,0,
4661d0949e8cd083,16c1be31df12,4c2d1715a785,Maharashtra,19965,2024-03-15T12:16:35,2024-03-15T12:31:50,declined,0,1,P04
2bdd221f37b570ce,16c1be31df12,15ba2aedca4d,Telangana,9145,2024-03-15T12:17:18,2024-03-15T12:33:01,declined,0,1,P04
23199c52491fcc3c,2b1781ab1f24,1c4a5c17c68e,Bihar,670,2024-03-15T12:21:15,2024-03-15T12:22:48,approved,0,0,
052aafe7f51917ed,16c1be31df12,6df0112b82e2,Delhi,6872,2024-03-15T12:21:47,2024-03-15T12:51:47,expired,0,1,P04
018d9de567cc3abf,16c1be31df12,4b7db834e491,Karnataka,13479,2024-03-15T12:23:39,2024-03-15T12:47:11,declined,0,1,P04
4fb8ca46e17f0949,16c1be31df12,6366e0af9f5c,Rajasthan,7910,2024-03-15T12:27:41,2024-03-15T12:57:41,expired,0,1,P04
2feeb968022e5a8b,16c1be31df12,54abd0a1df1c,Haryana,7395,2024-03-15T12:27:42,2024-03-15T12:30:51,declined,0,1,P04
239845e17441dcd6,16c1be31df12,4199aea52493,Bihar,4789,2024-03-15T12:30:28,2024-03-15T12:45:06,declined,0,1,P04
36eddb724e8f716b,6f5fa5bed003,1af34a83706b,Haryana,2220,2024-03-15T12:31:18,2024-03-15T12:35:51,approved,1,0,
4b00843d40443178,16c1be31df12,789f89c91851,Uttar Pradesh,5619,2024-03-15T12:31:25,2024-03-15T12:50:49,approved,0,1,P04
7b42f0b24adffb93,16c1be31df12,0ff7de4ac553,Haryana,4332,2024-03-15T12:33:20,2024-03-15T12:50:21,declined,0,1,P04
1ac2d3dc71534238,16c1be31df12,6a26da991378,Haryana,6689,2024-03-15T12:34:14,2024-03-15T12:48:33,declined,0,1,P04
2b32a0409e439800,16c1be31df12,6c7c74f561bc,Gujarat,8636,2024-03-15T12:37:33,2024-03-15T12:39:07,declined,0,1,P04
4dc085bff50cbc2a,7b8a68c1ae9c,4e5dd5e5d348,Rajasthan,414,2024-03-15T12:37:59,2024-03-15T12:54:17,approved,1,0,
51fafe964cfa9ce4,1e30aaf5adb8,4a6ef1041a59,Uttar Pradesh,611,2024-03-15T12:38:01,2024-03-15T13:08:01,expired,1,0,
404e4c0ce2ae3884,0cce3dbda79d,08df261364ca,Uttar Pradesh,245,2024-03-15T12:38:34,2024-03-15T12:41:31,approved,0,0,
2e4bddf5bca7b35a,7b99521e8d62,7fb9ce4635ad,Maharashtra,2327,2024-03-15T12:41:02,2024-03-15T13:11:02,expired,1,0,
73062a32fbf615b2,16c1be31df12,3f61239716fa,Tamil Nadu,7163,2024-03-15T12:41:56,2024-03-15T13:11:56,expired,0,1,P04
28b30485adfd7c59,5be02b242add,33efc410e940,Rajasthan,2111,2024-03-15T12:44:25,2024-03-15T12:57:33,approved,1,0,
57441acdd45b381c,16c1be31df12,1c6670fbbf79,Telangana,7937,2024-03-15T12:45:08,2024-03-15T13:15:08,expired,0,1,P04
57a3b6d428d3ba98,6e836fcd1e4d,6eadc27eb785,Tamil Nadu,960,2024-03-15T12:47:57,2024-03-15T13:17:57,expired,0,0,
00bf3e10369aacd7,0176a1a01f10,7883a3d64849,Tamil Nadu,4265,2024-03-15T12:48:33,2024-03-15T12:55:14,approved,1,0,
2c4ac17fc74e04e0,5ded2d78f299,0ecbb03f043d,Maharashtra,1488,2024-03-15T12:49:21,2024-03-15T13:19:21,expired,1,0,
2147099c1e717fc1,35ed52508031,1ccae1fc3899,Bihar,1883,2024-03-15T12:51:14,2024-03-15T12:59:50,approved,1,0,
312b8ab067297160,7b99521e8d62,4ddf7e576b0d,Karnataka,764,2024-03-15T12:52:02,2024-03-15T13:10:48,approved,1,0,
0560ee94de8550a1,16c1be31df12,1389ee9e180f,Telangana,10176,2024-03-15T12:55:41,2024-03-15T13:20:45,declined,0,1,P04
42efcbe69d55b227,694d71c69d67,697a464710a9,Bihar,2532,2024-03-15T12:56:04,2024-03-15T13:14:17,approved,1,0,
6d12215f989742ee,0176a1a01f10,3adfdfd4426f,Haryana,1174,2024-03-15T12:56:28,2024-03-15T13:13:15,approved,1,0,
3831c35fd14c29d2,4a83bc732574,59969fc15b27,Kerala,1305,2024-03-15T12:56:39,2024-03-15T13:03:51,approved,1,0,
6fe1c00e527839b8,09805b931ea6,1eb050404ccd,Karnataka,2028,2024-03-15T12:56:59,2024-03-15T13:14:31,approved,1,0,
22cc0021514fa6e2,16c1be31df12,749a58477ab6,Telangana,25000,2024-03-15T12:57:09,2024-03-15T13:27:09,expired,0,1,P04
2f3683f7b996c9a0,2b1781ab1f24,24c4c523f1ef,Delhi,156,2024-03-15T12:58:48,2024-03-15T13:28:48,expired,0,0,
7af30f0f68d98441,0cce3dbda79d,68fa7a933358,Uttar Pradesh,116,2024-03-15T12:58:55,2024-03-15T13:09:16,approved,0,0,
51d24989381dbf18,7b99521e8d62,7bb4c1c88ca1,Uttar Pradesh,1928,2024-03-15T13:00:46,2024-03-15T13:16:50,approved,1,0,
01ae74859a9ee15d,0176a1a01f10,3bbe2b1f01e8,West Bengal,1726,2024-03-15T13:01:24,2024-03-15T13:05:24,approved,1,0,
1eff0fb220cb7f00,48f26f133a7b,46288de0d397,Gujarat,491,2024-03-15T13:01:26,2024-03-15T13:10:09,approved,1,0,
347f58a11f18ee1b,16c1be31df12,27cfb4b82d1d,Bihar,25000,2024-03-15T13:01:50,2024-03-15T13:31:14,declined,0,1,P04
1381dc5cac25bcea,7b8a68c1ae9c,69a18207ce1d,Tamil Nadu,1622,2024-03-15T13:02:46,2024-03-15T13:08:17,approved,1,0,
7a50faf066765a7f,16c1be31df12,4679683f2ec7,Telangana,17791,2024-03-15T13:04:24,2024-03-15T13:30:58,declined,0,1,P04
5d3c35023008abfc,16c1be31df12,1ee6a7477000,Tamil Nadu,9838,2024-03-15T13:06:29,2024-03-15T13:36:29,expired,0,1,P04
37b4aa8f8b1340fb,16c1be31df12,3b6bd8a2bb88,Rajasthan,4475,2024-03-15T13:07:09,2024-03-15T13:37:09,expired,0,1,P04
656ab53593784fb3,16c1be31df12,556ab3f8ec5e,Haryana,7821,2024-03-15T13:08:14,2024-03-15T13:33:21,declined,0,1,P04
60d9a645b4414531,39dc63eef666,580493d8f0c6,Gujarat,627,2024-03-15T13:08:34,2024-03-15T13:18:52,declined,1,0,
3daf6ceef8add844,0cce3dbda79d,226ce0615b60,Rajasthan,1234,2024-03-15T13:09:54,2024-03-15T13:39:54,expired,0,0,
28fc81753ad85d4f,16c1be31df12,127dc8a75487,Delhi,13550,2024-03-15T13:12:08,2024-03-15T13:30:14,approved,0,1,P04
599262ec3ab46a70,45d11774ab5d,156d94e07dae,Gujarat,2580,2024-03-15T13:12:33,2024-03-15T13:18:06,approved,0,0,
0fbbeceb550d822a,16c1be31df12,7fd559047ecb,Karnataka,6055,2024-03-15T13:13:26,2024-03-15T13:43:26,expired,0,1,P04
77021d985db68801,45d11774ab5d,58737043bfd6,Bihar,346,2024-03-15T13:14:03,2024-03-15T13:44:03,expired,0,0,
65ffaea09cfde291,16c1be31df12,0ab48acd93a7,Telangana,3490,2024-03-15T13:14:20,2024-03-15T13:18:11,declined,0,1,P04
00ac5e4721121aba,6a2b9baa3e4a,46c61bccfaab,Telangana,528,2024-03-15T13:15:14,2024-03-15T13:29:42,approved,1,0,
0f39f2398863238a,6e73719779d9,7e485f040f3d,Gujarat,2109,2024-03-15T13:18:01,2024-03-15T13:32:25,approved,0,0,
4f38ce15496b901d,16c1be31df12,020ac5af5461,Haryana,9712,2024-03-15T13:19:29,2024-03-15T13:43:10,declined,0,1,P04
5c7d6b1cefc4a185,4a83bc732574,0b764f606697,Gujarat,1072,2024-03-15T13:21:09,2024-03-15T13:35:28,approved,1,0,
235e8b608b03ff00,2910947f9388,62c119bf352e,Bihar,451,2024-03-15T13:25:08,2024-03-15T13:31:23,approved,1,0,
50ff3533c1577f8f,7b99521e8d62,44e3b08b8153,Rajasthan,962,2024-03-15T13:26:53,2024-03-15T13:41:22,approved,1,0,
5e6b0913b3ff7bd2,3a6d68f3644e,62144b84e9b6,Gujarat,1645,2024-03-15T13:28:39,2024-03-15T13:42:05,approved,1,0,
3aecca90584d176d,6e836fcd1e4d,5efc4634fec3,Uttar Pradesh,918,2024-03-15T13:30:34,2024-03-15T13:37:50,declined,0,0,
3dc5f6a9ea2d2b8d,4a83bc732574,394be29a475b,Telangana,6307,2024-03-15T13:31:12,2024-03-15T13:49:38,approved,1,0,
59a8daf548d17c45,107ff2ac18f1,35aa3a91ed7d,Karnataka,273,2024-03-15T13:32:48,2024-03-15T13:41:24,approved,1,0,
4f895cd077ba06e8,513484923021,69826f122e12,Tamil Nadu,576,2024-03-15T13:33:33,2024-03-15T13:45:25,approved,1,0,
3faebe1a8c7ecab5,16c1be31df12,62a5cba2f09b,Maharashtra,9748,2024-03-15T13:35:02,2024-03-15T14:05:02,expired,0,1,P04
3b77f123c8c8f2a2,48a5f4e76a41,67ae15d9aaf9,Telangana,3175,2024-03-15T13:36:01,2024-03-15T13:39:19,approved,0,0,
33d868fb2d4472b5,6fdf521c2b77,21911c251c2d,Bihar,1213,2024-03-15T13:36:22,2024-03-15T13:51:25,approved,1,0,
7f4111c033cca14e,5e5c092ab53d,5a249ee1a65a,Karnataka,2118,2024-03-15T13:36:22,2024-03-15T13:43:08,approved,1,0,
2e2a1196b4248c50,0511fee882e4,668667c0bcca,Haryana,1155,2024-03-15T13:36:23,2024-03-15T13:46:24,approved,1,0,
0a7b6269adfd7051,0f0510686293,7e92b8654374,Haryana,561,2024-03-15T13:38:51,2024-03-15T13:52:40,approved,1,0,
47a7216cfadaebf6,513484923021,7bde4add8e3c,Rajasthan,577,2024-03-15T13:39:02,2024-03-15T13:43:21,approved,1,0,
14cbc6862becfab7,67a0390930e5,232b1e7a0019,Bihar,1543,2024-03-15T13:41:45,2024-03-15T13:56:33,approved,1,0,
2c16b8d785fe62f9,16c1be31df12,04f89ec26e18,Maharashtra,7289,2024-03-15T13:42:45,2024-03-15T14:00:20,declined,0,1,P04
42bbd55f555ae4ee,16c1be31df12,7140d634f88d,Karnataka,6710,2024-03-15T13:45:08,2024-03-15T13:53:01,declined,0,1,P04
3d4cf1979f9289c3,1e30aaf5adb8,68159fae0f1c,Delhi,299,2024-03-15T13:45:42,2024-03-15T13:50:29,approved,1,0,
73cb8a2b040d90b5,7786fa4ecb51,42f1cc8f1c78,Rajasthan,268,2024-03-15T13:47:14,2024-03-15T13:49:19,approved,1,0,
4c8d41c3d9c61fdb,16c1be31df12,3d7664081c3d,Rajasthan,6036,2024-03-15T13:47:24,2024-03-15T14:16:42,declined,0,1,P04
28331e68ea0fa49c,0176a1a01f10,4a51ec73435b,Rajasthan,2640,2024-03-15T13:48:12,2024-03-15T13:57:56,approved,1,0,
1139a08976e56680,2b1781ab1f24,4f3fdaf17ecf,Kerala,164,2024-03-15T13:48:27,2024-03-15T14:07:52,approved,0,0,
04c89cf322bb4f52,6e836fcd1e4d,68159fae0f1c,Delhi,409,2024-03-15T13:49:22,2024-03-15T14:15:42,declined,0,0,
63c6c27ef4830563,16c1be31df12,3fe52cab5ceb,Maharashtra,19403,2024-03-15T13:52:55,2024-03-15T14:19:17,declined,0,1,P04
416495b25b910b3d,16c1be31df12,078d11d1f057,Delhi,6619,2024-03-15T13:54:13,2024-03-15T14:24:13,expired,0,1,P04
1aacfd2e277012c7,2baf4e7593de,55210d8be8f0,Haryana,451,2024-03-15T13:55:14,2024-03-15T14:13:00,approved,1,0,
5b36ea794a82bfc5,16c1be31df12,77e3fa6a7fa8,West Bengal,10220,2024-03-15T13:56:44,2024-03-15T14:26:44,expired,0,1,P04
34f26eb0b1adf642,694d71c69d67,50090a5a92d2,Maharashtra,567,2024-03-15T13:58:03,2024-03-15T14:14:40,approved,1,0,
36907d38718dbefb,0fc3186df001,6efd2c7dcca3,Delhi,377,2024-03-15T13:58:16,2024-03-15T14:09:09,approved,1,0,
2f0204a900200481,16c1be31df12,14e4cbbb0af4,Tamil Nadu,6289,2024-03-15T13:58:50,2024-03-15T14:28:50,expired,0,1,P04
3eb389a46df74527,49217212965b,6b357992fd4d,Telangana,464,2024-03-15T14:05:47,2024-03-15T14:23:58,approved,1,0,
6d42d08c11f94b50,1318e3fa6d29,40136eb89829,Uttar Pradesh,497,2024-03-15T14:06:05,2024-03-15T14:24:07,approved,1,0,
3a255128a0f76733,663473dc643e,45260ff68095,Bihar,536,2024-03-15T14:07:06,2024-03-15T14:18:08,approved,1,0,
43bd73a1e0590d50,51e266317647,12ff3a1896fe,Telangana,548,2024-03-15T14:08:09,2024-03-15T14:17:25,approved,1,0,
55f2e483ecd84c7a,16c1be31df12,74724ae297c9,Uttar Pradesh,5434,2024-03-15T14:09:52,2024-03-15T14:39:23,declined,0,1,P04
053255f450acacdd,34994a8b60cd,2289b550fc82,Gujarat,440,2024-03-15T14:11:20,2024-03-15T14:41:20,expired,0,0,
53e0f2cfd51ff628,6d33a7293228,256888e3a117,Telangana,482,2024-03-15T14:12:44,2024-03-15T14:30:27,approved,1,0,
45eada2087f9857b,16c1be31df12,7071fabe9a8a,Karnataka,7787,2024-03-15T14:12:55,2024-03-15T14:42:55,expired,0,1,P04
0b90a3d87baa6d86,48a5f4e76a41,7d047ecd1a10,Haryana,372,2024-03-15T14:13:44,2024-03-15T14:26:35,approved,0,0,
01001040a1a84fee,6f5fa5bed003,2c5a9c2f7c18,Tamil Nadu,1541,2024-03-15T14:16:25,2024-03-15T14:33:21,approved,1,0,
32b590652ec34d3b,6a706675422c,038f9c1f1c50,Delhi,571,2024-03-15T14:18:56,2024-03-15T14:22:04,approved,0,0,
7c02d8f712d6f292,51e266317647,23eac107f2cc,Gujarat,449,2024-03-15T14:19:00,2024-03-15T14:36:22,approved,1,0,
4fd05ec62a0c914f,51e266317647,7fa1eed062d0,Telangana,405,2024-03-15T14:20:06,2024-03-15T14:38:00,approved,1,0,
24c2d1acf66c9593,16c1be31df12,548e8a4f8ecb,Telangana,7074,2024-03-15T14:20:26,2024-03-15T14:47:36,declined,0,1,P04
34f6dea516f1c304,16c1be31df12,3fac480c6502,Rajasthan,7227,2024-03-15T14:21:19,2024-03-15T14:47:44,declined,0,1,P04
361b4f5cd159accb,41e20e89712f,56ccc28affc7,West Bengal,1146,2024-03-15T14:21:33,2024-03-15T14:34:37,approved,1,0,
511297608720d58b,16c1be31df12,4ab03daf1c03,Telangana,19421,2024-03-15T14:23:47,2024-03-15T14:28:22,declined,0,1,P04
013a01dfec04db2e,51e266317647,30f00e5e197b,West Bengal,630,2024-03-15T14:25:51,2024-03-15T14:38:02,approved,1,0,
163944864471f178,19a849472d1b,79fda29de014,Telangana,2213,2024-03-15T14:27:02,2024-03-15T14:37:59,approved,1,0,
3d6c4f56497db38b,0d4a1f2e8b76,46f961e66906,Gujarat,490,2024-03-15T14:28:39,2024-03-15T14:35:29,approved,1,0,
4de66cfa531a0bb6,6a706675422c,275509cf4ea9,Uttar Pradesh,1097,2024-03-15T14:36:20,2024-03-15T14:55:36,approved,0,0,
2e70a4f889a60e11,6f5fa5bed003,596af178cc7a,Maharashtra,1173,2024-03-15T14:36:41,2024-03-15T14:46:52,approved,1,0,
4458c49781bf2a1e,4a83bc732574,7b1313cd7f53,Kerala,1061,2024-03-15T14:39:25,2024-03-15T14:56:12,approved,1,0,
7a3915b531c31cc5,0d9a63adaba5,5f2c6feb79f0,West Bengal,2009,2024-03-15T14:41:10,2024-03-15T14:59:05,approved,1,0,
0cffd387d2273384,48a5f4e76a41,02802d1f03b7,West Bengal,1553,2024-03-15T14:43:54,2024-03-15T14:49:28,approved,0,0,
00b3151b56956cf1,48f26f133a7b,5ba1164c7165,Kerala,372,2024-03-15T14:46:55,2024-03-15T15:04:00,approved,1,0,
66607c0e99f0be52,67a0390930e5,67700ee39db7,West Bengal,767,2024-03-15T14:58:30,2024-03-15T15:03:57,approved,1,0,
43f60691f622cb8b,0511fee882e4,34aa3e428dec,Tamil Nadu,875,2024-03-15T14:58:58,2024-03-15T15:07:20,approved,1,0,
1a6e7bd0da12a5e4,1e30aaf5adb8,02f0f2681d8b,Gujarat,686,2024-03-15T15:02:43,2024-03-15T15:20:01,declined,1,0,
3bf3696512356d13,6e836fcd1e4d,20a8e47dc888,Rajasthan,1225,2024-03-15T15:03:51,2024-03-15T15:23:41,approved,0,0,
688496606a1f7386,0511fee882e4,5e626eb0f206,Telangana,1061,2024-03-15T15:04:45,2024-03-15T15:06:50,approved,1,0,
3d9a93a76e60a09d,6a2b9baa3e4a,1bc3327266d0,Karnataka,379,2024-03-15T15:08:16,2024-03-15T15:08:47,approved,1,0,
44f3dc9e56b60f60,1e30aaf5adb8,2774f7b386e1,Gujarat,574,2024-03-15T15:08:25,2024-03-15T15:09:46,approved,1,0,
4a9c0f0b8c052502,48a5f4e76a41,12b59ce47f4a,Telangana,1218,2024-03-15T15:08:36,2024-03-15T15:20:53,approved,0,0,
7b89a1fec911088a,0f0510686293,2c04c09ee96c,Karnataka,1070,2024-03-15T15:10:45,2024-03-15T15:23:10,approved,1,0,
59e7a0c0cac7ebc0,5be02b242add,0f90ddbef2d3,Tamil Nadu,2225,2024-03-15T15:11:56,2024-03-15T15:12:47,approved,1,0,
4992bad668b6039b,20332b92b91c,7c47842b8b5d,Kerala,1393,2024-03-15T15:13:22,2024-03-15T15:22:36,approved,0,0,
05022489d04175a4,7b99521e8d62,732ad112b297,Maharashtra,298,2024-03-15T15:14:09,2024-03-15T15:14:57,approved,1,0,
07923d96d8054232,0d9a63adaba5,5eb40b33356a,Rajasthan,1020,2024-03-15T15:18:46,2024-03-15T15:23:30,approved,1,0,
7491438d9862f7eb,11d601015742,04055cc9a2fc,Maharashtra,2131,2024-03-15T15:19:19,2024-03-15T15:41:14,declined,1,0,
689b5628d512daf4,216f11aafe2f,190b4b2736da,Gujarat,1482,2024-03-15T15:19:41,2024-03-15T15:32:38,approved,0,0,
139ce216334a7a4c,48f26f133a7b,756731fc7370,Telangana,275,2024-03-15T15:21:55,2024-03-15T15:26:46,approved,1,0,
7a3ee89823c3ccb3,20332b92b91c,149c47d61d9c,Bihar,2468,2024-03-15T15:23:22,2024-03-15T15:37:33,approved,0,0,
7d257109af0393f9,2569a0f51294,1b191141593c,Karnataka,1055,2024-03-15T15:23:51,2024-03-15T15:34:59,approved,1,0,
6a6b89982ca1daec,60a547ae6f0e,282344311181,Rajasthan,414,2024-03-15T15:24:51,2024-03-15T15:35:26,approved,1,0,
3f2f0c448cbccf1a,7b8a68c1ae9c,2d984a85ae40,Kerala,2029,2024-03-15T15:29:39,2024-03-15T15:59:39,expired,1,0,
7cc2fe7c5746db16,6a2b9baa3e4a,58acac09f241,Haryana,489,2024-03-15T15:29:53,2024-03-15T15:49:34,approved,1,0,
7a91f93fec0ad8d1,5ded2d78f299,31ef5bd70779,Delhi,4310,2024-03-15T15:36:46,2024-03-15T15:50:38,approved,1,0,
5aa41ecda100178e,3a6d68f3644e,6cfe761b1892,West Bengal,2337,2024-03-15T15:38:32,2024-03-15T15:52:22,approved,1,0,
4f326e9ebef2dbe1,6f17ea22aaac,5ab58b364bf2,Maharashtra,2799,2024-03-15T15:38:51,2024-03-15T16:06:56,declined,1,0,
3e7b2b3701a8e68b,1318e3fa6d29,20867e43a704,West Bengal,206,2024-03-15T15:40:35,2024-03-15T15:41:40,approved,1,0,
7c030ac0d49fdd8e,57c10fd5b9d3,3beda0e658f0,Karnataka,8221,2024-03-15T15:43:40,2024-03-15T16:03:29,declined,0,1,P06
363b113d1fbac02b,6a2b9baa3e4a,550812021a84,Kerala,361,2024-03-15T15:43:52,2024-03-15T15:49:49,approved,1,0,
37b54927d40858e2,35ed52508031,208b8684f7de,West Bengal,2122,2024-03-15T15:44:49,2024-03-15T15:50:21,approved,1,0,
385a75771b2ce898,6a2b9baa3e4a,5a1f70d10069,Rajasthan,382,2024-03-15T15:46:56,2024-03-15T15:59:48,approved,1,0,
2dac2aa86880e33c,57c10fd5b9d3,6e07e340ff07,Uttar Pradesh,17996,2024-03-15T15:48:47,2024-03-15T15:51:14,declined,0,1,P06
193dd074dc65a1f4,634690700829,63b0d5752488,Delhi,767,2024-03-15T15:48:56,2024-03-15T16:03:29,approved,1,0,
0d7bc99de667945b,57c10fd5b9d3,60edb4809702,Delhi,3197,2024-03-15T15:54:44,2024-03-15T15:57:50,declined,0,1,P06
0311607c933d69bb,67a0390930e5,48cebf54b06a,Gujarat,624,2024-03-15T15:56:40,2024-03-15T16:10:37,approved,1,0,
7a49f72b8ecb2d74,6e836fcd1e4d,322e732f7d20,Karnataka,324,2024-03-15T15:57:58,2024-03-15T16:27:58,expired,0,0,
3d8fd1f3862162f0,57c10fd5b9d3,42fa6122573c,West Bengal,4981,2024-03-15T16:00:42,2024-03-15T16:16:47,declined,0,1,P06
6c39a87ceff24575,57c10fd5b9d3,2b69a9a01786,West Bengal,4994,2024-03-15T16:02:05,2024-03-15T16:06:55,declined,0,1,P06
5c553bb1d9308e38,57c10fd5b9d3,3724a31af62d,West Bengal,22264,2024-03-15T16:03:20,2024-03-15T16:19:57,declined,0,1,P06
0f7deeca1c60e00d,30595689af87,758dc7402587,Telangana,2423,2024-03-15T16:03:49,2024-03-15T16:33:49,expired,1,0,
7c5a1be278580540,48a5f4e76a41,159e214cb5c8,West Bengal,786,2024-03-15T16:03:57,2024-03-15T16:19:03,approved,0,0,
79ecd438855138a7,4a83bc732574,30a5aaae87f0,Kerala,4728,2024-03-15T16:05:00,2024-03-15T16:19:48,approved,1,0,
791f4eb8c17f470d,6f17ea22aaac,523d69f19025,Delhi,469,2024-03-15T16:05:21,2024-03-15T16:22:31,approved,1,0,
7ed252d98c82ba18,09f6cd55cca3,345e7660a4ce,Karnataka,6698,2024-03-15T16:06:12,2024-03-15T16:14:00,approved,1,0,
323add49e1d59bb1,67a0390930e5,7c89a77613c5,Telangana,541,2024-03-15T16:06:22,2024-03-15T16:24:52,approved,1,0,
71d1b0226117f699,57c10fd5b9d3,6fb9bcecde51,Tamil Nadu,13100,2024-03-15T16:06:22,2024-03-15T16:10:46,declined,0,1,P06
387086875f3c00f0,7786fa4ecb51,7b35325edbba,Gujarat,503,2024-03-15T16:07:02,2024-03-15T16:09:06,approved,1,0,
6cc48e1a519b6715,57c10fd5b9d3,1f74ef1b3a56,Gujarat,9765,2024-03-15T16:07:18,2024-03-15T16:11:55,approved,0,1,P06
4d64618003467945,6a7bccb8c392,46e59c1eb721,Tamil Nadu,534,2024-03-15T16:09:15,2024-03-15T16:11:43,approved,1,0,
341b196e6fae90f6,09805b931ea6,204ed41e77df,Uttar Pradesh,1853,2024-03-15T16:10:16,2024-03-15T16:14:21,declined,1,0,
602cfce1739d5a3a,57c10fd5b9d3,4e94bbc0bd51,Bihar,23215,2024-03-15T16:17:52,2024-03-15T16:28:53,declined,0,1,P06
4810a0b9bfcc9bd7,57c10fd5b9d3,1df2dd139729,Maharashtra,5273,2024-03-15T16:19:21,2024-03-15T16:42:33,declined,0,1,P06
4ea5d8678e10564e,48f26f133a7b,7e0c0e27f293,Delhi,235,2024-03-15T16:21:51,2024-03-15T16:28:16,approved,1,0,
4fc136b33d12a715,6e73719779d9,3539a47729b5,Telangana,5596,2024-03-15T16:21:55,2024-03-15T16:26:17,declined,0,0,
24d41c98017b8d7e,57c10fd5b9d3,512dac3c8767,Delhi,15560,2024-03-15T16:23:34,2024-03-15T16:37:01,declined,0,1,P06
56a52b545f644652,57c10fd5b9d3,17d0626f3361,Uttar Pradesh,6267,2024-03-15T16:25:01,2024-03-15T16:48:47,declined,0,1,P06
6a045280b8eed361,3a6576ce966b,7e48b6a084d8,Karnataka,2010,2024-03-15T16:32:36,2024-03-15T16:49:09,approved,1,0,
7c1d067933133148,35ed52508031,78a63a690f0e,Delhi,1247,2024-03-15T16:33:24,2024-03-15T16:42:45,approved,1,0,
7b720f2f5af52f3a,57c10fd5b9d3,73cd5454980f,Haryana,8418,2024-03-15T16:34:13,2024-03-15T16:40:22,declined,0,1,P06
5bc539d1647b23bf,663473dc643e,35a5cfbdf56d,Kerala,963,2024-03-15T16:35:18,2024-03-15T16:45:39,approved,1,0,
365eb8da8e7c635b,6a7bccb8c392,1c962a98e165,Uttar Pradesh,231,2024-03-15T16:36:28,2024-03-15T16:55:40,approved,1,0,
7024d7f112fccca3,57c10fd5b9d3,49664e12f289,Telangana,18593,2024-03-15T16:37:30,2024-03-15T17:07:30,expired,0,1,P06
1c0f74dc52326a51,6a2b9baa3e4a,79b99bc53ca8,Telangana,568,2024-03-15T16:38:07,2024-03-15T16:50:17,approved,1,0,
2985d6a292b7f3b5,57c10fd5b9d3,63513ad2bb3f,Telangana,14401,2024-03-15T16:39:51,2024-03-15T16:53:27,declined,0,1,P06
2a206652da87833a,5be02b242add,25c765150083,Tamil Nadu,2608,2024-03-15T16:40:42,2024-03-15T16:47:16,approved,1,0,
499cf3113e4b71b7,6fdf521c2b77,4f8cd24ce69a,Tamil Nadu,1336,2024-03-15T16:41:17,2024-03-15T16:50:40,approved,1,0,
4babcdb9b4dc2853,6646fee30506,23603a42cf4e,Haryana,1468,2024-03-15T16:41:20,2024-03-15T16:52:35,approved,1,0,
25ec95fbda5e5b5c,57c10fd5b9d3,479a41606fcc,West Bengal,9310,2024-03-15T16:42:12,2024-03-15T16:56:00,declined,0,1,P06
4ebb4bd722c24be9,57c10fd5b9d3,18b7c14b2966,Kerala,19991,2024-03-15T16:45:42,2024-03-15T17:15:42,expired,0,1,P06
46fd65c9cb3172c0,20332b92b91c,30d8bc6d21dc,Tamil Nadu,957,2024-03-15T16:47:45,2024-03-15T16:50:26,approved,0,0,
1d1bb9460d118271,57c10fd5b9d3,26bf7872a75a,Haryana,12409,2024-03-15T16:48:13,2024-03-15T17:17:32,declined,0,1,P06
4017ff11fd9bfd84,22ea49616c97,52caac6a1c22,Gujarat,536,2024-03-15T16:50:32,2024-03-15T17:09:41,approved,1,0,
05518964d2daade2,57c10fd5b9d3,43366352771a,West Bengal,5783,2024-03-15T16:51:10,2024-03-15T17:20:05,declined,0,1,P06
21784c8bc5577a15,57c10fd5b9d3,3b71468e08e5,Tamil Nadu,9595,2024-03-15T16:52:19,2024-03-15T17:15:11,declined,0,1,P06
4898df2abb478ae5,57c10fd5b9d3,316d4e3b18b8,West Bengal,4881,2024-03-15T16:52:43,2024-03-15T17:06:48,declined,0,1,P06
6234bb84ac6c5578,2569a0f51294,5f92030a38b2,Maharashtra,2481,2024-03-15T16:52:48,2024-03-15T17:00:38,approved,1,0,
222b420dbacf2fce,57c10fd5b9d3,64fea55133d9,Delhi,9424,2024-03-15T16:52:50,2024-03-15T17:22:50,expired,0,1,P06
4860ec64d928d138,0d4a1f2e8b76,6295012251fb,Haryana,601,2024-03-15T16:52:55,2024-03-15T16:59:04,approved,1,0,
77f7d848010fb16b,57c10fd5b9d3,250c97ac851f,Telangana,5625,2024-03-15T16:54:11,2024-03-15T17:21:44,declined,0,1,P06
6d05ab68138fedef,57c10fd5b9d3,58789bfa8f82,Telangana,11957,2024-03-15T16:54:29,2024-03-15T17:07:45,declined,0,1,P06
03139e7859c88e5d,57c10fd5b9d3,509aec9821d9,Delhi,10118,2024-03-15T16:54:36,2024-03-15T17:13:29,declined,0,1,P06
2649c4b157b0277c,67a0390930e5,71b807ef0536,Tamil Nadu,700,2024-03-15T17:00:19,2024-03-15T17:16:23,approved,1,0,
4a0f9099b56f22b7,57c10fd5b9d3,6107645f13db,West Bengal,7827,2024-03-15T17:02:58,2024-03-15T17:32:58,expired,0,1,P06
3f493d185c795466,0511fee882e4,3a0348904ecf,Tamil Nadu,1453,2024-03-15T17:02:59,2024-03-15T17:04:58,approved,1,0,
02879fa5713fd52f,6a706675422c,3dd8d1737759,Delhi,198,2024-03-15T17:03:03,2024-03-15T17:07:39,declined,0,0,
1524e1e286b2971f,2b1781ab1f24,05c7e8812f8c,Uttar Pradesh,704,2024-03-15T17:03:28,2024-03-15T17:11:10,approved,0,0,
3e47fb1ae6591902,1318e3fa6d29,4cf131fb8ef6,Maharashtra,462,2024-03-15T17:04:09,2024-03-15T17:16:01,approved,1,0,
398df37b23d3b3a6,57c10fd5b9d3,2513dfd29124,Gujarat,8647,2024-03-15T17:05:32,2024-03-15T17:35:32,expired,0,1,P06
16dfdd9c7ff1d36d,57c10fd5b9d3,420755744167,Uttar Pradesh,5009,2024-03-15T17:06:46,2024-03-15T17:27:56,declined,0,1,P06
4a9844fadf457592,34994a8b60cd,6ed0c15c73bb,Tamil Nadu,764,2024-03-15T17:08:13,2024-03-15T17:24:06,approved,0,0,
66cccd2a26e0c719,19a849472d1b,71ffd097f13e,Delhi,1343,2024-03-15T17:10:55,2024-03-15T17:25:23,approved,1,0,
0cc5f79377763038,57c10fd5b9d3,778f3cab2348,Telangana,7554,2024-03-15T17:12:42,2024-03-15T17:33:34,declined,0,1,P06
154650eb6507a5b2,6fdf521c2b77,3425656295dd,Kerala,705,2024-03-15T17:13:23,2024-03-15T17:18:20,approved,1,0,
11d8d1a03a36ec2d,39dc63eef666,129425638c66,Gujarat,427,2024-03-15T17:16:13,2024-03-15T17:31:47,approved,1,0,
6b1481eebf43b4cb,5e5c092ab53d,4c5939de048e,Haryana,702,2024-03-15T17:16:42,2024-03-15T17:28:11,approved,1,0,
5b7b373bb4bacdf7,57c10fd5b9d3,114de2f5d3a4,Uttar Pradesh,6017,2024-03-15T17:19:27,2024-03-15T17:41:12,declined,0,1,P06
163e4858f941300e,57c10fd5b9d3,4895ddd8d0a4,Maharashtra,7647,2024-03-15T17:23:40,2024-03-15T17:53:40,expired,0,1,P06
51b7b43eadad4d77,3a6d68f3644e,01abd53e5244,Kerala,1493,2024-03-15T17:25:54,2024-03-15T17:28:24,approved,1,0,
37a30da36e4f2783,57c10fd5b9d3,37e624cca85b,Delhi,4296,2024-03-15T17:26:14,2024-03-15T17:28:11,declined,0,1,P06
03c4079d89cbc5e8,22ea49616c97,37a0be912fe1,Delhi,785,2024-03-15T17:27:40,2024-03-15T17:39:25,approved,1,0,
13caa99fb17a6005,6a706675422c,7944f8a36644,Gujarat,2804,2024-03-15T17:28:04,2024-03-15T17:44:30,approved,0,0,
5d2e4552d9322b5a,57c10fd5b9d3,406f55b87355,Tamil Nadu,9527,2024-03-15T17:28:35,2024-03-15T17:56:57,declined,0,1,P06
2230dd467a296656,6a7bccb8c392,6b4ced5a86d2,Gujarat,332,2024-03-15T17:28:44,2024-03-15T17:39:16,approved,1,0,
3c8f98d7064d3b9f,2b1781ab1f24,208e9ec24310,Tamil Nadu,849,2024-03-15T17:29:06,2024-03-15T17:44:25,approved,0,0,
2dd67a5a084896fe,57c10fd5b9d3,736122180ffb,Uttar Pradesh,17405,2024-03-15T17:30:01,2024-03-15T18:00:01,expired,0,1,P06
3a78489fb6398fca,30595689af87,6b667e42e869,Kerala,1325,2024-03-15T17:31:26,2024-03-15T17:33:48,approved,1,0,
4b60626780612cc9,57c10fd5b9d3,066912bd69b5,Bihar,4902,2024-03-15T17:31:41,2024-03-15T18:01:41,expired,0,1,P06
4948fa221f3269f5,6e73719779d9,5247ee602c52,Haryana,4651,2024-03-15T17:31:45,2024-03-15T17:50:11,approved,0,0,
296ad9dabcc92736,57c10fd5b9d3,4ef4e9a1b8e6,Telangana,3479,2024-03-15T17:32:06,2024-03-15T17:41:49,declined,0,1,P06
332259c2d75174b6,34994a8b60cd,22cee8c03fb1,Rajasthan,271,2024-03-15T17:34:55,2024-03-15T17:54:54,approved,0,0,
747ed7114deb4991,0f0510686293,580837b7a4cc,West Bengal,923,2024-03-15T17:35:20,2024-03-15T17:48:06,approved,1,0,
478e686fcf950405,694d71c69d67,251ef1db65d9,Tamil Nadu,3609,2024-03-15T17:35:58,2024-03-15T17:55:32,approved,1,0,
0c451af4f71a3715,6d33a7293228,36a25cdcd8b7,Haryana,458,2024-03-15T17:36:04,2024-03-15T17:48:13,approved,1,0,
73dc0c102bacaee9,30595689af87,4f5714ef063d,West Bengal,1035,2024-03-15T17:37:46,2024-03-15T17:40:14,approved,1,0,
2cab4a332405574b,1e30aaf5adb8,56a4866e1ab8,Rajasthan,551,2024-03-15T17:39:34,2024-03-15T17:40:23,approved,1,0,
5ccc47e651057cfa,57c10fd5b9d3,7aee8e09089c,Uttar Pradesh,8394,2024-03-15T17:39:42,2024-03-15T18:09:02,declined,0,1,P06
53b1297bb020be0d,22ea49616c97,596f29f0f4d0,Karnataka,570,2024-03-15T17:40:11,2024-03-15T17:55:36,approved,1,0,
09f132e5c4b6774c,67a0390930e5,2ec6735f03ff,West Bengal,225,2024-03-15T17:43:17,2024-03-15T18:03:00,approved,1,0,
12feb9fd0f0df126,4c6b531ee064,73d236b9fd42,Uttar Pradesh,1037,2024-03-15T17:43:29,2024-03-15T17:59:50,approved,1,0,
5d6146b62fb9f646,0176a1a01f10,0397e97fc924,Uttar Pradesh,1126,2024-03-15T17:44:01,2024-03-15T17:47:59,approved,1,0,
31354ab07bb5c1c0,57c10fd5b9d3,75475a69dad1,Karnataka,17570,2024-03-15T17:44:13,2024-03-15T17:44:29,declined,0,1,P06
53b48a1e7c051cf0,6d33a7293228,2cdf9858dec7,Tamil Nadu,449,2024-03-15T17:45:20,2024-03-15T18:03:12,approved,1,0,
777e9b8e80f4061c,57c10fd5b9d3,22cee8c03fb1,Rajasthan,8210,2024-03-15T17:45:22,2024-03-15T18:15:22,expired,0,1,P06
32263b4430f5344f,634690700829,00953ae604c1,Gujarat,300,2024-03-15T17:45:37,2024-03-15T18:00:34,approved,1,0,
27bad79d0fdd5e92,60a547ae6f0e,2f0dd0a4f5d8,Bihar,656,2024-03-15T17:47:11,2024-03-15T18:09:28,declined,1,0,
4f1ca8f6143d2dd7,0176a1a01f10,24361b392f28,Bihar,885,2024-03-15T17:47:27,2024-03-15T17:54:49,approved,1,0,
6bbc3d9559b49dc0,6f5fa5bed003,502fcaf0be5b,Uttar Pradesh,524,2024-03-15T17:47:44,2024-03-15T17:54:38,approved,1,0,
557869be7adbe5fe,6a2b9baa3e4a,1034c8040db8,Haryana,260,2024-03-15T17:47:44,2024-03-15T17:52:36,approved,1,0,
3764a9bea42e619f,67a0390930e5,597aa0d86227,West Bengal,428,2024-03-15T17:48:05,2024-03-15T17:55:06,approved,1,0,
209fdad74b0ec552,67a0390930e5,70c2b1a6a83f,Telangana,300,2024-03-15T17:48:40,2024-03-15T18:02:12,approved,1,0,
465594c5df2a3df0,57c10fd5b9d3,7042d7f5491d,Gujarat,4838,2024-03-15T17:49:11,2024-03-15T18:07:21,declined,0,1,P06
7bdb7ba995c65aae,57c10fd5b9d3,565a1ae87733,Telangana,2753,2024-03-15T17:49:14,2024-03-15T18:19:14,expired,0,1,P06
1a8a7c491d8f3048,57c10fd5b9d3,4de5f2a6ccc1,Kerala,7612,2024-03-15T17:50:52,2024-03-15T18:11:15,declined,0,1,P06
6e8cf0a8906d7cee,57c10fd5b9d3,5ae7fc3d7124,Gujarat,4545,2024-03-15T17:51:25,2024-03-15T17:53:51,declined,0,1,P06
5b4c82c3cd88d6d6,51e266317647,089d016a776e,West Bengal,932,2024-03-15T17:51:46,2024-03-15T18:04:56,approved,1,0,
658ef9dbc96c1c73,57c10fd5b9d3,773698d7a43b,Tamil Nadu,7376,2024-03-15T17:54:07,2024-03-15T18:10:29,declined,0,1,P06
78f1b372935c7dce,663473dc643e,520c8002304c,Kerala,1009,2024-03-15T17:56:09,2024-03-15T17:57:24,approved,1,0,
2effee3cdd7a1674,57c10fd5b9d3,40a325d7729a,Kerala,6946,2024-03-15T17:56:17,2024-03-15T18:23:38,declined,0,1,P06
7f3f811430088859,107ff2ac18f1,71e85909c48c,Haryana,734,2024-03-15T17:58:05,2024-03-15T18:10:15,approved,1,0,
57c8353a0ba9cdb7,57c10fd5b9d3,0473f4881c28,Telangana,3679,2024-03-15T17:59:25,2024-03-15T18:29:25,expired,0,1,P06
10077372fa06c871,67a0390930e5,447ebb7bd2c7,Delhi,1056,2024-03-15T18:00:27,2024-03-15T18:08:08,approved,1,0,
419d69bf3aec4c3f,0511fee882e4,4d5225d3cb5d,Haryana,2127,2024-03-15T18:01:21,2024-03-15T18:13:27,approved,1,0,
2e0fd3964d0eab08,4c6b531ee064,031c8a02cc1e,Haryana,768,2024-03-15T18:02:14,2024-03-15T18:11:32,approved,1,0,
6719572583ff6528,30595689af87,2b0723fe1700,Haryana,549,2024-03-15T18:04:44,2024-03-15T18:06:04,approved,1,0,
6e6537d634f67575,48f26f133a7b,64fa449a9d55,Bihar,526,2024-03-15T18:06:32,2024-03-15T18:21:59,approved,1,0,
3fcc96ccd859e395,57c10fd5b9d3,4ddb5ab48c98,Haryana,14900,2024-03-15T18:07:15,2024-03-15T18:34:53,declined,0,1,P06
771afd711ce00643,107ff2ac18f1,6eadc27eb785,Tamil Nadu,387,2024-03-15T18:07:20,2024-03-15T18:13:59,approved,1,0,
2989615ce609bc00,57c10fd5b9d3,51d4bca481f1,Telangana,7702,2024-03-15T18:08:20,2024-03-15T18:12:50,declined,0,1,P06
7ffde6331dd9a1e4,5be02b242add,2163a1c72dad,Uttar Pradesh,1114,2024-03-15T18:08:43,2024-03-15T18:38:43,expired,1,0,
738ffcd3ddedacf4,57c10fd5b9d3,795267bfcac5,Bihar,7376,2024-03-15T18:09:16,2024-03-15T18:26:54,declined,0,1,P06
7020e525db194a46,57c10fd5b9d3,54d5ef8646d5,Tamil Nadu,14524,2024-03-15T18:11:03,2024-03-15T18:28:03,declined,0,1,P06
39619358d1e786e4,57c10fd5b9d3,0457c8b78038,Haryana,11150,2024-03-15T18:12:57,2024-03-15T18:30:05,declined,0,1,P06
64e3ef560afde52d,57c10fd5b9d3,30f00e5e197b,West Bengal,25000,2024-03-15T18:13:07,2024-03-15T18:19:54,declined,0,1,P06
13159980c1b3529f,513484923021,2a4e828a9c1b,Maharashtra,603,2024-03-15T18:13:24,2024-03-15T18:26:17,approved,1,0,
060395f7659fe709,11d601015742,651b6d2c979a,Telangana,3205,2024-03-15T18:14:45,2024-03-15T18:28:41,approved,1,0,
24cb6a8750b6eab2,57c10fd5b9d3,783dd0122a5e,Telangana,7131,2024-03-15T18:16:50,2024-03-15T18:34:38,declined,0,1,P06
4997b6b156f17023,48a5f4e76a41,5ff675deb402,Rajasthan,164,2024-03-15T18:18:10,2024-03-15T18:24:35,approved,0,0,
6226604d3c00f71a,513484923021,544a9d9be2a3,Kerala,772,2024-03-15T18:20:15,2024-03-15T18:27:19,approved,1,0,
111b5ee7268aa9b6,57c10fd5b9d3,039f838f339c,Telangana,8920,2024-03-15T18:20:52,2024-03-15T18:50:52,expired,0,1,P06
30fedd430316bf06,2baf4e7593de,1a9e10ebb997,Bihar,813,2024-03-15T18:25:41,2024-03-15T18:36:13,approved,1,0,
6b7080f5cd57f4f3,20332b92b91c,596f29f0f4d0,Karnataka,110,2024-03-15T18:26:02,2024-03-15T18:56:02,expired,0,0,
1a9741d30ade8ceb,57c10fd5b9d3,0f75fd4aae06,Haryana,14626,2024-03-15T18:26:44,2024-03-15T18:27:51,declined,0,1,P06
3a78ee3768dc7774,48f26f133a7b,40ebebf5088f,Karnataka,454,2024-03-15T18:27:05,2024-03-15T18:30:11,approved,1,0,
3024d79bd2b93e19,2baf4e7593de,05c1ad410158,Uttar Pradesh,550,2024-03-15T18:27:20,2024-03-15T18:40:29,declined,1,0,
7b9a30c71d2e0527,57c10fd5b9d3,1789b9ab3002,Maharashtra,10486,2024-03-15T18:29:03,2024-03-15T18:59:03,expired,0,1,P06
687b7a0392ce43a3,663473dc643e,30661464c6a1,West Bengal,914,2024-03-15T18:31:48,2024-03-15T18:35:58,approved,1,0,
7270980400b5f568,45d11774ab5d,0905e1fe8261,Karnataka,1231,2024-03-15T18:39:42,2024-03-15T18:54:54,declined,0,0,
3e48c56518e5e90e,57c10fd5b9d3,7d3b331c5170,Rajasthan,10172,2024-03-15T18:41:16,2024-03-15T19:11:16,expired,0,1,P06
552fd719bf2ac5a3,513484923021,675a4948757c,Haryana,242,2024-03-15T18:41:23,2024-03-15T18:51:12,approved,1,0,
66571b0425af1ec1,57c10fd5b9d3,1dca9f01e6eb,Bihar,6260,2024-03-15T18:41:39,2024-03-15T18:54:17,declined,0,1,P06
7eb87fabe755e1c7,57c10fd5b9d3,4578e2c7fa59,Delhi,7584,2024-03-15T18:41:52,2024-03-15T18:58:10,approved,0,1,P06
42e07be0f79f2e82,4818964bb9e3,2810c3560356,Rajasthan,707,2024-03-15T18:43:24,2024-03-15T19:02:37,approved,1,0,
7fa102cc4cb59510,57c10fd5b9d3,05761f2211a4,Uttar Pradesh,11069,2024-03-15T18:45:02,2024-03-15T18:50:38,declined,0,1,P06
624e0aba9d1aad84,7786fa4ecb51,7e40e57c902f,Bihar,519,2024-03-15T18:45:29,2024-03-15T19:04:01,approved,1,0,
6e65090f6b1ff8f9,57c10fd5b9d3,1b5a7caa2f86,Gujarat,5749,2024-03-15T18:45:46,2024-03-15T18:56:50,approved,0,1,P06
61389610b129add7,694d71c69d67,04b6296a443b,Haryana,1927,2024-03-15T18:46:21,2024-03-15T18:51:18,approved,1,0,
16d2a4c728f4226c,57c10fd5b9d3,2249e0f08b22,Haryana,5946,2024-03-15T18:46:31,2024-03-15T18:59:57,approved,0,1,P06
3c31c98b13ed9c68,6a7bccb8c392,2249e0f08b22,Haryana,490,2024-03-15T18:47:19,2024-03-15T18:57:42,approved,1,0,
21dfac8f214f9ac2,57c10fd5b9d3,049b4eb90c00,Tamil Nadu,8870,2024-03-15T18:47:40,2024-03-15T19:17:40,expired,0,1,P06
76ccd86b4841cdac,634690700829,0fc4034241e6,Haryana,551,2024-03-15T18:48:53,2024-03-15T19:08:41,approved,1,0,
35a6642884b998cf,694d71c69d67,4dd6989dbceb,Karnataka,1489,2024-03-15T18:49:01,2024-03-15T18:51:45,declined,1,0,
603185495a461916,57c10fd5b9d3,5abb891abebf,Rajasthan,20457,2024-03-15T18:49:29,2024-03-15T19:19:29,expired,0,1,P06
61fc3c66c74e15a1,694d71c69d67,377943537afe,Telangana,2431,2024-03-15T18:53:03,2024-03-15T18:55:20,approved,1,0,
174b3bdfeda321ca,57c10fd5b9d3,744c7f951a4b,Kerala,10021,2024-03-15T18:55:04,2024-03-15T19:25:04,expired,0,1,P06
4591adfd1485a58f,1e30aaf5adb8,72f4e8849278,Rajasthan,536,2024-03-15T18:55:23,2024-03-15T19:05:14,approved,1,0,
16fb451eb74b4cee,57c10fd5b9d3,533830bee1dc,Kerala,18967,2024-03-15T18:55:53,2024-03-15T19:13:04,declined,0,1,P06
38dbdd4cc21eafce,57c10fd5b9d3,251371115626,Kerala,9812,2024-03-15T18:56:44,2024-03-15T19:26:44,expired,0,1,P06
16b0cc6d54183eed,57c10fd5b9d3,54d5ef8646d5,Tamil Nadu,18811,2024-03-15T18:57:29,2024-03-15T19:27:29,expired,0,1,P06
41cacf7c952cf873,57c10fd5b9d3,319987038148,West Bengal,20999,2024-03-15T18:57:55,2024-03-15T19:27:55,expired,0,1,P06
27a57ef6c551b768,694d71c69d67,5f79dc3ef633,Maharashtra,1214,2024-03-15T18:59:29,2024-03-15T19:10:45,approved,1,0,
2bc08ae612cd1742,57c10fd5b9d3,47e66a34d118,West Bengal,9751,2024-03-15T19:00:12,2024-03-15T19:30:12,expired,0,1,P06
14e7a678be2287ab,1318e3fa6d29,7b0ab8587b44,Kerala,521,2024-03-15T19:00:33,2024-03-15T19:07:01,approved,1,0,
0e04342a1a30a15b,5ded2d78f299,1aa4ac2befe5,Telangana,2411,2024-03-15T19:02:02,2024-03-15T19:32:02,expired,1,0,
3a11e45b8453aa3a,57c10fd5b9d3,243792f266ba,Telangana,6460,2024-03-15T19:03:50,2024-03-15T19:33:50,expired,0,1,P06
443e8a8552162f87,20332b92b91c,52c9288dc6de,West Bengal,2512,2024-03-15T19:04:36,2024-03-15T19:23:32,declined,0,0,
7e80109dbc578e37,2569a0f51294,7a86ee7940b9,Bihar,1554,2024-03-15T19:05:31,2024-03-15T19:14:03,approved,1,0,
2f0fa0c0ffe94eb8,09f6cd55cca3,09dedeac12de,Maharashtra,2613,2024-03-15T19:05:49,2024-03-15T19:23:15,approved,1,0,
62e96cf21cb5221c,6f17ea22aaac,15fcbd2bf45b,Karnataka,1533,2024-03-15T19:06:38,2024-03-15T19:19:11,approved,1,0,
073090b40cf1b767,4c6b531ee064,35136e59e2cf,Telangana,2029,2024-03-15T19:06:40,2024-03-15T19:20:05,approved,1,0,
36dbf1c74c8af47a,57c10fd5b9d3,23f26ac101d2,Tamil Nadu,2000,2024-03-15T19:06:57,2024-03-15T19:26:44,declined,0,1,P06
37ab2222790b6b44,7d493d48b208,1c56d1372d10,Maharashtra,1357,2024-03-15T19:07:09,2024-03-15T19:17:11,approved,1,0,
7cb93a48f054a35d,107ff2ac18f1,4ef4e9a1b8e6,Telangana,539,2024-03-15T19:07:21,2024-03-15T19:21:26,approved,1,0,
4acfbac7a43b6383,7786fa4ecb51,49be981dee55,Telangana,355,2024-03-15T19:07:29,2024-03-15T19:26:20,approved,1,0,
18f27a555c687e10,5ded2d78f299,019e934c711a,Telangana,752,2024-03-15T19:07:40,2024-03-15T19:22:29,approved,1,0,
648cb41417404c8b,57c10fd5b9d3,4ac257ae1cb7,Kerala,5417,2024-03-15T19:07:55,2024-03-15T19:37:55,expired,0,1,P06
3850e220e70eb656,57c10fd5b9d3,198048534303,Bihar,5400,2024-03-15T19:08:01,2024-03-15T19:38:01,expired,0,1,P06
7bd102009700656f,0f0510686293,0c0453d8f684,West Bengal,305,2024-03-15T19:09:37,2024-03-15T19:10:11,approved,1,0,
52e1140c7715e73f,41e20e89712f,4b64dd0dd174,Haryana,1176,2024-03-15T19:11:36,2024-03-15T19:41:36,expired,1,0,
5f95a4ea4fd2c498,48f26f133a7b,30fee8b669f1,Bihar,388,2024-03-15T19:11:46,2024-03-15T19:30:11,approved,1,0,
1f5eaa38b0f1466a,48a5f4e76a41,50639847ff3e,West Bengal,402,2024-03-15T19:13:12,2024-03-15T19:18:42,approved,0,0,
6cc2668a28c50cee,673acd5d1161,4d5baa6942b3,Haryana,1103,2024-03-15T19:14:15,2024-03-15T19:44:15,expired,1,0,
6cf15047160cb411,1e30aaf5adb8,27970f6b7cce,Bihar,427,2024-03-15T19:14:55,2024-03-15T19:17:39,approved,1,0,
603235582a59785e,2baf4e7593de,05dd75de0515,Telangana,387,2024-03-15T19:15:16,2024-03-15T19:31:29,approved,1,0,
164d429a01bbac2f,20332b92b91c,300f09fc5231,Rajasthan,2536,2024-03-15T19:15:22,2024-03-15T19:34:54,declined,0,0,
6b930e9b5f010731,34994a8b60cd,5198cfa7ea38,Delhi,929,2024-03-15T19:15:39,2024-03-15T19:32:34,approved,0,0,
00dc81f9b033a8f0,57c10fd5b9d3,327f0e383098,Delhi,4415,2024-03-15T19:18:32,2024-03-15T19:48:32,expired,0,1,P06
5e1f02f04895d6a2,6a7bccb8c392,2db73ad3b044,Tamil Nadu,450,2024-03-15T19:21:20,2024-03-15T19:24:10,approved,1,0,
1d6009a7bf9d6f5e,57c10fd5b9d3,48e5809e185b,West Bengal,18421,2024-03-15T19:22:39,2024-03-15T19:23:26,declined,0,1,P06
79e6d89fd9a30b42,2b1781ab1f24,6c09bf8a1ecd,Telangana,2262,2024-03-15T19:23:02,2024-03-15T19:53:02,expired,0,0,
4d761d7dd20f7a7d,0176a1a01f10,6d8c2e166368,Rajasthan,1173,2024-03-15T19:24:37,2024-03-15T19:28:27,approved,1,0,
21928bce1fe4bdb4,57c10fd5b9d3,3611d6a1bb1c,Bihar,4448,2024-03-15T19:25:14,2024-03-15T19:53:41,declined,0,1,P06
39e9e0989677835a,6a7bccb8c392,056389bd6e61,Bihar,324,2024-03-15T19:26:20,2024-03-15T19:32:14,approved,1,0,
2fee9e21ffa71764,5be02b242add,255b50ab50ca,Uttar Pradesh,5839,2024-03-15T19:26:29,2024-03-15T19:37:20,approved,1,0,
26afa7b747a37d6b,57c10fd5b9d3,7a37bc18bec7,Uttar Pradesh,5282,2024-03-15T19:28:15,2024-03-15T19:54:38,declined,0,1,P06
3179153cfb23fe66,57c10fd5b9d3,1b5a7caa2f86,Gujarat,6626,2024-03-15T19:28:37,2024-03-15T19:37:44,declined,0,1,P06
41e5e3d5482661df,0176a1a01f10,4e58c6742286,Telangana,945,2024-03-15T19:28:57,2024-03-15T19:36:27,approved,1,0,
748dfa5612c21213,57c10fd5b9d3,4729a7b8a3fb,West Bengal,9391,2024-03-15T19:29:28,2024-03-15T19:59:28,expired,0,1,P06
6214e33c64a4e901,57c10fd5b9d3,3d4cf9c954bc,Rajasthan,13256,2024-03-15T19:31:37,2024-03-15T19:42:55,declined,0,1,P06
0d797ea0355f48c9,4c6b531ee064,2680f380647a,Delhi,2777,2024-03-15T19:32:00,2024-03-15T19:38:15,approved,1,0,
31a72fdb5cbfbe6a,57c10fd5b9d3,1b9e45c0ed43,Kerala,6953,2024-03-15T19:32:07,2024-03-15T19:53:43,declined,0,1,P06
4cd4c13904f4c263,4a83bc732574,154fc7dab423,Tamil Nadu,324,2024-03-15T19:32:55,2024-03-15T19:51:32,approved,1,0,
47101904eeef97b2,57c10fd5b9d3,0ea7a0bfda06,Haryana,8274,2024-03-15T19:33:22,2024-03-15T20:03:22,expired,0,1,P06
7151de4dfed9773a,57c10fd5b9d3,18c821fc7cfa,Gujarat,9376,2024-03-15T19:34:19,2024-03-15T20:00:27,declined,0,1,P06
2ee3e38a3aa5368d,57c10fd5b9d3,16b5662ae6db,Delhi,4842,2024-03-15T19:37:33,2024-03-15T19:55:00,declined,0,1,P06
27857553c5817147,11d601015742,7ae0a69ba74c,Uttar Pradesh,1888,2024-03-15T19:37:37,2024-03-15T19:45:29,approved,1,0,
50b32265dfbf33ed,7786fa4ecb51,36deab76612e,Delhi,776,2024-03-15T19:40:12,2024-03-15T19:45:49,approved,1,0,
07e24d91400a8262,513484923021,686f157946f4,Maharashtra,901,2024-03-15T19:40:13,2024-03-15T19:51:52,approved,1,0,
5843bec3f842764d,4a83bc732574,260a930b029c,Bihar,2604,2024-03-15T19:40:16,2024-03-15T19:40:55,approved,1,0,
2c862e1d6280966a,7d81c905f4c1,00953ae604c1,Gujarat,6392,2024-03-15T19:41:31,2024-03-15T19:57:10,approved,1,0,
7a847d95d6b1cbd4,6a706675422c,7b78a22f7f69,Uttar Pradesh,514,2024-03-15T19:42:45,2024-03-15T20:12:45,expired,0,0,
14771962184604b4,57c10fd5b9d3,75b7f66bed32,Maharashtra,4807,2024-03-15T19:43:59,2024-03-15T20:13:59,expired,0,1,P06
35bb2036c75a7537,57c10fd5b9d3,0e460aa1d8d6,Delhi,10841,2024-03-15T19:44:20,2024-03-15T19:45:03,declined,0,1,P06
68f580924e2e5959,34994a8b60cd,7340f67268b2,Haryana,911,2024-03-15T19:44:22,2024-03-15T20:14:22,expired,0,0,
17d5b905a51d983f,39dc63eef666,367827caacd6,Telangana,172,2024-03-15T19:45:00,2024-03-15T19:48:51,approved,1,0,
35fe8a317c9be7b3,45d11774ab5d,0f5a35cba10f,Delhi,579,2024-03-15T19:47:00,2024-03-15T19:52:11,approved,0,0,
4f94d7455e07bdc5,30595689af87,5e85b9706488,Telangana,561,2024-03-15T19:47:15,2024-03-15T20:00:07,approved,1,0,
0fc9509754da2c16,2569a0f51294,1f9f55cddcb6,Haryana,1841,2024-03-15T19:47:49,2024-03-15T20:02:34,approved,1,0,
58cf3083fda1940b,09805b931ea6,4e9a2cb80e06,Delhi,1052,2024-03-15T19:48:54,2024-03-15T19:56:03,approved,1,0,
72ab60f9891c1706,6ab35d61cd9f,17cf8e7acee2,Rajasthan,1032,2024-03-15T19:49:28,2024-03-15T19:57:01,approved,1,0,
61081467377e90b7,49217212965b,5dbdf8662b5c,Haryana,324,2024-03-15T19:49:44,2024-03-15T19:56:43,approved,1,0,
0940af9e35dd694c,6e836fcd1e4d,322e732f7d20,Karnataka,1450,2024-03-15T19:50:15,2024-03-15T20:03:40,approved,0,0,
067126620564ec1e,1318e3fa6d29,16d9e2217853,Karnataka,563,2024-03-15T19:51:21,2024-03-15T19:52:34,approved,1,0,
1bf9c7fc4c6aa92e,57c10fd5b9d3,72bb510cf71b,Rajasthan,5207,2024-03-15T19:51:29,2024-03-15T20:21:29,expired,0,1,P06
309b8380641b7d97,57c10fd5b9d3,2367cf368e77,Kerala,6456,2024-03-15T19:51:41,2024-03-15T19:55:43,declined,0,1,P06
4dd04b9604193067,107ff2ac18f1,479bc9f18ce2,Bihar,813,2024-03-15T19:53:11,2024-03-15T20:02:24,approved,1,0,
1003bc51fec16fd7,39dc63eef666,2714983074d7,Maharashtra,246,2024-03-15T19:54:46,2024-03-15T20:11:14,approved,1,0,
3429ac6368f79025,48f26f133a7b,2f94b8767a99,Haryana,242,2024-03-15T19:55:46,2024-03-15T20:10:48,approved,1,0,
363702679ba926ef,57c10fd5b9d3,7f0f386670a1,Uttar Pradesh,14389,2024-03-15T19:55:49,2024-03-15T20:25:49,expired,0,1,P06
647da367d0feb1d1,0f0510686293,76e2675bd3eb,Delhi,758,2024-03-15T19:56:06,2024-03-15T20:15:29,approved,1,0,
2c09e994a0926cb1,2569a0f51294,7bf1a2bfe0ee,Rajasthan,3495,2024-03-15T19:56:24,2024-03-15T20:03:46,approved,1,0,
1a1e570d79616e05,11d601015742,33a0a6e99f91,Maharashtra,1383,2024-03-15T19:57:52,2024-03-15T20:08:43,approved,1,0,
0804df5ed43090ce,41e20e89712f,7bd3a5a10456,West Bengal,1636,2024-03-15T20:01:08,2024-03-15T20:12:59,approved,1,0,
23fad23b864fbc9f,1e30aaf5adb8,5d2010094a09,Maharashtra,882,2024-03-15T20:01:36,2024-03-15T20:12:38,approved,1,0,
4cffd233eec6c01c,1318e3fa6d29,198e7a442081,Rajasthan,575,2024-03-15T20:01:50,2024-03-15T20:21:03,approved,1,0,
5176eaa18dc4869a,5be02b242add,77ee66252919,Telangana,1100,2024-03-15T20:02:54,2024-03-15T20:05:33,approved,1,0,
5b1c49a3d552f36c,0cce3dbda79d,1c6dca55e322,Rajasthan,1080,2024-03-15T20:04:08,2024-03-15T20:20:56,approved,0,0,
4443554373ab486c,7b99521e8d62,5909c71afedc,Tamil Nadu,1814,2024-03-15T20:05:10,2024-03-15T20:16:07,approved,1,0,
494fa4a597e20c8f,5e5c092ab53d,4f62e1356db9,Gujarat,1327,2024-03-15T20:05:31,2024-03-15T20:08:50,approved,1,0,
43e4de015ae102c6,57c10fd5b9d3,1ea21cb7bc9d,Gujarat,15194,2024-03-15T20:07:22,2024-03-15T20:37:22,expired,0,1,P06
71c9e492d896824d,09805b931ea6,11408776ff6d,Delhi,1342,2024-03-15T20:08:45,2024-03-15T20:17:15,approved,1,0,
3402017af54979ef,0fc3186df001,5e99f2e349e4,West Bengal,660,2024-03-15T20:11:56,2024-03-15T20:18:24,approved,1,0,
3e76c74cb7b5b7ef,4818964bb9e3,478a252092f3,Karnataka,626,2024-03-15T20:13:01,2024-03-15T20:14:47,approved,1,0,
7ae093ce44b5eefd,0511fee882e4,10ed31775bcc,Kerala,3899,2024-03-15T20:16:04,2024-03-15T20:32:59,approved,1,0,
208b16284381c249,0d9a63adaba5,506617454bc5,Rajasthan,1202,2024-03-15T20:16:17,2024-03-15T20:46:17,expired,1,0,
35a04711af78fbf5,513484923021,6f62672863a9,Kerala,433,2024-03-15T20:17:39,2024-03-15T20:31:46,declined,1,0,
4638930cfad39d02,0d9a63adaba5,7340f67268b2,Haryana,1534,2024-03-15T20:18:50,2024-03-15T20:22:53,approved,1,0,
16b39f803ee8c632,20332b92b91c,75f66f9cc781,West Bengal,1159,2024-03-15T20:19:44,2024-03-15T20:34:13,approved,0,0,
13bbc2d0d46812dc,5ded2d78f299,0ef288c45449,West Bengal,1648,2024-03-15T20:20:17,2024-03-15T20:30:12,approved,1,0,
7cf88296cf04f203,57c10fd5b9d3,33f4fedbb0bf,Kerala,2817,2024-03-15T20:24:07,2024-03-15T20:54:07,expired,0,1,P06
04c5d656bc921174,673acd5d1161,641913ef3e3a,Gujarat,910,2024-03-15T20:34:25,2024-03-15T20:45:21,approved,1,0,
76cdeb82619d2e2a,57c10fd5b9d3,7cbec14c380c,Rajasthan,4250,2024-03-15T20:35:05,2024-03-15T21:05:05,expired,0,1,P06
6018f6c515efcfd5,57c10fd5b9d3,76c75ecf9c20,Haryana,8272,2024-03-15T20:36:11,2024-03-15T20:50:34,declined,0,1,P06
6bc34f1743368789,0f0510686293,6a304c1d8396,West Bengal,601,2024-03-15T20:36:25,2024-03-15T20:55:56,approved,1,0,
503c5a6390f38519,48f26f133a7b,55945bdb1b29,Maharashtra,349,2024-03-15T20:36:37,2024-03-15T20:55:09,approved,1,0,
5bf2da0e9ac6a86c,57c10fd5b9d3,17373711944f,Maharashtra,3353,2024-03-15T20:38:50,2024-03-15T20:45:13,declined,0,1,P06
12f7f5127ceb9fa4,49217212965b,24aee9737710,West Bengal,378,2024-03-15T20:40:21,2024-03-15T20:43:25,approved,1,0,
68a120ad7355a67e,57c10fd5b9d3,74de0c67a416,Gujarat,25000,2024-03-15T20:41:52,2024-03-15T21:11:52,expired,0,1,P06
0c17b63d270d03e2,7d81c905f4c1,13e1a339b0c4,West Bengal,928,2024-03-15T20:41:54,2024-03-15T20:49:02,approved,1,0,
2826df6b76ab64a2,67a0390930e5,545286c41a17,Delhi,580,2024-03-15T20:42:04,2024-03-15T20:59:00,declined,1,0,
39f6b45aad7a75fe,57c10fd5b9d3,6527869d9fb4,Gujarat,4435,2024-03-15T20:42:27,2024-03-15T21:12:27,expired,0,1,P06
34ce1422aea5ed07,09805b931ea6,690a026259aa,Gujarat,1538,2024-03-15T20:42:29,2024-03-15T20:55:02,approved,1,0,
13715947b516325c,57c10fd5b9d3,2c2bc56d61cf,Bihar,8337,2024-03-15T20:42:48,2024-03-15T21:12:48,expired,0,1,P06
23342ee3bd0739aa,57c10fd5b9d3,1cb22a5a35b7,Karnataka,11957,2024-03-15T20:43:43,2024-03-15T20:54:09,declined,0,1,P06
24efb4203672d0e2,57c10fd5b9d3,6a39f95e6984,Maharashtra,6410,2024-03-15T20:44:28,2024-03-15T20:44:50,declined,0,1,P06
293c341e1893ae28,1318e3fa6d29,05e4f1bb28a1,Rajasthan,325,2024-03-15T20:45:01,2024-03-15T20:48:21,approved,1,0,
44bd336860b22eff,57c10fd5b9d3,2c0209cf8fe2,West Bengal,18233,2024-03-15T20:46:00,2024-03-15T21:09:47,declined,0,1,P06
35ed5b5b39ef8674,57c10fd5b9d3,151451a15c0b,Haryana,7415,2024-03-15T20:46:01,2024-03-15T21:16:01,expired,0,1,P06
0c97b7dbe571345c,57c10fd5b9d3,00cf54a23cb7,Rajasthan,2382,2024-03-15T20:46:10,2024-03-15T21:16:10,expired,0,1,P06
1122b08f901a6528,634690700829,0bcb17a7d72c,Gujarat,625,2024-03-15T20:47:37,2024-03-15T21:02:23,approved,1,0,
68224d9caaf4a374,7786fa4ecb51,73fbbddac43e,Kerala,918,2024-03-15T20:47:52,2024-03-15T21:01:28,approved,1,0,
3f52625f6b4ec530,6d33a7293228,6ed1d421e766,Bihar,615,2024-03-15T20:48:25,2024-03-15T20:53:05,approved,1,0,
74283d9c970de9e6,7d493d48b208,40844f989927,Delhi,819,2024-03-15T20:48:28,2024-03-15T21:07:48,approved,1,0,
07c89b30a84f145e,57c10fd5b9d3,7c90d747d470,Karnataka,10212,2024-03-15T20:48:50,2024-03-15T21:04:48,declined,0,1,P06
294d9573db92c822,5be02b242add,00a7f88ba0a4,Telangana,1710,2024-03-15T20:50:23,2024-03-15T20:52:33,approved,1,0,
3ad31b04f6b44a8f,60a547ae6f0e,2503b79008ab,Rajasthan,452,2024-03-15T20:53:06,2024-03-15T21:00:43,approved,1,0,
7e46964c9bd1bbf1,2b7ae5050a4d,6e7678054c25,Bihar,410,2024-03-15T20:53:22,2024-03-15T20:57:42,approved,1,0,
6f0f565c196c0dda,57c10fd5b9d3,00c1c437de74,Tamil Nadu,6844,2024-03-15T20:58:29,2024-03-15T21:28:29,expired,0,1,P06
15831fbc5a8364af,673acd5d1161,51cc7a1da3d4,Haryana,959,2024-03-15T20:59:18,2024-03-15T20:59:51,approved,1,0,
51d5a342953e17fb,4c6b531ee064,77643bd6188d,Haryana,1698,2024-03-15T20:59:32,2024-03-15T21:16:43,approved,1,0,
285fe8d12486c0d8,6646fee30506,61981e4652b0,Rajasthan,734,2024-03-15T21:00:38,2024-03-15T21:30:38,expired,1,0,
5c16da82f2348c07,67a0390930e5,0a1a5664cba7,Rajasthan,825,2024-03-15T21:01:06,2024-03-15T21:12:27,approved,1,0,
46040a5ce3aeb0ad,11d601015742,761cfdf4f06e,Gujarat,1177,2024-03-15T21:02:55,2024-03-15T21:15:18,approved,1,0,
74e41942493f42ff,57c10fd5b9d3,7df46ddba270,Tamil Nadu,2000,2024-03-15T21:03:03,2024-03-15T21:33:03,expired,0,1,P06
66e1f3eb380a62a7,663473dc643e,30f00e5e197b,West Bengal,1186,2024-03-15T21:06:44,2024-03-15T21:09:11,approved,1,0,
71bdd524ddba9e43,5ded2d78f299,3cbc9a5d5d5c,West Bengal,743,2024-03-15T21:07:05,2024-03-15T21:08:07,approved,1,0,
0d683209d6d856c7,57c10fd5b9d3,1cb40ef0d588,Maharashtra,4540,2024-03-15T21:07:24,2024-03-15T21:22:01,declined,0,1,P06
241df514f95ca36e,513484923021,29889ce94fa7,Kerala,749,2024-03-15T21:07:51,2024-03-15T21:20:53,approved,1,0,
695209a5638db73e,5be02b242add,2c2de52740ed,West Bengal,1570,2024-03-15T21:08:17,2024-03-15T21:18:35,approved,1,0,
37fe1a2a1104e5e0,4a83bc732574,7e07d4d64483,Maharashtra,1451,2024-03-15T21:11:17,2024-03-15T21:18:14,approved,1,0,
4c41764cb4db242b,57c10fd5b9d3,63932af4e86c,Delhi,6272,2024-03-15T21:12:56,2024-03-15T21:42:56,expired,0,1,P06
5691fe15acf1db38,51e266317647,3e390fe1a144,Telangana,538,2024-03-15T21:13:47,2024-03-15T21:14:33,approved,1,0,
1e92dd149ccdb21c,1318e3fa6d29,204ae71c36e0,Gujarat,277,2024-03-15T21:14:03,2024-03-15T21:44:03,expired,1,0,
39cbaebca19d6f5c,48a5f4e76a41,67bcc8b4b2ff,Haryana,317,2024-03-15T21:15:12,2024-03-15T21:30:08,approved,0,0,
09724e17d3f67094,107ff2ac18f1,1c56d1372d10,Maharashtra,342,2024-03-15T21:15:34,2024-03-15T21:20:22,approved,1,0,
41f2dd1a5281b8ee,3a6576ce966b,675a4948757c,Haryana,5029,2024-03-15T21:15:43,2024-03-15T21:19:24,approved,1,0,
50b776406699d500,49217212965b,3ae7d8ce93c7,Kerala,826,2024-03-15T21:16:42,2024-03-15T21:25:19,approved,1,0,
00be5a1d6b0ee67c,45d11774ab5d,4dd6989dbceb,Karnataka,1944,2024-03-15T21:17:52,2024-03-15T21:47:52,expired,0,0,
6bf03037a7ce0088,57c10fd5b9d3,3098b4684ab1,Rajasthan,7475,2024-03-15T21:18:01,2024-03-15T21:48:01,expired,0,1,P06
1b3d8988b6136d56,0176a1a01f10,64fa449a9d55,Bihar,3150,2024-03-15T21:19:21,2024-03-15T21:37:44,approved,1,0,
3af4853dff6dc660,57c10fd5b9d3,29750b9a1408,Rajasthan,10652,2024-03-15T21:19:58,2024-03-15T21:48:44,declined,0,1,P06
377a0169406902b9,57c10fd5b9d3,37cee5b377cb,Maharashtra,4046,2024-03-15T21:20:28,2024-03-15T21:32:21,declined,0,1,P06
6924cefd70473499,57c10fd5b9d3,168a878ef190,Uttar Pradesh,3699,2024-03-15T21:20:36,2024-03-15T21:43:26,declined,0,1,P06
31f2f33963540d71,57c10fd5b9d3,04c525b6306d,Uttar Pradesh,9049,2024-03-15T21:24:30,2024-03-15T21:47:13,declined,0,1,P06
3a87b1f5b3020353,2baf4e7593de,401105e041ed,Bihar,969,2024-03-15T21:25:14,2024-03-15T21:30:34,approved,1,0,
48ab6eb3c506d20b,6d33a7293228,2a938f5350f3,Tamil Nadu,1343,2024-03-15T21:29:00,2024-03-15T21:40:05,approved,1,0,
680d98464b847fe4,57c10fd5b9d3,5cae4e9d2689,Maharashtra,4698,2024-03-15T21:30:19,2024-03-15T22:00:19,expired,0,1,P06
235d3dda1d85a571,0d4a1f2e8b76,6cae231b2e94,Bihar,459,2024-03-15T21:31:02,2024-03-15T21:43:28,approved,1,0,
3f2eb1ff47c61280,48f26f133a7b,5c5d700216d6,Telangana,432,2024-03-15T21:33:18,2024-03-15T21:41:21,approved,1,0,
12db65c8f28687a3,41e20e89712f,11aad53e5eb9,Bihar,1256,2024-03-15T21:35:47,2024-03-15T22:05:47,expired,1,0,
1a6ad43cb3c92ef0,107ff2ac18f1,65ece71e637c,Kerala,227,2024-03-15T21:40:23,2024-03-15T21:54:45,approved,1,0,
714150d5213fdfcb,57c10fd5b9d3,34929cc99e94,Telangana,2532,2024-03-15T21:41:46,2024-03-15T21:45:29,declined,0,1,P06
7d20f292ccf22193,1318e3fa6d29,12245daa468a,Uttar Pradesh,430,2024-03-15T21:43:05,2024-03-15T21:57:50,approved,1,0,
21e246fb9b58e320,57c10fd5b9d3,5e37f6e6d206,Gujarat,6076,2024-03-15T21:43:41,2024-03-15T21:57:58,declined,0,1,P06
57056ad4f5a61cc4,57c10fd5b9d3,66271f77a3b2,Telangana,6200,2024-03-15T21:44:21,2024-03-15T21:46:32,declined,0,1,P06
616acfcd077be286,57c10fd5b9d3,1b0f65afbd64,Maharashtra,12441,2024-03-15T21:45:24,2024-03-15T22:15:24,expired,0,1,P06
74d07e95564faafa,6f5fa5bed003,6a253774018a,Gujarat,1161,2024-03-15T21:46:38,2024-03-15T21:49:47,approved,1,0,
6a7a35c46ce0187a,48e58d7747c6,1dc42d7e7d67,Haryana,2704,2024-03-15T21:50:34,2024-03-15T21:55:18,approved,1,0,
3842a102b27b62d0,634690700829,4e4ca425dc02,Rajasthan,391,2024-03-15T21:54:14,2024-03-15T22:10:02,approved,1,0,
149e2e27acb3a1e3,57c10fd5b9d3,1ee1df444b7d,West Bengal,12082,2024-03-15T21:54:39,2024-03-15T22:14:26,declined,0,1,P06
2ab7aea3e9373f3d,49217212965b,6219620f2608,Uttar Pradesh,295,2024-03-15T21:56:54,2024-03-15T22:10:18,approved,1,0,
7a7c8a269171fb81,48a5f4e76a41,7c9fb44cf54a,Tamil Nadu,2204,2024-03-15T21:57:11,2024-03-15T22:13:26,approved,0,0,
159f245567d9e8ad,6ab35d61cd9f,060b607f7678,Bihar,338,2024-03-15T21:59:07,2024-03-15T22:06:58,approved,1,0,
1cbf78ba561705ab,2b1781ab1f24,6d240a0e1c3b,Bihar,375,2024-03-15T21:59:45,2024-03-15T22:18:32,approved,0,0,
424df09a68477fc6,57c10fd5b9d3,259713498b44,Gujarat,4705,2024-03-15T22:02:08,2024-03-15T22:32:08,expired,0,1,P06
07240bd222153e1b,57c10fd5b9d3,7db987f512aa,Delhi,10230,2024-03-15T22:03:44,2024-03-15T22:33:44,expired,0,1,P06
3b16de97759bb5e0,57c10fd5b9d3,419819701be2,Gujarat,12014,2024-03-15T22:05:29,2024-03-15T22:35:29,expired,0,1,P06
02be9bb4c0622a44,48a5f4e76a41,025082d5fbcc,Maharashtra,1666,2024-03-15T22:06:03,2024-03-15T22:36:03,expired,0,0,
519cef7b312ef3c1,2b1781ab1f24,74f52e38a538,Rajasthan,2925,2024-03-15T22:06:35,2024-03-15T22:36:35,expired,0,0,
3b2d848a5da589a4,30595689af87,7ceddcfa53a4,Maharashtra,2321,2024-03-15T22:07:00,2024-03-15T22:17:49,approved,1,0,
2041f9635e45aa86,634690700829,2df8be4cef19,Bihar,1033,2024-03-15T22:07:07,2024-03-15T22:08:40,approved,1,0,
1469dfe38869974c,60a547ae6f0e,427df14a6e11,Telangana,391,2024-03-15T22:08:39,2024-03-15T22:16:25,approved,1,0,
578f22f9d4e736ed,57c10fd5b9d3,162e18380e74,Tamil Nadu,4888,2024-03-15T22:09:20,2024-03-15T22:36:37,declined,0,1,P06
7ee23f30d1bd4caf,11d601015742,5db1ba54365e,Delhi,1381,2024-03-15T22:09:59,2024-03-15T22:17:46,approved,1,0,
5e0da4fec0011ad2,1318e3fa6d29,41aa4dc3cb10,Kerala,1242,2024-03-15T22:13:42,2024-03-15T22:43:42,expired,1,0,
16014e08ff44c6e9,0cce3dbda79d,504d93f896e7,Bihar,719,2024-03-15T22:14:20,2024-03-15T22:32:19,declined,0,0,
0ac282f06fb60b38,57c10fd5b9d3,10942d69d3d5,West Bengal,7881,2024-03-15T22:15:35,2024-03-15T22:45:35,expired,0,1,P06
362fa8282ecc7eb9,57c10fd5b9d3,7f65ed7b4d76,West Bengal,14283,2024-03-15T22:16:04,2024-03-15T22:31:02,declined,0,1,P06
62019e9ef8991477,57c10fd5b9d3,3524c460fb46,Karnataka,17648,2024-03-15T22:17:26,2024-03-15T22:27:16,declined,0,1,P06
2c4ea078a4b8dd86,57c10fd5b9d3,23f74cc5e2d3,Kerala,6041,2024-03-15T22:18:33,2024-03-15T22:48:33,expired,0,1,P06
3d1fa312a31e3760,57c10fd5b9d3,582db1eca661,Kerala,5584,2024-03-15T22:21:20,2024-03-15T22:51:20,expired,0,1,P06
456049c8bc8ebb59,57c10fd5b9d3,083a72effef9,Uttar Pradesh,11983,2024-03-15T22:21:37,2024-03-15T22:31:48,declined,0,1,P06
5e8673c97feb1948,6e836fcd1e4d,4391413e06d5,Karnataka,232,2024-03-15T22:21:52,2024-03-15T22:33:45,approved,0,0,
378b9450db7505b2,1318e3fa6d29,5e85b9706488,Telangana,482,2024-03-15T22:23:14,2024-03-15T22:35:43,approved,1,0,
2d31f45024b5eb7c,57c10fd5b9d3,19d490d85341,Kerala,3774,2024-03-15T22:24:17,2024-03-15T22:39:40,declined,0,1,P06
102574fb72de9f5c,57c10fd5b9d3,35136e59e2cf,Telangana,6877,2024-03-15T22:24:22,2024-03-15T22:54:22,expired,0,1,P06
0f56f9acd2edae4e,57c10fd5b9d3,5137cae5e781,Haryana,2215,2024-03-15T22:24:54,2024-03-15T22:41:31,declined,0,1,P06
01345618a41b389b,35ed52508031,6c07dd9c3e5f,Karnataka,1717,2024-03-15T22:25:36,2024-03-15T22:29:52,approved,1,0,
6da497ca1dfb8445,1e30aaf5adb8,624f786ea9c3,Rajasthan,505,2024-03-15T22:26:04,2024-03-15T22:44:42,approved,1,0,
714d42fb24dfbf99,20332b92b91c,6bc52c801dca,Karnataka,2802,2024-03-15T22:27:52,2024-03-15T22:34:45,approved,0,0,
3e8fb4422060ea6e,7b99521e8d62,1022d9318ace,Delhi,1008,2024-03-15T22:28:22,2024-03-15T22:46:34,approved,1,0,
2d09e2b193e55ddf,0176a1a01f10,66589531985c,Telangana,3397,2024-03-15T22:32:55,2024-03-15T22:40:07,approved,1,0,
523340d7076dc0de,57c10fd5b9d3,11e02542a093,Gujarat,6927,2024-03-15T22:33:39,2024-03-15T22:41:59,declined,0,1,P06
24691c659d3e83c2,57c10fd5b9d3,57e8314f5486,Bihar,3494,2024-03-15T22:34:44,2024-03-15T22:57:46,declined,0,1,P06
50ab13371b544168,57c10fd5b9d3,11f349f32e73,Rajasthan,25000,2024-03-15T22:35:08,2024-03-15T22:43:51,declined,0,1,P06
1cb1e2677c1a4391,694d71c69d67,151451a15c0b,Haryana,476,2024-03-15T22:35:37,2024-03-15T22:48:25,approved,1,0,
61e384ba11ec44ad,57c10fd5b9d3,214c0e897c4b,Kerala,6497,2024-03-15T22:37:52,2024-03-15T22:48:11,declined,0,1,P06
0802d220e94b399f,57c10fd5b9d3,48b59f36d68a,Gujarat,4577,2024-03-15T22:38:10,2024-03-15T23:08:10,expired,0,1,P06
40b070337d08032a,51e266317647,3ebf29e52365,Bihar,485,2024-03-15T22:40:01,2024-03-15T22:59:39,approved,1,0,
05bcd32e83fff017,694d71c69d67,570f10193476,Telangana,1156,2024-03-15T22:40:32,2024-03-15T22:42:30,approved,1,0,
51543a90cd0c8619,6a706675422c,214d9baeff53,Haryana,2461,2024-03-15T22:46:38,2024-03-15T23:02:20,approved,0,0,
409703cbceaa2e99,57c10fd5b9d3,460933c99bdc,Karnataka,7559,2024-03-15T22:47:17,2024-03-15T23:17:17,expired,0,1,P06
74960a40339968ff,57c10fd5b9d3,2a8e5423d7f1,Maharashtra,25000,2024-03-15T22:51:08,2024-03-15T23:21:08,expired,0,1,P06
36fa4ca7ecaef606,57c10fd5b9d3,064b7fced295,Maharashtra,17538,2024-03-15T22:52:07,2024-03-15T23:18:16,declined,0,1,P06
6a90f7e0e5d78fb1,57c10fd5b9d3,015ce5b0dc11,Gujarat,3154,2024-03-15T22:52:56,2024-03-15T22:53:22,declined,0,1,P06
145d8ab4cdfb07f5,57c10fd5b9d3,36fcb994f88e,Delhi,18307,2024-03-15T22:55:25,2024-03-15T23:10:59,approved,0,1,P06
2762cc0957f48abd,6fdf521c2b77,4959510c15ec,West Bengal,1105,2024-03-15T22:55:44,2024-03-15T23:11:52,approved,1,0,
0148f2345ab387fc,60a547ae6f0e,4e143b1213c7,Gujarat,233,2024-03-15T22:56:18,2024-03-15T23:06:20,declined,1,0,
271ef5e17f7f90aa,0cce3dbda79d,386f6eeefe60,Maharashtra,495,2024-03-15T22:56:55,2024-03-15T23:13:49,approved,0,0,
224d84352f8a47f8,51e266317647,33243d84b875,Delhi,799,2024-03-15T22:59:10,2024-03-15T23:08:28,approved,1,0,
2f0a44915d5484f9,57c10fd5b9d3,5b26dee8653c,West Bengal,16797,2024-03-15T22:59:12,2024-03-15T23:06:27,declined,0,1,P06
021032458fcb6fc9,34994a8b60cd,1cb22a5a35b7,Karnataka,723,2024-03-15T22:59:23,2024-03-15T23:29:23,expired,0,0,
73c84c5701be3ca7,5be02b242add,2df8d69d8150,Uttar Pradesh,2449,2024-03-15T23:00:03,2024-03-15T23:04:40,approved,1,0,
4c0f1a91246198de,57c10fd5b9d3,20bfe9af713d,Maharashtra,6113,2024-03-15T23:03:39,2024-03-15T23:23:20,declined,0,1,P06
1941c59f3fcd3c7d,57c10fd5b9d3,59945554a11a,Telangana,9556,2024-03-15T23:03:59,2024-03-15T23:06:35,approved,0,1,P06
29c2eadcc12302aa,57c10fd5b9d3,23f512c0f6bd,Rajasthan,11504,2024-03-15T23:04:26,2024-03-15T23:34:26,expired,0,1,P06
11a7a200298da5e2,57c10fd5b9d3,1f1c4ada9d06,Telangana,12888,2024-03-15T23:04:39,2024-03-15T23:34:39,expired,0,1,P06
5ed1c7bf216b0e34,57c10fd5b9d3,6ee19ac3fdc1,Delhi,5546,2024-03-15T23:05:22,2024-03-15T23:25:47,declined,0,1,P06
3354a68a7880b3fe,57c10fd5b9d3,4470836d8f11,Telangana,3452,2024-03-15T23:06:11,2024-03-15T23:24:34,declined,0,1,P06
65463736c3c781d1,57c10fd5b9d3,7944f8a36644,Gujarat,11207,2024-03-15T23:07:52,2024-03-15T23:37:52,expired,0,1,P06
1f7efa03c1e6f235,57c10fd5b9d3,56974006ddb3,Uttar Pradesh,5101,2024-03-15T23:11:30,2024-03-15T23:41:30,expired,0,1,P06
136ec6a740483e19,0cce3dbda79d,6a253774018a,Gujarat,985,2024-03-15T23:12:58,2024-03-15T23:26:05,approved,0,0,
410ece0328e66089,57c10fd5b9d3,494e161c6712,Bihar,8316,2024-03-15T23:13:39,2024-03-15T23:43:39,expired,0,1,P06
465e4f254bcda62a,634690700829,12245daa468a,Uttar Pradesh,406,2024-03-15T23:14:48,2024-03-15T23:24:25,approved,1,0,
1f7edf46349d2c1a,57c10fd5b9d3,3ac98e73a9c1,Haryana,6623,2024-03-15T23:16:07,2024-03-15T23:23:03,declined,0,1,P06
29b3a2a19931becb,57c10fd5b9d3,0fe062b34374,Maharashtra,2327,2024-03-15T23:16:09,2024-03-15T23:40:23,declined,0,1,P06
379ca46bcb3d10f3,57c10fd5b9d3,7641189b4ea9,Uttar Pradesh,7543,2024-03-15T23:17:03,2024-03-15T23:17:19,declined,0,1,P06
67cde3f2940363a6,57c10fd5b9d3,4a8b429994cb,Delhi,10878,2024-03-15T23:20:52,2024-03-15T23:41:12,declined,0,1,P06
5d08889b5a0811a4,3a6d68f3644e,46f7cc8c33c0,Kerala,1677,2024-03-15T23:21:26,2024-03-15T23:27:59,approved,1,0,
539a89f42115b41b,57c10fd5b9d3,729b52b0e395,West Bengal,9458,2024-03-15T23:23:30,2024-03-15T23:38:52,declined,0,1,P06
33249bcec25ec8d3,6e73719779d9,7e9dc08006bc,Gujarat,431,2024-03-15T23:24:14,2024-03-15T23:26:52,approved,0,0,
08106c332cc989b8,57c10fd5b9d3,3fdd1e8c21d4,Bihar,14855,2024-03-15T23:31:52,2024-03-15T23:48:54,declined,0,1,P06
4303358d2e2b98db,45d11774ab5d,2801f95260d6,Gujarat,1384,2024-03-15T23:32:48,2024-03-15T23:50:08,approved,0,0,
6d747eb5031b254b,57c10fd5b9d3,26103dfd71fe,Uttar Pradesh,22173,2024-03-15T23:35:36,2024-03-15T23:44:13,declined,0,1,P06
5fa02ac186dd31dc,57c10fd5b9d3,5281c0d2ba95,Maharashtra,5913,2024-03-15T23:37:10,2024-03-15T23:40:35,declined,0,1,P06
4e0edfe698d78cee,57c10fd5b9d3,25585b98ce0b,Tamil Nadu,6211,2024-03-15T23:38:01,2024-03-16T00:08:01,expired,0,1,P06
2e5578a35f4229b4,673acd5d1161,7c81f3541a4d,Maharashtra,678,2024-03-15T23:42:23,2024-03-15T23:45:50,approved,1,0,
4cb499aaf48d4060,57c10fd5b9d3,2f4a4206397a,Maharashtra,2330,2024-03-15T23:43:20,2024-03-15T23:56:05,approved,0,1,P06
18b70f9c210af64d,4a83bc732574,4996753cac90,Telangana,558,2024-03-15T23:46:46,2024-03-15T23:53:30,approved,1,0,
5a0a0b49d5f00e92,57c10fd5b9d3,5defc5652657,Karnataka,2000,2024-03-15T23:48:41,2024-03-15T23:50:41,declined,0,1,P06
1e7b0bd2fc976929,57c10fd5b9d3,0488418b4530,Kerala,12656,2024-03-15T23:48:56,2024-03-16T00:14:28,declined,0,1,P06
6d9c7e0acd9ec18c,57c10fd5b9d3,4f3dc9f217f1,Haryana,15905,2024-03-15T23:50:26,2024-03-16T00:11:51,declined,0,1,P06
467adc67ae759a31,2569a0f51294,47bc5f76621e,Maharashtra,1449,2024-03-15T23:50:37,2024-03-15T23:54:38,approved,1,0,
0adaf706e290355e,57c10fd5b9d3,53371ecd9efd,Delhi,17594,2024-03-15T23:51:29,2024-03-16T00:21:25,declined,0,1,P06
001a263aed4570fd,57c10fd5b9d3,769397bef9a8,Maharashtra,16969,2024-03-15T23:54:59,2024-03-16T00:24:59,expired,0,1,P06
30ae29bd9e09a677,7b99521e8d62,328f63beb56d,Telangana,2220,2024-03-15T23:59:50,2024-03-16T00:15:31,approved,1,0,
79ca069f5ae99e74,57c10fd5b9d3,46eeda764b0c,Telangana,11480,2024-03-16T00:02:50,2024-03-16T00:32:50,expired,0,1,P06
217e9a5a022fcfab,57c10fd5b9d3,5f0524402d01,Delhi,7845,2024-03-16T00:04:08,2024-03-16T00:27:50,declined,0,1,P06
5708455c63d3e7f2,57c10fd5b9d3,391c99c53c8c,Kerala,12248,2024-03-16T00:04:11,2024-03-16T00:30:37,declined,0,1,P06
3efea7ba2e5336bf,57c10fd5b9d3,56fc5a33f137,Haryana,10497,2024-03-16T00:08:40,2024-03-16T00:18:38,approved,0,1,P06
443f9d5f89e032a9,57c10fd5b9d3,2fa614ae3b5d,Bihar,5552,2024-03-16T00:13:16,2024-03-16T00:26:49,declined,0,1,P06
0731e5f424cb81ef,57c10fd5b9d3,45260ff68095,Bihar,5426,2024-03-16T00:16:42,2024-03-16T00:17:45,declined,0,1,P06
04ed17c510c1125c,6a706675422c,1a07f8ce15e8,West Bengal,541,2024-03-16T00:17:29,2024-03-16T00:27:50,approved,0,0,
3dc45762b02b35c3,57c10fd5b9d3,7140d634f88d,Karnataka,25000,2024-03-16T00:17:30,2024-03-16T00:47:30,expired,0,1,P06
075c3e3f43d43792,57c10fd5b9d3,70ba92b2aeb1,Maharashtra,12938,2024-03-16T00:24:32,2024-03-16T00:46:36,declined,0,1,P06
4296c5d06577bc96,57c10fd5b9d3,263b3d9ee7cb,West Bengal,10647,2024-03-16T00:29:06,2024-03-16T00:47:13,declined,0,1,P06
5e2127f0a48fe94b,57c10fd5b9d3,00af74bde6ac,Haryana,5923,2024-03-16T00:30:34,2024-03-16T00:52:32,declined,0,1,P06
04bd1646c1ef33bc,57c10fd5b9d3,7c1d9566baeb,Maharashtra,4742,2024-03-16T00:39:43,2024-03-16T00:41:02,approved,0,1,P06
2f434476a566737e,57c10fd5b9d3,2b4854ebe420,Bihar,5609,2024-03-16T00:48:03,2024-03-16T01:18:03,expired,0,1,P06
3fcd37617c60072f,57c10fd5b9d3,5ae7fc3d7124,Gujarat,5935,2024-03-16T00:51:53,2024-03-16T01:21:53,expired,0,1,P06
71044a61b15043da,57c10fd5b9d3,4dc15c5e68bc,Tamil Nadu,17568,2024-03-16T00:52:08,2024-03-16T01:11:25,declined,0,1,P06
0950f25cbe7f3bc6,57c10fd5b9d3,530f1428f47e,Bihar,6435,2024-03-16T00:52:12,2024-03-16T01:22:12,expired,0,1,P06
3e1b8038314caeb6,57c10fd5b9d3,1bc3327266d0,Karnataka,11359,2024-03-16T00:52:12,2024-03-16T01:18:53,declined,0,1,P06
7c6e104a9c636e06,57c10fd5b9d3,6555ce187fbb,Kerala,13097,2024-03-16T00:55:35,2024-03-16T01:25:35,expired,0,1,P06
0fba6debe1aeff20,57c10fd5b9d3,78ba2e73f3b0,Karnataka,18133,2024-03-16T01:00:00,2024-03-16T01:30:00,expired,0,1,P06
4e03df74724c3962,57c10fd5b9d3,50090a5a92d2,Maharashtra,7305,2024-03-16T01:02:35,2024-03-16T01:32:25,declined,0,1,P06
13fc2c174d1c4d32,57c10fd5b9d3,53fdd940083c,Bihar,25000,2024-03-16T01:04:29,2024-03-16T01:34:29,expired,0,1,P06
16dc9857e1e62678,57c10fd5b9d3,7883a3d64849,Tamil Nadu,5623,2024-03-16T01:05:15,2024-03-16T01:09:03,declined,0,1,P06
409de22ea2be3b0f,57c10fd5b9d3,54eefc1a2ada,Telangana,8518,2024-03-16T01:06:28,2024-03-16T01:36:28,expired,0,1,P06
6639a4d592646c8d,2569a0f51294,33c5ffc34947,Uttar Pradesh,1347,2024-03-16T01:06:36,2024-03-16T01:19:22,approved,1,0,
4eea512eff89fb45,57c10fd5b9d3,1dcc7ab7a0fa,Haryana,17136,2024-03-16T01:09:42,2024-03-16T01:39:42,expired,0,1,P06
5e332d3d77a79664,57c10fd5b9d3,307e2e449c49,Gujarat,7093,2024-03-16T01:10:33,2024-03-16T01:40:33,expired,0,1,P06
1a4b6c8857a783f1,57c10fd5b9d3,1471878320da,Kerala,21284,2024-03-16T01:16:07,2024-03-16T01:26:40,declined,0,1,P06
4f0b6b836806dfee,57c10fd5b9d3,68b5de789a43,Bihar,18229,2024-03-16T01:18:57,2024-03-16T01:36:08,declined,0,1,P06
1130e30ed1384496,57c10fd5b9d3,007a97ac2d9d,Bihar,8189,2024-03-16T01:24:30,2024-03-16T01:36:46,declined,0,1,P06
3373112e66abd455,57c10fd5b9d3,6ac0dac6759f,Maharashtra,17176,2024-03-16T01:26:55,2024-03-16T01:39:01,declined,0,1,P06
09d4723061694da7,09805b931ea6,596f29f0f4d0,Karnataka,2502,2024-03-16T01:28:06,2024-03-16T01:31:29,approved,1,0,
5de2fb9139861bba,6f5fa5bed003,138d156a99eb,West Bengal,850,2024-03-16T01:33:09,2024-03-16T01:46:17,approved,1,0,
586f2047fe417ea3,0176a1a01f10,6cae231b2e94,Bihar,4462,2024-03-16T01:33:11,2024-03-16T01:52:59,approved,1,0,
1155009f19a53a5d,57c10fd5b9d3,1a8780dbe2fc,Maharashtra,7264,2024-03-16T01:37:43,2024-03-16T02:07:43,expired,0,1,P06
573e9960a2b09c2d,57c10fd5b9d3,2d48faf72027,Haryana,7194,2024-03-16T01:38:32,2024-03-16T02:08:32,expired,0,1,P06
43e50613173a76d4,107ff2ac18f1,70c589313fbc,Uttar Pradesh,692,2024-03-16T01:39:47,2024-03-16T01:48:01,approved,1,0,
24867d58b154134d,57c10fd5b9d3,43c36f22f565,Kerala,11193,2024-03-16T01:41:02,2024-03-16T01:42:22,declined,0,1,P06
166fccaf0c78837e,57c10fd5b9d3,1c274916e563,Maharashtra,3196,2024-03-16T01:42:07,2024-03-16T02:12:07,expired,0,1,P06
0bef748b69c88d68,3a6576ce966b,27ab3ef09119,Telangana,4036,2024-03-16T01:53:31,2024-03-16T02:06:17,approved,1,0,
2a21c76ee778a9c9,57c10fd5b9d3,15f56f2a5241,Kerala,8133,2024-03-16T01:54:49,2024-03-16T02:23:20,declined,0,1,P06
6c1768c1b8ef30eb,57c10fd5b9d3,7def9d4429ad,Haryana,8124,2024-03-16T01:56:22,2024-03-16T02:05:15,declined,0,1,P06
1b6b13dea8680e80,57c10fd5b9d3,3f68954f660a,Delhi,14211,2024-03-16T02:02:13,2024-03-16T02:10:56,declined,0,1,P06
627a7185d18a5aa5,57c10fd5b9d3,778b619af755,Rajasthan,12487,2024-03-16T02:03:32,2024-03-16T02:33:32,expired,0,1,P06
0b5251b0d4f8d384,57c10fd5b9d3,58722cd46be2,Karnataka,6426,2024-03-16T02:07:35,2024-03-16T02:23:06,declined,0,1,P06
5337eb402ac64eaf,57c10fd5b9d3,3fe052d35498,Karnataka,3974,2024-03-16T02:08:31,2024-03-16T02:23:55,declined,0,1,P06
04c651087ca1bd11,57c10fd5b9d3,4a83113ddab1,Bihar,6359,2024-03-16T02:10:21,2024-03-16T02:40:21,expired,0,1,P06
706fc026af89f9b6,57c10fd5b9d3,65bc8e4c6dbe,Rajasthan,17344,2024-03-16T02:16:13,2024-03-16T02:46:13,expired,0,1,P06
33bacce73478abb7,2910947f9388,5b06a05af0e3,Delhi,488,2024-03-16T02:29:47,2024-03-16T02:59:47,expired,1,0,
4d47a4c24980a3d9,57c10fd5b9d3,4d7134d0214b,Gujarat,25000,2024-03-16T02:31:44,2024-03-16T03:01:44,expired,0,1,P06
44adcb921c97eac6,57c10fd5b9d3,37a6d88fd9b5,Telangana,4467,2024-03-16T02:31:45,2024-03-16T03:01:45,expired,0,1,P06
020ba98e553f8596,57c10fd5b9d3,57912ab67b01,Maharashtra,3416,2024-03-16T02:33:21,2024-03-16T02:44:33,declined,0,1,P06
510f6ac2541b012a,57c10fd5b9d3,64043f538960,Uttar Pradesh,8712,2024-03-16T02:43:40,2024-03-16T02:46:35,declined,0,1,P06
4bc0e520df7d7a15,57c10fd5b9d3,67fae637d4cd,Delhi,5196,2024-03-16T02:44:09,2024-03-16T02:48:05,declined,0,1,P06
1061ded4311f168a,57c10fd5b9d3,728352813b60,Tamil Nadu,6918,2024-03-16T02:45:28,2024-03-16T02:58:38,approved,0,1,P06
3efd68cd397e608f,57c10fd5b9d3,37d9bccfe033,Gujarat,5417,2024-03-16T02:49:08,2024-03-16T02:53:28,declined,0,1,P06
2ed719ed5d7d768d,57c10fd5b9d3,134cc13e87b4,Haryana,10657,2024-03-16T02:50:15,2024-03-16T03:01:54,declined,0,1,P06
322aea7091c23eea,57c10fd5b9d3,113a59b98180,West Bengal,2401,2024-03-16T02:53:52,2024-03-16T03:07:54,approved,0,1,P06
3347b4a810ffeb1c,57c10fd5b9d3,3bc8946ad71d,West Bengal,4841,2024-03-16T03:00:10,2024-03-16T03:30:10,expired,0,1,P06
32db6a493109bdb1,57c10fd5b9d3,6349bc28fedf,Rajasthan,7985,2024-03-16T03:00:26,2024-03-16T03:02:26,declined,0,1,P06
0ecd20fd2814807c,57c10fd5b9d3,73ca6cc569b3,Delhi,2209,2024-03-16T03:02:36,2024-03-16T03:04:27,declined,0,1,P06
3852b53acdca91b4,57c10fd5b9d3,703900624b70,Bihar,11133,2024-03-16T03:02:43,2024-03-16T03:32:43,expired,0,1,P06
402bbacaff36c7cb,57c10fd5b9d3,78a8a285768a,Haryana,25000,2024-03-16T03:19:58,2024-03-16T03:27:42,declined,0,1,P06
56395190301a6f9d,57c10fd5b9d3,7c63baff931d,Telangana,9717,2024-03-16T03:24:36,2024-03-16T03:41:37,declined,0,1,P06
0905ae97a4a16605,57c10fd5b9d3,2f8a15ca34e9,Rajasthan,8911,2024-03-16T03:24:41,2024-03-16T03:32:52,declined,0,1,P06
0aa2034c464e165d,57c10fd5b9d3,3b08bcfa5814,Telangana,21255,2024-03-16T03:26:05,2024-03-16T03:56:05,expired,0,1,P06
00d8dec8ee496fbe,57c10fd5b9d3,7a51ea84a1da,Delhi,9608,2024-03-16T03:26:50,2024-03-16T03:33:49,declined,0,1,P06
714aa791dbb509ad,57c10fd5b9d3,677c2a31e4df,Uttar Pradesh,8516,2024-03-16T03:28:27,2024-03-16T03:58:27,expired,0,1,P06
70a35b52ab096a89,57c10fd5b9d3,395a4428a39a,Uttar Pradesh,11380,2024-03-16T03:31:18,2024-03-16T04:01:18,expired,0,1,P06
56cb65cdb278ee8b,57c10fd5b9d3,20c6bb5da9b7,Uttar Pradesh,10969,2024-03-16T03:32:04,2024-03-16T04:02:04,expired,0,1,P06
2f0a1370e9534867,57c10fd5b9d3,39e017cc62b0,Haryana,9500,2024-03-16T03:34:20,2024-03-16T04:04:20,expired,0,1,P06
49f8357b7181ad05,57c10fd5b9d3,1c185a3c24c1,West Bengal,9385,2024-03-16T03:38:38,2024-03-16T04:08:38,expired,0,1,P06
06c59065fc3494b5,57c10fd5b9d3,3e950238454d,Gujarat,13203,2024-03-16T03:40:22,2024-03-16T03:57:00,declined,0,1,P06
679ff4ff5738151a,57c10fd5b9d3,55bfea925fe4,Maharashtra,8112,2024-03-16T03:50:00,2024-03-16T03:59:10,declined,0,1,P06
1a244536731c736a,57c10fd5b9d3,1b1eeb9282ec,Karnataka,3144,2024-03-16T03:51:16,2024-03-16T04:13:21,declined,0,1,P06
576e761b1d9bff9b,7b99521e8d62,4245dd38a4ff,Uttar Pradesh,280,2024-03-16T03:56:55,2024-03-16T04:05:39,approved,1,0,
6c74541b6eaf764e,57c10fd5b9d3,151451a15c0b,Haryana,12427,2024-03-16T04:01:21,2024-03-16T04:31:21,expired,0,1,P06
4abb5bc17a897f38,0fc3186df001,54e97bb0b79b,West Bengal,446,2024-03-16T04:03:25,2024-03-16T04:27:07,declined,1,0,
2bbda17107316d58,57c10fd5b9d3,38a9a006f8d2,Rajasthan,2570,2024-03-16T04:05:09,2024-03-16T04:08:28,declined,0,1,P06
070e91d125d41a4a,57c10fd5b9d3,442e46da58ec,Karnataka,10682,2024-03-16T04:09:04,2024-03-16T04:39:04,expired,0,1,P06
0d9628797fb84032,57c10fd5b9d3,246aa6cb5ff0,Gujarat,11682,2024-03-16T04:16:40,2024-03-16T04:46:40,expired,0,1,P06
415d408ed5041dcc,57c10fd5b9d3,2af12a179a20,Delhi,7784,2024-03-16T04:17:24,2024-03-16T04:47:24,expired,0,1,P06
518b13eed71178f9,57c10fd5b9d3,0717fce3e33c,Tamil Nadu,10463,2024-03-16T04:17:40,2024-03-16T04:47:40,expired,0,1,P06
15ccb33c65710e82,57c10fd5b9d3,0d0c3283bbaa,Uttar Pradesh,10374,2024-03-16T04:29:24,2024-03-16T04:59:24,expired,0,1,P06
17a36e1a654260d6,57c10fd5b9d3,3feca58690b9,Tamil Nadu,6762,2024-03-16T04:33:22,2024-03-16T05:03:22,expired,0,1,P06
3b0c6095b93053f2,57c10fd5b9d3,5f10dbbf72a8,Maharashtra,4152,2024-03-16T04:38:08,2024-03-16T04:52:02,approved,0,1,P06
49135dc0ecc5e293,57c10fd5b9d3,7eacf1298fba,Bihar,9077,2024-03-16T04:38:42,2024-03-16T04:56:11,declined,0,1,P06
5f6b95675d6863b9,57c10fd5b9d3,076efe672429,Rajasthan,10665,2024-03-16T04:46:17,2024-03-16T05:08:07,declined,0,1,P06
49854314b1b93187,57c10fd5b9d3,13f2144d89f0,Rajasthan,11856,2024-03-16T04:49:39,2024-03-16T04:57:25,approved,0,1,P06
392f55dfd834b340,57c10fd5b9d3,6779730d7a4f,Rajasthan,4981,2024-03-16T04:51:37,2024-03-16T04:56:53,declined,0,1,P06
286780cc759091be,57c10fd5b9d3,3d8c85542a1d,Delhi,24344,2024-03-16T04:52:40,2024-03-16T05:06:00,approved,0,1,P06
41ccf7dd536dc0fd,57c10fd5b9d3,779f76498ebb,Bihar,10073,2024-03-16T04:53:44,2024-03-16T05:23:44,expired,0,1,P06
19ea9d74248e4b0d,57c10fd5b9d3,50838adb3673,Karnataka,5464,2024-03-16T05:04:13,2024-03-16T05:07:51,declined,0,1,P06
175386e9a6b47641,57c10fd5b9d3,320eb437d0f1,Haryana,15508,2024-03-16T05:04:48,2024-03-16T05:16:40,declined,0,1,P06
7c0cc7565c581d23,57c10fd5b9d3,1932302cebfc,Telangana,15286,2024-03-16T05:06:43,2024-03-16T05:36:43,expired,0,1,P06
2d66c160ed189759,57c10fd5b9d3,4597528e536f,Telangana,12497,2024-03-16T05:11:20,2024-03-16T05:37:16,declined,0,1,P06
6c6bfeb7b4073513,57c10fd5b9d3,6a44f3b34f7b,Haryana,11520,2024-03-16T05:16:28,2024-03-16T05:29:30,declined,0,1,P06
717476a1433213ef,57c10fd5b9d3,6472b4130ca5,Uttar Pradesh,7239,2024-03-16T05:20:12,2024-03-16T05:46:42,declined,0,1,P06
637aea13d9600633,57c10fd5b9d3,77dbe17485ca,West Bengal,14683,2024-03-16T05:23:31,2024-03-16T05:47:56,declined,0,1,P06
6028b5c9437b248f,6e73719779d9,1412da1f927c,Gujarat,209,2024-03-16T05:25:56,2024-03-16T05:27:23,approved,0,0,
24f4163709d86ebc,57c10fd5b9d3,511a37e29c99,Uttar Pradesh,10622,2024-03-16T05:27:49,2024-03-16T05:55:55,declined,0,1,P06
7f90d9b76017718f,57c10fd5b9d3,1353c8ce41d8,Maharashtra,18075,2024-03-16T05:30:16,2024-03-16T05:40:01,declined,0,1,P06
2996ab2918b11982,57c10fd5b9d3,582db1eca661,Kerala,10362,2024-03-16T05:30:58,2024-03-16T06:00:23,declined,0,1,P06
701d26f82a4c8c9f,57c10fd5b9d3,6a3d8db7f6ac,Haryana,10101,2024-03-16T05:34:29,2024-03-16T05:46:05,declined,0,1,P06
16e696ce1ae2525d,57c10fd5b9d3,080675a7748a,Bihar,7810,2024-03-16T05:34:48,2024-03-16T05:54:07,declined,0,1,P06
41a8e19f09cee0e9,57c10fd5b9d3,7ea2971d44b6,Delhi,13067,2024-03-16T05:38:36,2024-03-16T06:08:36,expired,0,1,P06
73a0b7005db3f1a5,57c10fd5b9d3,7289bb047f46,Bihar,9635,2024-03-16T05:39:50,2024-03-16T06:09:50,expired,0,1,P06
1f00a2f23c61cbe7,57c10fd5b9d3,390250a386b8,Kerala,8044,2024-03-16T05:41:03,2024-03-16T05:47:40,approved,0,1,P06
1c0b443463d7875d,57c10fd5b9d3,1b30f03fa29d,Delhi,8122,2024-03-16T05:44:06,2024-03-16T05:47:39,declined,0,1,P06
7c94d4b22763af28,57c10fd5b9d3,00b78663c6e0,West Bengal,5609,2024-03-16T05:45:26,2024-03-16T06:15:26,expired,0,1,P06
4a8abe1135f5d176,57c10fd5b9d3,6ff1f3f667cc,Maharashtra,5210,2024-03-16T05:47:33,2024-03-16T05:54:10,declined,0,1,P06
30a511a831098c54,57c10fd5b9d3,5fab708fc4b1,Tamil Nadu,8790,2024-03-16T05:48:12,2024-03-16T06:00:52,declined,0,1,P06
5d32c15ed98bda90,57c10fd5b9d3,7fb9ce4635ad,Maharashtra,18094,2024-03-16T05:52:18,2024-03-16T06:08:16,declined,0,1,P06
3a320669c5205cf5,57c10fd5b9d3,78936cbf29a1,Delhi,2000,2024-03-16T05:56:14,2024-03-16T06:26:14,expired,0,1,P06
133c30e8927c3326,57c10fd5b9d3,25cd3300177c,Haryana,7814,2024-03-16T05:59:01,2024-03-16T06:06:48,declined,0,1,P06
0dcf93736b46f6ed,57c10fd5b9d3,2d7d60f4b764,Uttar Pradesh,3848,2024-03-16T05:59:19,2024-03-16T06:12:47,declined,0,1,P06
6d7f989ff7427f84,7d493d48b208,25ae43a92909,Tamil Nadu,522,2024-03-16T06:12:32,2024-03-16T06:20:17,approved,1,0,
68dae1a424489a72,57c10fd5b9d3,1e3c2ae212d9,Telangana,6769,2024-03-16T06:14:41,2024-03-16T06:25:48,declined,0,1,P06
73f4ffadcc3510e7,57c10fd5b9d3,55586aad1b29,Kerala,6551,2024-03-16T06:16:50,2024-03-16T06:30:46,declined,0,1,P06
1a54581eefa10604,57c10fd5b9d3,48c95b09ba18,Telangana,9203,2024-03-16T06:19:12,2024-03-16T06:49:12,expired,0,1,P06
5a957ff7f64df15c,57c10fd5b9d3,22adc8839acb,Haryana,7523,2024-03-16T06:19:28,2024-03-16T06:22:33,declined,0,1,P06
1a795b0029fcdb2b,6fdf521c2b77,1041913c9573,Gujarat,3774,2024-03-16T06:22:05,2024-03-16T06:41:09,approved,1,0,
3878835f1ebfd665,57c10fd5b9d3,1b655a569be1,Karnataka,4282,2024-03-16T06:27:43,2024-03-16T06:57:43,expired,0,1,P06
7b432e72a0086d90,57c10fd5b9d3,3aec6797d1cf,Haryana,3063,2024-03-16T06:29:51,2024-03-16T06:49:51,declined,0,1,P06
66cd51ccbfacbc12,6e836fcd1e4d,5b044053ef5e,Uttar Pradesh,1076,2024-03-16T06:32:01,2024-03-16T06:38:30,approved,0,0,
77348db30814b152,6e73719779d9,477ee18752bf,Rajasthan,1413,2024-03-16T06:32:46,2024-03-16T06:45:27,approved,0,0,
6719a4ec34257f43,57c10fd5b9d3,2406d178f3bd,Rajasthan,5034,2024-03-16T06:33:31,2024-03-16T07:03:31,expired,0,1,P06
449ad38c580f23ab,57c10fd5b9d3,629c4d93f83c,Karnataka,9463,2024-03-16T06:34:25,2024-03-16T06:48:51,declined,0,1,P06
7721aba5b35622a8,57c10fd5b9d3,0686c7f7298c,Rajasthan,4997,2024-03-16T06:37:16,2024-03-16T07:07:16,expired,0,1,P06
388e795e6f573e87,6fdf521c2b77,0d9a1ab8e5e7,Rajasthan,1122,2024-03-16T06:38:03,2024-03-16T06:48:13,approved,1,0,
147bc6f1fa1af728,57c10fd5b9d3,796a4137adc6,Bihar,5081,2024-03-16T06:39:10,2024-03-16T07:09:10,expired,0,1,P06
5d7f15661eeb3a8b,57c10fd5b9d3,0ea21b17959e,Tamil Nadu,6711,2024-03-16T06:45:14,2024-03-16T07:15:14,expired,0,1,P06
0cf31f7d7c077444,57c10fd5b9d3,21948492415a,Delhi,5563,2024-03-16T06:49:30,2024-03-16T07:19:30,expired,0,1,P06
00399e2e329d8f02,22ea49616c97,0e8ef3b9d65c,West Bengal,641,2024-03-16T06:51:12,2024-03-16T07:01:45,approved,1,0,
41d1084386a585d5,51e266317647,78ee989e1e58,Haryana,372,2024-03-16T06:56:14,2024-03-16T07:00:04,approved,1,0,
148f668587e482b7,57c10fd5b9d3,144b2df86174,Delhi,3802,2024-03-16T06:57:31,2024-03-16T07:10:28,declined,0,1,P06
62b49dfa1115d8a3,57c10fd5b9d3,6ca356e998cd,Tamil Nadu,5279,2024-03-16T06:57:47,2024-03-16T07:17:48,declined,0,1,P06
16bb46246bdfa066,57c10fd5b9d3,70b0b8cd713c,Telangana,3951,2024-03-16T07:01:45,2024-03-16T07:31:45,expired,0,1,P06
2c297a1551e80e78,57c10fd5b9d3,64661ca15cc0,Haryana,4650,2024-03-16T07:10:00,2024-03-16T07:40:00,expired,0,1,P06
1f6246a257e05e49,216f11aafe2f,748ed3c96dad,Delhi,969,2024-03-16T07:11:17,2024-03-16T07:30:51,approved,0,0,
3e2f05a6ec5820c5,57c10fd5b9d3,2fbcd112694a,Kerala,8571,2024-03-16T07:11:33,2024-03-16T07:20:29,declined,0,1,P06
6b4c7625f7e8eec2,57c10fd5b9d3,70e3031bef65,Tamil Nadu,9090,2024-03-16T07:16:13,2024-03-16T07:46:13,expired,0,1,P06
41bdbe588c683593,57c10fd5b9d3,067a1664d249,Rajasthan,11990,2024-03-16T07:16:50,2024-03-16T07:42:50,declined,0,1,P06
2acab19ef2527bc2,57c10fd5b9d3,4d272e18af5b,West Bengal,10152,2024-03-16T07:17:51,2024-03-16T07:47:51,expired,0,1,P06
1c9e4cb08bfcf8cc,57c10fd5b9d3,46af5488b087,Maharashtra,10672,2024-03-16T07:18:46,2024-03-16T07:30:50,declined,0,1,P06
46b3fbbbcfcd7b2c,57c10fd5b9d3,6c2ad0c426d6,Telangana,11985,2024-03-16T07:19:13,2024-03-16T07:37:49,declined,0,1,P06
3564b12f4b2b75d4,57c10fd5b9d3,12942a7fae59,Telangana,5531,2024-03-16T07:20:00,2024-03-16T07:24:04,declined,0,1,P06
7f788f98fccac1a0,2b7ae5050a4d,6489e75b2737,Bihar,460,2024-03-16T07:22:48,2024-03-16T07:31:09,approved,1,0,
7e81c1c738e72e03,57c10fd5b9d3,2602ecd5aaaf,Rajasthan,12872,2024-03-16T07:23:24,2024-03-16T07:53:24,expired,0,1,P06
5763d00a080b0527,57c10fd5b9d3,72ad1c371f9f,Delhi,6982,2024-03-16T07:23:44,2024-03-16T07:50:04,declined,0,1,P06
2254245ba86f38b5,57c10fd5b9d3,0f672762e6c2,Kerala,12916,2024-03-16T07:29:36,2024-03-16T07:48:59,declined,0,1,P06
7de239e44dfe9c1b,57c10fd5b9d3,6698c6f577f2,Rajasthan,9716,2024-03-16T07:29:59,2024-03-16T07:52:48,declined,0,1,P06
417b10adc093a93e,57c10fd5b9d3,66458755c46b,Delhi,22135,2024-03-16T07:31:27,2024-03-16T07:49:19,declined,0,1,P06
330523694b94e80a,6e73719779d9,03b8dda50fd8,Uttar Pradesh,1339,2024-03-16T07:37:34,2024-03-16T07:55:39,approved,0,0,
1527fb277f6b1fbd,57c10fd5b9d3,0579d8e46773,Gujarat,9077,2024-03-16T07:47:23,2024-03-16T08:17:23,expired,0,1,P06
685b44b15a1e0c62,663473dc643e,4daca5404353,Maharashtra,710,2024-03-16T07:49:07,2024-03-16T07:52:02,approved,1,0,
06c031518377a589,5be02b242add,27c38bc16dab,Gujarat,1177,2024-03-16T07:49:32,2024-03-16T08:02:40,approved,1,0,
39ff3a5101f85b82,57c10fd5b9d3,2f56e2857b0c,Haryana,11568,2024-03-16T07:52:16,2024-03-16T08:22:16,expired,0,1,P06
16daf1f66e7924c3,57c10fd5b9d3,0228d63a4ba2,Karnataka,13155,2024-03-16T07:55:03,2024-03-16T08:03:20,declined,0,1,P06
6eb8b543a838c871,6fdf521c2b77,492fa924effd,Haryana,1766,2024-03-16T07:56:31,2024-03-16T08:13:20,approved,1,0,
35c68fc142235fb7,57c10fd5b9d3,3484c38e2293,Rajasthan,7662,2024-03-16T07:59:01,2024-03-16T08:14:45,declined,0,1,P06
3b6950ff0cbe512e,20332b92b91c,58c4a86ec532,Delhi,364,2024-03-16T07:59:40,2024-03-16T08:15:03,declined,0,0,
718a191dfbab17c5,57c10fd5b9d3,7f6b75c88946,Tamil Nadu,12876,2024-03-16T08:00:42,2024-03-16T08:25:14,declined,0,1,P06
03798979291e7eaf,3a6d68f3644e,63402e86bf2e,Kerala,1609,2024-03-16T08:02:37,2024-03-16T08:19:10,approved,1,0,
771b1444d64f80f8,57c10fd5b9d3,546f5ffd2d39,West Bengal,25000,2024-03-16T08:04:13,2024-03-16T08:15:38,declined,0,1,P06
51ce596bf78adee7,09f6cd55cca3,759f68f69b70,Maharashtra,1405,2024-03-16T08:05:27,2024-03-16T08:08:43,approved,1,0,
4a3f2ae53ac960ff,57c10fd5b9d3,3fe052d35498,Karnataka,7813,2024-03-16T08:06:20,2024-03-16T08:36:20,expired,0,1,P06
4299286b07550674,57c10fd5b9d3,0972db566915,Rajasthan,2000,2024-03-16T08:08:20,2024-03-16T08:24:29,approved,0,1,P06
31513474bf9c0c16,30595689af87,57dc3a390016,Uttar Pradesh,930,2024-03-16T08:12:26,2024-03-16T08:16:51,approved,1,0,
709fbe57f273d79b,57c10fd5b9d3,6ed1d421e766,Bihar,10695,2024-03-16T08:12:40,2024-03-16T08:14:39,declined,0,1,P06
6c932fe4c0dbb0bd,57c10fd5b9d3,1565b0422379,Kerala,12115,2024-03-16T08:13:01,2024-03-16T08:26:24,declined,0,1,P06
1c91825e10b795d7,57c10fd5b9d3,26f849d976b8,Bihar,13447,2024-03-16T08:13:06,2024-03-16T08:30:03,approved,0,1,P06
5b34ff40bd73c1d5,57c10fd5b9d3,2e1efc245248,Gujarat,6542,2024-03-16T08:17:55,2024-03-16T08:47:55,expired,0,1,P06
173c2e1b727177d1,57c10fd5b9d3,2d21b4e106cb,Rajasthan,11964,2024-03-16T08:18:05,2024-03-16T08:45:43,declined,0,1,P06
330568b05e8a88fa,0fc3186df001,10051338722c,Delhi,711,2024-03-16T08:19:45,2024-03-16T08:20:41,approved,1,0,
6c7303cfb5b62451,51e266317647,0fb54f25b7e7,West Bengal,524,2024-03-16T08:20:46,2024-03-16T08:21:51,approved,1,0,
0e2c35761143cd00,57c10fd5b9d3,2cb2a7cd835f,West Bengal,25000,2024-03-16T08:24:11,2024-03-16T08:54:11,expired,0,1,P06
2ff60c44bc9adc09,57c10fd5b9d3,0f627ec0759d,Gujarat,11923,2024-03-16T08:25:39,2024-03-16T08:40:06,approved,0,1,P06
1056a2242bf270fa,3a6d68f3644e,7900273cfd01,West Bengal,2431,2024-03-16T08:25:48,2024-03-16T08:55:48,expired,1,0,
59d6df4826cd80a2,634690700829,3d7664081c3d,Rajasthan,463,2024-03-16T08:26:55,2024-03-16T08:43:57,approved,1,0,
681d04935f6675f7,57c10fd5b9d3,3ba8ebebaafc,Tamil Nadu,6914,2024-03-16T08:27:06,2024-03-16T08:28:27,declined,0,1,P06
76d53f954cf2e8f5,3a6576ce966b,51881d6a25b8,Uttar Pradesh,3411,2024-03-16T08:27:40,2024-03-16T08:33:44,approved,1,0,
13678bf57cb3183b,4a83bc732574,1f73c51a015f,West Bengal,1013,2024-03-16T08:28:44,2024-03-16T08:39:18,approved,1,0,
5be80cf447647c02,57c10fd5b9d3,0f85273ccade,Bihar,2246,2024-03-16T08:29:52,2024-03-16T08:40:56,declined,0,1,P06
4ba7a93fcc495f6a,57c10fd5b9d3,7762b9f6ba4c,Haryana,15255,2024-03-16T08:32:46,2024-03-16T09:02:46,expired,0,1,P06
22e436f3fe1dd57c,0cce3dbda79d,7c1fa02a6c67,Haryana,1121,2024-03-16T08:34:16,2024-03-16T08:36:57,approved,0,0,
774ed6f903eb7741,57c10fd5b9d3,530f1428f47e,Bihar,8740,2024-03-16T08:35:40,2024-03-16T08:54:11,declined,0,1,P06
73947efee9757152,2b7ae5050a4d,70d075c5b70c,Karnataka,385,2024-03-16T08:37:19,2024-03-16T08:45:30,approved,1,0,
4dfcc8e2316c2b0e,5ded2d78f299,3e37799e3fe2,Bihar,1213,2024-03-16T08:39:19,2024-03-16T08:51:37,approved,1,0,
544574c36f0bb0a1,57c10fd5b9d3,18e811008e3a,Karnataka,5035,2024-03-16T08:39:32,2024-03-16T09:09:32,expired,0,1,P06
78709b42f1f63870,57c10fd5b9d3,55586aad1b29,Kerala,13322,2024-03-16T08:40:50,2024-03-16T09:10:50,expired,0,1,P06
02db9393ab3d0ef0,57c10fd5b9d3,2194aacc5409,Tamil Nadu,9008,2024-03-16T08:41:42,2024-03-16T09:11:42,expired,0,1,P06
0c16a770d5c76a50,6a7bccb8c392,05378bd68f75,Kerala,304,2024-03-16T08:42:42,2024-03-16T08:59:36,approved,1,0,
7414a1bdbf559cdc,6fdf521c2b77,77d33da51c7a,Karnataka,3418,2024-03-16T08:43:13,2024-03-16T08:56:38,approved,1,0,
045f12d5d14cadef,4c6b531ee064,1fdb3db61d5e,Kerala,782,2024-03-16T08:45:37,2024-03-16T09:01:48,approved,1,0,
22ef3ab7a43617e0,6ab35d61cd9f,074540f9725e,Kerala,469,2024-03-16T08:48:05,2024-03-16T09:01:42,approved,1,0,
14d0dfa0e24a67a7,513484923021,6d4cc1d30d5d,Telangana,317,2024-03-16T08:50:26,2024-03-16T08:55:52,approved,1,0,
3fcf4ffa49961fee,57c10fd5b9d3,5ff343057178,Gujarat,25000,2024-03-16T08:52:48,2024-03-16T09:05:01,declined,0,1,P06
498723a6d6f51638,09f6cd55cca3,1539e82c29a1,Tamil Nadu,1163,2024-03-16T08:53:21,2024-03-16T09:17:40,declined,1,0,
3dddd6d85b5a7954,0f0510686293,15324c753000,Uttar Pradesh,612,2024-03-16T08:53:53,2024-03-16T08:57:42,approved,1,0,
72ac1e86f3df82ba,57c10fd5b9d3,6061284eacd4,Rajasthan,6046,2024-03-16T08:54:32,2024-03-16T08:57:56,declined,0,1,P06
7b0cd18c6a3d2e9e,35ed52508031,6759837ad8ef,Rajasthan,5013,2024-03-16T08:54:56,2024-03-16T09:07:49,approved,1,0,
20651b076b9d2e4c,663473dc643e,79339f3da3f4,Maharashtra,615,2024-03-16T08:55:11,2024-03-16T09:04:03,approved,1,0,
434292e9165a6b9b,57c10fd5b9d3,6a13eb9f8669,Telangana,8977,2024-03-16T08:59:26,2024-03-16T09:02:37,declined,0,1,P06
171f709c42709bad,57c10fd5b9d3,59d065d0b49e,Kerala,8117,2024-03-16T09:00:06,2024-03-16T09:17:12,declined,0,1,P06
58d57d550127b58f,57c10fd5b9d3,45260ff68095,Bihar,8526,2024-03-16T09:00:46,2024-03-16T09:09:15,declined,0,1,P06
259bf56df7add90b,6a2b9baa3e4a,6038b0f47b59,Gujarat,264,2024-03-16T09:01:42,2024-03-16T09:07:28,approved,1,0,
2be768841f779846,51e266317647,2dafc666c9ca,Bihar,463,2024-03-16T09:02:42,2024-03-16T09:08:37,approved,1,0,
6179ebf0f7a85548,513484923021,6f291b40756c,Uttar Pradesh,586,2024-03-16T09:05:23,2024-03-16T09:22:42,approved,1,0,
3868433d854a0304,30595689af87,4c7e2914fc5a,Tamil Nadu,1571,2024-03-16T09:05:44,2024-03-16T09:22:47,approved,1,0,
3b01e46f1131f4e4,57c10fd5b9d3,79419ad26bbd,Maharashtra,6451,2024-03-16T09:06:10,2024-03-16T09:36:10,expired,0,1,P06
7df5ab008fe0fc66,57c10fd5b9d3,13f6a154d3cb,Kerala,9126,2024-03-16T09:07:08,2024-03-16T09:11:08,declined,0,1,P06
1e383ea42df375c0,107ff2ac18f1,22c73862b370,Rajasthan,206,2024-03-16T09:08:34,2024-03-16T09:23:45,approved,1,0,
0e6567784fd6800f,57c10fd5b9d3,1e9826a03515,Rajasthan,22318,2024-03-16T09:10:04,2024-03-16T09:40:04,expired,0,1,P06
7696a669262ae78a,48f26f133a7b,465ae289adbb,Delhi,611,2024-03-16T09:11:32,2024-03-16T09:29:39,approved,1,0,
6f91647e4bd32f92,57c10fd5b9d3,48e5809e185b,West Bengal,6647,2024-03-16T09:12:05,2024-03-16T09:36:27,declined,0,1,P06
3d730e4da0cc7d9e,3a6d68f3644e,2e1ec2287f7b,Karnataka,3322,2024-03-16T09:12:41,2024-03-16T09:24:09,approved,1,0,
44338d3e043f6dc2,20332b92b91c,454d54917eb3,Bihar,296,2024-03-16T09:15:03,2024-03-16T09:26:02,approved,0,0,
30b79f405dbbb94c,57c10fd5b9d3,5bde6968aaa9,Telangana,16907,2024-03-16T09:17:23,2024-03-16T09:47:23,expired,0,1,P06
2b47dbec4e898db9,57c10fd5b9d3,3ae748efc0da,West Bengal,15570,2024-03-16T09:18:06,2024-03-16T09:48:06,expired,0,1,P06
09ed5a077303773d,60a547ae6f0e,3fdd1e8c21d4,Bihar,804,2024-03-16T09:19:34,2024-03-16T09:35:39,approved,1,0,
4b851eee4b7e4268,57c10fd5b9d3,214503fb748d,Uttar Pradesh,13782,2024-03-16T09:21:23,2024-03-16T09:51:23,expired,0,1,P06
66697c18c3872faf,57c10fd5b9d3,1b12a3f6a32f,Maharashtra,4532,2024-03-16T09:22:51,2024-03-16T09:26:24,declined,0,1,P06
40b64124feeace49,20332b92b91c,27461c431546,Bihar,980,2024-03-16T09:23:45,2024-03-16T09:39:17,declined,0,0,
0d0edebade56a305,60a547ae6f0e,338b163430bd,Karnataka,348,2024-03-16T09:23:54,2024-03-16T09:41:50,approved,1,0,
328e9dd65f38defe,6e836fcd1e4d,75cc19fc2b7a,Delhi,4586,2024-03-16T09:24:35,2024-03-16T09:54:35,expired,0,0,
75c4fe5b1b760dd6,6a706675422c,346b76364e15,Maharashtra,1309,2024-03-16T09:28:38,2024-03-16T09:29:18,approved,0,0,
02f629fd632c97cf,57c10fd5b9d3,1cdf1dd481bc,Haryana,9220,2024-03-16T09:28:42,2024-03-16T09:53:22,declined,0,1,P06
2595acc7398f7cb0,6d33a7293228,61ef4b451afe,Gujarat,359,2024-03-16T09:29:04,2024-03-16T09:38:46,approved,1,0,
5e476f731dd7ae95,4c6b531ee064,0689efcb12fd,Delhi,2224,2024-03-16T09:29:30,2024-03-16T09:37:03,approved,1,0,
0f186836101dab55,57c10fd5b9d3,6f1e9ad08815,Telangana,6286,2024-03-16T09:30:43,2024-03-16T10:00:43,expired,0,1,P06
1071623599007613,6e836fcd1e4d,47d73f05d29d,Bihar,2003,2024-03-16T09:31:54,2024-03-16T09:41:40,approved,0,0,
089f7fcdd86898d1,51e266317647,5f434a84923d,Kerala,738,2024-03-16T09:33:12,2024-03-16T09:50:35,approved,1,0,
4c01c34bea9a06c7,57c10fd5b9d3,7b58e2eaf53d,Delhi,7567,2024-03-16T09:33:18,2024-03-16T10:03:18,expired,0,1,P06
68069e0a54677b66,57c10fd5b9d3,6fc89b60cfa4,Karnataka,5593,2024-03-16T09:33:53,2024-03-16T09:40:55,declined,0,1,P06
4bc263cec7f6fdb0,57c10fd5b9d3,520e10ab705c,Telangana,7014,2024-03-16T09:33:54,2024-03-16T10:03:54,expired,0,1,P06
52a01f979780e157,57c10fd5b9d3,089d5cbd77c0,Delhi,11815,2024-03-16T09:36:04,2024-03-16T10:06:04,expired,0,1,P06
1a0475456ca9c915,57c10fd5b9d3,3bf9427f67c2,Bihar,2950,2024-03-16T09:36:37,2024-03-16T09:45:00,declined,0,1,P06
60e25a5e0b897f2e,0d9a63adaba5,19374ac5e98b,Karnataka,1013,2024-03-16T09:37:47,2024-03-16T09:51:46,approved,1,0,
5a5e287fb8fd9b8a,7786fa4ecb51,4571e8383907,Uttar Pradesh,979,2024-03-16T09:38:17,2024-03-16T09:48:30,approved,1,0,
419364e54696a1a7,67a0390930e5,31c23bffdd6f,West Bengal,508,2024-03-16T09:38:42,2024-03-16T09:41:01,declined,1,0,
79fd270eb1e22d05,57c10fd5b9d3,07e9d648b0cc,Tamil Nadu,4146,2024-03-16T09:38:47,2024-03-16T10:08:47,expired,0,1,P06
41271f5eead3ba86,663473dc643e,1f3daf01b485,Telangana,237,2024-03-16T09:40:59,2024-03-16T10:10:59,expired,1,0,
2e1ae8d152b0c762,57c10fd5b9d3,54335bc0e882,Maharashtra,21430,2024-03-16T09:41:52,2024-03-16T10:11:52,expired,0,1,P06
083f616efabdb963,7d81c905f4c1,5551f130dcc1,Maharashtra,747,2024-03-16T09:45:23,2024-03-16T10:04:28,approved,1,0,
220cd47d7d5656bb,7b8a68c1ae9c,355f0c9e6f23,Uttar Pradesh,1387,2024-03-16T09:48:37,2024-03-16T10:03:31,approved,1,0,
2868231bee95de0e,6a706675422c,7ae0a69ba74c,Uttar Pradesh,4629,2024-03-16T09:49:02,2024-03-16T09:49:58,declined,0,0,
0517ec2496ba4026,57c10fd5b9d3,75a412000a84,Uttar Pradesh,6689,2024-03-16T09:50:54,2024-03-16T10:19:12,declined,0,1,P06
1a8ac21414e1d7bd,57c10fd5b9d3,602d4c2b6c73,Tamil Nadu,3086,2024-03-16T09:51:02,2024-03-16T10:21:02,expired,0,1,P06
0b80978d8e5acb2a,51e266317647,4217b26761d8,Delhi,480,2024-03-16T09:54:52,2024-03-16T10:24:52,expired,1,0,
465d1e0749dc0cbc,11d601015742,00b1deaa6596,West Bengal,750,2024-03-16T09:59:53,2024-03-16T10:11:48,approved,1,0,
7d2cf1d3db5495db,0d4a1f2e8b76,1da3fbeea4e5,Bihar,382,2024-03-16T10:00:21,2024-03-16T10:11:31,approved,1,0,
46c38c1e12595e40,57c10fd5b9d3,48b3e230c754,West Bengal,8062,2024-03-16T10:03:54,2024-03-16T10:33:54,expired,0,1,P06
149de5121697164e,48a5f4e76a41,0046b4c15b40,Delhi,1241,2024-03-16T10:04:55,2024-03-16T10:21:27,approved,0,0,
04771f4054101b27,34994a8b60cd,0ca975459764,West Bengal,1934,2024-03-16T10:05:01,2024-03-16T10:35:01,expired,0,0,
4ea807c2b9757a70,48a5f4e76a41,3fdd1e8c21d4,Bihar,813,2024-03-16T10:08:07,2024-03-16T10:20:11,approved,0,0,
69c00341cbced234,1e30aaf5adb8,343f9496c12d,Rajasthan,351,2024-03-16T10:08:51,2024-03-16T10:24:50,approved,1,0,
4492623dd9f6118b,5ded2d78f299,4908fd27d41f,Maharashtra,4849,2024-03-16T10:10:18,2024-03-16T10:25:00,approved,1,0,
6e7eeeacc792ddca,2b1781ab1f24,055d6335f30e,Tamil Nadu,810,2024-03-16T10:11:22,2024-03-16T10:41:22,expired,0,0,
49166b748158b145,57c10fd5b9d3,2cbae41a1247,Delhi,3770,2024-03-16T10:12:42,2024-03-16T10:42:42,expired,0,1,P06
52ae1e23389baea3,57c10fd5b9d3,1e83f2713341,Uttar Pradesh,2319,2024-03-16T10:13:07,2024-03-16T10:28:54,approved,0,1,P06
426308ae47b4bc28,0fc3186df001,55210d8be8f0,Haryana,572,2024-03-16T10:13:45,2024-03-16T10:22:21,approved,1,0,
626e255f27e6bcc0,57c10fd5b9d3,1fc8338a97fa,Uttar Pradesh,22413,2024-03-16T10:14:01,2024-03-16T10:37:35,declined,0,1,P06
2abc33a0c92d0264,0f0510686293,00cc8e9090f6,Maharashtra,450,2024-03-16T10:17:30,2024-03-16T10:32:24,approved,1,0,
69c4e3051d7284cb,48a5f4e76a41,5a51f2e8ad5c,Haryana,694,2024-03-16T10:18:53,2024-03-16T10:48:53,expired,0,0,
6a7c18917733e15d,2910947f9388,6a8c32b08cd3,Kerala,433,2024-03-16T10:19:33,2024-03-16T10:25:36,approved,1,0,
4123082de0f46515,3a6d68f3644e,11d3e7e74a4a,Kerala,977,2024-03-16T10:20:27,2024-03-16T10:25:00,approved,1,0,
68216824eb86267e,57c10fd5b9d3,3dc73d6ed62e,Delhi,2218,2024-03-16T10:20:45,2024-03-16T10:34:52,declined,0,1,P06
7528b4809db5a907,60a547ae6f0e,50838adb3673,Karnataka,530,2024-03-16T10:23:26,2024-03-16T10:33:22,approved,1,0,
01aeab766b19252a,51e266317647,168a878ef190,Uttar Pradesh,421,2024-03-16T10:24:06,2024-03-16T10:31:49,approved,1,0,
2c6ad9c414cac38c,60a547ae6f0e,434d8aeaca7a,Haryana,988,2024-03-16T10:28:01,2024-03-16T10:29:45,approved,1,0,
57e4c4bac31b43ee,4818964bb9e3,7604fe1fd4a4,Uttar Pradesh,646,2024-03-16T10:31:09,2024-03-16T10:37:38,approved,1,0,
267222f1a9ec4ac2,09f6cd55cca3,090ddcaeae09,Delhi,1592,2024-03-16T10:31:58,2024-03-16T10:36:01,approved,1,0,
2b7568e95eda69b8,2b1781ab1f24,16ed97056863,Rajasthan,971,2024-03-16T10:32:09,2024-03-16T10:41:50,approved,0,0,
2749c2cce51add1d,1e30aaf5adb8,63402e86bf2e,Kerala,712,2024-03-16T10:33:02,2024-03-16T10:44:44,approved,1,0,
320453103b14921a,1e30aaf5adb8,23f16f268555,Maharashtra,205,2024-03-16T10:35:15,2024-03-16T11:05:15,expired,1,0,
4217f7b47660f6f0,57c10fd5b9d3,31ef5bd70779,Delhi,6464,2024-03-16T10:35:54,2024-03-16T10:38:51,declined,0,1,P06
1f56735ab87869f5,57c10fd5b9d3,5f021fee6a9d,Bihar,25000,2024-03-16T10:36:08,2024-03-16T10:44:16,declined,0,1,P06
503e29d4dec29c4b,57c10fd5b9d3,7bdc3f33c829,Maharashtra,9721,2024-03-16T10:43:42,2024-03-16T11:09:28,declined,0,1,P06
498c014a166b4825,57c10fd5b9d3,2da9202fa06c,Delhi,8856,2024-03-16T10:46:20,2024-03-16T11:02:37,declined,0,1,P06
619ae6f3e933a6df,57c10fd5b9d3,469d9e129933,Haryana,7350,2024-03-16T10:46:21,2024-03-16T10:50:23,declined,0,1,P06
469abc18b651dbbf,107ff2ac18f1,6fc89b60cfa4,Karnataka,512,2024-03-16T10:48:19,2024-03-16T11:04:20,approved,1,0,
4c586e2498bb0768,57c10fd5b9d3,515d87ac38d5,Tamil Nadu,24369,2024-03-16T10:48:24,2024-03-16T10:52:19,declined,0,1,P06
66cb18e3e7beacd2,7d81c905f4c1,5d15af50be26,Tamil Nadu,2779,2024-03-16T10:49:08,2024-03-16T10:52:17,declined,1,0,
7be6f4620f67cc43,39dc63eef666,258f1c3d7ce6,Uttar Pradesh,306,2024-03-16T10:50:16,2024-03-16T11:08:57,approved,1,0,
7215a7c8fabd4118,57c10fd5b9d3,2b8e346ba590,Bihar,20570,2024-03-16T10:52:47,2024-03-16T11:22:47,expired,0,1,P06
3a705b128af6693a,57c10fd5b9d3,2e218e4d3588,Karnataka,5374,2024-03-16T10:53:16,2024-03-16T11:01:00,declined,0,1,P06
7b7f3f22a4704323,48a5f4e76a41,5b8c3368a3bc,Telangana,411,2024-03-16T10:54:18,2024-03-16T11:02:56,approved,0,0,
1dd93f6152a99ec2,0f0510686293,6ebd4b87aa14,Kerala,359,2024-03-16T10:57:26,2024-03-16T11:08:07,approved,1,0,
5ef85df20ed31581,57c10fd5b9d3,00d24d1fa402,Delhi,6345,2024-03-16T10:57:29,2024-03-16T11:27:29,expired,0,1,P06
4e3ca8de5756421c,57c10fd5b9d3,6f1170d5c306,Maharashtra,7409,2024-03-16T10:58:40,2024-03-16T11:24:13,declined,0,1,P06
42e6ffdac52aa90e,57c10fd5b9d3,62acf12433d1,Gujarat,7632,2024-03-16T10:58:55,2024-03-16T11:19:32,declined,0,1,P06
728bc50386bd636b,673acd5d1161,35b03813eda9,Gujarat,1825,2024-03-16T10:59:28,2024-03-16T11:03:07,approved,1,0,
7630bc464f51ea30,57c10fd5b9d3,619e7f62295a,Haryana,25000,2024-03-16T11:00:30,2024-03-16T11:30:30,expired,0,1,P06
372072954db55640,6e73719779d9,63753b3afb4e,Karnataka,147,2024-03-16T11:00:57,2024-03-16T11:03:10,approved,0,0,
2290fa4dd7b95cbd,57c10fd5b9d3,52142c481263,Karnataka,6491,2024-03-16T11:01:10,2024-03-16T11:31:10,expired,0,1,P06
7ce8d55116e40a2c,0176a1a01f10,4d8a991251fe,Kerala,3101,2024-03-16T11:01:36,2024-03-16T11:08:36,approved,1,0,
52e64e1d64863da0,5ded2d78f299,6da83b99a827,Karnataka,894,2024-03-16T11:02:53,2024-03-16T11:18:52,approved,1,0,
4b67b1228fd42868,4818964bb9e3,515e553567e2,Maharashtra,354,2024-03-16T11:03:47,2024-03-16T11:33:47,expired,1,0,
115b22157066a3fe,67a0390930e5,3165befbf2cd,Bihar,510,2024-03-16T11:04:12,2024-03-16T11:11:02,approved,1,0,
54d77a0567eff90f,0d4a1f2e8b76,48302ef03424,Delhi,578,2024-03-16T11:04:57,2024-03-16T11:17:08,approved,1,0,
4ae849b5099a26e1,4c6b531ee064,7f14ea5cb62a,Uttar Pradesh,2300,2024-03-16T11:05:22,2024-03-16T11:35:22,expired,1,0,
20975ce3359ff891,6fdf521c2b77,0f0448230955,Karnataka,2239,2024-03-16T11:05:50,2024-03-16T11:08:25,approved,1,0,
7cc47862b76beb99,6fdf521c2b77,17f19df09653,Gujarat,3437,2024-03-16T11:06:09,2024-03-16T11:11:20,approved,1,0,
7d42da6bf93aa40c,6f17ea22aaac,256aaa48523a,Rajasthan,1735,2024-03-16T11:06:49,2024-03-16T11:11:58,approved,1,0,
0815832746c78ff1,673acd5d1161,327f0e383098,Delhi,1718,2024-03-16T11:07:15,2024-03-16T11:12:24,approved,1,0,
04e0c545f74a554c,6d33a7293228,2c432b55c4bb,Maharashtra,828,2024-03-16T11:09:21,2024-03-16T11:11:49,approved,1,0,
69a94b3095eca8e7,41e20e89712f,4dab852e85b5,Telangana,1369,2024-03-16T11:09:32,2024-03-16T11:20:47,approved,1,0,
260094350f5e6c8c,30595689af87,030e5030ea4d,Telangana,679,2024-03-16T11:09:35,2024-03-16T11:29:14,approved,1,0,
15a5152caad37b53,57c10fd5b9d3,27cdf5fcc33f,Gujarat,8736,2024-03-16T11:11:52,2024-03-16T11:41:52,expired,0,1,P06
67dc2d40853ff988,48a5f4e76a41,51cc3597eaf4,Karnataka,455,2024-03-16T11:11:58,2024-03-16T11:41:58,expired,0,0,
3d4398d4c4d0f1dd,09805b931ea6,684f8f9a026b,Rajasthan,1535,2024-03-16T11:12:46,2024-03-16T11:25:32,approved,1,0,
1f1dd73811a2e326,57c10fd5b9d3,2d66e8e887e7,Uttar Pradesh,5456,2024-03-16T11:13:31,2024-03-16T11:24:22,declined,0,1,P06
19576c308a6b1380,673acd5d1161,678226aa3c20,Gujarat,1988,2024-03-16T11:13:55,2024-03-16T11:33:54,approved,1,0,
222c77dcc057789c,57c10fd5b9d3,5c24e4123c44,Kerala,7193,2024-03-16T11:15:23,2024-03-16T11:37:35,declined,0,1,P06
59236850527d5edf,22ea49616c97,7944f8a36644,Gujarat,408,2024-03-16T11:16:00,2024-03-16T11:18:05,approved,1,0,
04491c5401284785,57c10fd5b9d3,531b56e7b237,Telangana,10705,2024-03-16T11:16:35,2024-03-16T11:31:42,declined,0,1,P06
66f0a601b881680c,7d81c905f4c1,2645c57ab092,Bihar,6515,2024-03-16T11:16:49,2024-03-16T11:19:43,approved,1,0,
388d4485af07e718,19a849472d1b,056c17ee7b89,Uttar Pradesh,2011,2024-03-16T11:19:57,2024-03-16T11:21:19,approved,1,0,
7124ec8d76d505cb,4a83bc732574,51da1fd97177,Bihar,911,2024-03-16T11:27:04,2024-03-16T11:38:05,approved,1,0,
6b6bb7f2e771fbff,57c10fd5b9d3,11d1fae62f88,Tamil Nadu,5219,2024-03-16T11:29:29,2024-03-16T11:57:12,declined,0,1,P06
61e900b58b44b8d5,57c10fd5b9d3,37e685235576,Kerala,3237,2024-03-16T11:31:17,2024-03-16T12:01:17,expired,0,1,P06
373072b57b70f662,67a0390930e5,071ff04fa1b8,Haryana,156,2024-03-16T11:32:14,2024-03-16T11:50:47,approved,1,0,
783d832760f7d474,6f17ea22aaac,74f19adb662f,Tamil Nadu,3983,2024-03-16T11:38:25,2024-03-16T12:06:00,declined,1,0,
1648c3a636034357,57c10fd5b9d3,236bfd1edd93,Bihar,7741,2024-03-16T11:38:48,2024-03-16T11:41:49,declined,0,1,P06
35ed652532bfedea,216f11aafe2f,3af0016a1fd1,Gujarat,1885,2024-03-16T11:39:03,2024-03-16T11:52:03,approved,0,0,
5b0b293cdf8c9d8c,57c10fd5b9d3,5106746cf881,Telangana,7096,2024-03-16T11:39:11,2024-03-16T12:04:01,declined,0,1,P06
6a166ce970013edf,6d33a7293228,2c6d3e8b0d30,Gujarat,625,2024-03-16T11:39:27,2024-03-16T11:47:20,approved,1,0,
2681c3e2f2889cd3,0d4a1f2e8b76,0bc0b38eb370,Kerala,436,2024-03-16T11:41:27,2024-03-16T11:48:33,approved,1,0,
71b484d9471e74cd,57c10fd5b9d3,2e3f560d55ed,Rajasthan,10034,2024-03-16T11:42:05,2024-03-16T12:03:29,declined,0,1,P06
58ecb72b4e133504,6d33a7293228,2f8a15ca34e9,Rajasthan,553,2024-03-16T11:42:13,2024-03-16T11:51:39,approved,1,0,
0b9ed8c5a4944bcf,0176a1a01f10,63d289a7d3c6,Rajasthan,3553,2024-03-16T11:43:30,2024-03-16T11:54:22,approved,1,0,
271362805fc71f70,57c10fd5b9d3,36fe96868824,Karnataka,3910,2024-03-16T11:43:58,2024-03-16T11:45:26,declined,0,1,P06
34ecab6175abe8b0,20332b92b91c,32741faa2588,Kerala,413,2024-03-16T11:44:38,2024-03-16T11:48:42,approved,0,0,
289031e0d6fff7b7,57c10fd5b9d3,500ed51bdae7,Delhi,6673,2024-03-16T11:44:44,2024-03-16T11:46:34,declined,0,1,P06
7eca95a75eafd1a5,0fc3186df001,113e2929c6db,West Bengal,2566,2024-03-16T11:47:16,2024-03-16T11:50:30,approved,1,0,
148779a91c7e7d0a,57c10fd5b9d3,3139662870f1,Bihar,3352,2024-03-16T11:48:29,2024-03-16T12:18:29,expired,0,1,P06
51a7bd1cc793b364,67a0390930e5,0457c8b78038,Haryana,288,2024-03-16T11:56:28,2024-03-16T12:15:13,approved,1,0,
63b88818e502b31d,57c10fd5b9d3,32953f32db94,Bihar,3821,2024-03-16T11:56:32,2024-03-16T12:25:00,declined,0,1,P06
0698c7221a2d71d7,57c10fd5b9d3,7e9f2f4163b3,Delhi,7652,2024-03-16T11:58:18,2024-03-16T12:18:21,declined,0,1,P06
6148671019e31bc8,7d81c905f4c1,7c07dccc616d,Telangana,1382,2024-03-16T11:58:53,2024-03-16T12:05:53,approved,1,0,
05f009238949f49d,57c10fd5b9d3,523bf035a1d4,Telangana,6737,2024-03-16T12:00:55,2024-03-16T12:30:55,expired,0,1,P06
77fc37e67967d9e8,57c10fd5b9d3,310c871b5b58,Tamil Nadu,9506,2024-03-16T12:01:43,2024-03-16T12:31:43,expired,0,1,P06
6f375b6c224bc0d6,0511fee882e4,6e2f92cf4e80,Bihar,1288,2024-03-16T12:04:30,2024-03-16T12:23:37,approved,1,0,
1e6bcba63f01b177,0511fee882e4,4e7b0045629f,Maharashtra,788,2024-03-16T12:05:19,2024-03-16T12:35:19,expired,1,0,
13bc9ec14d4c9a74,5be02b242add,16287e85e1ba,Maharashtra,1013,2024-03-16T12:05:39,2024-03-16T12:13:40,approved,1,0,
47b52e90309fc6d2,6a7bccb8c392,454cfc9cd3b9,Haryana,648,2024-03-16T12:10:10,2024-03-16T12:40:10,expired,1,0,
6d95862812865d42,34994a8b60cd,574b6db61800,Bihar,1487,2024-03-16T12:11:10,2024-03-16T12:27:39,approved,0,0,
42e444bdbd3980b4,57c10fd5b9d3,7345580cbd55,Kerala,7524,2024-03-16T12:12:53,2024-03-16T12:27:02,declined,0,1,P06
3abf035b284fba04,20332b92b91c,5e7caebdfe34,Delhi,470,2024-03-16T12:14:18,2024-03-16T12:32:41,approved,0,0,
42c7da605162cab8,30595689af87,6ebe722fdc66,Rajasthan,998,2024-03-16T12:14:46,2024-03-16T12:21:00,approved,1,0,
1db176b5a071a259,634690700829,5484dabab397,Delhi,319,2024-03-16T12:16:01,2024-03-16T12:42:59,declined,1,0,
79d3f494f97bf581,0f0510686293,68b0b0fad1c9,Haryana,895,2024-03-16T12:16:57,2024-03-16T12:19:52,approved,1,0,
51fff8a1a50e439a,51e266317647,1ec596e817dd,Karnataka,559,2024-03-16T12:21:38,2024-03-16T12:40:52,approved,1,0,
1b33283e4e270ccd,57c10fd5b9d3,7142e7aa05d1,Kerala,5000,2024-03-16T12:21:59,2024-03-16T12:31:16,declined,0,1,P06
10d8c68328bb900c,0511fee882e4,5aa4440739b3,Telangana,4238,2024-03-16T12:23:29,2024-03-16T12:38:12,approved,1,0,
74e347e572c00963,20332b92b91c,3852500add7c,Gujarat,1710,2024-03-16T12:24:06,2024-03-16T12:30:58,approved,0,0,
1821c709be53f0b3,09f6cd55cca3,531b56e7b237,Telangana,2508,2024-03-16T12:24:12,2024-03-16T12:40:58,declined,1,0,
6560aafaecf7e114,35ed52508031,678f66fc0319,Uttar Pradesh,2499,2024-03-16T12:26:18,2024-03-16T12:34:46,approved,1,0,
525df914ce0fa720,6646fee30506,7fabe00ff084,Bihar,1791,2024-03-16T12:28:33,2024-03-16T12:41:00,approved,1,0,
3bc51e1895985c5b,6e836fcd1e4d,4362ce0aaf79,Karnataka,1325,2024-03-16T12:29:06,2024-03-16T12:59:06,expired,0,0,
5a73c1bf3d7280f0,6f5fa5bed003,5b90a6250f51,Telangana,1150,2024-03-16T12:31:49,2024-03-16T12:39:20,approved,1,0,
46c81279c14bba14,5be02b242add,045f3b92a8c7,Uttar Pradesh,2161,2024-03-16T12:31:56,2024-03-16T12:41:13,approved,1,0,
5501804816369a7e,513484923021,3eb882466aea,Karnataka,264,2024-03-16T12:32:01,2024-03-16T12:47:53,approved,1,0,
4adc8e3343dc3ffc,6a2b9baa3e4a,2785d1ba62de,West Bengal,918,2024-03-16T12:32:19,2024-03-16T12:33:16,approved,1,0,
42fa47904bd272aa,2b1781ab1f24,4d85159090dd,Gujarat,1796,2024-03-16T12:34:36,2024-03-16T13:04:36,expired,0,0,
25c7bc9cec286690,57c10fd5b9d3,1aa4ac2befe5,Telangana,3693,2024-03-16T12:35:09,2024-03-16T13:05:09,expired,0,1,P06
3287cdcc5383d1be,57c10fd5b9d3,00e944d2ed56,Telangana,15235,2024-03-16T12:36:45,2024-03-16T13:06:45,expired,0,1,P06
33593d23ba2dde6e,7d493d48b208,03028f07c0fe,Uttar Pradesh,317,2024-03-16T12:37:36,2024-03-16T12:55:20,approved,1,0,
116d122a44b3e650,1e30aaf5adb8,3a7913b121cb,Karnataka,606,2024-03-16T12:37:47,2024-03-16T12:47:45,approved,1,0,
094a6e613227104e,35ed52508031,372b75095f58,Karnataka,808,2024-03-16T12:38:06,2024-03-16T12:44:33,approved,1,0,
027444331e948144,634690700829,3c2db20ae20e,Rajasthan,304,2024-03-16T12:38:48,2024-03-16T12:58:24,approved,1,0,
3c00008a64afc9c8,7b8a68c1ae9c,37df03735a5f,Bihar,2925,2024-03-16T12:39:12,2024-03-16T12:50:02,approved,1,0,
0e5985d9242dc0bb,57c10fd5b9d3,34142174b317,Telangana,3657,2024-03-16T12:40:11,2024-03-16T12:56:35,declined,0,1,P06
2c60a7f5a80f5d99,57c10fd5b9d3,76eda5975c35,Rajasthan,6217,2024-03-16T12:42:35,2024-03-16T12:53:36,declined,0,1,P06
72116dcb8246dc53,09805b931ea6,3ebf29e52365,Bihar,1957,2024-03-16T12:46:57,2024-03-16T12:56:58,approved,1,0,
52d1df3657d07237,0f0510686293,3a2c8ddc7aea,Rajasthan,650,2024-03-16T12:49:59,2024-03-16T13:01:45,approved,1,0,
5d239be49cdb3dbe,0d9a63adaba5,36deab76612e,Delhi,2072,2024-03-16T12:52:15,2024-03-16T13:22:15,expired,1,0,
04300a6cfc5f200d,57c10fd5b9d3,6c07dd9c3e5f,Karnataka,19522,2024-03-16T12:54:24,2024-03-16T13:24:24,expired,0,1,P06
64ccd7e9d4543788,634690700829,7e876d602d97,Uttar Pradesh,559,2024-03-16T12:55:03,2024-03-16T13:02:20,approved,1,0,
47144a0b2dfa5557,0d4a1f2e8b76,443b50905959,Kerala,459,2024-03-16T12:58:09,2024-03-16T13:07:05,approved,1,0,
4061cf9d57999c60,57c10fd5b9d3,316d4e3b18b8,West Bengal,7267,2024-03-16T12:58:57,2024-03-16T13:16:50,declined,0,1,P06
4ca51042cf433c74,57c10fd5b9d3,4dc15c5e68bc,Tamil Nadu,8909,2024-03-16T13:02:31,2024-03-16T13:17:43,declined,0,1,P06
66a3fc516caed96e,20332b92b91c,4e187c0dfaaf,Telangana,410,2024-03-16T13:02:58,2024-03-16T13:32:58,expired,0,0,
7b620a0a54667a7b,6fdf521c2b77,6b667e42e869,Kerala,1232,2024-03-16T13:04:02,2024-03-16T13:12:33,approved,1,0,
753b65b2c3a76e12,7d81c905f4c1,3c3182cb612a,Telangana,638,2024-03-16T13:05:30,2024-03-16T13:16:16,approved,1,0,
4481125d0bec24c7,57c10fd5b9d3,1f8620e3cb61,Rajasthan,6565,2024-03-16T13:08:22,2024-03-16T13:31:44,declined,0,1,P06
7773bf5fad3d9c3b,6d33a7293228,70105b893da7,Tamil Nadu,365,2024-03-16T13:08:56,2024-03-16T13:11:22,approved,1,0,
40e406d7836b9323,57c10fd5b9d3,7c22cb3ff3fb,Maharashtra,18879,2024-03-16T13:11:18,2024-03-16T13:41:18,expired,0,1,P06
6d146bc075ca38ae,57c10fd5b9d3,7071fabe9a8a,Karnataka,3880,2024-03-16T13:13:14,2024-03-16T13:43:14,expired,0,1,P06
1454bfc390405846,48a5f4e76a41,33d697b4925d,West Bengal,1941,2024-03-16T13:13:37,2024-03-16T13:19:45,approved,0,0,
0b3e2b792932bea2,7d81c905f4c1,1917c22803fa,Delhi,936,2024-03-16T13:13:40,2024-03-16T13:29:12,approved,1,0,
47993e6dd69da175,57c10fd5b9d3,77d4c45ca311,Telangana,3471,2024-03-16T13:17:07,2024-03-16T13:45:38,declined,0,1,P06
3ce5148dbff05781,2910947f9388,658cd601181c,Karnataka,386,2024-03-16T13:21:51,2024-03-16T13:40:06,approved,1,0,
1582f56ab1f1193c,6a706675422c,643db15c80ce,Telangana,259,2024-03-16T13:24:04,2024-03-16T13:29:08,approved,0,0,
53b1e5aff01b0117,09805b931ea6,5504cca70092,Gujarat,476,2024-03-16T13:25:48,2024-03-16T13:35:03,approved,1,0,
07533f70e60bd4fa,22ea49616c97,7a2aaa478624,Tamil Nadu,501,2024-03-16T13:28:08,2024-03-16T13:34:20,approved,1,0,
502a894d7931b296,0fc3186df001,0ea7a0bfda06,Haryana,2849,2024-03-16T13:31:57,2024-03-16T13:36:59,approved,1,0,
581e74d6aea8b8f1,57c10fd5b9d3,22c73862b370,Rajasthan,8667,2024-03-16T13:32:14,2024-03-16T14:02:14,expired,0,1,P06
602837239df76ed8,09f6cd55cca3,0ece789da94d,Bihar,1595,2024-03-16T13:33:29,2024-03-16T13:42:21,approved,1,0,
47c9253d4647f932,2b1781ab1f24,58a67304f619,Maharashtra,1691,2024-03-16T13:37:12,2024-03-16T14:02:49,declined,0,0,
0f9917dd6c0c7dce,57c10fd5b9d3,164297b37a7b,Kerala,9300,2024-03-16T13:38:10,2024-03-16T14:08:10,expired,0,1,P06
1a391de363ef19d6,45d11774ab5d,3707e067aa50,Haryana,472,2024-03-16T13:38:56,2024-03-16T13:49:21,approved,0,0,
67545f0b0e5fed1b,1e30aaf5adb8,1ba63f3aaf65,West Bengal,699,2024-03-16T13:39:03,2024-03-16T13:45:42,approved,1,0,
6198e399b44fa2a4,67a0390930e5,739429ed5171,Delhi,468,2024-03-16T13:40:04,2024-03-16T13:50:20,approved,1,0,
3bcd768bef71219a,0176a1a01f10,5bbdf46022ce,Maharashtra,7003,2024-03-16T13:43:15,2024-03-16T13:47:59,approved,1,0,
2a604a98bf0dbd84,6d33a7293228,7db987f512aa,Delhi,187,2024-03-16T13:43:19,2024-03-16T13:48:21,approved,1,0,
56030ba1e97225b0,57c10fd5b9d3,0c44838b83ba,Haryana,2000,2024-03-16T13:43:35,2024-03-16T13:59:41,declined,0,1,P06
7d14826167a0f4d6,57c10fd5b9d3,63aa9d4375d2,Uttar Pradesh,4145,2024-03-16T13:44:10,2024-03-16T13:59:00,declined,0,1,P06
6bdb226dedb77865,1318e3fa6d29,452e859f681e,Telangana,399,2024-03-16T13:44:21,2024-03-16T14:14:21,expired,1,0,
44ff7e84cded96cb,57c10fd5b9d3,789878e5deb8,Haryana,6620,2024-03-16T13:45:21,2024-03-16T13:46:31,approved,0,1,P06
366582f3edc61af4,57c10fd5b9d3,7a5eb5aeb744,Telangana,5934,2024-03-16T13:46:24,2024-03-16T14:00:36,declined,0,1,P06
71389734f7b0fa4e,7b8a68c1ae9c,4f7d05db4532,Rajasthan,3745,2024-03-16T13:47:00,2024-03-16T14:17:00,expired,1,0,
449d9875688c28b0,57c10fd5b9d3,43ae7c3246b1,Telangana,4650,2024-03-16T13:48:20,2024-03-16T14:18:20,expired,0,1,P06
4a08fce0e240a173,7d81c905f4c1,1af34a83706b,Haryana,980,2024-03-16T13:51:13,2024-03-16T14:03:37,approved,1,0,
11f9af5904c2bba7,57c10fd5b9d3,3fbbd5d2b07d,Gujarat,4628,2024-03-16T13:51:39,2024-03-16T14:19:12,declined,0,1,P06
2ffd275796295a4d,1e30aaf5adb8,58bd1d64f13e,Karnataka,331,2024-03-16T13:53:25,2024-03-16T14:04:51,approved,1,0,
4c9c6c6fcc9dd2c2,216f11aafe2f,0c4b8b2797b1,Rajasthan,327,2024-03-16T13:54:55,2024-03-16T14:10:28,approved,0,0,
24c0142cc5d479e5,57c10fd5b9d3,6e08ed88c056,Karnataka,18854,2024-03-16T13:56:31,2024-03-16T14:26:31,expired,0,1,P06
0d2f3d422f361d47,673acd5d1161,50763f1eef08,Maharashtra,1334,2024-03-16T13:56:57,2024-03-16T13:57:43,approved,1,0,
18fa1332e6aa296e,634690700829,2db73ad3b044,Tamil Nadu,356,2024-03-16T13:59:27,2024-03-16T14:08:10,approved,1,0,
7ee8a379fabdeff3,0f0510686293,5551c2bbf62f,Delhi,568,2024-03-16T14:00:04,2024-03-16T14:11:20,approved,1,0,
4e7888d4407aadff,57c10fd5b9d3,741785c81bb4,Karnataka,4644,2024-03-16T14:03:56,2024-03-16T14:21:08,declined,0,1,P06
56cb445219dde3a5,0176a1a01f10,4d7c3dcb70cc,Tamil Nadu,810,2024-03-16T14:05:27,2024-03-16T14:14:37,approved,1,0,
4b633baaa851f321,57c10fd5b9d3,0cf8c03a9f9c,Rajasthan,7960,2024-03-16T14:06:23,2024-03-16T14:23:59,declined,0,1,P06
7b1f9eab489c57ac,7d81c905f4c1,3c5f8b30af3e,Rajasthan,2545,2024-03-16T14:06:37,2024-03-16T14:22:29,approved,1,0,
37d2ac14999fdc99,45d11774ab5d,2171400e06b0,Kerala,750,2024-03-16T14:07:14,2024-03-16T14:17:28,approved,0,0,
0418a41b221380af,0511fee882e4,70c81f030218,Uttar Pradesh,1611,2024-03-16T14:07:46,2024-03-16T14:25:25,approved,1,0,
1eed51083dc37c40,6a2b9baa3e4a,5ced3a65e9df,Karnataka,857,2024-03-16T14:08:55,2024-03-16T14:24:51,approved,1,0,
36b03ca857707d2d,57c10fd5b9d3,66ca7d819aa2,West Bengal,7696,2024-03-16T14:11:05,2024-03-16T14:41:05,expired,0,1,P06
1c95a1d54efdcadc,57c10fd5b9d3,64ec311f65ae,Uttar Pradesh,4869,2024-03-16T14:11:22,2024-03-16T14:41:22,expired,0,1,P06
758864298a6f0133,57c10fd5b9d3,550154baffcb,Maharashtra,8778,2024-03-16T14:12:03,2024-03-16T14:42:03,expired,0,1,P06
253d0e30c2025de6,57c10fd5b9d3,673faa362aea,Tamil Nadu,9849,2024-03-16T14:12:25,2024-03-16T14:13:58,declined,0,1,P06
1838d4951afa84d3,0176a1a01f10,7def9d4429ad,Haryana,770,2024-03-16T14:14:52,2024-03-16T14:29:12,approved,1,0,
0ca4b5deed8f99f8,57c10fd5b9d3,113a59b98180,West Bengal,6691,2024-03-16T14:17:26,2024-03-16T14:36:21,declined,0,1,P06
79ad507b15bda8e6,57c10fd5b9d3,75c69670dffd,Haryana,8395,2024-03-16T14:21:37,2024-03-16T14:41:06,declined,0,1,P06
43231582a4419217,1318e3fa6d29,16eb500fea74,Kerala,361,2024-03-16T14:21:43,2024-03-16T14:23:07,approved,1,0,
24f6575d2ebbf6a1,216f11aafe2f,1ac2c7f277c0,Haryana,2342,2024-03-16T14:22:35,2024-03-16T14:52:35,expired,0,0,
1fd626d12a4d95c9,7b99521e8d62,019e934c711a,Telangana,937,2024-03-16T14:24:08,2024-03-16T14:40:05,approved,1,0,
34525c1a423bc152,11d601015742,513f74709191,Maharashtra,2401,2024-03-16T14:26:34,2024-03-16T14:36:26,approved,1,0,
46ab131c22e81583,30595689af87,24cafd923b50,Telangana,1541,2024-03-16T14:27:04,2024-03-16T14:57:04,expired,1,0,
1ac13a991831e50b,2baf4e7593de,02f0f2681d8b,Gujarat,653,2024-03-16T14:27:50,2024-03-16T14:28:56,approved,1,0,
0d10d698758707ee,57c10fd5b9d3,4e4ce3ee42e0,Telangana,10138,2024-03-16T14:30:58,2024-03-16T15:00:58,expired,0,1,P06
68ff8f5cb0031855,0fc3186df001,15076584ce79,West Bengal,2225,2024-03-16T14:31:42,2024-03-16T14:38:26,approved,1,0,
00385fba589c4b1b,57c10fd5b9d3,25984d2e7c2f,Telangana,12339,2024-03-16T14:32:33,2024-03-16T15:02:33,expired,0,1,P06
5aa05849620e2659,2910947f9388,340190796d65,Maharashtra,551,2024-03-16T14:33:33,2024-03-16T14:48:36,approved,1,0,
44001c608c654f18,2569a0f51294,62ae9e1dccc9,Kerala,734,2024-03-16T14:35:01,2024-03-16T14:49:47,approved,1,0,
2dc53f0d93563385,41e20e89712f,62c119bf352e,Bihar,1330,2024-03-16T14:35:14,2024-03-16T15:05:14,expired,1,0,
322e96586990ed9f,1318e3fa6d29,64a3c149f93e,Uttar Pradesh,645,2024-03-16T14:35:49,2024-03-16T14:40:41,approved,1,0,
44803f6bdc2e2903,634690700829,43c36f22f565,Kerala,671,2024-03-16T14:36:42,2024-03-16T14:53:14,approved,1,0,
4d3ad32de3e255bf,48e58d7747c6,6c9feeed3758,Gujarat,2026,2024-03-16T14:40:22,2024-03-16T14:52:18,approved,1,0,
1a0f5c39e7fb84f1,6f17ea22aaac,77dff5ddc48f,Tamil Nadu,2105,2024-03-16T14:41:06,2024-03-16T14:59:23,approved,1,0,
4039ceb301947681,1e30aaf5adb8,6790d54b5e24,Telangana,459,2024-03-16T14:41:45,2024-03-16T14:56:13,approved,1,0,
2adf4316624ee40d,57c10fd5b9d3,2dafc666c9ca,Bihar,9179,2024-03-16T14:43:20,2024-03-16T15:13:20,expired,0,1,P06
23e35076f9c364e8,57c10fd5b9d3,38797d9cb708,Tamil Nadu,2000,2024-03-16T14:44:48,2024-03-16T15:14:43,declined,0,1,P06
03398cb2e168d2e6,57c10fd5b9d3,200fe5bae78c,Maharashtra,25000,2024-03-16T14:47:04,2024-03-16T14:56:34,approved,0,1,P06
69c0528568a1e889,1318e3fa6d29,51a6e870b839,Uttar Pradesh,448,2024-03-16T14:48:06,2024-03-16T15:18:06,expired,1,0,
13aefc4f7a72ec1f,57c10fd5b9d3,69996e9cb1e9,Gujarat,7671,2024-03-16T14:49:24,2024-03-16T15:06:50,declined,0,1,P06
70b1311a41a1513a,57c10fd5b9d3,6682c8c5b5b1,Telangana,8264,2024-03-16T14:50:07,2024-03-16T15:09:34,declined,0,1,P06
29e0b598ece3fd17,57c10fd5b9d3,4ef3f26009fc,West Bengal,4905,2024-03-16T14:50:41,2024-03-16T14:55:01,approved,0,1,P06
0b91e01280ff3e68,0cce3dbda79d,33c8d23a496e,Tamil Nadu,4831,2024-03-16T14:50:50,2024-03-16T15:20:50,expired,0,0,
5810241fe4aa44e9,60a547ae6f0e,28096a5e5ff7,Maharashtra,602,2024-03-16T14:51:35,2024-03-16T15:21:35,expired,1,0,
365c137c27192cdd,6e836fcd1e4d,3ed02c7f98d6,West Bengal,1479,2024-03-16T14:53:25,2024-03-16T15:23:25,expired,0,0,
6570d7a1d09e2d46,634690700829,53c664799b26,Delhi,871,2024-03-16T14:53:44,2024-03-16T15:12:53,approved,1,0,
7d52de5518c4c6e8,57c10fd5b9d3,58194b354a9f,Tamil Nadu,8343,2024-03-16T14:54:13,2024-03-16T15:05:09,declined,0,1,P06
112f58d1d8e1d515,2910947f9388,27970f6b7cce,Bihar,714,2024-03-16T14:54:32,2024-03-16T14:59:03,approved,1,0,
0a9391739ae37b37,57c10fd5b9d3,65d859e2f540,Tamil Nadu,13511,2024-03-16T14:55:29,2024-03-16T15:25:29,expired,0,1,P06
7f1ae2c8f7f1bbc7,48a5f4e76a41,545afc86b880,Maharashtra,130,2024-03-16T14:55:37,2024-03-16T15:25:37,expired,0,0,
250465dc883f3327,2b1781ab1f24,4b0cd03a26f9,Karnataka,1249,2024-03-16T14:58:15,2024-03-16T15:09:08,approved,0,0,
168f8bd6bcd7397f,57c10fd5b9d3,0e460aa1d8d6,Delhi,6089,2024-03-16T15:01:52,2024-03-16T15:12:36,declined,0,1,P06
7f479f0da804fd2a,57c10fd5b9d3,770a763134c0,Tamil Nadu,17128,2024-03-16T15:04:11,2024-03-16T15:18:17,declined,0,1,P06
273487c2100e2a52,57c10fd5b9d3,1653ef633ea3,Gujarat,14961,2024-03-16T15:04:46,2024-03-16T15:34:46,expired,0,1,P06
523d52e8891959ad,663473dc643e,78c820b876da,Bihar,546,2024-03-16T15:06:25,2024-03-16T15:24:13,approved,1,0,
34e458677cd1b523,57c10fd5b9d3,3ee81ce8d06c,Gujarat,17418,2024-03-16T15:06:29,2024-03-16T15:36:29,expired,0,1,P06
3550a75a57eb0ca9,57c10fd5b9d3,251ef1db65d9,Tamil Nadu,16223,2024-03-16T15:07:25,2024-03-16T15:35:28,declined,0,1,P06
31cf031ee8298ea4,11d601015742,73bae1d73718,Delhi,1293,2024-03-16T15:08:18,2024-03-16T15:24:09,approved,1,0,
2495509995fb5047,51e266317647,63402e86bf2e,Kerala,544,2024-03-16T15:13:56,2024-03-16T15:21:53,approved,1,0,
430cfb37a0f38133,57c10fd5b9d3,637dfa2ad1b2,Kerala,8923,2024-03-16T15:14:19,2024-03-16T15:24:18,declined,0,1,P06
5cfbfafdc1df0930,6a7bccb8c392,0d439067e6fa,Haryana,452,2024-03-16T15:14:42,2024-03-16T15:15:45,approved,1,0,
29f09e5750c8513c,7b99521e8d62,42c3ccffa5d3,Bihar,1889,2024-03-16T15:14:43,2024-03-16T15:17:16,approved,1,0,
07f528a627656570,60a547ae6f0e,197b52b34779,Maharashtra,448,2024-03-16T15:15:33,2024-03-16T15:24:08,approved,1,0,
068a89935fcff0bb,663473dc643e,54e8c19b8769,Haryana,730,2024-03-16T15:17:10,2024-03-16T15:45:35,declined,1,0,
4fe21f873674bdb2,45d11774ab5d,57b4aec88029,Tamil Nadu,7726,2024-03-16T15:17:50,2024-03-16T15:34:57,approved,0,0,
1afb3f935bb5570b,09805b931ea6,6e635beed5c7,Kerala,1417,2024-03-16T15:19:55,2024-03-16T15:31:56,approved,1,0,
2078c6809c3b707a,11d601015742,3436a1518b8d,Uttar Pradesh,3912,2024-03-16T15:20:31,2024-03-16T15:26:53,approved,1,0,
7b926d76809909ee,57c10fd5b9d3,34f48cdf568d,Uttar Pradesh,3581,2024-03-16T15:21:01,2024-03-16T15:41:29,declined,0,1,P06
14a2480d6a76796c,1318e3fa6d29,7ebbb27388e6,Telangana,848,2024-03-16T15:21:38,2024-03-16T15:29:47,approved,1,0,
095f5d75bb704bb4,57c10fd5b9d3,31c23bffdd6f,West Bengal,11097,2024-03-16T15:23:03,2024-03-16T15:45:32,declined,0,1,P06
50bc8b03dd12b22f,57c10fd5b9d3,0e1655d01575,Delhi,10370,2024-03-16T15:24:10,2024-03-16T15:54:10,expired,0,1,P06
4266d24880ee21ca,57c10fd5b9d3,7006a283ecff,Gujarat,5312,2024-03-16T15:24:53,2024-03-16T15:35:16,declined,0,1,P06
355814f190ad749c,45d11774ab5d,7d00cc017e5d,Tamil Nadu,3458,2024-03-16T15:25:52,2024-03-16T15:31:05,approved,0,0,
4f5712d70ce3a1ac,57c10fd5b9d3,3c7e8d46196d,Karnataka,9779,2024-03-16T15:27:06,2024-03-16T15:57:06,expired,0,1,P06
4da833f1efdac3c9,57c10fd5b9d3,0304fd5d0f97,Uttar Pradesh,4821,2024-03-16T15:27:55,2024-03-16T15:55:16,declined,0,1,P06
4a646f9635b34a93,2569a0f51294,68c80854a3c7,Haryana,830,2024-03-16T15:29:30,2024-03-16T15:48:17,approved,1,0,
7494d691fb8e8425,57c10fd5b9d3,0731a34448d1,Tamil Nadu,16222,2024-03-16T15:29:31,2024-03-16T15:59:31,expired,0,1,P06
07f1f0946885713f,3a6576ce966b,4d1067388ea0,Karnataka,4292,2024-03-16T15:30:01,2024-03-16T15:44:46,approved,1,0,
5b04dee76bb755e9,09f6cd55cca3,2d4fd5fc9684,Uttar Pradesh,519,2024-03-16T15:30:08,2024-03-16T15:42:31,approved,1,0,
4f475e9448ff3b38,57c10fd5b9d3,67bcc8b4b2ff,Haryana,5213,2024-03-16T15:30:56,2024-03-16T16:00:56,expired,0,1,P06
7f6113ea312a7f66,0fc3186df001,29562f250b80,Rajasthan,1145,2024-03-16T15:31:59,2024-03-16T15:37:14,approved,1,0,
40913a0356cc8638,694d71c69d67,5e12cc8f1563,West Bengal,812,2024-03-16T15:32:26,2024-03-16T15:42:02,approved,1,0,
01c9dd65b06f0b27,49217212965b,56db0e409782,Gujarat,528,2024-03-16T15:35:13,2024-03-16T15:41:02,approved,1,0,
23b05d7b014934c2,57c10fd5b9d3,14fc63558159,Maharashtra,18847,2024-03-16T15:35:27,2024-03-16T16:05:27,expired,0,1,P06
50704bdbb7860783,57c10fd5b9d3,748ed3c96dad,Delhi,17791,2024-03-16T15:36:03,2024-03-16T16:06:03,expired,0,1,P06
7169b478275456d0,1e30aaf5adb8,0c9680a2d5ed,Karnataka,689,2024-03-16T15:37:18,2024-03-16T15:51:35,declined,1,0,
1b9779156bb0a561,2569a0f51294,58e8519e313d,Haryana,1613,2024-03-16T15:39:52,2024-03-16T15:48:43,approved,1,0,
73878234fbec1442,7786fa4ecb51,5c372e0b8e0c,Bihar,677,2024-03-16T15:42:45,2024-03-16T15:56:03,approved,1,0,
73f9ce075991eb72,0d9a63adaba5,05dd75de0515,Telangana,458,2024-03-16T15:43:36,2024-03-16T16:00:47,approved,1,0,
37e392d2bdbd3209,4818964bb9e3,2262e55a0c7b,Haryana,541,2024-03-16T15:46:54,2024-03-16T16:16:54,expired,1,0,
5f58c906de1ce320,57c10fd5b9d3,6a44f3b34f7b,Haryana,3722,2024-03-16T15:47:13,2024-03-16T16:17:13,expired,0,1,P06
19bd39e21d53646a,7d493d48b208,4061e89f91c7,Haryana,424,2024-03-16T15:47:49,2024-03-16T15:56:44,approved,1,0,
2610e23891c41426,57c10fd5b9d3,0d330e4f1b6b,Tamil Nadu,10381,2024-03-16T15:47:59,2024-03-16T16:12:00,declined,0,1,P06
21a3733e4add3b9e,6e836fcd1e4d,12984f15fa35,Karnataka,2334,2024-03-16T15:49:37,2024-03-16T16:00:22,approved,0,0,
3ffced6a49351765,57c10fd5b9d3,5a91aebc5787,West Bengal,9775,2024-03-16T15:52:16,2024-03-16T16:05:08,declined,0,1,P06
01812cfbf8e8a15b,09805b931ea6,0cbef5caac60,Telangana,2894,2024-03-16T15:55:47,2024-03-16T16:06:55,approved,1,0,
1f98cbc769019986,57c10fd5b9d3,3a691076ae23,Telangana,4217,2024-03-16T15:55:48,2024-03-16T16:25:48,expired,0,1,P06
32e1309115b38c3f,0d9a63adaba5,5b9e03d849f3,Karnataka,1991,2024-03-16T15:58:43,2024-03-16T16:13:35,approved,1,0,
3b16115a31533cbf,3a6576ce966b,790a61f49171,Bihar,1588,2024-03-16T15:59:27,2024-03-16T16:08:14,approved,1,0,
25673ba12b77ad34,0511fee882e4,2d72aca71729,Kerala,862,2024-03-16T16:01:27,2024-03-16T16:13:00,approved,1,0,
2765be3c2a86f573,57c10fd5b9d3,2db73ad3b044,Tamil Nadu,7315,2024-03-16T16:03:09,2024-03-16T16:19:02,declined,0,1,P06
685945a765a86fb2,57c10fd5b9d3,6061284eacd4,Rajasthan,6004,2024-03-16T16:03:30,2024-03-16T16:28:56,declined,0,1,P06
0cec07b4372c8c87,57c10fd5b9d3,229942ff58fa,Kerala,6253,2024-03-16T16:04:40,2024-03-16T16:34:40,expired,0,1,P06
62038ff602105d44,673acd5d1161,3fffe41a470e,West Bengal,1227,2024-03-16T16:04:45,2024-03-16T16:34:45,expired,1,0,
55cbeacd52bf3a63,6e836fcd1e4d,48f30773ad18,Karnataka,1149,2024-03-16T16:05:21,2024-03-16T16:09:04,approved,0,0,
56e7db0ad262fc69,34994a8b60cd,3397a3b28967,Telangana,1282,2024-03-16T16:05:27,2024-03-16T16:06:41,approved,0,0,
6d0bd5fd2c3b60f0,57c10fd5b9d3,441cc88e2329,Bihar,9800,2024-03-16T16:06:59,2024-03-16T16:36:51,declined,0,1,P06
1d32790fc1211c08,49217212965b,6fc81879f197,Rajasthan,333,2024-03-16T16:09:19,2024-03-16T16:22:50,approved,1,0,
3e5a651b6ef53af0,663473dc643e,139f73e3493a,Rajasthan,321,2024-03-16T16:10:48,2024-03-16T16:11:24,approved,1,0,
55190e552f488a2d,57c10fd5b9d3,2dfa41397f6a,Gujarat,21127,2024-03-16T16:12:09,2024-03-16T16:18:10,declined,0,1,P06
0253ccae31273104,6f17ea22aaac,532fbc22663f,Tamil Nadu,1133,2024-03-16T16:12:15,2024-03-16T16:23:06,approved,1,0,
394b9359f94b6b42,45d11774ab5d,29173735aa23,Haryana,1158,2024-03-16T16:13:18,2024-03-16T16:43:18,expired,0,0,
73566b5fa91fc8fa,57c10fd5b9d3,7bb879e83220,Kerala,7442,2024-03-16T16:17:00,2024-03-16T16:44:06,declined,0,1,P06
0f3e67791b825a9e,48a5f4e76a41,2a3ffa770a96,Gujarat,731,2024-03-16T16:17:03,2024-03-16T16:26:54,approved,0,0,
06beaecf2cf13f60,57c10fd5b9d3,5c707cf5d20c,Tamil Nadu,15515,2024-03-16T16:20:39,2024-03-16T16:50:39,expired,0,1,P06
7a07adc7ca6539fe,49217212965b,789878e5deb8,Haryana,330,2024-03-16T16:22:29,2024-03-16T16:33:06,approved,1,0,
5b03c3a4f5cccee2,48f26f133a7b,13035719be23,Telangana,471,2024-03-16T16:23:29,2024-03-16T16:31:21,approved,1,0,
1b0711e42f306440,0cce3dbda79d,48a6bce8c5ba,Bihar,555,2024-03-16T16:26:22,2024-03-16T16:56:22,expired,0,0,
753d885f2340eb43,57c10fd5b9d3,2be6067b6a8b,Rajasthan,3349,2024-03-16T16:28:40,2024-03-16T16:35:50,declined,0,1,P06
4a4814daae1dc87e,6f17ea22aaac,1fce31b81661,Bihar,1734,2024-03-16T16:28:45,2024-03-16T16:58:45,expired,1,0,
3b99097efc050b26,0f0510686293,5c9ad80f0b08,Bihar,751,2024-03-16T16:28:48,2024-03-16T16:34:59,approved,1,0,
24fa4801f8511bf7,57c10fd5b9d3,613965c351b4,Kerala,4446,2024-03-16T16:29:55,2024-03-16T16:59:55,expired,0,1,P06
558eb9c230636e50,30595689af87,5ae4675a339c,Kerala,3332,2024-03-16T16:32:24,2024-03-16T16:42:31,approved,1,0,
2139f11150d87c77,57c10fd5b9d3,20c21116b490,Delhi,25000,2024-03-16T16:35:37,2024-03-16T16:53:23,approved,0,1,P06
2e6df50615645d6f,0f0510686293,6dc6d78754a6,Delhi,508,2024-03-16T16:38:18,2024-03-16T17:08:18,expired,1,0,
25053d1274c56488,57c10fd5b9d3,03d90023ee29,Bihar,6148,2024-03-16T16:38:43,2024-03-16T16:56:38,declined,0,1,P06
04acb7b955deab3c,30595689af87,0f90ddbef2d3,Tamil Nadu,900,2024-03-16T16:39:14,2024-03-16T16:48:52,approved,1,0,
74560994a4fbaa3f,0f0510686293,146ecd3c7fce,Uttar Pradesh,629,2024-03-16T16:39:41,2024-03-16T16:55:59,approved,1,0,
4658e7a9cd250180,6ab35d61cd9f,083f5b0bfd66,West Bengal,577,2024-03-16T16:41:15,2024-03-16T17:11:15,expired,1,0,
701d1df35badb45e,57c10fd5b9d3,68b0e4290589,Karnataka,3326,2024-03-16T16:43:04,2024-03-16T16:52:31,declined,0,1,P06
6331a1fbeac709b4,11d601015742,2fd4d3e1ef80,Maharashtra,1384,2024-03-16T16:43:22,2024-03-16T16:47:41,approved,1,0,
36a15415050d8aa9,4818964bb9e3,5b008f1c14e8,Rajasthan,442,2024-03-16T16:43:41,2024-03-16T17:01:56,approved,1,0,
6f1caebf44fc544a,4818964bb9e3,0c12dffe92a0,Telangana,379,2024-03-16T16:43:56,2024-03-16T16:44:43,approved,1,0,
6fae3375fbf22f43,60a547ae6f0e,521c870056bc,Karnataka,183,2024-03-16T16:46:23,2024-03-16T16:48:00,approved,1,0,
670e6b25c4fbda7a,6f5fa5bed003,05001f1dde5b,West Bengal,928,2024-03-16T16:48:05,2024-03-16T17:04:44,approved,1,0,
46ceea8858397e1a,3a6576ce966b,4895ddd8d0a4,Maharashtra,2016,2024-03-16T16:50:04,2024-03-16T17:03:06,approved,1,0,
05bbd090cc5b1590,4818964bb9e3,4e753a73c1aa,Delhi,1079,2024-03-16T16:50:29,2024-03-16T16:57:23,approved,1,0,
307a36cdc6d4ae4a,57c10fd5b9d3,1bbc38bdf067,Uttar Pradesh,6463,2024-03-16T16:53:06,2024-03-16T17:04:11,declined,0,1,P06
77338483f972c8cb,6f17ea22aaac,4aa9f4fc848c,West Bengal,722,2024-03-16T16:53:56,2024-03-16T17:02:05,approved,1,0,
7feec0d5fec11c9e,216f11aafe2f,60e3032b9eda,Rajasthan,597,2024-03-16T16:55:24,2024-03-16T16:57:50,approved,0,0,
0a16c4f5fa38b587,45d11774ab5d,7444d8623c0b,Haryana,641,2024-03-16T16:56:16,2024-03-16T16:57:38,approved,0,0,
71644f3215eb65a1,1318e3fa6d29,036fb44f66f3,Telangana,782,2024-03-16T16:57:51,2024-03-16T17:17:38,approved,1,0,
74f78aee3ea60fcd,7d81c905f4c1,69695fdf8e02,West Bengal,2745,2024-03-16T16:59:44,2024-03-16T17:15:06,approved,1,0,
451b8877ef33c221,22ea49616c97,0ac00dd10746,Maharashtra,502,2024-03-16T17:11:18,2024-03-16T17:16:29,approved,1,0,
35f3066f91560cf2,57c10fd5b9d3,40459b733910,Delhi,4156,2024-03-16T17:11:43,2024-03-16T17:15:22,declined,0,1,P06
63337283aa1e034c,57c10fd5b9d3,3611d6a1bb1c,Bihar,2725,2024-03-16T17:12:20,2024-03-16T17:42:20,expired,0,1,P06
438e6bee8106685d,57c10fd5b9d3,5fd7d3ceb557,Rajasthan,12501,2024-03-16T17:12:53,2024-03-16T17:42:53,expired,0,1,P06
5d815b4b0b5ee97e,6fdf521c2b77,713511c0c124,Rajasthan,8019,2024-03-16T17:13:17,2024-03-16T17:25:56,approved,1,0,
661124f11916424c,51e266317647,49291c4a5e8b,Telangana,374,2024-03-16T17:14:26,2024-03-16T17:17:24,declined,1,0,
047ec237335b304b,57c10fd5b9d3,6dda7a888755,Uttar Pradesh,14127,2024-03-16T17:16:46,2024-03-16T17:22:57,declined,0,1,P06
1e51f4d57cab0fbd,11d601015742,727318c6d140,Rajasthan,931,2024-03-16T17:18:03,2024-03-16T17:18:49,approved,1,0,
7bcf35776ee9f290,57c10fd5b9d3,1f3e56dacee3,Tamil Nadu,12665,2024-03-16T17:18:07,2024-03-16T17:48:07,expired,0,1,P06
2495b9b1dc37b55f,57c10fd5b9d3,725e6a57398b,Tamil Nadu,6664,2024-03-16T17:19:38,2024-03-16T17:30:56,declined,0,1,P06
6e3d4014f7c41b0b,6d33a7293228,308da3cc8139,Rajasthan,1010,2024-03-16T17:20:53,2024-03-16T17:28:56,approved,1,0,
59e211ba05a1d438,694d71c69d67,7dc2587685ff,Delhi,1365,2024-03-16T17:25:20,2024-03-16T17:33:44,approved,1,0,
5aeb8b57242bb7e1,45d11774ab5d,1b6d3424beb9,Gujarat,690,2024-03-16T17:25:29,2024-03-16T17:41:28,approved,0,0,
2111bc859cd8f394,0cce3dbda79d,0a1a5664cba7,Rajasthan,878,2024-03-16T17:25:54,2024-03-16T17:39:20,approved,0,0,
08aa7cd79bde525f,57c10fd5b9d3,4d898ddd1a0e,Haryana,2800,2024-03-16T17:26:18,2024-03-16T17:34:03,declined,0,1,P06
048aa2e295018c3b,57c10fd5b9d3,651b6d2c979a,Telangana,14740,2024-03-16T17:28:50,2024-03-16T17:58:50,expired,0,1,P06
171569e4060bfb08,4a83bc732574,5ae7fc3d7124,Gujarat,849,2024-03-16T17:29:22,2024-03-16T17:43:53,approved,1,0,
121068647dea7934,57c10fd5b9d3,770878aff840,Karnataka,5694,2024-03-16T17:29:32,2024-03-16T17:39:03,approved,0,1,P06
73274e43d9bc0ded,107ff2ac18f1,262c4405596f,Haryana,397,2024-03-16T17:32:04,2024-03-16T17:36:55,approved,1,0,
4fc1bb5c0667e9e8,67a0390930e5,5a52c1ab0b9f,Telangana,238,2024-03-16T17:34:08,2024-03-16T17:49:11,declined,1,0,
138396482f50be2d,57c10fd5b9d3,65bc8e4c6dbe,Rajasthan,16251,2024-03-16T17:34:35,2024-03-16T18:04:35,expired,0,1,P06
25522f759bf4cdb5,45d11774ab5d,4efe9198d82f,Rajasthan,283,2024-03-16T17:35:18,2024-03-16T17:41:56,approved,0,0,
20bfd63253d9deac,6a706675422c,4c855faf2ab2,Uttar Pradesh,1867,2024-03-16T17:35:21,2024-03-16T17:43:26,approved,0,0,
2ca6a232da48e378,57c10fd5b9d3,6da0452e3b1c,Telangana,6231,2024-03-16T17:35:52,2024-03-16T17:36:37,declined,0,1,P06
6614bfa11da9d8f9,513484923021,262c4405596f,Haryana,704,2024-03-16T17:36:21,2024-03-16T18:06:21,expired,1,0,
510e2f50b8c35503,09805b931ea6,53712bb61bf7,Delhi,1667,2024-03-16T17:38:03,2024-03-16T17:49:09,approved,1,0,
2a141cb8ea731761,6d33a7293228,0b8694712989,Maharashtra,374,2024-03-16T17:39:21,2024-03-16T17:50:06,approved,1,0,
5586f9f2b1589ec0,7786fa4ecb51,096a7373572f,Bihar,448,2024-03-16T17:41:41,2024-03-16T17:47:55,approved,1,0,
2f69ed3d82f5cb9b,57c10fd5b9d3,76f072939128,Kerala,5973,2024-03-16T17:42:42,2024-03-16T17:58:37,declined,0,1,P06
5cfc3ecb7da37500,0d4a1f2e8b76,081b7af48bd3,Uttar Pradesh,941,2024-03-16T17:43:58,2024-03-16T17:44:28,approved,1,0,
4b8029beb634d680,6d33a7293228,0043df9e2b28,Delhi,546,2024-03-16T17:46:27,2024-03-16T17:47:37,approved,1,0,
1447a956b4f5cb12,0cce3dbda79d,7a0635ccc34b,Delhi,3858,2024-03-16T17:46:33,2024-03-16T17:56:19,approved,0,0,
23d174b742d43f03,57c10fd5b9d3,57756982bf1e,Tamil Nadu,6687,2024-03-16T17:47:41,2024-03-16T18:01:16,declined,0,1,P06
678f76d246b8f4e7,57c10fd5b9d3,5a920866a7b1,Karnataka,25000,2024-03-16T17:51:57,2024-03-16T18:21:57,expired,0,1,P06
255e8eff83af04d8,6a706675422c,0182543dd3ba,Maharashtra,243,2024-03-16T17:51:58,2024-03-16T18:04:29,approved,0,0,
5fb4126a6200e29f,6a7bccb8c392,683733360a2d,West Bengal,291,2024-03-16T17:53:00,2024-03-16T17:54:49,approved,1,0,
01bd935cc3ffd98e,0f0510686293,4bef5e8c196b,Rajasthan,664,2024-03-16T17:53:33,2024-03-16T18:05:03,approved,1,0,
1f34925f52c1be81,34994a8b60cd,70bc472f827f,West Bengal,253,2024-03-16T17:53:37,2024-03-16T17:59:51,declined,0,0,
5754d90bb02f9a25,57c10fd5b9d3,4508f698dfa2,Karnataka,6272,2024-03-16T17:53:50,2024-03-16T18:21:40,declined,0,1,P06
3d4e4e7db2f92561,4c6b531ee064,341bbf21fd78,Telangana,1558,2024-03-16T17:54:10,2024-03-16T18:12:23,approved,1,0,
045172d8789a40b0,0176a1a01f10,3ee41995c410,Gujarat,1139,2024-03-16T17:56:05,2024-03-16T18:09:25,approved,1,0,
761f9ceb23a28c16,2b7ae5050a4d,2c722909fd7b,Gujarat,532,2024-03-16T17:56:36,2024-03-16T18:26:36,expired,1,0,
1a44d57ec02d212a,57c10fd5b9d3,2d86fae24515,Kerala,11379,2024-03-16T17:56:36,2024-03-16T18:19:27,declined,0,1,P06
23416e63d7551e04,57c10fd5b9d3,05caa849c212,Kerala,8060,2024-03-16T17:57:37,2024-03-16T18:27:37,expired,0,1,P06
69ce067889a2d9cc,3a6576ce966b,53e10bd8136b,Maharashtra,1310,2024-03-16T17:59:45,2024-03-16T18:17:51,approved,1,0,
7558ac240a857806,7786fa4ecb51,67c5ba335842,Telangana,451,2024-03-16T18:00:30,2024-03-16T18:07:14,approved,1,0,
0c1b95fed0f68307,57c10fd5b9d3,7ac7f13b2463,Haryana,3890,2024-03-16T18:01:43,2024-03-16T18:31:43,expired,0,1,P06
0efa8172c529f3b3,57c10fd5b9d3,004735b84aeb,Karnataka,7838,2024-03-16T18:02:17,2024-03-16T18:11:51,declined,0,1,P06
39c724839aa28c6f,57c10fd5b9d3,4b33c58d1656,Uttar Pradesh,6385,2024-03-16T18:02:28,2024-03-16T18:18:51,declined,0,1,P06
1e975d93ae84c959,57c10fd5b9d3,3630a7d5155e,Maharashtra,4370,2024-03-16T18:04:28,2024-03-16T18:34:28,expired,0,1,P06
7e698b7e1e86c65c,6fdf521c2b77,1dd7ea9c25f2,Karnataka,1729,2024-03-16T18:04:31,2024-03-16T18:34:31,expired,1,0,
1ddd0aed94a7a92d,57c10fd5b9d3,0d10045d1ecf,Kerala,18377,2024-03-16T18:06:31,2024-03-16T18:20:20,declined,0,1,P06
61271bacbe0acab7,57c10fd5b9d3,05a7b6fbcbe4,Kerala,7595,2024-03-16T18:07:58,2024-03-16T18:29:42,declined,0,1,P06
2b4a152a60c5f202,0fc3186df001,0d192e463ad0,Haryana,1812,2024-03-16T18:10:18,2024-03-16T18:12:22,approved,1,0,
70da0637cfb16a85,6fdf521c2b77,17010cbb9666,Telangana,732,2024-03-16T18:10:20,2024-03-16T18:20:28,declined,1,0,
0c31d7f4d0f1425d,2b1781ab1f24,159e214cb5c8,West Bengal,2021,2024-03-16T18:10:21,2024-03-16T18:24:11,declined,0,0,
670e5d9a97a00192,57c10fd5b9d3,5e918ff7439c,West Bengal,7810,2024-03-16T18:10:30,2024-03-16T18:29:33,declined,0,1,P06
5c2576e9bc5717b4,6a7bccb8c392,6bbdb57890ab,Maharashtra,585,2024-03-16T18:11:41,2024-03-16T18:14:29,approved,1,0,
6335a864716dd939,57c10fd5b9d3,22adc8839acb,Haryana,9493,2024-03-16T18:13:15,2024-03-16T18:31:41,declined,0,1,P06
5b353fad25f634e1,30595689af87,15bfd8cf5e2b,Uttar Pradesh,2513,2024-03-16T18:15:57,2024-03-16T18:24:20,approved,1,0,
3e2935fc84712846,0cce3dbda79d,700dd8d5f59c,Maharashtra,693,2024-03-16T18:16:03,2024-03-16T18:38:07,declined,0,0,
4ae5ffb801cdaa9d,22ea49616c97,05378bd68f75,Kerala,511,2024-03-16T18:18:08,2024-03-16T18:32:23,approved,1,0,
5b24ec123532dacb,57c10fd5b9d3,0b6b5df514a3,Kerala,8004,2024-03-16T18:18:19,2024-03-16T18:40:23,declined,0,1,P06
504b5a91a758d070,48e58d7747c6,50c170050ff0,Kerala,1136,2024-03-16T18:21:50,2024-03-16T18:34:40,approved,1,0,
33a260042740f86c,67a0390930e5,57dc3a390016,Uttar Pradesh,451,2024-03-16T18:21:55,2024-03-16T18:28:21,approved,1,0,
7ecf8d762dc5e39e,57c10fd5b9d3,3724a31af62d,West Bengal,5055,2024-03-16T18:22:52,2024-03-16T18:49:56,declined,0,1,P06
7501bf46e0137022,57c10fd5b9d3,088c583bdf66,Telangana,5133,2024-03-16T18:23:11,2024-03-16T18:36:30,declined,0,1,P06
0c2c7f69ccb9e65b,48a5f4e76a41,35d8cf3d4ce8,Haryana,350,2024-03-16T18:23:12,2024-03-16T18:32:28,approved,0,0,
5815ee708ed19d56,57c10fd5b9d3,16924b90b779,Kerala,15538,2024-03-16T18:23:41,2024-03-16T18:34:07,declined,0,1,P06
07c6182429bd7a9c,1318e3fa6d29,6d97ba226f15,Haryana,785,2024-03-16T18:24:25,2024-03-16T18:30:19,approved,1,0,
330acb1eeeeb6a7d,57c10fd5b9d3,21e3fe949919,Maharashtra,20431,2024-03-16T18:24:25,2024-03-16T18:46:06,declined,0,1,P06
30f167f435637105,57c10fd5b9d3,448b23fd9101,Maharashtra,7462,2024-03-16T18:24:45,2024-03-16T18:37:06,declined,0,1,P06
4d9a4046aa0a147a,57c10fd5b9d3,0eb1cb028b1f,Tamil Nadu,7841,2024-03-16T18:28:28,2024-03-16T18:58:28,expired,0,1,P06
44605dda93601ad6,0cce3dbda79d,4cf161aae0f0,Bihar,457,2024-03-16T18:31:02,2024-03-16T18:39:26,approved,0,0,
64f22b234e7a3026,513484923021,027a16725bfb,Telangana,1101,2024-03-16T18:31:26,2024-03-16T18:44:07,approved,1,0,
5685537eb1891f1d,57c10fd5b9d3,709befc7bfb6,Haryana,11450,2024-03-16T18:32:15,2024-03-16T19:00:03,declined,0,1,P06
5474467440ffdc96,3a6d68f3644e,1ba63f3aaf65,West Bengal,2167,2024-03-16T18:34:17,2024-03-16T18:53:14,approved,1,0,
1ecaf12963cc334f,7b8a68c1ae9c,25ca70c6f589,West Bengal,1105,2024-03-16T18:36:56,2024-03-16T18:55:49,approved,1,0,
5cb72a43162fd3e9,20332b92b91c,2a668ac7affe,Tamil Nadu,1742,2024-03-16T18:41:11,2024-03-16T19:11:11,expired,0,0,
5c341a59d15dcd7b,20332b92b91c,5a0ee731e2fe,Telangana,687,2024-03-16T18:42:18,2024-03-16T18:51:00,approved,0,0,
686782a19eb71a5a,1e30aaf5adb8,29521fb43383,Gujarat,244,2024-03-16T18:43:30,2024-03-16T18:51:29,approved,1,0,
18c93b44beba1a87,57c10fd5b9d3,646a4b752632,Maharashtra,4916,2024-03-16T18:44:13,2024-03-16T19:09:11,declined,0,1,P06
17c32d6a8f43e427,57c10fd5b9d3,164297b37a7b,Kerala,7102,2024-03-16T18:45:17,2024-03-16T19:12:11,declined,0,1,P06
35f9727f2e7fb66a,57c10fd5b9d3,650a326811a4,Karnataka,12388,2024-03-16T18:45:19,2024-03-16T19:15:19,expired,0,1,P06
3cfaab4f26ae06b9,57c10fd5b9d3,6aa64a19f3a4,Maharashtra,5517,2024-03-16T18:47:00,2024-03-16T19:17:00,expired,0,1,P06
7e825965abfd0c83,107ff2ac18f1,7f99b26ad67f,West Bengal,439,2024-03-16T18:48:20,2024-03-16T19:14:48,declined,1,0,
7113dbbb4d73524d,57c10fd5b9d3,5750417479c2,Karnataka,6872,2024-03-16T18:49:26,2024-03-16T19:00:51,declined,0,1,P06
0fffd46b2b4ce0d2,0511fee882e4,67707c9b0dee,Bihar,1544,2024-03-16T18:52:10,2024-03-16T18:53:48,approved,1,0,
75c17e01d8ad7057,11d601015742,1905023291fe,Bihar,1061,2024-03-16T18:52:53,2024-03-16T19:12:45,approved,1,0,
45520b469fc76986,57c10fd5b9d3,3133ef06ebe7,Karnataka,7431,2024-03-16T18:54:20,2024-03-16T19:08:05,approved,0,1,P06
14158da616c5f00f,7d81c905f4c1,3ae748efc0da,West Bengal,1802,2024-03-16T18:54:58,2024-03-16T19:10:09,approved,1,0,
4887f8e202ace7e5,09f6cd55cca3,7fe7ff403694,Karnataka,3672,2024-03-16T18:56:11,2024-03-16T19:14:57,approved,1,0,
55fb8b8cce0a1599,57c10fd5b9d3,24e40ad9271e,Delhi,2822,2024-03-16T18:56:49,2024-03-16T19:26:49,expired,0,1,P06
4e3c31a376b536ac,216f11aafe2f,5f01d5928e29,West Bengal,68,2024-03-16T18:56:53,2024-03-16T19:01:12,approved,0,0,
1a11431797ff50d1,49217212965b,66d48cece167,Delhi,530,2024-03-16T18:58:27,2024-03-16T19:05:45,approved,1,0,
459258954c20daaf,1318e3fa6d29,7c91fc25417a,Gujarat,332,2024-03-16T19:03:26,2024-03-16T19:22:07,approved,1,0,
7499645fc7364e0a,6a706675422c,5f021fee6a9d,Bihar,1097,2024-03-16T19:03:39,2024-03-16T19:16:59,approved,0,0,
0878599d18d591e4,4818964bb9e3,19374ac5e98b,Karnataka,379,2024-03-16T19:04:52,2024-03-16T19:14:24,approved,1,0,
31499817036f1810,4818964bb9e3,58f6305207cc,Kerala,593,2024-03-16T19:05:00,2024-03-16T19:14:23,approved,1,0,
461442da8b78196a,39dc63eef666,4e5dd5e5d348,Rajasthan,757,2024-03-16T19:07:53,2024-03-16T19:09:31,approved,1,0,
45a86db36ed4ba8c,5e5c092ab53d,20f76a8e12c1,Gujarat,1398,2024-03-16T19:07:57,2024-03-16T19:24:26,approved,1,0,
5de19ccaf57e14a7,22ea49616c97,6774a8b010d6,Rajasthan,946,2024-03-16T19:10:05,2024-03-16T19:19:35,approved,1,0,
62f7b3e41779eb4d,6a706675422c,7e40e57c902f,Bihar,3371,2024-03-16T19:10:47,2024-03-16T19:40:47,expired,0,0,
0b51f4f5314f1838,57c10fd5b9d3,6a3d07647af1,Bihar,5142,2024-03-16T19:11:04,2024-03-16T19:33:30,declined,0,1,P06
7214845cb36d9d62,2baf4e7593de,230a986bc146,Uttar Pradesh,475,2024-03-16T19:11:08,2024-03-16T19:37:31,declined,1,0,
74633bcd21c4425f,57c10fd5b9d3,232623039da9,Kerala,4132,2024-03-16T19:12:03,2024-03-16T19:13:07,declined,0,1,P06
6b92ce9ac2c6d1a4,51e266317647,7555508cee0e,Gujarat,469,2024-03-16T19:13:22,2024-03-16T19:28:50,approved,1,0,
579b9ecfe0b8d0d6,57c10fd5b9d3,270d448119e8,Bihar,5082,2024-03-16T19:13:56,2024-03-16T19:14:11,declined,0,1,P06
2bfa34319c2d76bc,107ff2ac18f1,5d7ed03c3209,Haryana,303,2024-03-16T19:14:27,2024-03-16T19:20:12,approved,1,0,
2a606d6634c5ceff,4818964bb9e3,0f81e3cdc33c,Telangana,361,2024-03-16T19:16:55,2024-03-16T19:28:07,approved,1,0,
70f434c10c835cea,57c10fd5b9d3,60b5234df31c,Rajasthan,6297,2024-03-16T19:17:15,2024-03-16T19:27:00,declined,0,1,P06
0f28b6fe2df5de7a,57c10fd5b9d3,094aca433bdb,Bihar,6091,2024-03-16T19:20:39,2024-03-16T19:50:39,expired,0,1,P06
38f1d99e1db7176a,57c10fd5b9d3,18f3388d5fd9,Tamil Nadu,16133,2024-03-16T19:20:43,2024-03-16T19:50:43,expired,0,1,P06
0d171fa7e26634d4,0d4a1f2e8b76,3608530eee42,Bihar,384,2024-03-16T19:21:47,2024-03-16T19:40:44,approved,1,0,
7f0a9c3a92d5ffdd,5be02b242add,1b48e5acedc7,Gujarat,1144,2024-03-16T19:22:55,2024-03-16T19:52:55,expired,1,0,
1d80e6fe6ec57871,6a2b9baa3e4a,7bbae0a95fd4,Karnataka,867,2024-03-16T19:24:32,2024-03-16T19:28:14,approved,1,0,
79c6f4ca05ef1267,57c10fd5b9d3,534657b79e08,Telangana,7205,2024-03-16T19:25:42,2024-03-16T19:42:51,declined,0,1,P06
23a68d42b14016ae,57c10fd5b9d3,4789309dd4c2,Maharashtra,7339,2024-03-16T19:27:11,2024-03-16T19:46:06,declined,0,1,P06
74ecd160ba293a99,22ea49616c97,1da425b2206e,Karnataka,515,2024-03-16T19:27:27,2024-03-16T19:41:47,approved,1,0,
551095b3ecb81cbd,57c10fd5b9d3,35548af394a5,West Bengal,12231,2024-03-16T19:28:37,2024-03-16T19:47:30,declined,0,1,P06
4f9c4564c8cb3ab6,663473dc643e,5a70619004e3,Maharashtra,580,2024-03-16T19:33:13,2024-03-16T19:36:12,approved,1,0,
42658c4aec616e50,57c10fd5b9d3,04d5314cdabc,Bihar,3494,2024-03-16T19:33:20,2024-03-16T19:40:58,declined,0,1,P06
3498dc039b59751a,0cce3dbda79d,28f4365c3a60,Uttar Pradesh,3105,2024-03-16T19:33:38,2024-03-16T19:34:32,declined,0,0,
6e29fdeeb44ca812,57c10fd5b9d3,7b52f24231be,Haryana,7020,2024-03-16T19:34:09,2024-03-16T20:04:09,expired,0,1,P06
70f861457d708b6e,39dc63eef666,1df540c6d4d5,Telangana,238,2024-03-16T19:34:26,2024-03-16T19:39:32,approved,1,0,
2e76270dcab86352,6a706675422c,5b6ec8007239,Uttar Pradesh,993,2024-03-16T19:35:25,2024-03-16T19:49:24,approved,0,0,
2a2dca1c81682c69,6a2b9baa3e4a,285960adba5e,Uttar Pradesh,547,2024-03-16T19:35:37,2024-03-16T19:48:26,approved,1,0,
4f228460432508fe,51e266317647,744c7f951a4b,Kerala,355,2024-03-16T19:36:02,2024-03-16T19:44:24,approved,1,0,
0bbef1131a8e15b3,0cce3dbda79d,49e9abbb482a,Rajasthan,2519,2024-03-16T19:39:04,2024-03-16T19:47:27,approved,0,0,
5175a2ae3dc96c20,57c10fd5b9d3,1871e98b1f6c,Uttar Pradesh,23543,2024-03-16T19:39:51,2024-03-16T19:51:44,declined,0,1,P06
6fc5fc7b1d5c2915,2569a0f51294,2bed6c764db9,Karnataka,2296,2024-03-16T19:41:16,2024-03-16T19:47:44,approved,1,0,
0e61a6b9f4c73f64,2baf4e7593de,41aa4dc3cb10,Kerala,195,2024-03-16T19:45:28,2024-03-16T20:15:28,expired,1,0,
348dc1355835e16e,67a0390930e5,419f99070130,Kerala,1035,2024-03-16T19:46:25,2024-03-16T20:02:51,approved,1,0,
7dfd74d6deef3ab2,6e836fcd1e4d,27461c431546,Bihar,1288,2024-03-16T19:47:46,2024-03-16T20:06:59,approved,0,0,
468b79ac8b1948f6,57c10fd5b9d3,072f2d3bd052,Delhi,2758,2024-03-16T19:48:10,2024-03-16T20:17:39,declined,0,1,P06
38b608dabcfcd97b,4a83bc732574,01350707112f,West Bengal,1454,2024-03-16T19:48:26,2024-03-16T20:01:07,approved,1,0,
52363fd7f6432af8,57c10fd5b9d3,2837e317fa8e,Delhi,12110,2024-03-16T19:51:05,2024-03-16T19:55:29,declined,0,1,P06
1fb955159222329d,0cce3dbda79d,77abbc885e45,Delhi,146,2024-03-16T19:51:15,2024-03-16T20:08:31,approved,0,0,
14e0ef0cfecb8283,7b99521e8d62,50ec11717048,Delhi,6305,2024-03-16T19:51:58,2024-03-16T20:07:36,approved,1,0,
475104e5478e672c,7d81c905f4c1,39edfef4867b,Maharashtra,2678,2024-03-16T19:53:10,2024-03-16T20:06:41,approved,1,0,
093f54461ca526cd,5ded2d78f299,4910147e3981,Maharashtra,3948,2024-03-16T19:53:30,2024-03-16T20:05:56,approved,1,0,
6e192815cec53298,57c10fd5b9d3,69136ef8b10c,Gujarat,15599,2024-03-16T19:53:46,2024-03-16T20:15:40,declined,0,1,P06
0af76ec96d16aada,57c10fd5b9d3,69730e49cd5d,Uttar Pradesh,5065,2024-03-16T19:54:19,2024-03-16T20:01:07,declined,0,1,P06
6a934354da34d73f,7b8a68c1ae9c,5ba1164c7165,Kerala,1898,2024-03-16T19:56:32,2024-03-16T20:12:46,approved,1,0,
6590a6d835e20d6a,57c10fd5b9d3,2801f95260d6,Gujarat,7664,2024-03-16T19:58:03,2024-03-16T20:28:03,expired,0,1,P06
449dfb873b3698f7,7d493d48b208,6e3ea2bab76d,Bihar,427,2024-03-16T19:59:51,2024-03-16T20:14:28,approved,1,0,
4138b98898a6f5f6,57c10fd5b9d3,30f00e5e197b,West Bengal,5838,2024-03-16T19:59:58,2024-03-16T20:01:49,declined,0,1,P06
285e7ce0872f2cfb,57c10fd5b9d3,2f1bd8b7cf8a,Haryana,11550,2024-03-16T19:59:59,2024-03-16T20:29:59,expired,0,1,P06
36c5f32b6f4c2ac8,39dc63eef666,7d59f4c8b530,Delhi,284,2024-03-16T20:01:05,2024-03-16T20:05:35,approved,1,0,
26588e10e9cfafac,57c10fd5b9d3,135d48ab923a,Uttar Pradesh,7170,2024-03-16T20:01:22,2024-03-16T20:07:57,declined,0,1,P06
1ba00b6880fafb35,57c10fd5b9d3,1d540917c434,Bihar,15812,2024-03-16T20:01:49,2024-03-16T20:23:52,declined,0,1,P06
16ea74cf0d525a73,2569a0f51294,517e64432ca4,Maharashtra,1421,2024-03-16T20:05:59,2024-03-16T20:22:47,approved,1,0,
0324c7ccf9a7ae8e,30595689af87,684d85f0a23c,Tamil Nadu,14792,2024-03-16T20:07:34,2024-03-16T20:08:54,approved,1,0,
1d968907b58e2b4a,4a83bc732574,6061284eacd4,Rajasthan,1289,2024-03-16T20:09:37,2024-03-16T20:18:28,approved,1,0,
598dfedfc3925d82,57c10fd5b9d3,6e635beed5c7,Kerala,18492,2024-03-16T20:09:51,2024-03-16T20:38:25,declined,0,1,P06
4e1bf4a349930d71,4a83bc732574,649f6d175dcf,Karnataka,759,2024-03-16T20:09:55,2024-03-16T20:21:14,approved,1,0,
6bd824dac1cf1cdf,57c10fd5b9d3,7e08201ad188,Maharashtra,17701,2024-03-16T20:09:58,2024-03-16T20:39:58,expired,0,1,P06
1f3f768821d5ca88,30595689af87,69996e9cb1e9,Gujarat,5997,2024-03-16T20:15:33,2024-03-16T20:25:47,approved,1,0,
0575deac78025151,57c10fd5b9d3,7eda537d6567,Karnataka,3640,2024-03-16T20:15:56,2024-03-16T20:45:56,expired,0,1,P06
1817a003026f9148,6e836fcd1e4d,030bed3dcf5b,Uttar Pradesh,812,2024-03-16T20:16:31,2024-03-16T20:46:31,expired,0,0,
5ba91448dd2852f1,57c10fd5b9d3,18e07e5a45bb,Kerala,6515,2024-03-16T20:18:01,2024-03-16T20:48:01,expired,0,1,P06
3a2c0febb65e2cfa,57c10fd5b9d3,79cacaa6a095,Gujarat,4561,2024-03-16T20:21:21,2024-03-16T20:32:31,declined,0,1,P06
53bee6a08a9afeaf,57c10fd5b9d3,19625a8db696,Delhi,4418,2024-03-16T20:22:28,2024-03-16T20:52:28,expired,0,1,P06
19a94fc224221ed7,663473dc643e,340d2305060d,Delhi,633,2024-03-16T20:22:54,2024-03-16T20:36:12,approved,1,0,
33eacac4857c0979,57c10fd5b9d3,1d75d352c49a,Uttar Pradesh,14878,2024-03-16T20:24:16,2024-03-16T20:47:56,declined,0,1,P06
06eb1a6e53b5c758,2baf4e7593de,0f4bec3be135,Maharashtra,392,2024-03-16T20:24:24,2024-03-16T20:43:20,approved,1,0,
3c14b07c27d5a811,45d11774ab5d,7d1b1278bfff,Rajasthan,4238,2024-03-16T20:24:52,2024-03-16T20:32:09,approved,0,0,
77357687572d4f60,57c10fd5b9d3,68db5e23c96b,Uttar Pradesh,13958,2024-03-16T20:26:00,2024-03-16T20:29:13,declined,0,1,P06
67cd3841c085faad,0f0510686293,746e8395c891,Kerala,309,2024-03-16T20:26:52,2024-03-16T20:43:13,approved,1,0,
21557455e4de7ba0,57c10fd5b9d3,56137e34611a,West Bengal,14230,2024-03-16T20:26:58,2024-03-16T20:55:01,declined,0,1,P06
7354d933c4bca0a3,57c10fd5b9d3,785c479c2069,Delhi,12141,2024-03-16T20:31:54,2024-03-16T20:35:13,declined,0,1,P06
492493f24e7dcd0c,5be02b242add,6366e0af9f5c,Rajasthan,1491,2024-03-16T20:32:38,2024-03-16T20:40:48,approved,1,0,
502479fcc1abf7db,0d9a63adaba5,1b72d5992438,Tamil Nadu,421,2024-03-16T20:33:11,2024-03-16T20:39:05,approved,1,0,
0542793352c54e94,5ded2d78f299,14eb54233dd8,Maharashtra,2041,2024-03-16T20:35:39,2024-03-16T21:05:39,expired,1,0,
226c45d8b0d27435,6646fee30506,2c0209cf8fe2,West Bengal,797,2024-03-16T20:36:32,2024-03-16T20:56:01,approved,1,0,
63cc9844a109a6e3,0cce3dbda79d,784b4ed470d8,Kerala,1938,2024-03-16T20:36:33,2024-03-16T21:06:33,expired,0,0,
473026c4a73a4dbb,107ff2ac18f1,44de3222c6ec,Gujarat,678,2024-03-16T20:36:50,2024-03-16T20:46:48,declined,1,0,
368bf28882977d92,0511fee882e4,2020d1152b5d,Kerala,926,2024-03-16T20:37:39,2024-03-16T20:47:34,approved,1,0,
0669876b046f9389,7786fa4ecb51,6c729bbacd14,Telangana,295,2024-03-16T20:39:00,2024-03-16T20:53:44,approved,1,0,
28a051be9ef1acbb,6ab35d61cd9f,7b40e18d0638,Kerala,1037,2024-03-16T20:40:46,2024-03-16T20:55:17,approved,1,0,
6dc89a6f30ebd5ef,7d81c905f4c1,3ff35b16ce24,Bihar,1262,2024-03-16T20:40:52,2024-03-16T20:55:15,approved,1,0,
6dd32ba3a9bd6d7e,7d81c905f4c1,78987b4b400c,Rajasthan,1081,2024-03-16T20:42:00,2024-03-16T20:49:26,approved,1,0,
2a779054f9e963c4,513484923021,77937c69c95c,Delhi,663,2024-03-16T20:42:01,2024-03-16T20:55:34,approved,1,0,
6ca0ab0c7628a5ba,11d601015742,3c042ca91152,Tamil Nadu,2846,2024-03-16T20:43:04,2024-03-16T20:50:16,approved,1,0,
627698fc7143f9d8,57c10fd5b9d3,6c29dc589543,Rajasthan,4062,2024-03-16T20:43:04,2024-03-16T21:08:06,declined,0,1,P06
5f89c74d63a5352e,6f5fa5bed003,0568cc1eb8f0,Delhi,1841,2024-03-16T20:44:41,2024-03-16T20:58:27,approved,1,0,
430cdac499e5c83b,0176a1a01f10,1ba8851121a6,Karnataka,1984,2024-03-16T20:45:01,2024-03-16T20:51:22,approved,1,0,
0f63c7dc857cc0df,0f0510686293,71a53ca59439,Telangana,434,2024-03-16T20:47:04,2024-03-16T21:06:33,approved,1,0,
149c7d3b628f9589,49217212965b,78ba2e73f3b0,Karnataka,700,2024-03-16T20:47:20,2024-03-16T20:53:16,approved,1,0,
6785d4c1fb1ad74d,0d9a63adaba5,454cfc9cd3b9,Haryana,974,2024-03-16T20:47:29,2024-03-16T21:00:55,approved,1,0,
202d4ba1c53f9192,48a5f4e76a41,71b5a9cdf9e1,Haryana,1144,2024-03-16T20:47:55,2024-03-16T20:57:22,declined,0,0,
5a2dd0ddf08ed53f,45d11774ab5d,3fdd1e8c21d4,Bihar,2451,2024-03-16T20:48:19,2024-03-16T20:59:07,approved,0,0,
79dc379d050afb16,57c10fd5b9d3,069eb9066370,Uttar Pradesh,3927,2024-03-16T20:50:36,2024-03-16T21:06:49,declined,0,1,P06
35f82f9669da657b,51e266317647,3b76d32636ef,Bihar,484,2024-03-16T20:50:42,2024-03-16T21:00:23,approved,1,0,
5561d140cd7a5bde,11d601015742,1a538b09e811,Gujarat,2177,2024-03-16T20:51:21,2024-03-16T20:56:55,approved,1,0,
35bb56c32d40a768,48f26f133a7b,409edfde421a,Telangana,490,2024-03-16T20:52:34,2024-03-16T21:07:48,approved,1,0,
708acfe2f57b28ca,663473dc643e,659eb61f725d,Uttar Pradesh,490,2024-03-16T20:52:34,2024-03-16T21:04:55,approved,1,0,
33b7d778ed72910b,694d71c69d67,76326296da31,Maharashtra,760,2024-03-16T20:55:48,2024-03-16T21:11:55,approved,1,0,
6569102992d6c09a,20332b92b91c,4789309dd4c2,Maharashtra,348,2024-03-16T20:57:33,2024-03-16T21:03:09,approved,0,0,
42ece9370684f68b,57c10fd5b9d3,5699f178dbe3,Rajasthan,23267,2024-03-16T20:58:33,2024-03-16T21:28:33,expired,0,1,P06
13d57d8f37551906,57c10fd5b9d3,2ef1e6e3506b,Haryana,4913,2024-03-16T20:58:38,2024-03-16T21:11:35,declined,0,1,P06
28a30d311d85728c,48a5f4e76a41,0b00f27cafae,Rajasthan,739,2024-03-16T20:59:03,2024-03-16T20:59:15,declined,0,0,
4bb77165cbd0b95d,57c10fd5b9d3,257c5a0b55b4,Rajasthan,6109,2024-03-16T20:59:11,2024-03-16T21:11:44,declined,0,1,P06
3af26c869be45f9b,2910947f9388,6b5f184e7b11,Gujarat,533,2024-03-16T21:00:18,2024-03-16T21:06:38,approved,1,0,
0d8b29d6abd11c60,57c10fd5b9d3,793a758c21df,Karnataka,13943,2024-03-16T21:02:32,2024-03-16T21:32:32,expired,0,1,P06
0b022e8b824cee84,2b7ae5050a4d,741785c81bb4,Karnataka,427,2024-03-16T21:06:43,2024-03-16T21:12:32,approved,1,0,
41444b5db123abb7,41e20e89712f,78141f7e5329,Maharashtra,4941,2024-03-16T21:07:07,2024-03-16T21:25:46,approved,1,0,
4c55df0faa1c685a,57c10fd5b9d3,009cbdcf48a2,Kerala,13769,2024-03-16T21:07:26,2024-03-16T21:29:20,declined,0,1,P06
0206728464a0f176,57c10fd5b9d3,67700ee39db7,West Bengal,9149,2024-03-16T21:07:53,2024-03-16T21:28:07,declined,0,1,P06
291fefd93c1f2740,6e836fcd1e4d,4c9894024146,Karnataka,5192,2024-03-16T21:09:54,2024-03-16T21:22:29,approved,0,0,
78beddc7b5b9c165,7b8a68c1ae9c,47ebf8517b84,Rajasthan,1284,2024-03-16T21:10:12,2024-03-16T21:40:12,expired,1,0,
3157207ee1040648,57c10fd5b9d3,7226c609ee5f,Rajasthan,5800,2024-03-16T21:12:24,2024-03-16T21:42:24,expired,0,1,P06
5fa49011b667447d,57c10fd5b9d3,7d53d52bda38,Delhi,13441,2024-03-16T21:14:03,2024-03-16T21:19:31,declined,0,1,P06
599dcaf7acb6f251,57c10fd5b9d3,2d5a7b96e378,Bihar,20548,2024-03-16T21:15:00,2024-03-16T21:34:09,declined,0,1,P06
51f882dbff741a6a,57c10fd5b9d3,55300acb47bf,Maharashtra,10122,2024-03-16T21:16:26,2024-03-16T21:28:12,declined,0,1,P06
0af85e985a8bf6a8,6e836fcd1e4d,073351767739,Bihar,1426,2024-03-16T21:17:00,2024-03-16T21:31:32,approved,0,0,
0ec4cc57c68cf18e,22ea49616c97,597aa0d86227,West Bengal,575,2024-03-16T21:18:11,2024-03-16T21:25:43,approved,1,0,
0708b012b79e9991,57c10fd5b9d3,509b0a7c0f08,Bihar,6369,2024-03-16T21:22:42,2024-03-16T21:44:58,declined,0,1,P06
3f3244ac24c3d853,57c10fd5b9d3,412fb59c2a11,West Bengal,9847,2024-03-16T21:22:45,2024-03-16T21:52:45,expired,0,1,P06
4b4639358722b2a6,57c10fd5b9d3,61ae6f28a4c9,Haryana,7356,2024-03-16T21:22:45,2024-03-16T21:36:34,declined,0,1,P06
5a3b66e7c33ff3db,57c10fd5b9d3,71bc4d63366f,Rajasthan,4668,2024-03-16T21:25:55,2024-03-16T21:55:55,expired,0,1,P06
29e16b1c3fba20ca,694d71c69d67,2171400e06b0,Kerala,1568,2024-03-16T21:27:25,2024-03-16T21:43:41,approved,1,0,
2712c6ed9e07e28c,6fdf521c2b77,06811a84b414,Tamil Nadu,2865,2024-03-16T21:27:26,2024-03-16T21:43:58,approved,1,0,
37078558dc47d8c8,3a6d68f3644e,2d744882befb,Tamil Nadu,1101,2024-03-16T21:27:49,2024-03-16T21:33:12,approved,1,0,
6eb56f79656dfa27,6f5fa5bed003,3d7254f8ec22,Delhi,1012,2024-03-16T21:28:01,2024-03-16T21:42:46,approved,1,0,
075eb8e50aa9f6c1,7786fa4ecb51,2e8a4443651f,West Bengal,523,2024-03-16T21:28:19,2024-03-16T21:34:26,approved,1,0,
7dafeeee9b3c14cc,57c10fd5b9d3,061341300dad,West Bengal,4230,2024-03-16T21:28:44,2024-03-16T21:50:16,declined,0,1,P06
48339060dce54a20,216f11aafe2f,6774a8b010d6,Rajasthan,460,2024-03-16T21:30:11,2024-03-16T21:30:33,declined,0,0,
324defdd6a4f788c,0511fee882e4,37183817e54f,Telangana,451,2024-03-16T21:31:41,2024-03-16T21:48:29,approved,1,0,
32406b58ddbbb7fc,57c10fd5b9d3,787fd26de62a,Telangana,8680,2024-03-16T21:31:41,2024-03-16T21:32:53,declined,0,1,P06
5233f1a96250b046,57c10fd5b9d3,1436258d2b8a,Uttar Pradesh,7304,2024-03-16T21:32:39,2024-03-16T22:02:39,expired,0,1,P06
25a80e89c38cd57d,0176a1a01f10,58789bfa8f82,Telangana,2484,2024-03-16T21:32:49,2024-03-16T21:50:43,approved,1,0,
19e44fa100f0afea,7d81c905f4c1,7c500d558e38,Haryana,929,2024-03-16T21:33:28,2024-03-16T22:03:28,expired,1,0,
00ca56324126ef23,48a5f4e76a41,6d5551735283,Delhi,2419,2024-03-16T21:40:13,2024-03-16T22:00:01,declined,0,0,
3243d509b22d889a,6a706675422c,77d4c45ca311,Telangana,865,2024-03-16T21:44:40,2024-03-16T22:01:43,approved,0,0,
557ccfbf35d45acb,6a7bccb8c392,6285219b0bb7,Haryana,871,2024-03-16T21:54:02,2024-03-16T21:57:07,approved,1,0,
07fe088bd283026b,0f0510686293,004735b84aeb,Karnataka,415,2024-03-16T21:54:56,2024-03-16T21:59:10,approved,1,0,
423b21a1ccf2c6fc,2b1781ab1f24,3c61f06d9ea6,Haryana,1556,2024-03-16T21:59:15,2024-03-16T22:10:53,approved,0,0,
1efb448ac0c9b4d0,6a7bccb8c392,015ce5b0dc11,Gujarat,784,2024-03-16T22:00:56,2024-03-16T22:29:29,declined,1,0,
645faf24f9846395,2baf4e7593de,0f53b195aed1,Tamil Nadu,682,2024-03-16T22:01:24,2024-03-16T22:11:23,approved,1,0,
7a8e8783b9ef2fdd,634690700829,207a926b08e3,West Bengal,574,2024-03-16T22:05:53,2024-03-16T22:12:27,approved,1,0,
27997823c480cfa4,0511fee882e4,3fe52cab5ceb,Maharashtra,2855,2024-03-16T22:06:22,2024-03-16T22:07:30,declined,1,0,
04db6dbcd5e7de67,6a706675422c,2906ea3cada5,West Bengal,234,2024-03-16T22:22:48,2024-03-16T22:35:13,approved,0,0,
0178ee93074878b5,39dc63eef666,226ce0615b60,Rajasthan,282,2024-03-16T22:23:58,2024-03-16T22:39:36,approved,1,0,
288c4a251b25dee8,694d71c69d67,57756982bf1e,Tamil Nadu,2215,2024-03-16T22:28:15,2024-03-16T22:45:43,approved,1,0,
64d7aba591b3c8fc,6ab35d61cd9f,212ae35a26f6,Rajasthan,844,2024-03-16T22:32:33,2024-03-16T22:42:25,declined,1,0,
2f3a8486419563d7,513484923021,5a66fd12dcb9,Bihar,568,2024-03-16T22:39:31,2024-03-16T22:41:48,approved,1,0,
58f09f545f468514,22ea49616c97,5b8614a16d8a,Maharashtra,447,2024-03-16T22:42:21,2024-03-16T22:50:28,approved,1,0,
791bcd5cdbff9ea2,60a547ae6f0e,5ab416fa35c0,Bihar,376,2024-03-16T22:44:06,2024-03-16T22:49:50,approved,1,0,
6d66188392ac43a4,2b1781ab1f24,0c31446fe1e2,Delhi,528,2024-03-16T22:52:44,2024-03-16T23:06:15,approved,0,0,
7d790e570bf45028,0d4a1f2e8b76,0cac1663ed1d,Gujarat,482,2024-03-16T22:58:01,2024-03-16T23:17:57,approved,1,0,
0a2d2996abdf29c3,20332b92b91c,33170d8f5cde,Uttar Pradesh,1492,2024-03-16T23:01:58,2024-03-16T23:13:21,approved,0,0,
4bea8aca350b0938,6a2b9baa3e4a,0bf347577441,Delhi,434,2024-03-16T23:02:59,2024-03-16T23:17:53,approved,1,0,
6657783cc1e915b6,49217212965b,6d0133c46b33,Gujarat,374,2024-03-16T23:03:35,2024-03-16T23:12:09,approved,1,0,
65312dfe9336fdb7,4a83bc732574,209a037549dc,Kerala,545,2024-03-16T23:12:47,2024-03-16T23:15:55,approved,1,0,
0c5a50ae60d8a1e3,22ea49616c97,166233f242e8,Rajasthan,597,2024-03-16T23:14:00,2024-03-16T23:21:30,approved,1,0,
2242563e82828a2d,216f11aafe2f,24c3253b5142,Tamil Nadu,389,2024-03-16T23:25:23,2024-03-16T23:55:23,expired,0,0,
7380c63aad2735ae,09805b931ea6,74ed9dbb5a43,Tamil Nadu,786,2024-03-16T23:26:02,2024-03-16T23:32:57,approved,1,0,
681a8cda7a7088ee,673acd5d1161,08b6c6881dfe,Bihar,862,2024-03-16T23:36:54,2024-03-16T23:39:20,approved,1,0,
21015bd1c2328c5c,1318e3fa6d29,2101418dac3b,Bihar,422,2024-03-16T23:37:14,2024-03-16T23:41:52,approved,1,0,
05755b8aaca921bf,7b99521e8d62,0f627ec0759d,Gujarat,672,2024-03-16T23:44:51,2024-03-16T23:58:07,approved,1,0,
74ba48b1c446ad35,1e30aaf5adb8,0cf8bfc9da57,Karnataka,758,2024-03-16T23:45:31,2024-03-17T00:04:08,approved,1,0,
74195da394423062,0176a1a01f10,27722fd12e7f,Rajasthan,803,2024-03-16T23:47:12,2024-03-16T23:56:32,approved,1,0,
4548f5e505ae9834,0fc3186df001,76ae5f4aa542,Telangana,2727,2024-03-16T23:52:52,2024-03-16T23:57:37,approved,1,0,
0c07e6aec4bf5aae,60a547ae6f0e,66fe9453f3f0,Tamil Nadu,273,2024-03-16T23:55:38,2024-03-17T00:10:26,approved,1,0,
13208a7bd64e478c,4a83bc732574,33941f34a715,Delhi,1459,2024-03-16T23:57:31,2024-03-17T00:04:23,approved,1,0,
3031c27073b8c412,67a0390930e5,0ffbdb9a46bc,Maharashtra,592,2024-03-17T00:14:16,2024-03-17T00:17:37,approved,1,0,
7fba000ce9f55eec,7b99521e8d62,0907ad7695cd,Bihar,848,2024-03-17T00:22:46,2024-03-17T00:34:22,approved,1,0,
7d692c95f2b4bf90,5be02b242add,2c77f41946f5,West Bengal,544,2024-03-17T00:30:33,2024-03-17T00:36:27,approved,1,0,
2e0a79374efecd79,673acd5d1161,5132cdf02f8e,West Bengal,1075,2024-03-17T00:36:56,2024-03-17T00:51:34,approved,1,0,
4e8a703a3de15692,4a83bc732574,163815395f93,Karnataka,1894,2024-03-17T00:48:14,2024-03-17T01:01:20,approved,1,0,
275dba26a220323e,0d4a1f2e8b76,699990d4cd34,Maharashtra,528,2024-03-17T00:58:04,2024-03-17T01:09:16,approved,1,0,
6af67600bab4fa6f,0f0510686293,08504c9ccc4c,Gujarat,695,2024-03-17T01:05:27,2024-03-17T01:23:50,approved,1,0,
337221a11e49a1fa,19a849472d1b,585bf732839f,Tamil Nadu,637,2024-03-17T02:07:57,2024-03-17T02:23:34,approved,1,0,
5943dcf07bf77f4c,22ea49616c97,66f4fc0e9096,Kerala,719,2024-03-17T02:13:51,2024-03-17T02:27:04,approved,1,0,
251034a66d9f79d8,1318e3fa6d29,30661464c6a1,West Bengal,385,2024-03-17T02:56:40,2024-03-17T03:09:56,approved,1,0,
72dbf90a2439cf6b,49217212965b,5a86b32c51a9,Karnataka,429,2024-03-17T04:03:18,2024-03-17T04:09:57,approved,1,0,
32cc69a633d1792b,0d9a63adaba5,15ba2aedca4d,Telangana,1908,2024-03-17T04:10:14,2024-03-17T04:40:14,expired,1,0,
60c12c85106ac0af,39dc63eef666,2268340f7468,Delhi,396,2024-03-17T05:28:26,2024-03-17T05:32:41,approved,1,0,
2f916964c118f4bd,48f26f133a7b,32c4bcd9dbb1,Gujarat,333,2024-03-17T06:06:43,2024-03-17T06:25:22,approved,1,0,
62c309ec983ac62c,0d9a63adaba5,3d3546c05ce1,Delhi,1306,2024-03-17T06:22:55,2024-03-17T06:25:31,approved,1,0,
1bb904ba0264e736,694d71c69d67,2d99791b16ef,Karnataka,2245,2024-03-17T06:23:34,2024-03-17T06:40:44,approved,1,0,
765e06a931acd330,4a83bc732574,64a3c149f93e,Uttar Pradesh,1308,2024-03-17T06:50:20,2024-03-17T07:00:39,approved,1,0,
587bc9cb7fe66e51,0f0510686293,0b147c578d5c,West Bengal,545,2024-03-17T06:50:55,2024-03-17T06:51:26,approved,1,0,
57a8fed913b18e21,09f6cd55cca3,27cfb4b82d1d,Bihar,1450,2024-03-17T06:51:21,2024-03-17T07:08:54,approved,1,0,
3ed74b4744813021,6ab35d61cd9f,5c960996e3a8,Gujarat,571,2024-03-17T06:53:28,2024-03-17T07:07:50,approved,1,0,
1f7245fa55b939f8,09f6cd55cca3,40e794067569,Haryana,1562,2024-03-17T07:11:19,2024-03-17T07:27:33,approved,1,0,
0b9dc49b7a60ec11,0fc3186df001,5a3de2f5f3ab,Bihar,1644,2024-03-17T07:14:26,2024-03-17T07:29:35,approved,1,0,
4fe1b390f11cb66c,3a6d68f3644e,5b2dc41e6ec6,Gujarat,2743,2024-03-17T07:29:17,2024-03-17T07:48:37,approved,1,0,
100aa3312c5759a8,45d11774ab5d,2e16984356b3,Haryana,518,2024-03-17T07:29:35,2024-03-17T07:55:21,declined,0,0,
2c8e52822fcba3ca,2b1781ab1f24,41444bc05feb,Gujarat,6594,2024-03-17T07:36:27,2024-03-17T07:44:31,approved,0,0,
7fa4e56a32d65bb6,22ea49616c97,607a3ed07930,Bihar,399,2024-03-17T07:41:00,2024-03-17T07:47:56,approved,1,0,
3678846bb7d6da50,67a0390930e5,771f1e92d154,Gujarat,452,2024-03-17T07:41:46,2024-03-17T07:48:46,declined,1,0,
3ad291895fc0a261,1318e3fa6d29,3f559e157fbc,Karnataka,284,2024-03-17T07:43:05,2024-03-17T07:57:21,approved,1,0,
0d012e96ab4a54d2,216f11aafe2f,1eb0e713550d,Maharashtra,131,2024-03-17T07:43:13,2024-03-17T08:13:13,expired,0,0,
7fe487e1d4c1b39b,34994a8b60cd,72b47922eff9,Tamil Nadu,226,2024-03-17T07:43:56,2024-03-17T07:54:33,approved,0,0,
22bf0066b127f5d7,6a7bccb8c392,360361f5a9ba,Maharashtra,491,2024-03-17T07:45:58,2024-03-17T07:56:02,approved,1,0,
2d8e9a2188e34085,6d33a7293228,029e0d1ba334,Karnataka,415,2024-03-17T07:48:27,2024-03-17T07:51:48,approved,1,0,
2a358a7700772b00,48a5f4e76a41,30431070d49c,West Bengal,511,2024-03-17T07:53:25,2024-03-17T08:23:25,expired,0,0,
1f821585b0a98483,0d9a63adaba5,5f46de28cb78,Kerala,1720,2024-03-17T07:53:26,2024-03-17T08:05:23,approved,1,0,
65fcc0b8e587971e,67a0390930e5,5d011c2c688f,Karnataka,597,2024-03-17T08:06:50,2024-03-17T08:21:56,approved,1,0,
19e56f72afc71426,5be02b242add,71ffd097f13e,Delhi,592,2024-03-17T08:10:09,2024-03-17T08:12:55,approved,1,0,
056aa174d038b43d,0176a1a01f10,0efea638113c,Karnataka,836,2024-03-17T08:13:30,2024-03-17T08:23:23,approved,1,0,
200145ae32814aed,2569a0f51294,7394863a9bb1,Kerala,4956,2024-03-17T08:16:02,2024-03-17T08:29:08,approved,1,0,
5121e86dc44cf351,22ea49616c97,1e6ee7f70a40,Karnataka,453,2024-03-17T08:16:24,2024-03-17T08:17:41,approved,1,0,
45afb37960c4996f,2b1781ab1f24,62a872a6be22,Karnataka,244,2024-03-17T08:18:09,2024-03-17T08:25:16,approved,0,0,
5c05ff2efa16ec10,6fdf521c2b77,096493ed279c,Telangana,2124,2024-03-17T08:20:45,2024-03-17T08:39:32,approved,1,0,
55c96c74df9c2b94,35ed52508031,3e1df91488a6,Uttar Pradesh,1091,2024-03-17T08:21:56,2024-03-17T08:34:53,approved,1,0,
490c618ab650127b,7b8a68c1ae9c,4dd6989dbceb,Karnataka,657,2024-03-17T08:21:58,2024-03-17T08:41:57,approved,1,0,
11966c7d354c91bf,513484923021,4dd6989dbceb,Karnataka,495,2024-03-17T08:22:10,2024-03-17T08:34:31,approved,1,0,
209dab8574e8075c,2910947f9388,2b69a9a01786,West Bengal,435,2024-03-17T08:25:37,2024-03-17T08:44:54,approved,1,0,
10d6edcdb85eedff,5be02b242add,10482f6636af,Tamil Nadu,380,2024-03-17T08:40:22,2024-03-17T08:42:54,declined,1,0,
6807c3cb1d17113d,4c6b531ee064,05bf92360573,Karnataka,3127,2024-03-17T08:41:13,2024-03-17T08:45:45,approved,1,0,
16c2d94628e31b0b,0cce3dbda79d,6842575242a0,Bihar,1974,2024-03-17T08:42:53,2024-03-17T09:02:01,approved,0,0,
57f517a23f71b6e5,34994a8b60cd,33aac9490f3a,Bihar,1259,2024-03-17T08:45:27,2024-03-17T09:15:27,expired,0,0,
3b718c5f3bdd9ad9,6646fee30506,30b6ba3ed291,Kerala,825,2024-03-17T08:47:00,2024-03-17T08:52:04,approved,1,0,
0e3d0e50c9a38d80,34994a8b60cd,3d232356a220,Bihar,548,2024-03-17T08:47:21,2024-03-17T09:06:35,approved,0,0,
5854107f1c70fad9,0fc3186df001,6814057b048e,Telangana,1002,2024-03-17T08:49:07,2024-03-17T09:19:07,expired,1,0,
6dd690540a5c7bee,0d9a63adaba5,736122180ffb,Uttar Pradesh,847,2024-03-17T08:49:08,2024-03-17T09:15:00,declined,1,0,
5a2307bd2605dffa,51e266317647,129425638c66,Gujarat,673,2024-03-17T08:50:20,2024-03-17T08:57:30,approved,1,0,
104248728be6849f,67a0390930e5,2a938d7fbbc8,Tamil Nadu,533,2024-03-17T08:50:29,2024-03-17T08:59:51,approved,1,0,
7314abc0df1c5dc4,34994a8b60cd,7c3dc54a2c09,Karnataka,1474,2024-03-17T08:52:27,2024-03-17T08:59:15,declined,0,0,
7705c0dcc2e183bd,6a706675422c,33dd992e79df,Karnataka,380,2024-03-17T08:55:04,2024-03-17T09:04:59,approved,0,0,
14acbfe33a415c70,107ff2ac18f1,0cbe363ef3e5,Bihar,357,2024-03-17T08:56:13,2024-03-17T09:07:46,approved,1,0,
08f16e9ce277142b,4a83bc732574,6fc89b60cfa4,Karnataka,4574,2024-03-17T08:56:38,2024-03-17T09:15:50,approved,1,0,
630fa06643ccd499,6fdf521c2b77,42acd2434527,Maharashtra,3477,2024-03-17T08:58:52,2024-03-17T09:10:52,approved,1,0,
51c7e9ad7e76fccc,4a83bc732574,2f9c6852cdb5,Haryana,2172,2024-03-17T08:59:09,2024-03-17T09:12:02,approved,1,0,
7da48bc3cc648f7f,6e73719779d9,311fb1a259ee,Gujarat,1364,2024-03-17T08:59:30,2024-03-17T09:09:09,approved,0,0,
6578e7c0c38a805d,6a706675422c,6f62672863a9,Kerala,561,2024-03-17T09:00:14,2024-03-17T09:15:10,approved,0,0,
0ecec3f385cf8cfd,6e73719779d9,33f6d4f0c348,Rajasthan,1408,2024-03-17T09:00:53,2024-03-17T09:15:36,approved,0,0,
445395f3686ac62e,35ed52508031,2d5d6b8dc084,Haryana,2507,2024-03-17T09:02:02,2024-03-17T09:04:03,approved,1,0,
4da9ed4ed8635154,48a5f4e76a41,3866912bc93e,Bihar,3888,2024-03-17T09:03:13,2024-03-17T09:18:27,approved,0,0,
6b04db7de38698c4,1e30aaf5adb8,62eb838b4a35,Rajasthan,708,2024-03-17T09:05:23,2024-03-17T09:14:49,approved,1,0,
3a5c8cbb35d316ff,09f6cd55cca3,2c2bc56d61cf,Bihar,2381,2024-03-17T09:07:40,2024-03-17T09:27:16,declined,1,0,
5b95be6626c74760,0cce3dbda79d,5159288e075d,Delhi,864,2024-03-17T09:08:16,2024-03-17T09:20:03,approved,0,0,
18badfb05fc16877,216f11aafe2f,230a986bc146,Uttar Pradesh,494,2024-03-17T09:08:51,2024-03-17T09:38:51,expired,0,0,
467001d947ea1392,7d493d48b208,391c99c53c8c,Kerala,598,2024-03-17T09:09:10,2024-03-17T09:24:43,approved,1,0,
1936958b0b82cff6,6a7bccb8c392,778b619af755,Rajasthan,613,2024-03-17T09:10:47,2024-03-17T09:16:40,approved,1,0,
3b6b7b4b020282b9,0cce3dbda79d,7f6d08bf886f,Kerala,688,2024-03-17T09:12:25,2024-03-17T09:29:37,approved,0,0,
4e05a81d01113549,7d493d48b208,5e4221362b56,Haryana,400,2024-03-17T09:18:43,2024-03-17T09:28:19,approved,1,0,
39244a08f8d7ea2e,7b8a68c1ae9c,523d69f19025,Delhi,1388,2024-03-17T09:19:10,2024-03-17T09:25:34,approved,1,0,
287677122639fd16,663473dc643e,5461a9115993,West Bengal,657,2024-03-17T09:19:44,2024-03-17T09:49:44,expired,1,0,
70ab7e5bedac2b32,0cce3dbda79d,39da1c7ec7a7,Haryana,1050,2024-03-17T09:23:26,2024-03-17T09:24:02,approved,0,0,
0b121f65583ec7f0,30595689af87,374ca6bf8185,West Bengal,2893,2024-03-17T09:23:40,2024-03-17T09:28:05,approved,1,0,
1416ec8f2225c79a,67a0390930e5,162e18380e74,Tamil Nadu,271,2024-03-17T09:26:07,2024-03-17T09:37:09,approved,1,0,
347d6b8178040bd8,6d33a7293228,794000ac9edf,Tamil Nadu,706,2024-03-17T09:26:53,2024-03-17T09:27:22,declined,1,0,
7af10237c135e4e5,0d4a1f2e8b76,704817859624,Bihar,433,2024-03-17T09:27:39,2024-03-17T09:32:48,approved,1,0,
3110ad451af8827b,0d9a63adaba5,6ba0f35c6983,Rajasthan,1151,2024-03-17T09:27:44,2024-03-17T09:38:53,approved,1,0,
3d62dd8acf8dec64,22ea49616c97,2f8106335d4a,Maharashtra,399,2024-03-17T09:29:31,2024-03-17T09:40:30,approved,1,0,
5a0b4bad880f636a,2baf4e7593de,31d0b5adb0df,Karnataka,758,2024-03-17T09:34:13,2024-03-17T09:49:20,approved,1,0,
553d848d91db7b31,3a6d68f3644e,5d2614c3f15a,Uttar Pradesh,2185,2024-03-17T09:34:32,2024-03-17T09:39:30,approved,1,0,
5c367dc29886a844,30595689af87,62ca258ba0b1,Uttar Pradesh,1049,2024-03-17T09:36:48,2024-03-17T09:52:09,approved,1,0,
25209368666e3c0c,6a7bccb8c392,73810a4df5ef,Uttar Pradesh,546,2024-03-17T09:38:30,2024-03-17T09:58:02,approved,1,0,
4d6c4988c0d22942,0f0510686293,69652cad113b,Maharashtra,785,2024-03-17T09:39:06,2024-03-17T09:56:12,approved,1,0,
73efeba0a835c265,663473dc643e,6d41c4c636e3,Bihar,689,2024-03-17T09:40:30,2024-03-17T09:56:01,approved,1,0,
15fc501962b5f05c,0d4a1f2e8b76,0710e37bda92,West Bengal,313,2024-03-17T09:43:31,2024-03-17T10:13:31,expired,1,0,
366557916646f9c6,6fdf521c2b77,2f94b8767a99,Haryana,2383,2024-03-17T10:03:12,2024-03-17T10:18:30,approved,1,0,
744ed260518367fc,6d33a7293228,675a4948757c,Haryana,863,2024-03-17T10:04:09,2024-03-17T10:21:46,approved,1,0,
31d51e912e0b92ff,4a83bc732574,494a8f41f355,Gujarat,430,2024-03-17T10:04:52,2024-03-17T10:15:10,approved,1,0,
518ab58e3dbf7598,7b99521e8d62,5bf4e3e4f110,Bihar,3522,2024-03-17T10:07:48,2024-03-17T10:20:47,approved,1,0,
00827ec7d7b33240,5e5c092ab53d,03b8895ef6c4,Haryana,1416,2024-03-17T10:09:08,2024-03-17T10:25:58,approved,1,0,
216d03a83d9c9168,7b8a68c1ae9c,5cab795ecd8a,Gujarat,1804,2024-03-17T10:13:23,2024-03-17T10:31:07,approved,1,0,
068930559453f824,7b8a68c1ae9c,3ac347c7ced7,Kerala,1097,2024-03-17T10:13:43,2024-03-17T10:24:37,approved,1,0,
7f3707b7ccd5512c,11d601015742,7b8ea7331b77,Haryana,1660,2024-03-17T10:16:26,2024-03-17T10:46:26,expired,1,0,
7c1cd71afb3e8e79,48a5f4e76a41,4b2bace283b4,Kerala,376,2024-03-17T10:20:31,2024-03-17T10:28:06,approved,0,0,
7718ebb4a8e79a78,513484923021,430e7bc0720d,Gujarat,319,2024-03-17T10:20:56,2024-03-17T10:40:09,approved,1,0,
6397756d2d221a54,7d81c905f4c1,0129b80b6416,Delhi,1281,2024-03-17T10:25:20,2024-03-17T10:55:20,expired,1,0,
1e69ef6c1fbd1f4f,5be02b242add,4391413e06d5,Karnataka,2675,2024-03-17T10:25:52,2024-03-17T10:39:48,declined,1,0,
62e4a5d85a8d2492,6a2b9baa3e4a,68c80854a3c7,Haryana,647,2024-03-17T10:28:55,2024-03-17T10:31:52,approved,1,0,
5893d88ad05b2db9,51e266317647,17324602fa51,Telangana,441,2024-03-17T10:30:41,2024-03-17T10:47:31,approved,1,0,
6203101672b6bfd9,7786fa4ecb51,0c510ac4b729,Maharashtra,610,2024-03-17T10:36:16,2024-03-17T10:38:53,approved,1,0,
557dac85f89305d1,1318e3fa6d29,00b0b05937d8,Maharashtra,324,2024-03-17T10:41:56,2024-03-17T10:42:50,approved,1,0,
40bca43be520558a,6a706675422c,748dc4f257f6,Telangana,688,2024-03-17T10:45:17,2024-03-17T11:15:17,expired,0,0,
660106bce2d67888,4a83bc732574,7ff9bf5c877a,Karnataka,899,2024-03-17T10:45:26,2024-03-17T10:48:36,approved,1,0,
6533dd9e1663f716,6e836fcd1e4d,3f0d4067c4bf,Kerala,511,2024-03-17T10:45:38,2024-03-17T11:15:38,expired,0,0,
518a568abc8d6224,0d9a63adaba5,26bf7872a75a,Haryana,2173,2024-03-17T10:46:29,2024-03-17T11:05:21,approved,1,0,
275b21afa512967b,6f17ea22aaac,6588af646890,Karnataka,2183,2024-03-17T10:49:28,2024-03-17T11:19:28,expired,1,0,
6db2e38f0d3d046f,0fc3186df001,090ad77d8c08,Tamil Nadu,2129,2024-03-17T10:51:33,2024-03-17T11:08:29,approved,1,0,
30c4f68584a39259,49217212965b,4b790e426950,Maharashtra,614,2024-03-17T10:51:53,2024-03-17T11:09:12,approved,1,0,
177df3af514f010a,49217212965b,6c7aa39a836e,Kerala,428,2024-03-17T10:52:46,2024-03-17T11:10:14,approved,1,0,
26a87bacca9b7e5c,19a849472d1b,6b6341c36d46,West Bengal,1980,2024-03-17T10:55:48,2024-03-17T11:09:09,approved,1,0,
4a96480a1179cefe,107ff2ac18f1,19ff277504f7,Gujarat,324,2024-03-17T10:55:50,2024-03-17T11:11:26,approved,1,0,
6b0c67369b7d73ef,51e266317647,24ad3ad5c0a5,Maharashtra,579,2024-03-17T10:59:17,2024-03-17T11:09:22,approved,1,0,
54b414c9fca36cf5,45d11774ab5d,553a58f979a7,Telangana,351,2024-03-17T10:59:30,2024-03-17T11:14:47,approved,0,0,
77cb82822dc2c7ac,0d9a63adaba5,709befc7bfb6,Haryana,5116,2024-03-17T10:59:43,2024-03-17T11:12:16,approved,1,0,
5f6683a8cbbfd55c,1318e3fa6d29,0d52d04ce4d9,Gujarat,352,2024-03-17T10:59:58,2024-03-17T11:04:51,approved,1,0,
470576d0f26cfe86,216f11aafe2f,63d735629a29,Bihar,1852,2024-03-17T11:00:02,2024-03-17T11:18:49,approved,0,0,
119fd61184d9b8d2,6646fee30506,50ec11717048,Delhi,2139,2024-03-17T11:00:34,2024-03-17T11:16:56,approved,1,0,
77e74b2443f22e48,107ff2ac18f1,6e1c9468fe7f,Uttar Pradesh,466,2024-03-17T11:02:06,2024-03-17T11:05:14,approved,1,0,
715836539ed5a73a,09f6cd55cca3,35f617db361f,Delhi,1672,2024-03-17T11:02:13,2024-03-17T11:07:11,approved,1,0,
5756ad96251a4bcf,7b99521e8d62,62bfea719ee4,Rajasthan,1815,2024-03-17T11:04:08,2024-03-17T11:11:55,approved,1,0,
689520712481585a,48f26f133a7b,29caf4b0802e,Karnataka,359,2024-03-17T11:07:25,2024-03-17T11:09:57,approved,1,0,
77bc6ef5e7488498,48e58d7747c6,05b963b934f3,Uttar Pradesh,1807,2024-03-17T11:07:45,2024-03-17T11:27:38,approved,1,0,
7a19994d27b305ba,0cce3dbda79d,7ebccfadbb6e,Gujarat,578,2024-03-17T11:09:20,2024-03-17T11:39:20,expired,0,0,
4fed912a5bd8c7dd,6e73719779d9,160811bc9454,Bihar,1185,2024-03-17T11:12:53,2024-03-17T11:26:29,approved,0,0,
61de7ce88cc11af8,2b1781ab1f24,081b7af48bd3,Uttar Pradesh,865,2024-03-17T11:13:51,2024-03-17T11:43:51,expired,0,0,
6ac8cf420cdcb4d3,107ff2ac18f1,6038b0f47b59,Gujarat,594,2024-03-17T11:16:13,2024-03-17T11:24:07,approved,1,0,
5b4da4a886a96380,5ded2d78f299,050569a03a2d,Kerala,1393,2024-03-17T11:19:31,2024-03-17T11:49:31,expired,1,0,
28cd6fb343440964,4c6b531ee064,394be29a475b,Telangana,1007,2024-03-17T11:25:24,2024-03-17T11:42:16,approved,1,0,
234f98a6e0db2e8c,49217212965b,19a37eedc568,West Bengal,324,2024-03-17T11:26:58,2024-03-17T11:38:54,approved,1,0,
1dbb916d185a0ec8,67a0390930e5,428f5f551f89,Uttar Pradesh,428,2024-03-17T11:29:16,2024-03-17T11:39:11,declined,1,0,
76bf44f004448471,6f5fa5bed003,24755df83ef0,Kerala,1721,2024-03-17T11:30:47,2024-03-17T12:00:47,expired,1,0,
022314a752b3e25c,5be02b242add,196fc8b1f334,Telangana,1704,2024-03-17T11:38:19,2024-03-17T11:44:31,approved,1,0,
50a710922812a2bb,4818964bb9e3,2467bb12b96a,Tamil Nadu,445,2024-03-17T11:39:14,2024-03-17T11:49:23,approved,1,0,
3fb22830639dd131,6a706675422c,2d449df1ad01,Rajasthan,178,2024-03-17T11:40:44,2024-03-17T12:10:44,expired,0,0,
08a8f543464a7358,09805b931ea6,44e3b08b8153,Rajasthan,2194,2024-03-17T11:44:44,2024-03-17T11:49:14,approved,1,0,
7806f928783772b7,1e30aaf5adb8,2cbae41a1247,Delhi,500,2024-03-17T11:48:19,2024-03-17T11:57:37,approved,1,0,
36822cd1797465b3,39dc63eef666,7372ea873c5f,Haryana,523,2024-03-17T11:49:56,2024-03-17T12:09:24,approved,1,0,
19e67561fa451fde,7d493d48b208,7001ed72f1fd,Uttar Pradesh,772,2024-03-17T11:56:15,2024-03-17T12:03:33,approved,1,0,
4fc6512fcd5d3b6c,3a6576ce966b,7e45be037b44,Telangana,1976,2024-03-17T12:02:18,2024-03-17T12:11:02,approved,1,0,
33043e77718ab089,7786fa4ecb51,28f179792b62,Uttar Pradesh,265,2024-03-17T12:05:37,2024-03-17T12:17:05,approved,1,0,
45a8307af4f5664a,513484923021,36baa5a1fd26,Rajasthan,511,2024-03-17T12:07:21,2024-03-17T12:33:11,declined,1,0,
5e166eb1d26ae104,22ea49616c97,34929cc99e94,Telangana,789,2024-03-17T12:12:34,2024-03-17T12:29:21,approved,1,0,
1cb0821a7ceb6edb,663473dc643e,319987038148,West Bengal,235,2024-03-17T12:12:56,2024-03-17T12:26:11,approved,1,0,
6f1b00b8aad480a2,634690700829,5309ddc6db64,Haryana,623,2024-03-17T12:13:17,2024-03-17T12:28:32,approved,1,0,
4e94086389740acc,513484923021,148fad274397,Rajasthan,401,2024-03-17T12:14:25,2024-03-17T12:28:10,approved,1,0,
2bbed8a55f1154b2,6d33a7293228,460256cc12fc,Gujarat,880,2024-03-17T12:14:54,2024-03-17T12:30:52,approved,1,0,
278782aab7ee6221,09805b931ea6,00509bbe51e0,Delhi,2126,2024-03-17T12:15:09,2024-03-17T12:24:55,approved,1,0,
39e063d4741c5124,0f0510686293,2aa5f4f0a9a4,Haryana,405,2024-03-17T12:15:44,2024-03-17T12:33:48,approved,1,0,
463d630714675d96,2569a0f51294,773a3458af0b,Bihar,1606,2024-03-17T12:15:47,2024-03-17T12:23:15,approved,1,0,
59da1b921cc4fb68,6a2b9baa3e4a,6080ec9bb8fc,West Bengal,462,2024-03-17T12:16:54,2024-03-17T12:20:02,approved,1,0,
7a43c7cdd9e88310,48f26f133a7b,5d15af50be26,Tamil Nadu,313,2024-03-17T12:18:09,2024-03-17T12:23:08,approved,1,0,
75497510467566d0,2910947f9388,379292b1eb2a,Gujarat,694,2024-03-17T12:18:13,2024-03-17T12:34:38,approved,1,0,
2f2b627e48d22f2e,1318e3fa6d29,148fad274397,Rajasthan,838,2024-03-17T12:24:31,2024-03-17T12:31:50,approved,1,0,
3449201dfa8656e6,6e836fcd1e4d,71271926f766,Tamil Nadu,864,2024-03-17T12:25:18,2024-03-17T12:30:46,approved,0,0,
5e5ea3c72d66f7de,2569a0f51294,48cebf54b06a,Gujarat,1657,2024-03-17T12:27:46,2024-03-17T12:31:12,approved,1,0,
694571bbf4b8718e,20332b92b91c,527737ff25b3,Tamil Nadu,94,2024-03-17T12:28:41,2024-03-17T12:30:28,approved,0,0,
09362376fa8fadda,6a7bccb8c392,32f7a9309052,Delhi,395,2024-03-17T12:29:27,2024-03-17T12:56:22,declined,1,0,
759211c2167d45b0,6e73719779d9,5b08d7f69d89,Uttar Pradesh,1121,2024-03-17T12:33:06,2024-03-17T12:52:07,approved,0,0,
308013a11ba07246,34994a8b60cd,0e16ea500934,Telangana,735,2024-03-17T12:33:42,2024-03-17T12:45:15,approved,0,0,
1249a1520873a7e9,663473dc643e,69e107e221b7,Rajasthan,935,2024-03-17T12:35:01,2024-03-17T12:48:49,approved,1,0,
1abcc39bcb08cd96,6a7bccb8c392,28520ed98201,Gujarat,415,2024-03-17T12:39:25,2024-03-17T12:50:23,approved,1,0,
19c79dac39ddbcb2,216f11aafe2f,4e60814dfb5c,Maharashtra,2845,2024-03-17T12:41:33,2024-03-17T12:54:33,approved,0,0,
601d12ce2498f17a,7b99521e8d62,2162c22622f6,Bihar,3708,2024-03-17T12:44:24,2024-03-17T12:51:13,approved,1,0,
1e85266a870fb055,2910947f9388,1fd78238e72e,Haryana,248,2024-03-17T12:49:45,2024-03-17T12:56:43,approved,1,0,
686d49194f86e5b9,5e5c092ab53d,67bcc8b4b2ff,Haryana,2606,2024-03-17T12:51:34,2024-03-17T12:58:48,approved,1,0,
1ae0eba037a10ee2,6a7bccb8c392,1a8780dbe2fc,Maharashtra,566,2024-03-17T12:53:21,2024-03-17T13:02:21,approved,1,0,
4a6f7a8b840a2f6f,48a5f4e76a41,2d27d93d040e,Gujarat,1725,2024-03-17T12:58:30,2024-03-17T13:06:55,approved,0,0,
15b0af5a60842d5e,513484923021,29e947713561,Uttar Pradesh,339,2024-03-17T12:59:57,2024-03-17T13:14:48,approved,1,0,
4f2d978a5650f1a1,1318e3fa6d29,232b1e7a0019,Bihar,311,2024-03-17T13:01:54,2024-03-17T13:12:05,approved,1,0,
36445d0c1f818591,2baf4e7593de,10b538225436,Karnataka,564,2024-03-17T13:03:24,2024-03-17T13:21:33,approved,1,0,
23081707e4c3d4b9,0cce3dbda79d,39edfef4867b,Maharashtra,4851,2024-03-17T13:04:15,2024-03-17T13:16:06,approved,0,0,
5702f6d178dcfdda,6646fee30506,610add1c46e8,Tamil Nadu,1037,2024-03-17T13:06:28,2024-03-17T13:22:46,approved,1,0,
664f8cd9a0cd0a31,67a0390930e5,308850a9c264,Maharashtra,228,2024-03-17T13:08:39,2024-03-17T13:19:11,approved,1,0,
71888da444636edf,663473dc643e,1f17561ef70f,Haryana,738,2024-03-17T13:08:46,2024-03-17T13:12:06,approved,1,0,
332182efddb09a9b,34994a8b60cd,0edf6c7b5aec,West Bengal,820,2024-03-17T13:08:54,2024-03-17T13:38:54,expired,0,0,
2266a92b8107fc43,60a547ae6f0e,0440e4859c9d,Gujarat,467,2024-03-17T13:11:18,2024-03-17T13:23:30,approved,1,0,
4a2d6d2c26fb5651,7786fa4ecb51,3b57f1bc1553,Telangana,528,2024-03-17T13:14:25,2024-03-17T13:24:56,approved,1,0,
46eab82f22faa330,6e836fcd1e4d,3978b7cb73a5,Kerala,707,2024-03-17T13:14:48,2024-03-17T13:21:01,approved,0,0,
1f2f1d2088b6d776,1e30aaf5adb8,377943537afe,Telangana,540,2024-03-17T13:14:53,2024-03-17T13:24:42,approved,1,0,
360389a3cde85a88,0d9a63adaba5,3d92003cda5a,Gujarat,1484,2024-03-17T13:16:12,2024-03-17T13:24:07,approved,1,0,
416bf3303f5bd62f,6f17ea22aaac,377e1eb5ebce,Bihar,504,2024-03-17T13:17:11,2024-03-17T13:32:00,approved,1,0,
39b10a53a7a3d750,30595689af87,5396c396eeca,Tamil Nadu,1408,2024-03-17T13:19:34,2024-03-17T13:41:29,declined,1,0,
62bc0819afe8b21a,22ea49616c97,4d7134d0214b,Gujarat,560,2024-03-17T13:22:38,2024-03-17T13:41:07,approved,1,0,
77079debdb985cc6,20332b92b91c,08342b16ae3e,Karnataka,214,2024-03-17T13:23:51,2024-03-17T13:29:38,approved,0,0,
5b5a8a005c35adda,6ab35d61cd9f,7ceddcfa53a4,Maharashtra,326,2024-03-17T13:32:01,2024-03-17T13:49:16,approved,1,0,
1df7bc44bac97e4f,673acd5d1161,27d7f425933f,West Bengal,2224,2024-03-17T13:33:26,2024-03-17T13:34:14,approved,1,0,
131ba91d802c01cf,22ea49616c97,1b191141593c,Karnataka,296,2024-03-17T13:37:05,2024-03-17T13:52:34,approved,1,0,
7798092d5b1a0661,0cce3dbda79d,2cab10ab2d3f,Uttar Pradesh,771,2024-03-17T13:42:20,2024-03-17T14:12:20,expired,0,0,
3815232048c4415d,48a5f4e76a41,254d499c5eb2,Uttar Pradesh,1970,2024-03-17T13:46:45,2024-03-17T14:16:45,expired,0,0,
44ee557253bfba78,0d4a1f2e8b76,2385543f242e,Tamil Nadu,321,2024-03-17T13:53:21,2024-03-17T13:58:29,approved,1,0,
1a86bf6858679cbb,7d81c905f4c1,2ae3ddfd8181,Uttar Pradesh,1866,2024-03-17T13:56:15,2024-03-17T13:58:49,approved,1,0,
173f05cac3dd4023,6e836fcd1e4d,44d319782612,Tamil Nadu,483,2024-03-17T13:57:33,2024-03-17T14:06:51,approved,0,0,
46d25fe128d60d10,67a0390930e5,7c5e35bb5051,Uttar Pradesh,396,2024-03-17T14:00:26,2024-03-17T14:15:50,approved,1,0,
5c13c9bfdbb48306,2b7ae5050a4d,3ba996862121,Tamil Nadu,498,2024-03-17T14:00:41,2024-03-17T14:30:41,expired,1,0,
6cef34230ae274b7,48f26f133a7b,62a872a6be22,Karnataka,977,2024-03-17T14:01:52,2024-03-17T14:08:47,approved,1,0,
0b8d9a94bf65c153,20332b92b91c,3e321c4dda09,Kerala,908,2024-03-17T14:03:59,2024-03-17T14:33:59,expired,0,0,
3c369013f9ec5da6,1318e3fa6d29,12ff3a1896fe,Telangana,516,2024-03-17T14:05:00,2024-03-17T14:20:01,approved,1,0,
714f170514e05d85,4a83bc732574,3b9f5b8babc4,Karnataka,2745,2024-03-17T14:06:08,2024-03-17T14:23:32,approved,1,0,
2caf5ea57f5d95d7,22ea49616c97,29eb59555c0c,Kerala,388,2024-03-17T14:07:57,2024-03-17T14:21:40,approved,1,0,
0a1baa5d9f861294,0d4a1f2e8b76,7d8cf5e9d126,Delhi,430,2024-03-17T14:09:26,2024-03-17T14:15:43,approved,1,0,
2c57100bea5bbd29,09f6cd55cca3,4d0ee41e2d4c,Uttar Pradesh,893,2024-03-17T14:09:33,2024-03-17T14:10:36,approved,1,0,
07542b331ed23548,513484923021,6efeabf32754,Telangana,501,2024-03-17T14:12:10,2024-03-17T14:16:33,declined,1,0,
12d64d811d7d1bfb,39dc63eef666,5cfea472d7aa,West Bengal,456,2024-03-17T14:14:34,2024-03-17T14:33:52,approved,1,0,
274b5b88ebaab944,694d71c69d67,47efcf01bf85,Delhi,1361,2024-03-17T14:16:00,2024-03-17T14:21:40,approved,1,0,
642fe12304eba726,4c6b531ee064,14d2265b74a0,Tamil Nadu,1236,2024-03-17T14:16:48,2024-03-17T14:18:34,approved,1,0,
3eb33ce3e29be8be,6a706675422c,15ae11baec14,Maharashtra,182,2024-03-17T14:19:32,2024-03-17T14:30:36,approved,0,0,
3af1c059cf1f9aa0,107ff2ac18f1,25585b98ce0b,Tamil Nadu,1045,2024-03-17T14:19:59,2024-03-17T14:34:29,approved,1,0,
4333e4877617dad0,6f17ea22aaac,48cebf54b06a,Gujarat,1134,2024-03-17T14:20:45,2024-03-17T14:27:14,approved,1,0,
2e4f6f0f91f45945,6a706675422c,0e1655d01575,Delhi,8774,2024-03-17T14:22:10,2024-03-17T14:27:16,declined,0,0,
20c3d27b4dfedba3,22ea49616c97,04eb8d8fdb13,West Bengal,465,2024-03-17T14:28:52,2024-03-17T14:32:35,approved,1,0,
2151c4987062ddbb,0d9a63adaba5,1c65f8467501,Tamil Nadu,1947,2024-03-17T14:29:03,2024-03-17T14:34:26,approved,1,0,
0d1d9402881ed497,6a2b9baa3e4a,4fd558a56e18,Uttar Pradesh,1643,2024-03-17T14:30:51,2024-03-17T14:32:50,approved,1,0,
77ef065eb295229b,11d601015742,3342e4fb5208,Rajasthan,417,2024-03-17T14:32:35,2024-03-17T14:49:02,approved,1,0,
02d77514349fab57,6a7bccb8c392,11bba6762d76,Bihar,338,2024-03-17T14:33:18,2024-03-17T14:37:49,approved,1,0,
110138cdf5e5487b,7d493d48b208,27c230dde801,Delhi,423,2024-03-17T14:34:16,2024-03-17T14:41:57,approved,1,0,
076567fd6493bc0d,6d33a7293228,2c3f40b8d2f1,Karnataka,333,2024-03-17T14:37:55,2024-03-17T14:51:59,approved,1,0,
56a9e555d7b858ae,09f6cd55cca3,7453a8380237,Kerala,3105,2024-03-17T14:37:56,2024-03-17T14:56:14,approved,1,0,
38af69d062fced96,5be02b242add,305a99832109,Kerala,2339,2024-03-17T14:37:57,2024-03-17T14:54:56,approved,1,0,
3bc6f782c70cf70d,1318e3fa6d29,52a8af7fd83c,Gujarat,326,2024-03-17T14:39:33,2024-03-17T14:45:29,approved,1,0,
7c3720c653b9ebd7,7b99521e8d62,1f4e088bad72,Delhi,2299,2024-03-17T14:39:45,2024-03-17T14:45:22,approved,1,0,
3579f5c428caf53e,107ff2ac18f1,6b63470f9b45,Telangana,543,2024-03-17T14:40:32,2024-03-17T14:46:35,approved,1,0,
6f96f6bfba4ba09a,216f11aafe2f,61ce1803dbef,Kerala,2252,2024-03-17T14:49:15,2024-03-17T15:00:19,approved,0,0,
2d0cdad65e2a7177,6d33a7293228,6327b083e38a,Haryana,560,2024-03-17T14:52:30,2024-03-17T15:02:32,approved,1,0,
2fbf26a9e61c4479,0176a1a01f10,4dc0ae71427e,Maharashtra,5080,2024-03-17T14:54:16,2024-03-17T15:09:09,approved,1,0,
3d3cd5b8eaeb425f,6ab35d61cd9f,62f6bf18bbc2,Kerala,777,2024-03-17T14:58:41,2024-03-17T15:11:43,approved,1,0,
0c11688f65ab730a,2569a0f51294,74ae9f3585bd,Telangana,1573,2024-03-17T14:59:27,2024-03-17T15:13:29,approved,1,0,
0c8920505da38ef2,48f26f133a7b,1938d30115e8,Bihar,731,2024-03-17T15:01:07,2024-03-17T15:06:03,approved,1,0,
556fdbe72ce2f231,7d81c905f4c1,0abe36e2b36a,Delhi,1503,2024-03-17T15:01:48,2024-03-17T15:13:00,approved,1,0,
3691faf07e765f5a,1e30aaf5adb8,79bd59c86d9b,Haryana,328,2024-03-17T15:03:36,2024-03-17T15:09:44,approved,1,0,
434eeb58ed1d22fe,5ded2d78f299,0d5b4e64d433,Kerala,1540,2024-03-17T15:04:52,2024-03-17T15:08:41,approved,1,0,
683a7c12d3ac966b,1318e3fa6d29,50b19de80fbd,Bihar,402,2024-03-17T15:06:14,2024-03-17T15:19:09,declined,1,0,
3cbf8c7db1222807,2b1781ab1f24,0cf422a74653,Bihar,539,2024-03-17T15:07:29,2024-03-17T15:21:44,approved,0,0,
43e8c233bc257e75,2b1781ab1f24,1dc42d7e7d67,Haryana,1342,2024-03-17T15:08:03,2024-03-17T15:20:09,approved,0,0,
7de7c00aa5fd10d5,0511fee882e4,140786dd4d7e,Tamil Nadu,2433,2024-03-17T15:14:18,2024-03-17T15:27:55,approved,1,0,
67c30023f02b06b6,513484923021,0e5e742aaead,Tamil Nadu,300,2024-03-17T15:18:46,2024-03-17T15:22:20,approved,1,0,
1d3c0041875a1c40,107ff2ac18f1,43cf1e2112e0,Bihar,342,2024-03-17T15:28:01,2024-03-17T15:43:06,approved,1,0,
1167903608f2b0a4,34994a8b60cd,71bc4d63366f,Rajasthan,641,2024-03-17T15:37:39,2024-03-17T15:42:24,approved,0,0,
39ca35119ecf756b,1318e3fa6d29,70930cce217e,Maharashtra,286,2024-03-17T15:41:40,2024-03-17T15:57:44,approved,1,0,
4040c00ba5b048be,5ded2d78f299,30e48d2cb37a,Karnataka,1836,2024-03-17T15:44:33,2024-03-17T15:49:18,approved,1,0,
0b99cc9d70dbd55a,6e73719779d9,5132cdf02f8e,West Bengal,568,2024-03-17T15:46:11,2024-03-17T16:15:48,declined,0,0,
35288b7ca5c6b322,6a706675422c,7df46ddba270,Tamil Nadu,996,2024-03-17T15:46:23,2024-03-17T16:16:23,expired,0,0,
18c7c211153884fa,6646fee30506,315b4b6fbff0,Kerala,2029,2024-03-17T15:46:24,2024-03-17T15:50:02,approved,1,0,
65c0fc9c3b80aaa1,48e58d7747c6,2c0209cf8fe2,West Bengal,1643,2024-03-17T15:48:16,2024-03-17T15:52:15,approved,1,0,
7a9520dcd93c4418,7d81c905f4c1,6b3afebb0207,Kerala,1940,2024-03-17T15:50:25,2024-03-17T15:59:46,approved,1,0,
46b07444d0535e32,5ded2d78f299,67fae637d4cd,Delhi,2666,2024-03-17T15:52:38,2024-03-17T16:22:38,expired,1,0,
0bfa873d81ada899,0fc3186df001,136598c8020f,Bihar,1285,2024-03-17T15:53:45,2024-03-17T16:13:17,approved,1,0,
2d49acd6540031cd,0f0510686293,3781daba6f5f,West Bengal,356,2024-03-17T15:54:22,2024-03-17T15:58:45,approved,1,0,
739700d9a7b39e33,0d4a1f2e8b76,70a8c0295b5c,Delhi,357,2024-03-17T15:55:16,2024-03-17T16:12:09,approved,1,0,
7a1d5081f21c80e8,2b1781ab1f24,6d97ba226f15,Haryana,674,2024-03-17T15:55:31,2024-03-17T16:18:07,declined,0,0,
4d06d1762ce8ca7f,6ab35d61cd9f,1ec1ccb90ca8,Uttar Pradesh,671,2024-03-17T15:56:48,2024-03-17T16:12:20,approved,1,0,
665424c05aa74fc0,22ea49616c97,361d58efa4bf,Gujarat,589,2024-03-17T15:57:11,2024-03-17T16:16:48,approved,1,0,
74ca139f308b44e7,35ed52508031,41e81f6b8bb7,Delhi,1662,2024-03-17T15:57:39,2024-03-17T16:01:41,approved,1,0,
5515742c5abb5d7e,2b1781ab1f24,49c2e9060a0c,Delhi,359,2024-03-17T16:00:16,2024-03-17T16:16:48,approved,0,0,
420e6a6e8666652e,67a0390930e5,3cbbf6efda29,Telangana,285,2024-03-17T16:00:22,2024-03-17T16:08:01,approved,1,0,
2a7c9f195332dd99,1e30aaf5adb8,6558dd2ef385,Telangana,469,2024-03-17T16:02:40,2024-03-17T16:18:10,approved,1,0,
3a2bd9c1ba8f40b0,7d81c905f4c1,041555360b15,Telangana,929,2024-03-17T16:05:58,2024-03-17T16:15:24,approved,1,0,
1abb58db2c2aa59f,7d493d48b208,40136eb89829,Uttar Pradesh,450,2024-03-17T16:07:15,2024-03-17T16:37:15,expired,1,0,
19907ab1ddf101fd,6f17ea22aaac,132a85ad3d56,Rajasthan,1444,2024-03-17T16:08:57,2024-03-17T16:17:21,declined,1,0,
6df7753b124a6ce1,0176a1a01f10,3e646c6e45a0,Rajasthan,2813,2024-03-17T16:09:34,2024-03-17T16:15:11,approved,1,0,
57d09794a294d9f6,1318e3fa6d29,515d87ac38d5,Tamil Nadu,586,2024-03-17T16:19:10,2024-03-17T16:26:21,approved,1,0,
3ee301f15110b676,4a83bc732574,2d449df1ad01,Rajasthan,651,2024-03-17T16:20:41,2024-03-17T16:31:15,approved,1,0,
5a7a83ca5f49171f,09f6cd55cca3,1157476f6312,Tamil Nadu,2485,2024-03-17T16:22:49,2024-03-17T16:40:22,approved,1,0,
1da9d4e3d8867139,1e30aaf5adb8,4ddc89e2432d,Karnataka,497,2024-03-17T16:26:26,2024-03-17T16:32:13,approved,1,0,
1025da072b346831,4c6b531ee064,333f3b44cbb6,Uttar Pradesh,1107,2024-03-17T16:27:38,2024-03-17T16:41:08,approved,1,0,
1e4149998e10dfe5,22ea49616c97,6bcf7c3c401f,Uttar Pradesh,351,2024-03-17T16:28:25,2024-03-17T16:35:12,approved,1,0,
3454224f1d639cde,11d601015742,71b807ef0536,Tamil Nadu,2867,2024-03-17T16:31:46,2024-03-17T16:44:19,approved,1,0,
52db72c9cfd07b38,1e30aaf5adb8,18a57c1c6a55,Uttar Pradesh,878,2024-03-17T16:35:26,2024-03-17T16:40:24,approved,1,0,
2b979e727bec1822,48a5f4e76a41,79efe269415c,Telangana,302,2024-03-17T16:37:10,2024-03-17T16:37:51,approved,0,0,
63a1adfa8302a2d4,11d601015742,565dd733244d,Maharashtra,2768,2024-03-17T16:38:01,2024-03-17T16:50:02,approved,1,0,
1f46a28734075725,3a6d68f3644e,3815fc7d9852,West Bengal,1314,2024-03-17T16:43:28,2024-03-17T17:02:22,approved,1,0,
4ce375339c50cf84,6f17ea22aaac,2ba8e9be7b0f,Bihar,2497,2024-03-17T16:44:17,2024-03-17T16:52:56,approved,1,0,
22d90ae269b4ca27,09805b931ea6,2afe4490c899,Karnataka,3875,2024-03-17T16:45:40,2024-03-17T17:04:17,approved,1,0,
2ea4e739519459dc,11d601015742,434cee4b22ba,Haryana,1546,2024-03-17T16:46:40,2024-03-17T16:57:50,approved,1,0,
5176d9a8dcee1867,663473dc643e,4ff7e5b238d9,Uttar Pradesh,438,2024-03-17T16:50:03,2024-03-17T16:58:29,approved,1,0,
64d38f7892a2c524,0176a1a01f10,433a3e29bfbc,Rajasthan,843,2024-03-17T16:54:58,2024-03-17T17:08:16,approved,1,0,
03cee0b831c75f84,45d11774ab5d,40acb0d5274a,Gujarat,529,2024-03-17T16:55:07,2024-03-17T16:59:47,approved,0,0,
35d9ddff83ccb52e,1e30aaf5adb8,616a77a1f759,Telangana,363,2024-03-17T16:55:12,2024-03-17T17:12:48,approved,1,0,
7683183880e1c889,49217212965b,00fe28ef6e6f,Karnataka,576,2024-03-17T16:56:05,2024-03-17T17:00:01,approved,1,0,
3eae8b22f5cbc856,7d81c905f4c1,61b9b1da8342,Uttar Pradesh,1136,2024-03-17T16:56:17,2024-03-17T17:05:22,approved,1,0,
51b970311dfff408,49217212965b,6774a8b010d6,Rajasthan,514,2024-03-17T16:56:29,2024-03-17T17:26:29,expired,1,0,
25c46c3abd77b1fd,5be02b242add,586174542b08,Bihar,1260,2024-03-17T16:57:27,2024-03-17T17:12:34,approved,1,0,
3ed343a7888479af,0d4a1f2e8b76,5fee7c04e14e,Haryana,356,2024-03-17T16:58:35,2024-03-17T17:11:28,approved,1,0,
3d76af89def57d14,4818964bb9e3,759f68f69b70,Maharashtra,300,2024-03-17T17:03:58,2024-03-17T17:09:40,approved,1,0,
5e7ba04ce56a5360,1318e3fa6d29,6e6bfcbf747e,Kerala,490,2024-03-17T17:04:51,2024-03-17T17:17:46,approved,1,0,
5262155a4dcef640,0d9a63adaba5,6ce8910e1be7,Gujarat,2520,2024-03-17T17:06:10,2024-03-17T17:18:42,approved,1,0,
061dfbe770ff2499,41e20e89712f,7feee1e6cc8d,Tamil Nadu,1081,2024-03-17T17:06:58,2024-03-17T17:23:14,approved,1,0,
0c2608f4698138d7,6e73719779d9,7604d158b342,Uttar Pradesh,2700,2024-03-17T17:09:44,2024-03-17T17:14:21,approved,0,0,
6653ad5a746d40a0,51e266317647,1e83f2713341,Uttar Pradesh,442,2024-03-17T17:10:29,2024-03-17T17:25:46,approved,1,0,
1c5dea3b41ca9cad,6d33a7293228,74a72f055233,Delhi,409,2024-03-17T17:11:00,2024-03-17T17:15:10,approved,1,0,
2d845dc3d528bd70,0f0510686293,3c9fb0fb2b5d,Uttar Pradesh,500,2024-03-17T17:11:33,2024-03-17T17:23:44,approved,1,0,
17bb49fe4c69ca41,7d81c905f4c1,3724a31af62d,West Bengal,1448,2024-03-17T17:14:41,2024-03-17T17:21:59,approved,1,0,
713cd35a85c1b0ff,4818964bb9e3,1a8ac65886f7,Rajasthan,201,2024-03-17T17:16:11,2024-03-17T17:34:11,approved,1,0,
4dc2ec464afcfa09,0176a1a01f10,59945554a11a,Telangana,1453,2024-03-17T17:17:49,2024-03-17T17:35:03,approved,1,0,
79e59b1b822e5df5,0f0510686293,35963368c864,Bihar,566,2024-03-17T17:21:01,2024-03-17T17:21:54,approved,1,0,
10c4cf168dfa040b,34994a8b60cd,74ae9f3585bd,Telangana,926,2024-03-17T17:22:10,2024-03-17T17:52:10,expired,0,0,
0a65b3e841cd1939,22ea49616c97,2fde32d3b2ef,Haryana,796,2024-03-17T17:26:07,2024-03-17T17:44:44,approved,1,0,
380b10e3b8236325,6ab35d61cd9f,01947c7143e3,West Bengal,681,2024-03-17T17:28:33,2024-03-17T17:37:59,approved,1,0,
29cf56b0e12d00fd,45d11774ab5d,5fc5ca7549f0,Rajasthan,267,2024-03-17T17:30:27,2024-03-17T17:46:56,approved,0,0,
1e40a6d95a79b65f,09805b931ea6,6c2ad0c426d6,Telangana,2527,2024-03-17T17:31:01,2024-03-17T17:35:58,approved,1,0,
2a2fa6fd1435b35b,51e266317647,7fe7ff403694,Karnataka,467,2024-03-17T17:31:38,2024-03-17T17:50:09,approved,1,0,
2107109848a10bce,39dc63eef666,338cd16e0967,Gujarat,671,2024-03-17T17:31:51,2024-03-17T17:46:04,approved,1,0,
29ae3c8ca3b99ed3,6646fee30506,5a51f2e8ad5c,Haryana,735,2024-03-17T17:33:55,2024-03-17T17:40:00,approved,1,0,
17e73a7d402817b6,09f6cd55cca3,6fd2a9522053,Telangana,2606,2024-03-17T17:37:45,2024-03-17T17:47:48,approved,1,0,
1c6e5f8ae2e0eb8e,3a6d68f3644e,7d047ecd1a10,Haryana,1300,2024-03-17T17:38:40,2024-03-17T17:46:15,approved,1,0,
706ad01f81fc2421,0d9a63adaba5,355a4ffd5068,Bihar,2703,2024-03-17T17:41:14,2024-03-17T17:49:58,approved,1,0,
36dc1a20d6e92a74,107ff2ac18f1,6be7a8ed688e,Karnataka,1125,2024-03-17T17:41:36,2024-03-17T17:47:41,declined,1,0,
6d8cf99d3061807f,7d81c905f4c1,017a86a8c26a,Gujarat,4688,2024-03-17T17:54:00,2024-03-17T18:01:59,approved,1,0,
49ad4aa20115a755,34994a8b60cd,7851d2e44048,Telangana,1058,2024-03-17T17:59:31,2024-03-17T18:07:01,approved,0,0,
0efe4a8b324d5509,107ff2ac18f1,3b491193febd,Haryana,442,2024-03-17T18:05:00,2024-03-17T18:11:21,approved,1,0,
3880f941af004104,1e30aaf5adb8,44bddfa34704,Haryana,583,2024-03-17T18:05:00,2024-03-17T18:23:21,approved,1,0,
39cebc7aedcbe312,6ab35d61cd9f,2724e58e6564,Haryana,531,2024-03-17T18:05:47,2024-03-17T18:13:08,approved,1,0,
038dd522a2d18520,0176a1a01f10,6d211e4f86f8,Kerala,805,2024-03-17T18:06:53,2024-03-17T18:36:53,expired,1,0,
33672abb5351a073,22ea49616c97,4f1b043d4d2f,West Bengal,371,2024-03-17T18:07:48,2024-03-17T18:21:42,approved,1,0,
1b5a418668ad4f99,6a706675422c,0f6274e665ed,West Bengal,265,2024-03-17T18:08:30,2024-03-17T18:15:21,approved,0,0,
6383ae52f841328e,107ff2ac18f1,15d299a30083,Maharashtra,209,2024-03-17T18:11:41,2024-03-17T18:41:41,expired,1,0,
20f767f8625db2ef,694d71c69d67,643db15c80ce,Telangana,3870,2024-03-17T18:12:58,2024-03-17T18:19:09,approved,1,0,
4f2f5f36b44810eb,11d601015742,079cc57e6f1d,Rajasthan,1129,2024-03-17T18:14:07,2024-03-17T18:44:07,expired,1,0,
36cd85c449b8d64a,2569a0f51294,1c28973eb0ef,Kerala,1225,2024-03-17T18:17:06,2024-03-17T18:23:32,approved,1,0,
169e7efece3e15f4,6646fee30506,3395e7a1cffd,Uttar Pradesh,2475,2024-03-17T18:21:03,2024-03-17T18:38:38,approved,1,0,
3cfc440002834210,513484923021,5af775793308,Gujarat,167,2024-03-17T18:21:53,2024-03-17T18:27:08,approved,1,0,
18af9010e83c3be3,2569a0f51294,15d42be7a7c6,Delhi,1143,2024-03-17T18:22:33,2024-03-17T18:31:57,approved,1,0,
61bdeda58dfe7c9a,48a5f4e76a41,3d97206a3dc2,Rajasthan,2681,2024-03-17T18:26:40,2024-03-17T18:33:36,approved,0,0,
63fa85a36e303477,20332b92b91c,337ba7da8a50,Telangana,574,2024-03-17T18:27:29,2024-03-17T18:47:04,approved,0,0,
06dd08aa01c750fc,6d33a7293228,63317ee64720,Rajasthan,384,2024-03-17T18:27:52,2024-03-17T18:30:29,approved,1,0,
1f811cbe46443819,6ab35d61cd9f,11630528f61d,Haryana,1118,2024-03-17T18:29:14,2024-03-17T18:59:14,expired,1,0,
65263a179a02f509,6fdf521c2b77,36a25cdcd8b7,Haryana,2303,2024-03-17T18:30:28,2024-03-17T18:45:04,approved,1,0,
79e5b596daa8a14f,513484923021,44de3222c6ec,Gujarat,1001,2024-03-17T18:33:08,2024-03-17T18:36:31,approved,1,0,
60bd593d1317c121,6f17ea22aaac,67be37905532,Haryana,2815,2024-03-17T18:33:50,2024-03-17T18:48:33,approved,1,0,
57d3c5130c727734,1e30aaf5adb8,0ddaceda0381,Rajasthan,1372,2024-03-17T18:35:51,2024-03-17T18:54:55,approved,1,0,
49f3b7f4704cb5e2,51e266317647,58e4b51b9e26,Maharashtra,676,2024-03-17T18:37:57,2024-03-17T18:48:46,approved,1,0,
56641c846031bb02,30595689af87,074ee85ce1fb,Uttar Pradesh,1669,2024-03-17T18:39:52,2024-03-17T18:52:38,approved,1,0,
07c82b63b78b7af8,0fc3186df001,793a758c21df,Karnataka,1443,2024-03-17T18:40:32,2024-03-17T18:41:41,approved,1,0,
20dd8172a8454de6,7786fa4ecb51,3558f0c4edb8,Rajasthan,218,2024-03-17T18:41:35,2024-03-17T18:52:54,approved,1,0,
2daac0b562143dcc,0f0510686293,0caece1ed5ee,Telangana,565,2024-03-17T18:41:46,2024-03-17T18:47:13,approved,1,0,
31d4dbed5cc70f20,6e73719779d9,16d60b59c454,Haryana,549,2024-03-17T18:43:48,2024-03-17T19:02:59,approved,0,0,
09e4d6e5902805db,6fdf521c2b77,6ea13f7a1f43,Uttar Pradesh,662,2024-03-17T18:45:42,2024-03-17T18:46:51,approved,1,0,
27a30e0884a1757a,48a5f4e76a41,240c6b957a51,Haryana,1478,2024-03-17T18:47:08,2024-03-17T19:01:10,approved,0,0,
00bd01d5208b90e8,4818964bb9e3,5e2a0181cd42,Telangana,412,2024-03-17T18:48:00,2024-03-17T18:52:38,approved,1,0,
54f625ee81a91e59,216f11aafe2f,1569a54a9732,Telangana,1511,2024-03-17T18:49:42,2024-03-17T19:19:42,expired,0,0,
751d8e4b4228164a,1318e3fa6d29,0fe4d6c989db,Gujarat,725,2024-03-17T18:50:07,2024-03-17T18:50:46,approved,1,0,
106654a319778dc8,0f0510686293,28a344d18e53,Bihar,555,2024-03-17T18:54:47,2024-03-17T18:59:16,approved,1,0,
5d170eab7b3eaea1,1318e3fa6d29,540e8139954b,Telangana,638,2024-03-17T18:56:48,2024-03-17T19:13:57,approved,1,0,
52abdd6e6ffc8976,0f0510686293,5d2614c3f15a,Uttar Pradesh,611,2024-03-17T18:57:59,2024-03-17T19:11:21,approved,1,0,
7e659610f3b1fd50,0511fee882e4,742b9985f4d6,Uttar Pradesh,3474,2024-03-17T19:02:10,2024-03-17T19:02:57,approved,1,0,
123e0b30bc0071c5,0fc3186df001,6abdaa1f15df,Haryana,5871,2024-03-17T19:03:25,2024-03-17T19:17:35,approved,1,0,
4753798558f62006,2910947f9388,4f622715013e,Tamil Nadu,437,2024-03-17T19:04:06,2024-03-17T19:34:06,expired,1,0,
09198ea65aa41f45,673acd5d1161,607a3ed07930,Bihar,735,2024-03-17T19:07:27,2024-03-17T19:37:27,expired,1,0,
5d84523f6d9b6b10,071280a45ec9,27a58559eaae,West Bengal,6539,2024-03-17T19:14:22,2024-03-17T19:26:30,declined,0,1,P08
5cddfe5aeceb1fa7,67a0390930e5,34935122c05b,West Bengal,670,2024-03-17T19:16:24,2024-03-17T19:25:49,approved,1,0,
495c5eee919e60d2,071280a45ec9,7ea7f352dc91,Uttar Pradesh,6192,2024-03-17T19:16:25,2024-03-17T19:46:25,expired,0,1,P08
2cfe7c6329ea8d82,0d4a1f2e8b76,031c8a02cc1e,Haryana,596,2024-03-17T19:16:27,2024-03-17T19:23:15,approved,1,0,
4628b2c7943ad459,3a6d68f3644e,01f8c1f5868d,Rajasthan,2784,2024-03-17T19:16:57,2024-03-17T19:34:59,approved,1,0,
4ef900f2f8206d84,6646fee30506,191c030d968c,Maharashtra,1997,2024-03-17T19:18:56,2024-03-17T19:28:33,approved,1,0,
4d17596058c5151c,071280a45ec9,266b4622013d,Haryana,10249,2024-03-17T19:19:55,2024-03-17T19:41:11,declined,0,1,P08
04e79ff59baf4844,5be02b242add,015eb383f6fc,Uttar Pradesh,1941,2024-03-17T19:20:37,2024-03-17T19:27:26,approved,1,0,
331567d98c52e998,0511fee882e4,66c2562f7cfe,Bihar,2096,2024-03-17T19:21:28,2024-03-17T19:34:31,approved,1,0,
4a2e24018279016c,22ea49616c97,3e4aa3ab6ad3,Haryana,800,2024-03-17T19:23:12,2024-03-17T19:40:35,approved,1,0,
753bb97022d0818f,45d11774ab5d,78b1362d7524,Telangana,1295,2024-03-17T19:26:16,2024-03-17T19:31:49,approved,0,0,
41d8e731cb4d237c,6ab35d61cd9f,07f270d00180,Delhi,491,2024-03-17T19:31:12,2024-03-17T19:36:00,approved,1,0,
0eab238869c3f4bf,1318e3fa6d29,5cda20a9b285,Telangana,414,2024-03-17T19:32:28,2024-03-17T19:45:20,approved,1,0,
36e82ed782fd1194,5be02b242add,45f7a8267fa7,Uttar Pradesh,2604,2024-03-17T19:33:06,2024-03-17T19:51:05,approved,1,0,
7107f20481094928,1e30aaf5adb8,4aa4dd826607,Kerala,562,2024-03-17T19:33:45,2024-03-17T19:53:33,approved,1,0,
73bd00f96e9ed211,6e836fcd1e4d,48a757495582,Bihar,1430,2024-03-17T19:35:30,2024-03-17T20:05:30,expired,0,0,
0ae455f48cfdda99,634690700829,7b34949f9bef,Uttar Pradesh,566,2024-03-17T19:36:08,2024-03-17T19:48:35,approved,1,0,
5daa2bd2f39249f8,41e20e89712f,15c784decbc8,Telangana,1354,2024-03-17T19:36:09,2024-03-17T20:06:09,expired,1,0,
1ab418c198c1a457,49217212965b,343e277445eb,Kerala,190,2024-03-17T19:36:16,2024-03-17T19:37:51,approved,1,0,
0df32d5695c6c7cc,634690700829,1b9d5ea3b831,Haryana,415,2024-03-17T19:36:52,2024-03-17T20:06:52,expired,1,0,
7986a3b547b6a225,071280a45ec9,10ed31775bcc,Kerala,8585,2024-03-17T19:40:34,2024-03-17T19:41:18,declined,0,1,P08
6a21124aa907c1ae,071280a45ec9,0e8211a3d7bf,Rajasthan,2647,2024-03-17T19:45:14,2024-03-17T19:47:36,declined,0,1,P08
1cc08353e3acb7f1,071280a45ec9,0d330e4f1b6b,Tamil Nadu,9331,2024-03-17T19:47:46,2024-03-17T20:05:58,approved,0,1,P08
1aa55142f1448886,7d81c905f4c1,0b7c87543b83,Bihar,642,2024-03-17T19:48:40,2024-03-17T19:55:43,approved,1,0,
4c022bad277f0bfe,071280a45ec9,423951512cf4,Karnataka,13373,2024-03-17T19:48:46,2024-03-17T20:07:39,declined,0,1,P08
795da9eac5558f14,107ff2ac18f1,2053ed36bd4b,Telangana,223,2024-03-17T19:49:26,2024-03-17T19:52:22,approved,1,0,
04ec1372db40ce78,071280a45ec9,4c593dfdc9b8,Telangana,4713,2024-03-17T19:51:03,2024-03-17T20:21:03,expired,0,1,P08
320b6f220fac7f65,34994a8b60cd,004735b84aeb,Karnataka,1559,2024-03-17T19:51:37,2024-03-17T19:53:21,approved,0,0,
151968a52ed3a7e6,071280a45ec9,52c9288dc6de,West Bengal,11422,2024-03-17T19:52:32,2024-03-17T20:11:14,declined,0,1,P08
64abc141325c913e,107ff2ac18f1,7d51179cd265,West Bengal,437,2024-03-17T19:55:50,2024-03-17T20:03:31,approved,1,0,
3541b1f746163e04,071280a45ec9,10df5923eff9,West Bengal,19918,2024-03-17T19:56:57,2024-03-17T20:13:59,declined,0,1,P08
55b518dacee624a9,6a706675422c,5076921c2271,West Bengal,1375,2024-03-17T19:57:53,2024-03-17T19:59:07,declined,0,0,
2a68b2928072080e,071280a45ec9,64cadc35eb9f,Karnataka,9951,2024-03-17T19:59:38,2024-03-17T20:17:49,declined,0,1,P08
5c1df0cb2aab5a10,6e73719779d9,1a8ac65886f7,Rajasthan,4038,2024-03-17T19:59:57,2024-03-17T20:08:39,approved,0,0,
50fd1089d002924a,48f26f133a7b,0055f5f04f4b,Tamil Nadu,336,2024-03-17T20:00:32,2024-03-17T20:03:14,approved,1,0,
19ee1c009449ae08,071280a45ec9,2265fb349c49,Rajasthan,6834,2024-03-17T20:00:49,2024-03-17T20:30:49,expired,0,1,P08
6526b48988553775,5e5c092ab53d,26f849d976b8,Bihar,1907,2024-03-17T20:01:33,2024-03-17T20:31:33,expired,1,0,
05dd389a28c1c532,48f26f133a7b,343e277445eb,Kerala,809,2024-03-17T20:02:07,2024-03-17T20:16:02,approved,1,0,
35c57766507a440e,6a706675422c,706524e18bad,Gujarat,484,2024-03-17T20:02:15,2024-03-17T20:19:02,declined,0,0,
412208a542abcc9b,30595689af87,6f234b7abbce,Rajasthan,1313,2024-03-17T20:02:25,2024-03-17T20:32:25,expired,1,0,
657f337fb26e90f1,071280a45ec9,27474b7377b6,Bihar,12675,2024-03-17T20:02:26,2024-03-17T20:32:26,expired,0,1,P08
2abbc0927bd3b982,071280a45ec9,601e3387603b,Bihar,12748,2024-03-17T20:03:31,2024-03-17T20:22:14,declined,0,1,P08
360b5728b752f3c2,0511fee882e4,6c0f94c94fac,Uttar Pradesh,2967,2024-03-17T20:03:45,2024-03-17T20:22:52,approved,1,0,
51dc1eac6d16ef12,071280a45ec9,187cc557f614,Tamil Nadu,14996,2024-03-17T20:04:31,2024-03-17T20:34:31,expired,0,1,P08
7ac1ca78e9968d08,09805b931ea6,4640bb295888,Delhi,2013,2024-03-17T20:05:43,2024-03-17T20:17:34,approved,1,0,
6570055fe375839d,7d81c905f4c1,29562f250b80,Rajasthan,351,2024-03-17T20:07:20,2024-03-17T20:37:20,expired,1,0,
47a308bd45455447,107ff2ac18f1,45c386ed094f,Kerala,607,2024-03-17T20:08:13,2024-03-17T20:26:30,approved,1,0,
256ae785fe48ec80,1e30aaf5adb8,1a0163527f9f,Haryana,408,2024-03-17T20:09:54,2024-03-17T20:39:54,expired,1,0,
2c0612dc4e06e8d2,071280a45ec9,1940d083b358,Bihar,7928,2024-03-17T20:11:23,2024-03-17T20:41:23,expired,0,1,P08
2a469f779b766212,1318e3fa6d29,09cc59d34cec,Kerala,998,2024-03-17T20:11:46,2024-03-17T20:41:46,expired,1,0,
342f5adf171cfbbf,49217212965b,5e7caebdfe34,Delhi,369,2024-03-17T20:12:14,2024-03-17T20:29:07,approved,1,0,
3e79dac3724361cb,071280a45ec9,428f5f551f89,Uttar Pradesh,2859,2024-03-17T20:12:20,2024-03-17T20:42:20,expired,0,1,P08
3681cf727d88ce53,5be02b242add,5d7af59f0052,Karnataka,1561,2024-03-17T20:16:30,2024-03-17T20:22:30,approved,1,0,
4609c5fba3c1260f,071280a45ec9,2063b26e0539,Karnataka,4686,2024-03-17T20:17:51,2024-03-17T20:27:40,declined,0,1,P08
6a62a5b7a569f6ee,0cce3dbda79d,13b943cd5521,Telangana,877,2024-03-17T20:20:19,2024-03-17T20:39:56,approved,0,0,
641d7591b05d2099,634690700829,77937c69c95c,Delhi,709,2024-03-17T20:20:51,2024-03-17T20:33:58,approved,1,0,
73f2884c00993e14,071280a45ec9,3dbdb476d706,West Bengal,15935,2024-03-17T20:21:28,2024-03-17T20:51:28,expired,0,1,P08
2449f582655576a2,071280a45ec9,2162c22622f6,Bihar,18739,2024-03-17T20:22:35,2024-03-17T20:24:26,declined,0,1,P08
3c90cb0253d05a0a,673acd5d1161,27c6b03b3e59,Karnataka,1501,2024-03-17T20:23:21,2024-03-17T20:53:21,expired,1,0,
46d2125dd5f93524,6d33a7293228,7fb978bfa8fc,Maharashtra,901,2024-03-17T20:23:59,2024-03-17T20:24:55,approved,1,0,
338ebf3ac195c98c,48e58d7747c6,68ede506e9dd,Bihar,2578,2024-03-17T20:25:29,2024-03-17T20:40:18,approved,1,0,
07c00982db34818c,48f26f133a7b,3565a3d1ae02,Maharashtra,529,2024-03-17T20:28:33,2024-03-17T20:30:27,approved,1,0,
69cbcc555f813fba,2569a0f51294,151a34a25332,West Bengal,670,2024-03-17T20:29:06,2024-03-17T20:43:22,approved,1,0,
127f46f024e9ef53,107ff2ac18f1,7e5c2169d725,Gujarat,412,2024-03-17T20:30:10,2024-03-17T21:00:10,expired,1,0,
0cab3f213a4b9201,11d601015742,35136e59e2cf,Telangana,916,2024-03-17T20:32:21,2024-03-17T20:38:38,approved,1,0,
41a26749fd6dd96a,5ded2d78f299,65aff3d5d3dc,Uttar Pradesh,2481,2024-03-17T20:32:32,2024-03-17T20:41:35,approved,1,0,
2211478f39c7520e,107ff2ac18f1,3b7cd5b692bd,Gujarat,846,2024-03-17T20:33:50,2024-03-17T20:51:28,approved,1,0,
65925495f2d9971d,071280a45ec9,025082d5fbcc,Maharashtra,3595,2024-03-17T20:34:03,2024-03-17T20:50:27,declined,0,1,P08
3e1614db1cb43166,67a0390930e5,3c1f945020e4,Karnataka,504,2024-03-17T20:35:09,2024-03-17T20:38:30,approved,1,0,
1e70a1d98419bc60,071280a45ec9,12dd9ff7193b,Kerala,9579,2024-03-17T20:37:25,2024-03-17T20:46:54,declined,0,1,P08
474627db7cc2dcb0,071280a45ec9,3ee0f7c79185,West Bengal,9984,2024-03-17T20:37:50,2024-03-17T20:56:54,declined,0,1,P08
4d7cd1b1389b80c5,1318e3fa6d29,7c07dccc616d,Telangana,630,2024-03-17T20:38:55,2024-03-17T20:54:40,approved,1,0,
70169c3be5b3ec6d,071280a45ec9,46c496796ca3,Maharashtra,5250,2024-03-17T20:39:36,2024-03-17T20:45:56,declined,0,1,P08
44490c8095b38813,51e266317647,0a0f7bac9c66,Tamil Nadu,361,2024-03-17T20:39:56,2024-03-17T20:59:13,approved,1,0,
1523787fa772e16c,634690700829,00545c7eb02e,Delhi,949,2024-03-17T20:41:57,2024-03-17T20:53:15,approved,1,0,
231aed3114668b19,071280a45ec9,277eea8147ee,Bihar,12769,2024-03-17T20:50:29,2024-03-17T20:57:32,approved,0,1,P08
61e6e21ffce36189,35ed52508031,238e10d8865a,Telangana,1099,2024-03-17T20:50:48,2024-03-17T20:55:35,approved,1,0,
687a6865c1ecdc64,60a547ae6f0e,78a8a285768a,Haryana,666,2024-03-17T20:51:35,2024-03-17T20:54:26,approved,1,0,
47ca05bf6264771a,60a547ae6f0e,086c423b0ce2,Maharashtra,1040,2024-03-17T20:52:06,2024-03-17T20:54:01,approved,1,0,
2b676976609caae4,634690700829,55b5621963b8,Haryana,466,2024-03-17T20:53:01,2024-03-17T21:02:47,approved,1,0,
2a5a95d811879cc7,7b99521e8d62,40136eb89829,Uttar Pradesh,2129,2024-03-17T20:53:40,2024-03-17T21:05:33,approved,1,0,
4be828a6b974a3e1,51e266317647,098d6afc4692,Gujarat,542,2024-03-17T20:53:55,2024-03-17T21:00:22,approved,1,0,
6bd8d55283399712,1e30aaf5adb8,11bba6762d76,Bihar,418,2024-03-17T20:54:08,2024-03-17T21:04:07,approved,1,0,
335554a37373ead9,6f5fa5bed003,625be0e254f6,Gujarat,1047,2024-03-17T20:54:35,2024-03-17T21:06:18,approved,1,0,
26087ac297b21309,071280a45ec9,7fd559047ecb,Karnataka,3062,2024-03-17T20:56:14,2024-03-17T21:26:14,expired,0,1,P08
36d25aa904530612,0cce3dbda79d,355a4ffd5068,Bihar,1827,2024-03-17T20:56:19,2024-03-17T20:57:47,declined,0,0,
4fbe0afff06ac541,67a0390930e5,418ec9705316,Gujarat,315,2024-03-17T20:57:17,2024-03-17T21:02:22,approved,1,0,
59d5856820924b7b,071280a45ec9,7f8b35f50083,Delhi,9289,2024-03-17T20:57:32,2024-03-17T21:07:28,declined,0,1,P08
7fe4a2ac41d58122,071280a45ec9,7a1ad8cb37c2,Rajasthan,4645,2024-03-17T20:59:29,2024-03-17T21:00:18,declined,0,1,P08
5db74fdcd5ffa676,6a7bccb8c392,545286c41a17,Delhi,659,2024-03-17T20:59:43,2024-03-17T21:15:51,approved,1,0,
01cd577c2643d500,6e73719779d9,5c4ae0ba8a23,Haryana,518,2024-03-17T20:59:53,2024-03-17T21:09:43,approved,0,0,
4309c227e2d907c1,071280a45ec9,696a2f8cf257,Uttar Pradesh,8347,2024-03-17T21:03:58,2024-03-17T21:10:03,declined,0,1,P08
2ca3313e7e95b5c6,216f11aafe2f,460418829325,Kerala,1377,2024-03-17T21:04:25,2024-03-17T21:16:39,approved,0,0,
586c6f6c4bc66024,45d11774ab5d,1f57a1c93df2,West Bengal,2703,2024-03-17T21:04:57,2024-03-17T21:05:40,approved,0,0,
7c1dd02cb9f7681a,48a5f4e76a41,3ee41995c410,Gujarat,899,2024-03-17T21:09:14,2024-03-17T21:38:30,declined,0,0,
425ca06b8dd514c3,6a7bccb8c392,6498611075b0,Delhi,510,2024-03-17T21:10:31,2024-03-17T21:28:34,approved,1,0,
46a621b979070dda,694d71c69d67,2890a0e393e8,Haryana,1541,2024-03-17T21:12:12,2024-03-17T21:28:43,approved,1,0,
4ba9c5bc72e2e4f4,0176a1a01f10,1758c371c19d,Haryana,2424,2024-03-17T21:12:33,2024-03-17T21:18:42,approved,1,0,
70b2121cb5b53af9,071280a45ec9,4e5dd5e5d348,Rajasthan,19338,2024-03-17T21:15:37,2024-03-17T21:32:21,declined,0,1,P08
031fb0316d8b8593,0d9a63adaba5,44e1d961efbf,Bihar,1380,2024-03-17T21:18:04,2024-03-17T21:24:52,approved,1,0,
520a4b7a79a85047,11d601015742,3140eb9598c5,Rajasthan,925,2024-03-17T21:18:41,2024-03-17T21:30:02,approved,1,0,
4d4c65d0a12597a9,513484923021,65d06f5ab936,Karnataka,793,2024-03-17T21:22:02,2024-03-17T21:29:45,approved,1,0,
6095b241bb9b75e4,20332b92b91c,6753c7469d2c,West Bengal,742,2024-03-17T21:24:46,2024-03-17T21:30:43,approved,0,0,
52027931e9309c49,48e58d7747c6,42058533a8aa,Gujarat,1360,2024-03-17T21:26:47,2024-03-17T21:30:08,approved,1,0,
03cf8185d564b6bb,4c6b531ee064,5a920866a7b1,Karnataka,1048,2024-03-17T21:27:22,2024-03-17T21:40:18,approved,1,0,
0faeaa34bc589d7b,48a5f4e76a41,706bd0c0b52a,Delhi,1621,2024-03-17T21:28:10,2024-03-17T21:58:10,expired,0,0,
14c09e08c0178e91,6fdf521c2b77,58864df0072f,Tamil Nadu,933,2024-03-17T21:28:38,2024-03-17T21:48:31,approved,1,0,
39b84212a2687357,7786fa4ecb51,182560b89352,Rajasthan,495,2024-03-17T21:30:06,2024-03-17T21:46:28,approved,1,0,
2709b2f036a395fe,6a2b9baa3e4a,49af9e643b4e,Rajasthan,606,2024-03-17T21:30:30,2024-03-17T21:36:50,approved,1,0,
6c23eafa98c1ac65,51e266317647,60ca1fe537e3,Bihar,452,2024-03-17T21:31:56,2024-03-17T21:44:59,approved,1,0,
1e2b2755c37bd4c8,6ab35d61cd9f,4e58c6742286,Telangana,510,2024-03-17T21:33:06,2024-03-17T21:34:05,approved,1,0,
53a82fff9c60c21a,1e30aaf5adb8,50f26234a8ad,Karnataka,343,2024-03-17T21:35:37,2024-03-17T21:45:57,approved,1,0,
0f77b6a176a298bd,51e266317647,6a75031e2588,Telangana,533,2024-03-17T21:36:10,2024-03-17T21:47:19,approved,1,0,
2bf829b3b5d64526,071280a45ec9,159ccfabb44f,Rajasthan,12901,2024-03-17T21:38:06,2024-03-17T22:08:06,expired,0,1,P08
1749d47ef7de1e58,7d81c905f4c1,2b0723fe1700,Haryana,597,2024-03-17T21:39:59,2024-03-17T21:57:03,approved,1,0,
09328eff3ce30770,071280a45ec9,61cbe40fcdf4,West Bengal,11460,2024-03-17T21:42:41,2024-03-17T22:03:38,declined,0,1,P08
62fbb0e615e351b0,634690700829,6cf73af7e0ae,Maharashtra,766,2024-03-17T21:44:47,2024-03-17T21:45:19,approved,1,0,
691504b85a277d7b,0d4a1f2e8b76,58864df0072f,Tamil Nadu,451,2024-03-17T21:45:58,2024-03-17T22:01:27,approved,1,0,
121811b76b295613,071280a45ec9,2edef47218b3,Karnataka,16504,2024-03-17T21:47:13,2024-03-17T22:17:13,expired,0,1,P08
7fa9cd020d539ba5,071280a45ec9,05543427f41f,Bihar,7655,2024-03-17T21:47:59,2024-03-17T21:57:16,declined,0,1,P08
640885a1902a159b,634690700829,4ce08fa93378,Tamil Nadu,671,2024-03-17T21:48:14,2024-03-17T22:07:15,approved,1,0,
7236f8b8664436d1,071280a45ec9,40ebebf5088f,Karnataka,5614,2024-03-17T21:48:34,2024-03-17T22:06:16,declined,0,1,P08
0b7b24cc8ca28129,071280a45ec9,5a3de2f5f3ab,Bihar,25000,2024-03-17T21:49:29,2024-03-17T22:06:45,declined,0,1,P08
461a0373766e4260,34994a8b60cd,651b6d2c979a,Telangana,2813,2024-03-17T21:50:48,2024-03-17T21:53:31,declined,0,0,
017285ae532b11a7,6d33a7293228,4a9521d994c1,Rajasthan,564,2024-03-17T21:55:30,2024-03-17T22:09:20,approved,1,0,
6e92b7680344e1b0,071280a45ec9,204ed41e77df,Uttar Pradesh,2731,2024-03-17T21:57:58,2024-03-17T22:26:27,declined,0,1,P08
0ceb9e09e1a64cd6,6a2b9baa3e4a,15ce1d8c5b90,Karnataka,512,2024-03-17T21:59:24,2024-03-17T22:07:35,approved,1,0,
27aec76349ab51ee,216f11aafe2f,4fdc8bd02794,Haryana,1237,2024-03-17T21:59:38,2024-03-17T22:29:38,expired,0,0,
554d0dd90e73b675,071280a45ec9,3bc14d857c82,Karnataka,11055,2024-03-17T22:06:12,2024-03-17T22:30:43,declined,0,1,P08
3768e9038e24adbb,2b1781ab1f24,14332a5bf026,West Bengal,1759,2024-03-17T22:07:40,2024-03-17T22:29:02,declined,0,0,
532b70466bcdd4b9,071280a45ec9,04810420c157,Kerala,4058,2024-03-17T22:09:01,2024-03-17T22:30:34,declined,0,1,P08
1f8c7af78acd83a4,694d71c69d67,5d14ff183414,Karnataka,3198,2024-03-17T22:09:50,2024-03-17T22:18:52,approved,1,0,
34b9371853486883,7b99521e8d62,440a81437b90,Uttar Pradesh,1851,2024-03-17T22:11:02,2024-03-17T22:20:27,approved,1,0,
2fc76a5ad6a2ef4b,694d71c69d67,08342b16ae3e,Karnataka,1487,2024-03-17T22:12:23,2024-03-17T22:17:55,approved,1,0,
20a9deac47624ae8,673acd5d1161,0b69b64c6c28,Rajasthan,743,2024-03-17T22:14:05,2024-03-17T22:20:39,approved,1,0,
7adf85426db63856,071280a45ec9,580837b7a4cc,West Bengal,8934,2024-03-17T22:15:45,2024-03-17T22:16:55,declined,0,1,P08
0ac361212753465e,67a0390930e5,7947e4c526ef,Delhi,446,2024-03-17T22:17:27,2024-03-17T22:28:27,approved,1,0,
71270eb58fe44e85,5e5c092ab53d,36a25cdcd8b7,Haryana,1781,2024-03-17T22:18:09,2024-03-17T22:25:03,approved,1,0,
79862366d4fe1d79,5ded2d78f299,1a538b09e811,Gujarat,4830,2024-03-17T22:19:14,2024-03-17T22:21:59,approved,1,0,
327de5bbe547782d,6ab35d61cd9f,479c5f6a5918,West Bengal,383,2024-03-17T22:22:21,2024-03-17T22:34:49,approved,1,0,
06f83f652c09fba9,071280a45ec9,04f84a990fc1,Telangana,9860,2024-03-17T22:25:10,2024-03-17T22:55:10,expired,0,1,P08
4090a04ba7b244b2,071280a45ec9,18c8595d7212,Tamil Nadu,2516,2024-03-17T22:25:12,2024-03-17T22:26:39,declined,0,1,P08
46dda93575a78986,20332b92b91c,3feabe1dc696,Kerala,208,2024-03-17T22:27:26,2024-03-17T22:33:36,approved,0,0,
20e077f12d5bdaeb,071280a45ec9,023355c46ccf,Rajasthan,6802,2024-03-17T22:28:05,2024-03-17T22:58:05,expired,0,1,P08
64f2d8271dbf98d0,60a547ae6f0e,529c8c1ccb39,Haryana,508,2024-03-17T22:35:24,2024-03-17T22:47:26,approved,1,0,
3160326fec1bd69f,6a7bccb8c392,1ef06f81a504,Gujarat,391,2024-03-17T22:37:26,2024-03-17T22:51:24,approved,1,0,
19c8d9bdc0676c5e,20332b92b91c,2bed6c764db9,Karnataka,1591,2024-03-17T22:39:14,2024-03-17T22:54:39,declined,0,0,
5b54d51fdc544818,51e266317647,1d0ff6be95a0,Haryana,540,2024-03-17T22:42:07,2024-03-17T22:42:36,declined,1,0,
4f64858d3cd04d0f,513484923021,71e85909c48c,Haryana,598,2024-03-17T22:45:49,2024-03-17T23:00:54,approved,1,0,
528bf1e227e71059,071280a45ec9,2f0dd0a4f5d8,Bihar,19038,2024-03-17T22:48:23,2024-03-17T23:18:23,expired,0,1,P08
0f4efcb85a5a555e,071280a45ec9,657ee448722e,Maharashtra,3695,2024-03-17T22:48:35,2024-03-17T23:18:35,expired,0,1,P08
55307a96ed5e55b6,071280a45ec9,74aa63b1ac81,Telangana,4645,2024-03-17T22:49:09,2024-03-17T22:52:44,declined,0,1,P08
24fc2cf6d8ade250,071280a45ec9,0883e040c56c,Maharashtra,2552,2024-03-17T22:49:28,2024-03-17T23:19:28,expired,0,1,P08
1997906c0bfdb9ba,6a2b9baa3e4a,24c4cfe8229a,Rajasthan,1699,2024-03-17T22:49:43,2024-03-17T23:00:22,approved,1,0,
001c37cee5c4f999,6e836fcd1e4d,5dd25384cda6,Telangana,2682,2024-03-17T22:51:56,2024-03-17T22:54:09,approved,0,0,
284f60f371e08c20,071280a45ec9,3fdd1e8c21d4,Bihar,6073,2024-03-17T22:55:21,2024-03-17T23:25:21,expired,0,1,P08
638393ccc22f56bd,071280a45ec9,0776aaeb274b,Rajasthan,13423,2024-03-17T22:56:47,2024-03-17T23:26:08,declined,0,1,P08
4e9ba882ceb32db1,071280a45ec9,51eb7db584e6,Tamil Nadu,6474,2024-03-17T22:57:51,2024-03-17T23:23:11,declined,0,1,P08
1a0ad0c41c202990,071280a45ec9,3ee5281b680e,Telangana,13236,2024-03-17T23:02:12,2024-03-17T23:29:07,declined,0,1,P08
1c3779e08db27832,7b99521e8d62,1e1be37b35a1,Delhi,1009,2024-03-17T23:02:52,2024-03-17T23:16:51,approved,1,0,
3664a4de7ab87483,45d11774ab5d,6c848f845473,Uttar Pradesh,1013,2024-03-17T23:13:06,2024-03-17T23:29:12,approved,0,0,
306f3d90c8021ad0,22ea49616c97,723344193e51,Rajasthan,316,2024-03-17T23:17:48,2024-03-17T23:28:15,approved,1,0,
4e9881ad37150449,7786fa4ecb51,3504cf3fb40a,Tamil Nadu,320,2024-03-17T23:19:00,2024-03-17T23:22:06,approved,1,0,
4fafe228d25f2af3,071280a45ec9,2c916878c7aa,Uttar Pradesh,2658,2024-03-17T23:22:27,2024-03-17T23:22:41,declined,0,1,P08
0f1892a20d06c0aa,071280a45ec9,3ae748efc0da,West Bengal,13959,2024-03-17T23:28:07,2024-03-17T23:37:31,declined,0,1,P08
5a47e554017d4fa8,7d493d48b208,34d039cd2e4a,Haryana,474,2024-03-17T23:34:28,2024-03-17T23:44:11,approved,1,0,
556342822ee37f6d,513484923021,2be71a3b08fb,Gujarat,500,2024-03-17T23:34:33,2024-03-17T23:51:16,approved,1,0,
07d2f6ee323f4bb9,071280a45ec9,1c4000bb32a4,Telangana,6495,2024-03-17T23:37:00,2024-03-18T00:07:00,expired,0,1,P08
26429db791bf62f6,51e266317647,68e03519fc09,Maharashtra,549,2024-03-17T23:40:35,2024-03-17T23:54:31,approved,1,0,
24432a4b43e1bc33,071280a45ec9,330443bec265,Bihar,7871,2024-03-17T23:43:41,2024-03-18T00:13:41,expired,0,1,P08
7efce665c53bb407,48f26f133a7b,17abc2f96544,Karnataka,346,2024-03-17T23:45:37,2024-03-18T00:00:15,approved,1,0,
6b8c340114b8034c,071280a45ec9,2d8d3e803e1e,Telangana,2000,2024-03-17T23:53:36,2024-03-17T23:59:28,declined,0,1,P08
4dc95b121c5bf329,071280a45ec9,44e3b08b8153,Rajasthan,7907,2024-03-17T23:55:19,2024-03-18T00:00:34,declined,0,1,P08
47bccf3ef7ead176,071280a45ec9,739429ed5171,Delhi,4807,2024-03-17T23:55:25,2024-03-18T00:22:09,declined,0,1,P08
0e6253206b9a40f9,071280a45ec9,0bd32bc64f72,Bihar,25000,2024-03-17T23:57:34,2024-03-18T00:03:58,declined,0,1,P08
218c8ec89c8db91c,071280a45ec9,126e7c4a4e21,Delhi,25000,2024-03-18T00:02:10,2024-03-18T00:18:21,approved,0,1,P08
0cf3932202ef3584,071280a45ec9,52a71691fa37,West Bengal,6464,2024-03-18T00:02:59,2024-03-18T00:13:20,declined,0,1,P08
3ec40daa61ba1316,071280a45ec9,64d81ee94254,Rajasthan,3701,2024-03-18T00:03:12,2024-03-18T00:29:18,declined,0,1,P08
3acd57b0b9b8776a,071280a45ec9,41b484963296,Delhi,5187,2024-03-18T00:03:23,2024-03-18T00:33:23,expired,0,1,P08
0e7861f952aa2e8b,071280a45ec9,44e1d961efbf,Bihar,4950,2024-03-18T00:12:41,2024-03-18T00:42:41,expired,0,1,P08
3dee604b8699dc03,1318e3fa6d29,2f697ce2fc48,West Bengal,787,2024-03-18T00:15:28,2024-03-18T00:31:20,approved,1,0,
125b308471fb7373,0176a1a01f10,5c728a78bd7e,Rajasthan,996,2024-03-18T00:20:23,2024-03-18T00:28:02,approved,1,0,
28a2dd46618ee53f,0d4a1f2e8b76,16d9e2217853,Karnataka,565,2024-03-18T00:24:35,2024-03-18T00:40:51,approved,1,0,
66262c4493c4a847,7786fa4ecb51,4204da333c1d,Haryana,664,2024-03-18T00:26:30,2024-03-18T00:45:36,approved,1,0,
06b0bfcfe7d6b4a5,071280a45ec9,71c870b1fb53,Telangana,11195,2024-03-18T00:40:25,2024-03-18T01:00:50,declined,0,1,P08
1aa5b1c3042d7fda,071280a45ec9,4e5969f8eb8d,Tamil Nadu,15337,2024-03-18T00:41:05,2024-03-18T01:10:09,declined,0,1,P08
71f520ee58fb3528,071280a45ec9,183d96f73f6f,Karnataka,25000,2024-03-18T00:42:11,2024-03-18T01:12:11,expired,0,1,P08
458a55ae3159cb16,071280a45ec9,25ca70c6f589,West Bengal,4230,2024-03-18T00:46:06,2024-03-18T01:16:06,expired,0,1,P08
394f45fbf063c8a1,071280a45ec9,291d5a80f148,Gujarat,4572,2024-03-18T00:48:46,2024-03-18T00:58:57,declined,0,1,P08
7c15fd90359bc326,071280a45ec9,019e934c711a,Telangana,5624,2024-03-18T00:49:50,2024-03-18T01:04:35,declined,0,1,P08
3811f4d0154f0cd4,071280a45ec9,01356afedeaa,Maharashtra,10081,2024-03-18T00:50:17,2024-03-18T01:20:17,expired,0,1,P08
25088315741ea072,071280a45ec9,37f47b38063b,Uttar Pradesh,3519,2024-03-18T00:50:38,2024-03-18T01:01:31,declined,0,1,P08
7b3eb711e1c25748,071280a45ec9,40f7269e3e89,Rajasthan,4152,2024-03-18T00:52:31,2024-03-18T01:10:11,declined,0,1,P08
6fd0f33f7db92c67,071280a45ec9,6f5de8ba7ee4,West Bengal,25000,2024-03-18T00:53:50,2024-03-18T01:19:40,declined,0,1,P08
6f95f30f0452d85d,6e836fcd1e4d,6ec062166b2c,Karnataka,1319,2024-03-18T00:54:35,2024-03-18T01:09:00,declined,0,0,
2e567a0c0f38fd44,071280a45ec9,10ed8033e2e7,Uttar Pradesh,13065,2024-03-18T00:58:30,2024-03-18T01:17:44,declined,0,1,P08
5918f62f45e020b4,071280a45ec9,2d405911e812,Tamil Nadu,7336,2024-03-18T00:58:51,2024-03-18T00:59:32,approved,0,1,P08
68ece114ace386a6,071280a45ec9,04e9519d47f7,Uttar Pradesh,8322,2024-03-18T00:59:57,2024-03-18T01:28:22,declined,0,1,P08
0d196183f6367e0a,071280a45ec9,76a8d49ad49d,Karnataka,2421,2024-03-18T01:00:18,2024-03-18T01:04:02,declined,0,1,P08
3a970ff8128530c1,071280a45ec9,2af8d1c6ff54,Gujarat,6591,2024-03-18T01:02:08,2024-03-18T01:12:16,approved,0,1,P08
041c18bda5ccdf7e,071280a45ec9,6c6407671552,Maharashtra,6634,2024-03-18T01:05:53,2024-03-18T01:21:14,declined,0,1,P08
1901f43a7220279c,071280a45ec9,6d622564d8c5,Haryana,13342,2024-03-18T01:08:39,2024-03-18T01:31:51,declined,0,1,P08
1fc30cb0b90f7d79,071280a45ec9,7635cc0b9c30,Tamil Nadu,14797,2024-03-18T01:13:07,2024-03-18T01:43:07,expired,0,1,P08
1e16906effed12f3,071280a45ec9,5383e7ac76ae,Bihar,5874,2024-03-18T01:13:51,2024-03-18T01:43:51,expired,0,1,P08
06309ab5495d5073,071280a45ec9,307ed3587770,Kerala,12422,2024-03-18T01:15:40,2024-03-18T01:21:12,approved,0,1,P08
24065a1bb4e76cc7,071280a45ec9,28ea15dffbcc,Uttar Pradesh,9146,2024-03-18T01:23:32,2024-03-18T01:25:13,declined,0,1,P08
43b59f8a8e0f7493,071280a45ec9,26199e36c0fa,Tamil Nadu,3625,2024-03-18T01:26:12,2024-03-18T01:45:28,declined,0,1,P08
7356d97f3771f874,071280a45ec9,3af734c10282,Karnataka,5338,2024-03-18T01:27:38,2024-03-18T01:57:38,expired,0,1,P08
538c34ff98540958,071280a45ec9,00ec2f4d7b06,West Bengal,11315,2024-03-18T01:28:34,2024-03-18T01:43:29,declined,0,1,P08
4344bb3ec7813711,071280a45ec9,72f3ec291f3b,Tamil Nadu,8140,2024-03-18T01:30:04,2024-03-18T01:35:12,approved,0,1,P08
7a8111d39b18193c,071280a45ec9,25f3129f3e0a,Tamil Nadu,5141,2024-03-18T01:30:15,2024-03-18T01:48:11,declined,0,1,P08
7518a8e08fa26566,071280a45ec9,2e1ec2287f7b,Karnataka,11156,2024-03-18T01:31:55,2024-03-18T01:59:14,declined,0,1,P08
7b804ae2d68b7f53,071280a45ec9,71b8f9888620,Delhi,13365,2024-03-18T01:32:47,2024-03-18T01:38:04,declined,0,1,P08
0012b1cd86c7086c,0cce3dbda79d,187cc557f614,Tamil Nadu,992,2024-03-18T01:33:42,2024-03-18T01:44:35,approved,0,0,
4f254568fa9a42ad,071280a45ec9,5c5b5b5b423d,Gujarat,3457,2024-03-18T01:44:54,2024-03-18T02:02:58,declined,0,1,P08
758e3c32ecbc0a06,071280a45ec9,739429ed5171,Delhi,5041,2024-03-18T01:44:59,2024-03-18T01:49:14,declined,0,1,P08
780509b5820fc841,071280a45ec9,7335e638d296,Karnataka,12799,2024-03-18T01:45:44,2024-03-18T02:15:44,expired,0,1,P08
07044534efa0b72d,071280a45ec9,1c29f66d6f57,Rajasthan,5005,2024-03-18T01:48:42,2024-03-18T02:18:42,expired,0,1,P08
1e86f2986ce0d4ff,071280a45ec9,2f1b121a2bcd,Rajasthan,7028,2024-03-18T01:48:43,2024-03-18T02:09:38,declined,0,1,P08
0c95aaa38e1040e5,2569a0f51294,114d1ba8a266,Kerala,1503,2024-03-18T01:58:15,2024-03-18T02:28:15,expired,1,0,
268f9eff764d7896,071280a45ec9,35aa1664b869,Uttar Pradesh,4534,2024-03-18T02:00:59,2024-03-18T02:02:45,declined,0,1,P08
30227663c4bf81a3,071280a45ec9,65a05f18366e,Tamil Nadu,12411,2024-03-18T02:02:57,2024-03-18T02:04:56,declined,0,1,P08
1b198d70276c23f0,071280a45ec9,2101418dac3b,Bihar,15244,2024-03-18T02:02:59,2024-03-18T02:32:59,expired,0,1,P08
76c5be90af36d0fd,071280a45ec9,03e08f57ae10,Tamil Nadu,10887,2024-03-18T02:04:15,2024-03-18T02:34:15,expired,0,1,P08
5be0cf98126ba3f3,071280a45ec9,45cc403f5fd1,Bihar,2000,2024-03-18T02:13:51,2024-03-18T02:43:51,expired,0,1,P08
092d4a3a0d1b2305,694d71c69d67,2c2e8884b7ba,Gujarat,1577,2024-03-18T02:21:22,2024-03-18T02:32:57,approved,1,0,
7f5038f81da88f9e,071280a45ec9,3a14b5d2a839,Delhi,6235,2024-03-18T02:25:31,2024-03-18T02:33:41,declined,0,1,P08
255b9d32474a6222,071280a45ec9,62ae9e1dccc9,Kerala,24640,2024-03-18T02:27:21,2024-03-18T02:39:42,declined,0,1,P08
03f96ff3ff2c32b1,4818964bb9e3,425dc34d4669,West Bengal,312,2024-03-18T02:34:47,2024-03-18T02:52:15,approved,1,0,
4cb64fd1dff01a3d,071280a45ec9,5b2ed2b56faa,Telangana,16936,2024-03-18T02:35:14,2024-03-18T03:05:14,expired,0,1,P08
1116f5144998b89a,071280a45ec9,320a93b369da,Maharashtra,2000,2024-03-18T02:35:38,2024-03-18T03:05:35,declined,0,1,P08
10bad5d47e27a1c2,09805b931ea6,546f72ac56b6,Uttar Pradesh,2840,2024-03-18T02:36:32,2024-03-18T03:06:32,expired,1,0,
7dfb2826006a95fa,071280a45ec9,0f8929eb25ee,Maharashtra,7642,2024-03-18T02:46:28,2024-03-18T03:13:21,declined,0,1,P08
787d4cd95d0b1637,071280a45ec9,053d22bbf08e,Rajasthan,7759,2024-03-18T02:57:16,2024-03-18T03:27:16,expired,0,1,P08
204b002e81001188,071280a45ec9,2d94719e834b,Haryana,13117,2024-03-18T03:01:08,2024-03-18T03:14:30,declined,0,1,P08
1913ddf98f75ed0a,071280a45ec9,515d87ac38d5,Tamil Nadu,5420,2024-03-18T03:01:12,2024-03-18T03:31:12,expired,0,1,P08
380f3f9333af5319,071280a45ec9,1b191141593c,Karnataka,6734,2024-03-18T03:03:22,2024-03-18T03:33:22,expired,0,1,P08
342db22d20cf50a6,071280a45ec9,079cc57e6f1d,Rajasthan,9441,2024-03-18T03:04:16,2024-03-18T03:32:21,declined,0,1,P08
3e3f17bddd129d77,071280a45ec9,1b1934dae768,Telangana,9985,2024-03-18T03:08:49,2024-03-18T03:16:47,declined,0,1,P08
7d49195938c305c9,071280a45ec9,0949e626d2ec,Bihar,4950,2024-03-18T03:13:35,2024-03-18T03:32:27,approved,0,1,P08
0bc2c9a0d9befd56,071280a45ec9,1d75d352c49a,Uttar Pradesh,11999,2024-03-18T03:23:52,2024-03-18T03:26:46,declined,0,1,P08
6e52a4d38ddb6287,071280a45ec9,4e50395b4c62,Telangana,8570,2024-03-18T03:29:55,2024-03-18T03:32:49,declined,0,1,P08
1aa1808517a0f371,071280a45ec9,1277573dd32b,Delhi,8825,2024-03-18T03:30:23,2024-03-18T04:00:23,expired,0,1,P08
26676cabf5763a8d,071280a45ec9,3d232356a220,Bihar,8221,2024-03-18T03:35:56,2024-03-18T04:05:56,expired,0,1,P08
51fa8a6da0c6df13,071280a45ec9,7753ea8e2802,West Bengal,3355,2024-03-18T03:39:43,2024-03-18T04:09:43,expired,0,1,P08
1d82ec54e6fe1857,071280a45ec9,4a51ec73435b,Rajasthan,19556,2024-03-18T03:42:59,2024-03-18T03:51:13,declined,0,1,P08
4fdec2285574f649,071280a45ec9,3a14b5d2a839,Delhi,25000,2024-03-18T03:44:09,2024-03-18T04:06:19,declined,0,1,P08
404499e94c7514e6,071280a45ec9,2c5a9c2f7c18,Tamil Nadu,8616,2024-03-18T03:49:08,2024-03-18T04:13:55,declined,0,1,P08
73175b839d36b0cc,071280a45ec9,6692a59b1235,Uttar Pradesh,7287,2024-03-18T03:52:40,2024-03-18T04:16:38,declined,0,1,P08
13408ce42c1b28d3,071280a45ec9,28a7bec42b09,Uttar Pradesh,4061,2024-03-18T03:56:32,2024-03-18T04:07:17,declined,0,1,P08
376a55b8ce7a0abc,071280a45ec9,7ab2436dd577,Delhi,4405,2024-03-18T03:57:50,2024-03-18T04:27:50,expired,0,1,P08
2fdbe7b19271d37d,071280a45ec9,3880c1964c12,Rajasthan,7536,2024-03-18T04:02:52,2024-03-18T04:32:52,expired,0,1,P08
6dc3cdd0fec69269,071280a45ec9,6cdf7b783c9f,Karnataka,4963,2024-03-18T04:08:31,2024-03-18T04:32:44,declined,0,1,P08
032b5b36666df0f0,071280a45ec9,24fac85a1a59,Delhi,7935,2024-03-18T04:15:35,2024-03-18T04:21:07,declined,0,1,P08
43e1aee163a409f0,071280a45ec9,1f9f55cddcb6,Haryana,16700,2024-03-18T04:17:42,2024-03-18T04:47:42,expired,0,1,P08
241fafee0c66fae8,071280a45ec9,4c867d5be114,Uttar Pradesh,10588,2024-03-18T04:20:25,2024-03-18T04:22:12,declined,0,1,P08
24dde8c5d5fa6a0c,6ab35d61cd9f,4908105e37a8,Telangana,500,2024-03-18T04:27:08,2024-03-18T04:57:08,expired,1,0,
2d12bd5c628c6fe6,071280a45ec9,072f2d3bd052,Delhi,25000,2024-03-18T04:28:53,2024-03-18T04:58:53,expired,0,1,P08
0c7fe908b55f1c4f,071280a45ec9,7b50fcd8a1a4,Uttar Pradesh,9355,2024-03-18T04:30:55,2024-03-18T05:00:55,expired,0,1,P08
04adbdffcb383618,071280a45ec9,7b35325edbba,Gujarat,10021,2024-03-18T04:37:40,2024-03-18T05:07:40,expired,0,1,P08
7e1298f0d9710d92,071280a45ec9,502b4dec4dec,Rajasthan,10855,2024-03-18T04:37:53,2024-03-18T04:54:40,declined,0,1,P08
64247e870c670046,071280a45ec9,6ee19ac3fdc1,Delhi,6710,2024-03-18T04:46:56,2024-03-18T05:05:40,declined,0,1,P08
03bd48a7707b6c48,071280a45ec9,592f0341b4da,Uttar Pradesh,12143,2024-03-18T04:57:04,2024-03-18T04:57:44,declined,0,1,P08
7fb15551e92ee2ea,6d33a7293228,739429ed5171,Delhi,742,2024-03-18T05:00:24,2024-03-18T05:10:34,approved,1,0,
0645d7901972849d,071280a45ec9,2f1e581bebc0,Rajasthan,19304,2024-03-18T05:02:08,2024-03-18T05:32:08,expired,0,1,P08
340a91c8af685bcf,071280a45ec9,5f7d25d131f1,Haryana,10985,2024-03-18T05:02:14,2024-03-18T05:32:14,expired,0,1,P08
7538356e025191bc,071280a45ec9,417063a7e3ed,Maharashtra,3827,2024-03-18T05:06:24,2024-03-18T05:26:39,declined,0,1,P08
7c309acba01d1542,071280a45ec9,0b6ca7289ba6,Telangana,3688,2024-03-18T05:12:37,2024-03-18T05:34:55,declined,0,1,P08
63a9b689e67ccc03,071280a45ec9,155e217b5849,West Bengal,6428,2024-03-18T05:13:25,2024-03-18T05:23:42,declined,0,1,P08
5feb61d8273da901,071280a45ec9,54d2e8a07a45,Rajasthan,16217,2024-03-18T05:19:53,2024-03-18T05:35:31,declined,0,1,P08
2fcfd753082c65f5,071280a45ec9,0af0ae8a5582,Delhi,5119,2024-03-18T05:22:59,2024-03-18T05:33:15,declined,0,1,P08
6ccbda28c651d91d,071280a45ec9,1c35704d9963,Telangana,11759,2024-03-18T05:24:23,2024-03-18T05:29:26,declined,0,1,P08
471421935038269f,071280a45ec9,74ae9f3585bd,Telangana,9358,2024-03-18T05:25:08,2024-03-18T05:48:28,declined,0,1,P08
7b4cd38a8c3459be,7786fa4ecb51,0b0f60f2cf06,Bihar,336,2024-03-18T05:26:51,2024-03-18T05:45:12,approved,1,0,
0b0edcaf6e058313,071280a45ec9,344acba95091,Bihar,25000,2024-03-18T05:30:22,2024-03-18T06:00:22,expired,0,1,P08
41edc794066d32bf,071280a45ec9,4acc3efb7aaf,Delhi,24349,2024-03-18T05:32:59,2024-03-18T05:44:56,declined,0,1,P08
3e80cba4d202bdbc,071280a45ec9,69f6f3fc1da0,Delhi,5323,2024-03-18T05:36:12,2024-03-18T05:52:55,approved,0,1,P08
7ca6b1a45443eb00,071280a45ec9,326ef4857684,Delhi,4404,2024-03-18T05:47:24,2024-03-18T06:09:39,declined,0,1,P08
4185b5f5b46dfca1,071280a45ec9,5c707cf5d20c,Tamil Nadu,18291,2024-03-18T05:49:47,2024-03-18T06:07:07,declined,0,1,P08
1521817cbb527072,071280a45ec9,0789fd4e5b9a,Haryana,6963,2024-03-18T05:51:43,2024-03-18T06:21:43,expired,0,1,P08
5ef005bdd1b64e27,071280a45ec9,4d7c3dcb70cc,Tamil Nadu,6510,2024-03-18T05:54:27,2024-03-18T06:24:27,expired,0,1,P08
73349711363b7a6e,071280a45ec9,7a4726685234,Telangana,3579,2024-03-18T05:55:13,2024-03-18T06:22:14,declined,0,1,P08
65c2f07bc1b548db,071280a45ec9,2b8f7a6b7e01,Delhi,12963,2024-03-18T05:57:15,2024-03-18T06:16:54,declined,0,1,P08
1d3b122398a28d2a,071280a45ec9,7555508cee0e,Gujarat,7094,2024-03-18T06:02:50,2024-03-18T06:27:29,declined,0,1,P08
76c7711f8800f941,071280a45ec9,2dafc666c9ca,Bihar,13596,2024-03-18T06:03:03,2024-03-18T06:21:33,declined,0,1,P08
67290567251abd7b,7786fa4ecb51,785c479c2069,Delhi,304,2024-03-18T06:05:54,2024-03-18T06:24:47,approved,1,0,
16be51e263e7036e,071280a45ec9,2eadeafb9d72,Maharashtra,6892,2024-03-18T06:11:50,2024-03-18T06:36:26,declined,0,1,P08
4d559743c4efbd28,071280a45ec9,701ef5b7d2cc,Haryana,2000,2024-03-18T06:17:12,2024-03-18T06:42:43,declined,0,1,P08
197d89a699896b08,071280a45ec9,766b82e2720c,Haryana,5217,2024-03-18T06:17:57,2024-03-18T06:47:57,expired,0,1,P08
7b92becccc59e888,071280a45ec9,387038f00103,Tamil Nadu,3102,2024-03-18T06:25:09,2024-03-18T06:26:43,declined,0,1,P08
497c956fa060e0a6,071280a45ec9,0e8603110469,Delhi,4535,2024-03-18T06:28:44,2024-03-18T06:46:30,declined,0,1,P08
37d254cda6b664ab,071280a45ec9,017a86a8c26a,Gujarat,3891,2024-03-18T06:34:07,2024-03-18T06:52:29,declined,0,1,P08
70f1d7d1091f5df7,1e30aaf5adb8,7a4de50eff35,Maharashtra,623,2024-03-18T06:34:54,2024-03-18T07:04:54,expired,1,0,
0d9cd4b6426b945a,071280a45ec9,46a968a60b47,Haryana,8222,2024-03-18T06:34:57,2024-03-18T07:04:57,expired,0,1,P08
01e364315dccff87,1e30aaf5adb8,596af178cc7a,Maharashtra,458,2024-03-18T06:35:58,2024-03-18T06:44:24,approved,1,0,
5065e2e9c3c4d149,071280a45ec9,6fab38d8a8de,Delhi,9772,2024-03-18T06:38:01,2024-03-18T07:08:01,expired,0,1,P08
1f9bb42fd1e696ff,071280a45ec9,3cbdf823fcba,Kerala,23563,2024-03-18T06:41:17,2024-03-18T07:00:58,declined,0,1,P08
095ab40cb3d3ee6e,071280a45ec9,053088d40bc3,Haryana,8667,2024-03-18T06:43:23,2024-03-18T06:49:05,approved,0,1,P08
45770c3f933ad328,071280a45ec9,64343053c0e7,Bihar,5497,2024-03-18T06:46:46,2024-03-18T07:16:46,expired,0,1,P08
39f2d4cb48f55e22,2b1781ab1f24,447ebb7bd2c7,Delhi,765,2024-03-18T06:48:35,2024-03-18T06:54:50,approved,0,0,
5b0d7a89abef6344,6ab35d61cd9f,2ed5608c783e,West Bengal,504,2024-03-18T07:00:33,2024-03-18T07:05:20,approved,1,0,
1727df0369b7f4b4,7d81c905f4c1,16e90824bf82,Karnataka,1230,2024-03-18T07:01:06,2024-03-18T07:12:55,approved,1,0,
2f27851f656d65fe,071280a45ec9,21948492415a,Delhi,20877,2024-03-18T07:04:26,2024-03-18T07:34:23,declined,0,1,P08
03e9f865f16094fb,6a7bccb8c392,5ebd7213fdbe,Maharashtra,858,2024-03-18T07:08:21,2024-03-18T07:22:52,approved,1,0,
215ec636a435b90f,11d601015742,667234732a42,Telangana,849,2024-03-18T07:10:13,2024-03-18T07:26:18,approved,1,0,
5a6f2a61af69a7e7,7d81c905f4c1,5efe12dff880,Telangana,596,2024-03-18T07:11:37,2024-03-18T07:18:30,approved,1,0,
2dbc707fa8c7e400,09f6cd55cca3,60177e8e059b,Uttar Pradesh,2984,2024-03-18T07:12:30,2024-03-18T07:16:03,approved,1,0,
7d5a316a254196f1,39dc63eef666,494e161c6712,Bihar,316,2024-03-18T07:13:12,2024-03-18T07:23:42,approved,1,0,
112d298606c6bc9a,216f11aafe2f,656ef4584d15,Telangana,654,2024-03-18T07:14:30,2024-03-18T07:39:06,declined,0,0,
3cb01dc9dff92cc2,071280a45ec9,3826deee9f1d,Rajasthan,6438,2024-03-18T07:17:17,2024-03-18T07:47:17,expired,0,1,P08
6b63cccb07ac0612,6d33a7293228,03d54c54e2dc,Karnataka,1018,2024-03-18T07:18:56,2024-03-18T07:34:20,approved,1,0,
3a199ad99ca59d04,071280a45ec9,762203a501aa,Haryana,17316,2024-03-18T07:22:38,2024-03-18T07:24:21,declined,0,1,P08
137fc7b49ec433bf,694d71c69d67,1e5c4b0ffaa2,Gujarat,766,2024-03-18T07:22:54,2024-03-18T07:36:39,approved,1,0,
219c3ee7909a4c8d,071280a45ec9,268a8b4f06f7,Rajasthan,25000,2024-03-18T07:28:19,2024-03-18T07:56:20,declined,0,1,P08
5a9e5fff358d0b38,48f26f133a7b,34187eaddc6c,West Bengal,379,2024-03-18T07:29:17,2024-03-18T07:59:17,expired,1,0,
4252bc59e398b7ba,2baf4e7593de,5983d6d980fd,Tamil Nadu,437,2024-03-18T07:30:36,2024-03-18T07:46:55,approved,1,0,
5ba1826732c11228,6a2b9baa3e4a,65a05f18366e,Tamil Nadu,363,2024-03-18T07:37:49,2024-03-18T07:44:05,approved,1,0,
7d13d848ec46be67,071280a45ec9,1a1f1a7db15c,Tamil Nadu,10597,2024-03-18T07:37:52,2024-03-18T07:51:23,declined,0,1,P08
4992a1e1d3823145,071280a45ec9,57684fc9e8d8,Tamil Nadu,6623,2024-03-18T07:38:57,2024-03-18T07:48:53,declined,0,1,P08
3d524be9e608483d,0fc3186df001,7394863a9bb1,Kerala,773,2024-03-18T07:41:08,2024-03-18T07:42:33,approved,1,0,
11d0540695b3cbc4,071280a45ec9,25c765150083,Tamil Nadu,7238,2024-03-18T07:43:22,2024-03-18T08:13:22,expired,0,1,P08
29490f60035514d8,071280a45ec9,7f55af046171,Haryana,5786,2024-03-18T07:45:49,2024-03-18T08:01:05,declined,0,1,P08
28178bd26d6a28b1,45d11774ab5d,15fd8bb06b65,Delhi,181,2024-03-18T07:47:34,2024-03-18T07:50:57,approved,0,0,
027ad8dbfb455e7c,071280a45ec9,6b91def337a2,Bihar,25000,2024-03-18T07:49:53,2024-03-18T08:09:02,declined,0,1,P08
1beae7bb3969dd6b,071280a45ec9,2926234e393b,Karnataka,6222,2024-03-18T07:51:57,2024-03-18T08:14:53,declined,0,1,P08
50690d3660145c0c,071280a45ec9,7c3dc54a2c09,Karnataka,4997,2024-03-18T07:52:20,2024-03-18T07:58:11,declined,0,1,P08
6871796c3c0639cc,071280a45ec9,6497fd61535f,Haryana,6851,2024-03-18T07:56:13,2024-03-18T08:11:22,approved,0,1,P08
54fa010a5720418a,7d81c905f4c1,20f76a8e12c1,Gujarat,2043,2024-03-18T08:00:23,2024-03-18T08:09:55,approved,1,0,
502743cb32899353,6d33a7293228,678f66fc0319,Uttar Pradesh,148,2024-03-18T08:00:42,2024-03-18T08:18:03,approved,1,0,
65fdfba555617daa,071280a45ec9,2365d9993887,Uttar Pradesh,11289,2024-03-18T08:02:57,2024-03-18T08:32:57,expired,0,1,P08
1b6c8200151c2447,071280a45ec9,7f81443435da,Delhi,25000,2024-03-18T08:05:07,2024-03-18T08:32:39,declined,0,1,P08
59bcee1a91647f7a,071280a45ec9,3f6f0313338f,Rajasthan,15925,2024-03-18T08:07:31,2024-03-18T08:18:52,declined,0,1,P08
28a7f8104dbc4cf6,071280a45ec9,17a87a4662a7,Gujarat,6065,2024-03-18T08:08:39,2024-03-18T08:10:29,declined,0,1,P08
65f01e9d22c31749,071280a45ec9,1db8dc771e7b,Tamil Nadu,5064,2024-03-18T08:08:54,2024-03-18T08:38:54,expired,0,1,P08
7b053be67d201633,6a7bccb8c392,069eb9066370,Uttar Pradesh,455,2024-03-18T08:09:10,2024-03-18T08:19:18,approved,1,0,
15351f121635130c,071280a45ec9,27ff77b1befe,Gujarat,10223,2024-03-18T08:12:15,2024-03-18T08:21:12,declined,0,1,P08
4452aad3708091f2,0511fee882e4,354c0235c318,Karnataka,1851,2024-03-18T08:15:09,2024-03-18T08:27:21,approved,1,0,
62a6e8aae1a54b75,2910947f9388,03d20ddde0ce,Telangana,488,2024-03-18T08:16:07,2024-03-18T08:25:58,approved,1,0,
4b8bf8e3c6a40aa1,7d493d48b208,3d61dcd72d4a,Maharashtra,868,2024-03-18T08:18:22,2024-03-18T08:28:25,approved,1,0,
187958081b5056d6,663473dc643e,63b0d5752488,Delhi,288,2024-03-18T08:19:44,2024-03-18T08:25:58,approved,1,0,
1065060ad2847fc0,071280a45ec9,63b0d5752488,Delhi,5880,2024-03-18T08:20:37,2024-03-18T08:45:23,declined,0,1,P08
2d912dc1c0ffc8a4,071280a45ec9,549ac3c4de71,Karnataka,5267,2024-03-18T08:23:36,2024-03-18T08:40:46,declined,0,1,P08
39b3565240d7dad7,6a706675422c,6bf56b793a31,Karnataka,1570,2024-03-18T08:24:02,2024-03-18T08:54:02,expired,0,0,
6b40a9ff42754456,4a83bc732574,5ae8efe724e5,Rajasthan,712,2024-03-18T08:27:10,2024-03-18T08:34:26,approved,1,0,
5d99ed9feed57594,6a7bccb8c392,266b4622013d,Haryana,365,2024-03-18T08:28:14,2024-03-18T08:46:39,approved,1,0,
09193ced29749941,6d33a7293228,1eef3d06dd13,Kerala,482,2024-03-18T08:30:58,2024-03-18T08:31:50,approved,1,0,
61ffc1a5dc607414,071280a45ec9,65d0e6b16a73,Gujarat,7206,2024-03-18T08:31:45,2024-03-18T09:01:45,expired,0,1,P08
2d628d3f5fc39062,673acd5d1161,3b76d32636ef,Bihar,729,2024-03-18T08:32:30,2024-03-18T08:34:54,approved,1,0,
6a84d116f6723ea3,663473dc643e,72c560eba64c,Uttar Pradesh,769,2024-03-18T08:33:29,2024-03-18T08:52:12,approved,1,0,
26c54f0c0d550f5d,071280a45ec9,60219b0699e8,Maharashtra,11722,2024-03-18T08:34:08,2024-03-18T08:37:20,declined,0,1,P08
46c3a74d1959a246,19a849472d1b,517dbecb7e27,West Bengal,3812,2024-03-18T08:34:48,2024-03-18T08:36:45,approved,1,0,
40976f657ab05ccb,071280a45ec9,7ea2971d44b6,Delhi,12382,2024-03-18T08:36:14,2024-03-18T09:06:14,expired,0,1,P08
763a9cd8f2786dc3,071280a45ec9,056e5f443743,Gujarat,5172,2024-03-18T08:36:26,2024-03-18T09:04:21,declined,0,1,P08
269469087838585f,071280a45ec9,535447840207,Telangana,5200,2024-03-18T08:38:41,2024-03-18T09:03:38,declined,0,1,P08
03f1217e40e0c344,071280a45ec9,1536041edf56,Telangana,21629,2024-03-18T08:40:15,2024-03-18T08:47:55,declined,0,1,P08
5a5a66b1835e6e09,20332b92b91c,676fda8bc4e3,Telangana,420,2024-03-18T08:44:02,2024-03-18T08:54:23,approved,0,0,
03c91dcda2d38373,30595689af87,4217b26761d8,Delhi,2228,2024-03-18T08:45:30,2024-03-18T09:00:34,approved,1,0,
1f0727dfc461830f,071280a45ec9,7b8adb00f5db,Rajasthan,12589,2024-03-18T08:47:14,2024-03-18T09:05:55,declined,0,1,P08
5879a13e99c46d85,0cce3dbda79d,5fdaa83dd2cd,West Bengal,2256,2024-03-18T08:49:15,2024-03-18T09:00:44,approved,0,0,
3f66d5cb6b96a3a6,22ea49616c97,446783ca38fd,Tamil Nadu,699,2024-03-18T08:52:21,2024-03-18T09:06:16,approved,1,0,
6aadceeaa72a8b01,5be02b242add,7462b27d852a,Kerala,3225,2024-03-18T08:52:50,2024-03-18T08:53:39,approved,1,0,
42b4972393f5e1f4,673acd5d1161,02c70da7adb6,Delhi,684,2024-03-18T08:53:53,2024-03-18T09:02:07,approved,1,0,
14fd1c5d925a87a6,071280a45ec9,744c7f951a4b,Kerala,2856,2024-03-18T08:54:12,2024-03-18T09:04:16,declined,0,1,P08
7cb7f292aa1ce25b,071280a45ec9,1280c8e378eb,Kerala,9935,2024-03-18T08:54:45,2024-03-18T08:57:48,declined,0,1,P08
59ac4bf91a08ec24,071280a45ec9,1a2d5db4114b,Rajasthan,9999,2024-03-18T08:55:51,2024-03-18T09:23:07,declined,0,1,P08
07ec34ba22398ee3,694d71c69d67,75b7f66bed32,Maharashtra,519,2024-03-18T08:56:32,2024-03-18T09:02:22,approved,1,0,
4511ab9779b557c7,071280a45ec9,377943537afe,Telangana,4681,2024-03-18T08:57:01,2024-03-18T09:27:01,expired,0,1,P08
0cd7c6cef55e3188,0176a1a01f10,4c4cb3f13aa7,Karnataka,1431,2024-03-18T09:01:46,2024-03-18T09:04:01,approved,1,0,
505735d23303f02f,4818964bb9e3,6f1e4cfe4971,Bihar,650,2024-03-18T09:02:21,2024-03-18T09:12:46,approved,1,0,
66998bc3ba21a5c0,7d493d48b208,7f19dcb4c2c9,Gujarat,291,2024-03-18T09:03:31,2024-03-18T09:17:03,approved,1,0,
73332743ac80153a,071280a45ec9,68385ac272af,Delhi,11611,2024-03-18T09:04:48,2024-03-18T09:34:48,expired,0,1,P08
60a1dd66e7117510,071280a45ec9,04f84a990fc1,Telangana,19402,2024-03-18T09:05:27,2024-03-18T09:35:27,expired,0,1,P08
088d50ff2cedc2bb,0d4a1f2e8b76,2c40c28b4ec6,Karnataka,641,2024-03-18T09:06:53,2024-03-18T09:12:59,approved,1,0,
3b59150a161a1b33,071280a45ec9,163c9a0a06e4,Gujarat,4278,2024-03-18T09:06:58,2024-03-18T09:36:58,expired,0,1,P08
086c3d77fdf1f6d8,6ab35d61cd9f,69189b182a89,Rajasthan,592,2024-03-18T09:07:40,2024-03-18T09:20:49,approved,1,0,
32b58fea0a01d299,3a6d68f3644e,29b2b656bf11,Tamil Nadu,2283,2024-03-18T09:10:24,2024-03-18T09:15:23,approved,1,0,
54cc813198864f08,51e266317647,6eca2f6c9ae7,Maharashtra,282,2024-03-18T09:13:38,2024-03-18T09:26:36,approved,1,0,
55f6e1387762fd8e,20332b92b91c,550dfa53e8c5,Kerala,683,2024-03-18T09:14:49,2024-03-18T09:31:54,approved,0,0,
2881ad13599f25de,6a706675422c,5132b099076d,Karnataka,2071,2024-03-18T09:18:06,2024-03-18T09:35:39,approved,0,0,
443c24210a00a377,6e73719779d9,041208970faa,West Bengal,779,2024-03-18T09:19:32,2024-03-18T09:21:40,approved,0,0,
7cca91c280ea23d4,35ed52508031,3f480d2ef246,Delhi,1993,2024-03-18T09:19:51,2024-03-18T09:33:32,approved,1,0,
1312ce7a99ba39d7,0cce3dbda79d,5660461d1928,Gujarat,2647,2024-03-18T09:20:17,2024-03-18T09:23:35,declined,0,0,
29cde851f9e149f3,6a2b9baa3e4a,531246162102,Gujarat,506,2024-03-18T09:22:23,2024-03-18T09:31:58,approved,1,0,
47262742e41be29b,071280a45ec9,0d9a1ab8e5e7,Rajasthan,2705,2024-03-18T09:23:09,2024-03-18T09:53:09,expired,0,1,P08
443b195dd51ce1d4,071280a45ec9,30d663494ff7,Kerala,5387,2024-03-18T09:24:10,2024-03-18T09:33:13,declined,0,1,P08
621942dab4b9466f,071280a45ec9,2b8e346ba590,Bihar,5610,2024-03-18T09:27:36,2024-03-18T09:40:41,approved,0,1,P08
708e053509ccc746,694d71c69d67,48504078eaac,Tamil Nadu,1704,2024-03-18T09:28:15,2024-03-18T09:31:22,approved,1,0,
61ab6aa994bf99b2,6d33a7293228,0f2ecd200af5,Haryana,590,2024-03-18T09:34:44,2024-03-18T09:50:47,approved,1,0,
42e1cb5d2f9f101b,0f0510686293,141d9edd6cdb,Maharashtra,313,2024-03-18T09:34:58,2024-03-18T09:36:29,approved,1,0,
3af400eec0805423,071280a45ec9,5c6e1f107a8b,Maharashtra,5181,2024-03-18T09:35:15,2024-03-18T09:54:35,declined,0,1,P08
7bd9cd3a92e8de17,1318e3fa6d29,3504cf3fb40a,Tamil Nadu,918,2024-03-18T09:35:42,2024-03-18T09:42:24,approved,1,0,
662ab50cbff73833,071280a45ec9,728a9765938f,Uttar Pradesh,14428,2024-03-18T09:35:52,2024-03-18T10:05:52,expired,0,1,P08
307ed9e1dfa37c7a,7b99521e8d62,2f82a668dd55,Gujarat,2071,2024-03-18T09:38:28,2024-03-18T09:48:31,approved,1,0,
27517ea9cf5a5ae8,7d81c905f4c1,7b579ddf880f,Uttar Pradesh,968,2024-03-18T09:40:01,2024-03-18T09:40:57,approved,1,0,
03070ca43fde83db,071280a45ec9,5af775793308,Gujarat,7949,2024-03-18T09:40:14,2024-03-18T10:10:14,expired,0,1,P08
0c0497617989f1b9,071280a45ec9,69dd3c6b0256,Kerala,9129,2024-03-18T09:40:51,2024-03-18T09:43:15,declined,0,1,P08
2476671548c98eb6,0d4a1f2e8b76,261089269a6f,Delhi,445,2024-03-18T09:43:17,2024-03-18T09:53:58,approved,1,0,
49a9673716c61ae3,071280a45ec9,0c5547322ff5,Tamil Nadu,7918,2024-03-18T09:44:33,2024-03-18T10:03:12,declined,0,1,P08
4d57f2183f2773fd,20332b92b91c,1de6afc44462,Bihar,586,2024-03-18T09:46:32,2024-03-18T10:16:32,expired,0,0,
315b5496e2a1473f,1e30aaf5adb8,098d6afc4692,Gujarat,554,2024-03-18T09:47:05,2024-03-18T10:05:33,approved,1,0,
168ab21c1adacf18,071280a45ec9,2a32a84ce084,Telangana,8141,2024-03-18T09:48:03,2024-03-18T10:18:03,expired,0,1,P08
08d26c370c018588,071280a45ec9,310b5f2efa95,Maharashtra,8132,2024-03-18T09:49:33,2024-03-18T10:19:33,expired,0,1,P08
2331586ab80219b3,071280a45ec9,68db5e23c96b,Uttar Pradesh,15493,2024-03-18T09:51:36,2024-03-18T09:55:08,declined,0,1,P08
33f49043f4e460e2,071280a45ec9,4fd39a00c496,Bihar,6483,2024-03-18T09:53:40,2024-03-18T10:04:36,declined,0,1,P08
544f31cca2a5ae4f,4818964bb9e3,40e121e83d74,West Bengal,271,2024-03-18T09:54:18,2024-03-18T10:06:57,approved,1,0,
1c568ab61e6cb67b,071280a45ec9,6caa74e4335b,Haryana,21566,2024-03-18T09:56:11,2024-03-18T10:04:42,declined,0,1,P08
728008b2506b773d,673acd5d1161,3c3e93dc91b1,Karnataka,891,2024-03-18T09:58:19,2024-03-18T10:10:07,approved,1,0,
3dcf023c44332b6c,09805b931ea6,04fc11402a6c,Telangana,1910,2024-03-18T09:58:24,2024-03-18T10:16:11,approved,1,0,
28be3ed0ebfd033a,071280a45ec9,132a85ad3d56,Rajasthan,10524,2024-03-18T10:01:48,2024-03-18T10:15:39,declined,0,1,P08
41855b27f7b0877a,2b1781ab1f24,09cc59d34cec,Kerala,583,2024-03-18T10:02:14,2024-03-18T10:30:12,declined,0,0,
4f26623d5a927341,071280a45ec9,71f3dc7ff581,Gujarat,4458,2024-03-18T10:04:45,2024-03-18T10:34:45,expired,0,1,P08
11eb87953565ff2c,071280a45ec9,1c3d69a58155,Karnataka,11970,2024-03-18T10:04:52,2024-03-18T10:34:52,expired,0,1,P08
0cae8a86e8ade0b8,071280a45ec9,454cfc9cd3b9,Haryana,4541,2024-03-18T10:05:12,2024-03-18T10:30:34,declined,0,1,P08
1afe252345af3d52,5e5c092ab53d,0ef0eb0dadee,Uttar Pradesh,725,2024-03-18T10:06:24,2024-03-18T10:36:24,expired,1,0,
70e5a2c5067458c8,5e5c092ab53d,4d835a6418a0,Delhi,4445,2024-03-18T10:10:07,2024-03-18T10:11:50,approved,1,0,
71c8d4bc13ea49f3,5be02b242add,4674c2e686c9,Maharashtra,4548,2024-03-18T10:10:10,2024-03-18T10:12:55,approved,1,0,
5c71514f8d00c4c7,49217212965b,7df46ddba270,Tamil Nadu,679,2024-03-18T10:10:39,2024-03-18T10:29:38,approved,1,0,
03fff34278d61e7d,7786fa4ecb51,4d898ddd1a0e,Haryana,675,2024-03-18T10:11:16,2024-03-18T10:27:23,approved,1,0,
5fa43a8116a398f7,071280a45ec9,5dcd1028c798,Kerala,2000,2024-03-18T10:13:11,2024-03-18T10:43:11,expired,0,1,P08
7aad719b8d635c45,1e30aaf5adb8,7f911b6c3908,Gujarat,427,2024-03-18T10:15:17,2024-03-18T10:28:50,approved,1,0,
656d985a93b317a2,20332b92b91c,3ee5281b680e,Telangana,2793,2024-03-18T10:18:16,2024-03-18T10:25:15,approved,0,0,
14e1023ecc445755,7786fa4ecb51,7fe7ff403694,Karnataka,295,2024-03-18T10:19:03,2024-03-18T10:32:38,approved,1,0,
6aec85d67fc1c21b,071280a45ec9,50b19de80fbd,Bihar,7383,2024-03-18T10:20:30,2024-03-18T10:39:45,declined,0,1,P08
6d72533f81df431d,0f0510686293,4a51ec73435b,Rajasthan,779,2024-03-18T10:22:00,2024-03-18T10:52:00,expired,1,0,
02cda1503753eaa8,071280a45ec9,7d31416be8c8,Delhi,13435,2024-03-18T10:23:54,2024-03-18T10:29:20,declined,0,1,P08
6e248ef4c73802ad,6a7bccb8c392,09cc59d34cec,Kerala,402,2024-03-18T10:24:32,2024-03-18T10:43:56,declined,1,0,
3896d52f37abcf23,6f5fa5bed003,6552bca39363,Uttar Pradesh,2165,2024-03-18T10:26:16,2024-03-18T10:38:33,approved,1,0,
360a65473b83f307,3a6d68f3644e,2cdf9858dec7,Tamil Nadu,1484,2024-03-18T10:26:16,2024-03-18T10:37:42,approved,1,0,
0d20bd01d67c6fbb,513484923021,6ccc23936e2a,West Bengal,286,2024-03-18T10:26:49,2024-03-18T10:41:42,approved,1,0,
085525b3769a1356,071280a45ec9,64100cfc8ab3,Kerala,2109,2024-03-18T10:30:32,2024-03-18T11:00:32,expired,0,1,P08
4ed94f9f002958a0,7d81c905f4c1,5ff343057178,Gujarat,3945,2024-03-18T10:31:04,2024-03-18T11:01:04,expired,1,0,
71eeb85bd65113bf,7b8a68c1ae9c,248ff54b6be2,Tamil Nadu,728,2024-03-18T10:32:40,2024-03-18T10:40:14,approved,1,0,
58519ac95f337806,107ff2ac18f1,5e25560b3984,Bihar,684,2024-03-18T10:37:24,2024-03-18T10:53:07,approved,1,0,
562cb4d18e398478,6646fee30506,6355dd6919b2,Delhi,1690,2024-03-18T10:37:27,2024-03-18T10:56:13,approved,1,0,
02e984dc7f13e42e,694d71c69d67,214d9baeff53,Haryana,861,2024-03-18T10:38:41,2024-03-18T10:47:44,approved,1,0,
1b5e71508e4188bc,2b1781ab1f24,148a77adc046,Haryana,1526,2024-03-18T10:40:57,2024-03-18T10:59:27,approved,0,0,
12a042b07177e767,071280a45ec9,1205afa30cd8,Bihar,2391,2024-03-18T10:41:51,2024-03-18T10:51:03,declined,0,1,P08
4367abf61403e801,071280a45ec9,707ccf478bf5,Delhi,13833,2024-03-18T10:42:09,2024-03-18T11:02:47,declined,0,1,P08
55e400e4979f7647,071280a45ec9,47109e19518b,Maharashtra,7681,2024-03-18T10:42:27,2024-03-18T10:49:40,declined,0,1,P08
1d8f60404081ce2a,45d11774ab5d,69c873a43ea6,Bihar,10522,2024-03-18T10:42:50,2024-03-18T10:59:53,approved,0,0,
6b2b59eb3b728cd8,0176a1a01f10,63aa9d4375d2,Uttar Pradesh,5773,2024-03-18T10:44:23,2024-03-18T10:49:03,approved,1,0,
12d5a2ff3a16838c,1318e3fa6d29,0c5547322ff5,Tamil Nadu,410,2024-03-18T10:47:49,2024-03-18T11:03:41,approved,1,0,
077b42e463bbb54e,6e73719779d9,7adfcf64e7ed,Haryana,1049,2024-03-18T10:48:01,2024-03-18T11:03:30,declined,0,0,
62b4cf8b75ab402a,071280a45ec9,42fd87d86b43,Bihar,9510,2024-03-18T10:48:04,2024-03-18T11:11:43,declined,0,1,P08
23384f5b0de1eee0,071280a45ec9,7a755d536997,Maharashtra,4837,2024-03-18T10:49:17,2024-03-18T11:06:41,declined,0,1,P08
59e2708211908781,6f17ea22aaac,6e635beed5c7,Kerala,3530,2024-03-18T10:50:11,2024-03-18T11:05:15,approved,1,0,
5f4286dfd6fba839,48e58d7747c6,316d4e3b18b8,West Bengal,1175,2024-03-18T10:50:32,2024-03-18T11:06:37,approved,1,0,
16f052d2bb7d93f7,0cce3dbda79d,24d2cf9a72ce,West Bengal,670,2024-03-18T10:51:08,2024-03-18T11:17:51,declined,0,0,
7b586c4366b04108,634690700829,42a63fa1ccb2,Maharashtra,367,2024-03-18T10:51:39,2024-03-18T11:01:51,approved,1,0,
2cc921224c6716f6,071280a45ec9,5a86b32c51a9,Karnataka,3101,2024-03-18T10:51:42,2024-03-18T11:21:42,expired,0,1,P08
4001bb6dab915260,071280a45ec9,54de3af15985,Karnataka,7803,2024-03-18T10:52:38,2024-03-18T11:22:38,expired,0,1,P08
13a2cca011cd87f1,7d493d48b208,41f308b36232,Delhi,650,2024-03-18T10:54:07,2024-03-18T10:55:07,approved,1,0,
217debb30cc14f03,51e266317647,2f3b83bc8a03,Maharashtra,516,2024-03-18T10:55:11,2024-03-18T10:59:57,approved,1,0,
538694ea43215127,4818964bb9e3,07e9d648b0cc,Tamil Nadu,358,2024-03-18T10:56:31,2024-03-18T10:59:10,approved,1,0,
50468475d7823de2,4c6b531ee064,2bb0fdf6b457,West Bengal,667,2024-03-18T10:58:10,2024-03-18T11:05:48,approved,1,0,
2104274e5e245754,071280a45ec9,1115007c1f83,Gujarat,6790,2024-03-18T10:58:18,2024-03-18T11:26:19,declined,0,1,P08
5d7f89e054b0d0d1,51e266317647,2ba8e9be7b0f,Bihar,315,2024-03-18T11:01:55,2024-03-18T11:12:38,approved,1,0,
38b4445b054a19a7,6e73719779d9,329518a44fec,Gujarat,444,2024-03-18T11:03:37,2024-03-18T11:29:40,declined,0,0,
7d14da4b59a3fe1b,1e30aaf5adb8,56cb45d3e9c2,Maharashtra,406,2024-03-18T11:07:43,2024-03-18T11:20:26,approved,1,0,
329b90e497120680,071280a45ec9,0ef0eb0dadee,Uttar Pradesh,5110,2024-03-18T11:09:18,2024-03-18T11:27:29,declined,0,1,P08
3bb3868cd3316993,663473dc643e,5efe12dff880,Telangana,710,2024-03-18T11:10:14,2024-03-18T11:13:47,approved,1,0,
355fbc60094d7be0,4a83bc732574,000daac77ec5,Rajasthan,1321,2024-03-18T11:10:36,2024-03-18T11:32:03,declined,1,0,
5188eed23b96428d,071280a45ec9,56137e34611a,West Bengal,6525,2024-03-18T11:10:37,2024-03-18T11:33:07,declined,0,1,P08
073a98162488e15f,48a5f4e76a41,77de3f40a42e,Tamil Nadu,749,2024-03-18T11:10:44,2024-03-18T11:19:14,approved,0,0,
7f1848220918ffe6,7b99521e8d62,258bc479e9be,Bihar,1639,2024-03-18T11:11:20,2024-03-18T11:41:20,expired,1,0,
369d6e28978f30ba,2b1781ab1f24,7bdc3f33c829,Maharashtra,6382,2024-03-18T11:12:40,2024-03-18T11:14:31,approved,0,0,
71dd35487caf2e90,20332b92b91c,48cebf54b06a,Gujarat,163,2024-03-18T11:15:39,2024-03-18T11:18:45,approved,0,0,
1ee2feddff3c4140,071280a45ec9,48f779a4d7df,Kerala,6492,2024-03-18T11:15:41,2024-03-18T11:45:41,expired,0,1,P08
078ef2f6ad3890f5,0511fee882e4,2d7524ec3d06,Kerala,3964,2024-03-18T11:16:10,2024-03-18T11:31:09,approved,1,0,
152538b17127aed6,6d33a7293228,01356afedeaa,Maharashtra,781,2024-03-18T11:16:26,2024-03-18T11:24:14,approved,1,0,
255fc586c622842e,513484923021,1822ea25841e,Telangana,341,2024-03-18T11:20:07,2024-03-18T11:36:52,approved,1,0,
53e659032e36650f,0176a1a01f10,0002eb76054b,Telangana,1661,2024-03-18T11:20:57,2024-03-18T11:32:07,approved,1,0,
22d2253f1de7f12a,071280a45ec9,7cf96be2e666,Uttar Pradesh,13310,2024-03-18T11:21:53,2024-03-18T11:41:01,approved,0,1,P08
6662bcabd5905930,6a7bccb8c392,1cc95c1fe7db,Kerala,467,2024-03-18T11:22:05,2024-03-18T11:31:22,approved,1,0,
63920e1da2a0d072,6e836fcd1e4d,78c8afa20c2f,Delhi,896,2024-03-18T11:24:55,2024-03-18T11:38:38,approved,0,0,
2da8164340a91153,071280a45ec9,39a2b4546b2e,Uttar Pradesh,17546,2024-03-18T11:25:31,2024-03-18T11:55:31,expired,0,1,P08
6c229635634bd187,071280a45ec9,6295012251fb,Haryana,7900,2024-03-18T11:27:08,2024-03-18T11:57:08,expired,0,1,P08
686c2af2624cc9de,6ab35d61cd9f,0f22a3d2314b,Delhi,482,2024-03-18T11:28:40,2024-03-18T11:44:39,approved,1,0,
108a6903436143bd,673acd5d1161,09dedeac12de,Maharashtra,2323,2024-03-18T11:28:41,2024-03-18T11:45:08,approved,1,0,
10943c732e8bd74d,6646fee30506,670eb234b56a,Gujarat,981,2024-03-18T11:28:48,2024-03-18T11:33:08,approved,1,0,
76e496522c0c1c49,11d601015742,70c589313fbc,Uttar Pradesh,881,2024-03-18T11:28:50,2024-03-18T11:58:50,expired,1,0,
0a036caa6784b97d,071280a45ec9,710aafaba0fe,Uttar Pradesh,3034,2024-03-18T11:29:21,2024-03-18T11:59:21,expired,0,1,P08
1c999f848321b713,6a2b9baa3e4a,06bd557f55ce,Karnataka,449,2024-03-18T11:32:34,2024-03-18T11:42:29,approved,1,0,
5cb67eb2fc86b607,071280a45ec9,753d75ccda53,Tamil Nadu,12433,2024-03-18T11:36:14,2024-03-18T11:42:47,declined,0,1,P08
2cc003f7672f3cc7,071280a45ec9,4b7db834e491,Karnataka,11319,2024-03-18T11:37:31,2024-03-18T12:07:31,expired,0,1,P08
1d949fecb620383b,071280a45ec9,0c11b29c2e72,Haryana,6553,2024-03-18T11:38:30,2024-03-18T11:46:25,declined,0,1,P08
6be1b91386d40176,6a7bccb8c392,54db134f8bf9,Bihar,271,2024-03-18T11:38:54,2024-03-18T12:02:48,declined,1,0,
3639b1c2e181f713,071280a45ec9,729b52b0e395,West Bengal,25000,2024-03-18T11:39:29,2024-03-18T12:09:29,expired,0,1,P08
41b2610a29da5586,45d11774ab5d,0a0f7bac9c66,Tamil Nadu,1662,2024-03-18T11:42:20,2024-03-18T11:45:48,approved,0,0,
7855e23a5bd11681,7786fa4ecb51,25995b871a7e,Tamil Nadu,514,2024-03-18T11:42:46,2024-03-18T11:48:49,approved,1,0,
7d88707a9999886e,673acd5d1161,5b90a6250f51,Telangana,1017,2024-03-18T11:42:53,2024-03-18T11:49:18,approved,1,0,
01338bd1b9e92c13,071280a45ec9,42263f343221,Kerala,7589,2024-03-18T11:44:56,2024-03-18T11:52:36,approved,0,1,P08
77e11f9fb78d1975,071280a45ec9,297729cfbcd7,Telangana,15038,2024-03-18T11:45:14,2024-03-18T12:05:39,declined,0,1,P08
0fac0c557c1fa329,51e266317647,4640bb295888,Delhi,728,2024-03-18T11:45:57,2024-03-18T11:59:15,approved,1,0,
3ce1dde4b511a77f,2b1781ab1f24,460933c99bdc,Karnataka,3100,2024-03-18T11:46:25,2024-03-18T11:56:05,approved,0,0,
75088e4c2944fad6,45d11774ab5d,0caece1ed5ee,Telangana,354,2024-03-18T11:47:05,2024-03-18T12:17:05,expired,0,0,
6380403c42f91221,7b8a68c1ae9c,4ac257ae1cb7,Kerala,1486,2024-03-18T11:47:19,2024-03-18T11:52:29,approved,1,0,
3dc53ada342e3f04,071280a45ec9,66f4fc0e9096,Kerala,13295,2024-03-18T11:51:14,2024-03-18T11:58:11,approved,0,1,P08
1444b09d58c2076d,48a5f4e76a41,07ae6af9d372,Uttar Pradesh,251,2024-03-18T11:53:45,2024-03-18T11:56:25,approved,0,0,
295e2bba3677a252,6f5fa5bed003,4dc0ae71427e,Maharashtra,1710,2024-03-18T11:53:55,2024-03-18T12:00:27,declined,1,0,
19e75f009b7ae1e9,6e73719779d9,37cee5b377cb,Maharashtra,725,2024-03-18T11:59:08,2024-03-18T12:12:01,approved,0,0,
30c58af48957bfd0,071280a45ec9,32adf6170254,Gujarat,6291,2024-03-18T11:59:44,2024-03-18T12:06:59,declined,0,1,P08
3aa83993b5a5bfe6,0511fee882e4,5500c1914021,Gujarat,842,2024-03-18T12:00:08,2024-03-18T12:10:09,approved,1,0,
7c24e51042c3e15d,22ea49616c97,7b35325edbba,Gujarat,397,2024-03-18T12:03:36,2024-03-18T12:10:45,approved,1,0,
4f7a4e3cef7b8610,6d33a7293228,138d156a99eb,West Bengal,569,2024-03-18T12:06:30,2024-03-18T12:23:49,approved,1,0,
0ec03099449605f2,1e30aaf5adb8,0ec5996810a3,Maharashtra,430,2024-03-18T12:09:21,2024-03-18T12:28:53,approved,1,0,
6317005f042e2001,39dc63eef666,489e69cf156b,Haryana,638,2024-03-18T12:10:23,2024-03-18T12:21:14,approved,1,0,
6ba085d52d0e3820,45d11774ab5d,76b7fdae8b61,Uttar Pradesh,1712,2024-03-18T12:16:47,2024-03-18T12:33:24,approved,0,0,
0f943665038ea26f,071280a45ec9,418ec9705316,Gujarat,12151,2024-03-18T12:17:13,2024-03-18T12:24:24,approved,0,1,P08
0631ed31a90270be,634690700829,34114e4ed23e,Tamil Nadu,333,2024-03-18T12:17:15,2024-03-18T12:19:36,approved,1,0,
42005e124ccce07c,3a6d68f3644e,477208b4732f,West Bengal,1125,2024-03-18T12:17:21,2024-03-18T12:29:27,approved,1,0,
0f08d907e96720fd,60a547ae6f0e,1022d9318ace,Delhi,445,2024-03-18T12:22:34,2024-03-18T12:41:58,approved,1,0,
6701ec555c55035a,34994a8b60cd,4a6101472d42,Kerala,1550,2024-03-18T12:25:09,2024-03-18T12:55:09,expired,0,0,
42d94762e3683ea4,071280a45ec9,781ef5db8379,Haryana,4760,2024-03-18T12:25:33,2024-03-18T12:55:33,expired,0,1,P08
62759d66d5e8d4e4,48a5f4e76a41,3bbb6e40753f,Haryana,1420,2024-03-18T12:26:13,2024-03-18T12:37:08,declined,0,0,
1f9b112ba7407cfd,3a6d68f3644e,0b0f60f2cf06,Bihar,2048,2024-03-18T12:26:33,2024-03-18T12:37:34,approved,1,0,
5724ac5e06503845,071280a45ec9,0d192e463ad0,Haryana,16034,2024-03-18T12:27:53,2024-03-18T12:57:53,expired,0,1,P08
718e9564e0b7e830,071280a45ec9,2bf15694db53,Karnataka,8585,2024-03-18T12:30:27,2024-03-18T12:52:55,declined,0,1,P08
79721af06e583c71,1318e3fa6d29,0ea21b17959e,Tamil Nadu,374,2024-03-18T12:30:53,2024-03-18T12:41:38,approved,1,0,
276c4671b844ee72,1e30aaf5adb8,434d8aeaca7a,Haryana,356,2024-03-18T12:32:19,2024-03-18T12:43:49,approved,1,0,
08a59538b001a241,071280a45ec9,17df55baa7a7,Karnataka,4857,2024-03-18T12:32:24,2024-03-18T12:56:19,declined,0,1,P08
49358588c2b2d8bd,071280a45ec9,5f79dc3ef633,Maharashtra,2000,2024-03-18T12:38:04,2024-03-18T12:57:34,declined,0,1,P08
1b0c5f0d4719feab,071280a45ec9,114f1602155e,Haryana,19670,2024-03-18T12:41:08,2024-03-18T13:11:08,expired,0,1,P08
1ef2381b85718a4a,071280a45ec9,6d082dadfd58,Maharashtra,10723,2024-03-18T12:41:16,2024-03-18T13:11:16,expired,0,1,P08
65e05c10ea9df43e,071280a45ec9,00f7d33ad6bc,Haryana,7196,2024-03-18T12:43:34,2024-03-18T13:13:34,expired,0,1,P08
7d16fe61d573149b,071280a45ec9,3ecc945d748a,Haryana,7744,2024-03-18T12:43:35,2024-03-18T12:46:05,declined,0,1,P08
1eccdd6abc4de175,67a0390930e5,12c4993380b9,Telangana,454,2024-03-18T12:46:47,2024-03-18T12:49:12,approved,1,0,
3ef62f495d1c2459,48f26f133a7b,2e058ec085d4,Gujarat,905,2024-03-18T12:46:51,2024-03-18T13:01:46,approved,1,0,
2f0c631500e8afad,11d601015742,3ac98e73a9c1,Haryana,888,2024-03-18T12:49:09,2024-03-18T12:59:41,approved,1,0,
1599730f7886cf81,071280a45ec9,2bef22e5a7a6,Uttar Pradesh,3852,2024-03-18T12:49:09,2024-03-18T13:19:09,expired,0,1,P08
7c6d948e5d8e0f00,513484923021,1ba8851121a6,Karnataka,464,2024-03-18T12:49:17,2024-03-18T13:02:20,approved,1,0,
1b664c8f665ba60a,634690700829,5bbe78e7e661,Telangana,463,2024-03-18T12:49:26,2024-03-18T12:55:59,approved,1,0,
21b5149e0734940f,071280a45ec9,1daa0c25d90c,Bihar,2956,2024-03-18T12:52:09,2024-03-18T13:04:14,declined,0,1,P08
3691d1dc105db2af,22ea49616c97,166941bebf06,Tamil Nadu,422,2024-03-18T12:54:12,2024-03-18T12:56:30,approved,1,0,
1b2e486a3435d2ae,7d81c905f4c1,15076584ce79,West Bengal,2103,2024-03-18T12:55:52,2024-03-18T13:13:51,approved,1,0,
2dbf4a2c99e805d4,0cce3dbda79d,346b76364e15,Maharashtra,526,2024-03-18T12:58:08,2024-03-18T13:11:53,approved,0,0,
16986b1c1a9cb16e,7b99521e8d62,01bb3ca2fa68,Haryana,1235,2024-03-18T12:58:13,2024-03-18T13:16:23,approved,1,0,
3b3eea9a17903d47,7b99521e8d62,76cd4dfd6b4d,Karnataka,2102,2024-03-18T12:58:24,2024-03-18T13:09:29,approved,1,0,
0612f08a384cb480,5e5c092ab53d,6ab4d42e6d1e,Haryana,4221,2024-03-18T13:00:46,2024-03-18T13:14:53,approved,1,0,
4e8cd0e011ab8eeb,6d33a7293228,646a4b752632,Maharashtra,653,2024-03-18T13:01:59,2024-03-18T13:11:49,approved,1,0,
24396a5e3c0dd59e,5ded2d78f299,1fdb3db61d5e,Kerala,1187,2024-03-18T13:03:44,2024-03-18T13:33:44,expired,1,0,
0a8d9578144b0a2e,2baf4e7593de,1c6f8cc7c0f9,Bihar,451,2024-03-18T13:03:47,2024-03-18T13:11:30,approved,1,0,
0bf83cb30b862f66,19a849472d1b,769da22c8433,Gujarat,2558,2024-03-18T13:05:31,2024-03-18T13:07:04,approved,1,0,
3971d662f3e1f42a,48a5f4e76a41,5ce6ff41c448,Haryana,217,2024-03-18T13:06:32,2024-03-18T13:36:32,expired,0,0,
306157e7a952c4d6,2baf4e7593de,783dd0122a5e,Telangana,583,2024-03-18T13:07:40,2024-03-18T13:12:16,approved,1,0,
67f2e715b98132e2,45d11774ab5d,61e6980262b6,Bihar,645,2024-03-18T13:12:30,2024-03-18T13:26:04,declined,0,0,
5db98fbaac9bd05b,22ea49616c97,2b1fed0132c8,Delhi,469,2024-03-18T13:13:37,2024-03-18T13:22:04,approved,1,0,
6c3e5588af601824,5ded2d78f299,5b4c36019ac1,Delhi,4808,2024-03-18T13:13:45,2024-03-18T13:27:53,approved,1,0,
03326cbb50610531,7786fa4ecb51,300ca1eeba61,Maharashtra,380,2024-03-18T13:15:06,2024-03-18T13:45:06,expired,1,0,
014eaddd66fdaabd,071280a45ec9,3b5ad21a54b7,Telangana,19754,2024-03-18T13:15:35,2024-03-18T13:26:41,declined,0,1,P08
2c11283b0e06a31e,60a547ae6f0e,409edfde421a,Telangana,445,2024-03-18T13:16:34,2024-03-18T13:26:06,approved,1,0,
3a9edbb97a764f40,071280a45ec9,497b29eae9ae,Rajasthan,25000,2024-03-18T13:17:22,2024-03-18T13:22:35,declined,0,1,P08
54215530fde49790,6ab35d61cd9f,2268340f7468,Delhi,778,2024-03-18T13:18:15,2024-03-18T13:34:51,approved,1,0,
288878759b4df18a,071280a45ec9,54d2e8a07a45,Rajasthan,6358,2024-03-18T13:19:03,2024-03-18T13:37:51,declined,0,1,P08
1e9b4da1e9212056,071280a45ec9,643db15c80ce,Telangana,4589,2024-03-18T13:19:17,2024-03-18T13:49:17,expired,0,1,P08
509a2adcff93a032,071280a45ec9,3e8382e3b8bd,Karnataka,7175,2024-03-18T13:22:27,2024-03-18T13:42:34,declined,0,1,P08
08a5706fd1540dc4,107ff2ac18f1,2c5a9c2f7c18,Tamil Nadu,912,2024-03-18T13:24:47,2024-03-18T13:28:53,approved,1,0,
5accb330fd3eb590,071280a45ec9,5dbac4813835,Tamil Nadu,3940,2024-03-18T13:25:00,2024-03-18T13:54:54,declined,0,1,P08
05d8b32fc798bbbf,30595689af87,56137e34611a,West Bengal,455,2024-03-18T13:26:25,2024-03-18T13:27:13,approved,1,0,
1453d94d5d7abd63,51e266317647,7d51179cd265,West Bengal,638,2024-03-18T13:27:02,2024-03-18T13:46:34,approved,1,0,
6ad950b822f4ef19,071280a45ec9,7eda537d6567,Karnataka,10905,2024-03-18T13:28:52,2024-03-18T13:30:14,declined,0,1,P08
3a7f234dd317260f,071280a45ec9,46a968a60b47,Haryana,4870,2024-03-18T13:28:52,2024-03-18T13:56:52,declined,0,1,P08
16f2e2a5b4de259a,22ea49616c97,1170f0875a26,Telangana,982,2024-03-18T13:29:21,2024-03-18T13:40:55,approved,1,0,
4ecbb3a9cc2557a1,071280a45ec9,7e08201ad188,Maharashtra,9273,2024-03-18T13:30:09,2024-03-18T13:37:37,approved,0,1,P08
24fd80f0828f3545,071280a45ec9,743bf6aa96d9,Haryana,6321,2024-03-18T13:32:05,2024-03-18T13:40:16,declined,0,1,P08
1368323a19862ed3,7b8a68c1ae9c,1a7278a255be,Gujarat,2063,2024-03-18T13:32:44,2024-03-18T14:02:44,expired,1,0,
0a0631c4b65b1585,6fdf521c2b77,6d622564d8c5,Haryana,860,2024-03-18T13:33:43,2024-03-18T13:51:25,approved,1,0,
2d3cf75e7f9537b3,071280a45ec9,6bd1d1f20e1e,West Bengal,10398,2024-03-18T13:36:53,2024-03-18T13:59:45,declined,0,1,P08
1ae8b3f5bbbd3fcf,20332b92b91c,04dd6e03388b,Rajasthan,8867,2024-03-18T13:38:07,2024-03-18T13:48:08,declined,0,0,
20c1200ff1dfc711,071280a45ec9,0c10a0447cf3,Gujarat,8576,2024-03-18T13:39:07,2024-03-18T14:09:07,expired,0,1,P08
3a6917012ef5bb97,30595689af87,53fdd940083c,Bihar,1455,2024-03-18T13:39:09,2024-03-18T13:44:29,approved,1,0,
351db899c19b85ff,4a83bc732574,34eddd603f08,Bihar,2502,2024-03-18T13:39:51,2024-03-18T13:54:18,approved,1,0,
702d3492ca719b5f,071280a45ec9,0a9204270bad,West Bengal,18511,2024-03-18T13:39:57,2024-03-18T13:55:22,declined,0,1,P08
63ac66cc2f8a6804,071280a45ec9,02b8cdfacff2,Kerala,4340,2024-03-18T13:41:12,2024-03-18T14:03:37,declined,0,1,P08
4819e32d65ab8576,35ed52508031,37dec3bdb014,Gujarat,1344,2024-03-18T13:42:45,2024-03-18T13:45:03,approved,1,0,
033b32e5703e8766,6646fee30506,12245daa468a,Uttar Pradesh,3730,2024-03-18T13:43:30,2024-03-18T14:03:19,approved,1,0,
77f8b236b2674b9d,1e30aaf5adb8,42fa6122573c,West Bengal,577,2024-03-18T13:44:47,2024-03-18T13:54:39,approved,1,0,
55192325d7a07816,071280a45ec9,3eb0cbc90df9,Tamil Nadu,9175,2024-03-18T13:45:28,2024-03-18T14:15:28,expired,0,1,P08
6f021f87b67feb08,071280a45ec9,2bae8730adfa,West Bengal,9160,2024-03-18T13:47:37,2024-03-18T14:13:19,declined,0,1,P08
634431aebbad0d58,5be02b242add,27c6b03b3e59,Karnataka,1967,2024-03-18T13:51:13,2024-03-18T13:54:57,approved,1,0,
7ed39f6b016b82eb,071280a45ec9,102f9c22b4f1,Haryana,11640,2024-03-18T13:53:01,2024-03-18T14:23:01,expired,0,1,P08
17ab3103e9f41200,071280a45ec9,5defc5652657,Karnataka,9655,2024-03-18T13:55:52,2024-03-18T14:25:52,expired,0,1,P08
43f2a30eda78387f,5be02b242add,512193f659f6,Telangana,2317,2024-03-18T13:57:43,2024-03-18T14:06:40,approved,1,0,
4be0f187f3910471,071280a45ec9,26978eecff6c,Bihar,6058,2024-03-18T14:00:19,2024-03-18T14:04:03,declined,0,1,P08
1fbe593cb8c13496,4c6b531ee064,235a63046506,Kerala,2774,2024-03-18T14:01:15,2024-03-18T14:05:29,approved,1,0,
12aa438e2f053068,1e30aaf5adb8,3ee41995c410,Gujarat,307,2024-03-18T14:02:03,2024-03-18T14:16:32,approved,1,0,
3c75e7bbe514728a,2baf4e7593de,0440e4859c9d,Gujarat,407,2024-03-18T14:03:27,2024-03-18T14:13:38,approved,1,0,
48e19fad275545c2,071280a45ec9,209a037549dc,Kerala,6835,2024-03-18T14:03:33,2024-03-18T14:07:48,approved,0,1,P08
6244b03e481f9a63,5be02b242add,69a18207ce1d,Tamil Nadu,707,2024-03-18T14:04:15,2024-03-18T14:20:26,declined,1,0,
0545a71e069072be,2b1781ab1f24,7e12e6507785,Tamil Nadu,1305,2024-03-18T14:05:32,2024-03-18T14:35:32,expired,0,0,
2f4f381e9dde1bf3,071280a45ec9,05560b3c4757,Karnataka,5139,2024-03-18T14:06:14,2024-03-18T14:32:29,declined,0,1,P08
3b4ed3f3e72098d6,216f11aafe2f,72f4e8849278,Rajasthan,832,2024-03-18T14:06:43,2024-03-18T14:17:00,approved,0,0,
45e3125bfe702e8b,071280a45ec9,741785c81bb4,Karnataka,20186,2024-03-18T14:09:07,2024-03-18T14:39:07,expired,0,1,P08
1a36cd478b6f8d31,45d11774ab5d,623fe9c4c8b6,Gujarat,1336,2024-03-18T14:10:03,2024-03-18T14:17:18,approved,0,0,
035fef70f6babbdf,071280a45ec9,41acf8b38e7e,Maharashtra,7529,2024-03-18T14:10:34,2024-03-18T14:27:27,declined,0,1,P08
154887e13d590602,60a547ae6f0e,675dd44b24b9,West Bengal,471,2024-03-18T14:12:20,2024-03-18T14:18:22,approved,1,0,
16338ce38085dbac,19a849472d1b,250513623bee,Kerala,3612,2024-03-18T14:13:16,2024-03-18T14:22:05,approved,1,0,
5f6695151c747fe8,694d71c69d67,58f2e4717497,Tamil Nadu,491,2024-03-18T14:13:52,2024-03-18T14:15:56,approved,1,0,
0e3a026c1153634d,48f26f133a7b,05b65d8f3ec2,Haryana,452,2024-03-18T14:13:53,2024-03-18T14:15:44,approved,1,0,
232d90006a192c7b,071280a45ec9,2af8d1c6ff54,Gujarat,12618,2024-03-18T14:15:40,2024-03-18T14:26:27,declined,0,1,P08
224dafabb56668b3,0176a1a01f10,1dd48e727209,Delhi,934,2024-03-18T14:18:03,2024-03-18T14:24:43,approved,1,0,
486696adb50fe9a9,071280a45ec9,4ec38be3ace8,Rajasthan,18607,2024-03-18T14:18:36,2024-03-18T14:34:48,declined,0,1,P08
69296624e1888cb5,673acd5d1161,3fac480c6502,Rajasthan,1353,2024-03-18T14:23:08,2024-03-18T14:24:19,approved,1,0,
24bdcca067774e4d,0cce3dbda79d,68ebd6c4afce,Maharashtra,743,2024-03-18T14:27:11,2024-03-18T14:27:25,declined,0,0,
6b2dc44e66a29f17,5ded2d78f299,3cb157599c0b,Gujarat,766,2024-03-18T14:29:03,2024-03-18T14:42:33,approved,1,0,
581da14791c4c628,107ff2ac18f1,2ed7e89d67b4,Delhi,251,2024-03-18T14:31:10,2024-03-18T14:35:16,approved,1,0,
7242f38695fc8048,6e836fcd1e4d,140b0c68c8e0,West Bengal,1444,2024-03-18T14:31:47,2024-03-18T14:33:45,approved,0,0,
584bf8ef759b9d0b,071280a45ec9,27474b7377b6,Bihar,3956,2024-03-18T14:32:05,2024-03-18T14:43:45,declined,0,1,P08
2e063838583ff5aa,071280a45ec9,03028f07c0fe,Uttar Pradesh,3537,2024-03-18T14:32:56,2024-03-18T15:02:56,expired,0,1,P08
28bcd9194b4d6f46,071280a45ec9,4af2cf071166,Karnataka,3817,2024-03-18T14:33:58,2024-03-18T14:54:53,declined,0,1,P08
30fb2d54d11da268,09805b931ea6,4ddf7e576b0d,Karnataka,1655,2024-03-18T14:38:18,2024-03-18T14:53:42,approved,1,0,
612a39ecaa17ee05,071280a45ec9,661706c6c246,Uttar Pradesh,10498,2024-03-18T14:40:23,2024-03-18T15:05:29,declined,0,1,P08
7c8d8e7bd2b0b050,39dc63eef666,46288de0d397,Gujarat,659,2024-03-18T14:41:41,2024-03-18T14:53:11,approved,1,0,
03f9ca5fefada180,071280a45ec9,4349595b1676,Haryana,4046,2024-03-18T14:42:06,2024-03-18T15:01:37,declined,0,1,P08
1af54b19d7bf2e2b,071280a45ec9,4204da333c1d,Haryana,7493,2024-03-18T14:43:19,2024-03-18T15:13:19,expired,0,1,P08
42a8d4d791c7ace5,1e30aaf5adb8,4036b5a85a76,Uttar Pradesh,346,2024-03-18T14:46:22,2024-03-18T14:51:25,approved,1,0,
4cb653872dc364e4,216f11aafe2f,3182446196ee,Tamil Nadu,2607,2024-03-18T14:47:10,2024-03-18T14:58:12,approved,0,0,
22888fd0f10d8ff1,071280a45ec9,284663a3282b,Bihar,3249,2024-03-18T14:47:56,2024-03-18T14:54:11,declined,0,1,P08
1465159d3c15f102,071280a45ec9,512193f659f6,Telangana,19212,2024-03-18T14:49:35,2024-03-18T15:19:35,expired,0,1,P08
4eb9421d829f5d8e,0f0510686293,4a3130569ec0,Delhi,446,2024-03-18T14:50:00,2024-03-18T14:55:35,approved,1,0,
0d1b045ea637e734,2569a0f51294,2b8f7a6b7e01,Delhi,3792,2024-03-18T14:50:00,2024-03-18T14:52:09,approved,1,0,
7eca58846a0e952b,071280a45ec9,247475774d65,Maharashtra,6254,2024-03-18T14:54:59,2024-03-18T15:24:01,declined,0,1,P08
2970ede3d996d456,6a706675422c,5132b099076d,Karnataka,251,2024-03-18T14:56:23,2024-03-18T15:08:38,approved,0,0,
2dc48c7433c61285,071280a45ec9,73ca6cc569b3,Delhi,11422,2024-03-18T14:56:51,2024-03-18T15:26:29,declined,0,1,P08
1da3764f5fb59ad1,41e20e89712f,3c1a48ec4954,Telangana,1260,2024-03-18T14:57:59,2024-03-18T15:04:16,approved,1,0,
3f033f1ea44d430e,2569a0f51294,4a192fc8b1b6,Kerala,683,2024-03-18T14:59:18,2024-03-18T15:08:14,approved,1,0,
1153c0b83c23718b,071280a45ec9,60bbd269c565,Karnataka,3361,2024-03-18T15:00:41,2024-03-18T15:30:41,expired,0,1,P08
5aca7385e0de3da5,071280a45ec9,3ecd530782c7,Telangana,11790,2024-03-18T15:00:56,2024-03-18T15:30:56,expired,0,1,P08
03bdbae106b50cbc,071280a45ec9,1920f9e8ae9f,Rajasthan,6456,2024-03-18T15:02:24,2024-03-18T15:32:24,expired,0,1,P08
6ec1edda8a9f2f5a,071280a45ec9,3953a607da8f,Maharashtra,12990,2024-03-18T15:02:39,2024-03-18T15:19:24,declined,0,1,P08
319264801f8ddcfe,071280a45ec9,1ffc8841b974,West Bengal,8602,2024-03-18T15:02:49,2024-03-18T15:32:49,expired,0,1,P08
4b9c3b5ed5e8162e,071280a45ec9,6b76a513d99c,Telangana,16247,2024-03-18T15:03:27,2024-03-18T15:22:57,declined,0,1,P08
5ac4a45444a8c6d5,071280a45ec9,0cfbc21cdb11,Maharashtra,11541,2024-03-18T15:05:06,2024-03-18T15:35:06,expired,0,1,P08
3ff1e99fdc996fe9,0cce3dbda79d,7442bcfb4db3,Kerala,4428,2024-03-18T15:07:36,2024-03-18T15:08:43,approved,0,0,
5e04e3bbd815d5b0,071280a45ec9,36a53760331c,Maharashtra,18944,2024-03-18T15:08:52,2024-03-18T15:21:12,declined,0,1,P08
1c9c04a43aa001ed,7d81c905f4c1,20d0d069ef9d,West Bengal,795,2024-03-18T15:09:25,2024-03-18T15:19:20,approved,1,0,
2a7fe35576d31c16,071280a45ec9,169ad70237e8,West Bengal,3399,2024-03-18T15:10:10,2024-03-18T15:10:52,approved,0,1,P08
6a2b9daf7a384012,216f11aafe2f,75eaca429ae2,Maharashtra,359,2024-03-18T15:17:13,2024-03-18T15:28:11,approved,0,0,
3514ce1ff8fee4d7,0176a1a01f10,3e8382e3b8bd,Karnataka,1444,2024-03-18T15:21:43,2024-03-18T15:25:25,approved,1,0,
41cfe63a734212bf,67a0390930e5,1df540c6d4d5,Telangana,380,2024-03-18T15:23:44,2024-03-18T15:43:31,approved,1,0,
2096359f60bd8f27,071280a45ec9,3866615e15cc,Rajasthan,10621,2024-03-18T15:24:15,2024-03-18T15:25:08,approved,0,1,P08
0b719bfa3efe1e44,6a2b9baa3e4a,52f86a6c1605,Gujarat,922,2024-03-18T15:24:29,2024-03-18T15:42:07,approved,1,0,
4d2b08762433b3c5,071280a45ec9,0fba3c888aa4,Delhi,8903,2024-03-18T15:25:14,2024-03-18T15:55:14,expired,0,1,P08
4121ed1be6b18ce6,071280a45ec9,3f480d2ef246,Delhi,11111,2024-03-18T15:26:20,2024-03-18T15:44:19,approved,0,1,P08
0d7ff3737ea21b7c,2910947f9388,7f600af872cd,Delhi,809,2024-03-18T15:29:21,2024-03-18T15:31:07,approved,1,0,
0529c3591e0495b1,2baf4e7593de,52a8af7fd83c,Gujarat,566,2024-03-18T15:33:04,2024-03-18T15:46:57,approved,1,0,
6edcfe3992af2077,48a5f4e76a41,3dcdef2d6cf7,Uttar Pradesh,1131,2024-03-18T15:36:12,2024-03-18T16:06:12,expired,0,0,
5e8ac405f366465b,071280a45ec9,12c57f22e9eb,Uttar Pradesh,10206,2024-03-18T15:36:53,2024-03-18T16:03:11,declined,0,1,P08
735b8806d6373e6f,6f5fa5bed003,20db205faca2,Telangana,4166,2024-03-18T15:37:52,2024-03-18T15:46:49,approved,1,0,
566de848787cadb7,0fc3186df001,03880808f843,Telangana,1965,2024-03-18T15:38:46,2024-03-18T15:48:19,approved,1,0,
4a865b5f9aebc340,216f11aafe2f,6eff18243c42,Delhi,1713,2024-03-18T15:40:14,2024-03-18T15:45:18,approved,0,0,
6ab38a2f9c1a3a63,35ed52508031,5406086e0d3d,Karnataka,2239,2024-03-18T15:40:18,2024-03-18T15:51:44,approved,1,0,
41b637f0ab8b284f,071280a45ec9,6c5bbe918489,Kerala,24748,2024-03-18T15:40:25,2024-03-18T15:40:43,declined,0,1,P08
26833fa5955d5ca8,071280a45ec9,1eb36569ba21,Telangana,9858,2024-03-18T15:42:00,2024-03-18T16:01:06,declined,0,1,P08
07df4a3faca9dab0,0d4a1f2e8b76,585a811d2353,Karnataka,528,2024-03-18T15:44:10,2024-03-18T16:03:04,approved,1,0,
06d751b9c11c2c07,67a0390930e5,032526cb3aca,Tamil Nadu,624,2024-03-18T15:44:58,2024-03-18T15:49:28,approved,1,0,
75ecb439e13bd684,7d81c905f4c1,497b29eae9ae,Rajasthan,1635,2024-03-18T15:46:40,2024-03-18T15:49:28,approved,1,0,
70a726153e9e57bc,071280a45ec9,0962d0ef9e9d,Uttar Pradesh,9573,2024-03-18T15:47:42,2024-03-18T16:03:00,declined,0,1,P08
6e1117dba266e082,67a0390930e5,10216c5bda07,West Bengal,321,2024-03-18T15:50:07,2024-03-18T16:20:07,expired,1,0,
0204ec01d5676a55,51e266317647,21d991c079bf,Karnataka,842,2024-03-18T15:52:39,2024-03-18T16:22:39,expired,1,0,
6998922d0277baa6,071280a45ec9,05560b3c4757,Karnataka,2358,2024-03-18T15:56:30,2024-03-18T16:11:39,declined,0,1,P08
1011adef3491628d,071280a45ec9,75a24bcf3d2d,Delhi,8855,2024-03-18T15:57:03,2024-03-18T16:17:13,declined,0,1,P08
2975c7b51546e436,0f0510686293,083f5b0bfd66,West Bengal,474,2024-03-18T15:58:25,2024-03-18T15:58:58,approved,1,0,
008ae30d4ab3f161,071280a45ec9,2e34803f386c,Haryana,4597,2024-03-18T15:58:26,2024-03-18T16:28:26,expired,0,1,P08
24fd68264cd693a6,7786fa4ecb51,0789fd4e5b9a,Haryana,242,2024-03-18T15:59:08,2024-03-18T16:02:29,approved,1,0,
1c011e74cbe5c222,071280a45ec9,15932f36ed1f,Tamil Nadu,5747,2024-03-18T16:02:30,2024-03-18T16:11:05,declined,0,1,P08
5bb7ae9ebcbca766,071280a45ec9,4e4068acbcd1,Uttar Pradesh,3485,2024-03-18T16:02:45,2024-03-18T16:32:45,expired,0,1,P08
25d0507c51f9c062,30595689af87,4a69fa435a17,Karnataka,989,2024-03-18T16:03:01,2024-03-18T16:04:24,approved,1,0,
4b67541428a9a364,071280a45ec9,6cecb3045995,West Bengal,7106,2024-03-18T16:06:13,2024-03-18T16:36:13,expired,0,1,P08
5df2e8370e25a152,071280a45ec9,45f7a8267fa7,Uttar Pradesh,4037,2024-03-18T16:06:51,2024-03-18T16:30:41,declined,0,1,P08
3a4cf892b4145fe5,67a0390930e5,2063b26e0539,Karnataka,445,2024-03-18T16:09:23,2024-03-18T16:19:04,approved,1,0,
36ec7a86e9f221b2,3a6576ce966b,256aaa48523a,Rajasthan,2910,2024-03-18T16:13:01,2024-03-18T16:13:34,approved,1,0,
47d6d582b3ecd33f,45d11774ab5d,46c61bccfaab,Telangana,1003,2024-03-18T16:15:33,2024-03-18T16:16:45,approved,0,0,
5670853ebcec8a4e,071280a45ec9,6758498db5d9,Haryana,7719,2024-03-18T16:16:30,2024-03-18T16:23:01,declined,0,1,P08
57ffd5fa3e52931a,4c6b531ee064,51b4869d608b,Delhi,2263,2024-03-18T16:17:15,2024-03-18T16:22:29,approved,1,0,
212405363244e4bb,09805b931ea6,6e6bfcbf747e,Kerala,1994,2024-03-18T16:17:22,2024-03-18T16:18:14,approved,1,0,
32caf00bf7962f3c,634690700829,055e902b0a4c,Karnataka,437,2024-03-18T16:22:05,2024-03-18T16:24:28,approved,1,0,
6367e8b3afb4c79a,30595689af87,229506d99674,Kerala,1656,2024-03-18T16:25:16,2024-03-18T16:30:10,approved,1,0,
7b2fb1b36aa9fada,48f26f133a7b,6ffb532cf8d7,Kerala,292,2024-03-18T16:25:20,2024-03-18T16:39:34,approved,1,0,
752b9402f8e1f4fb,7786fa4ecb51,4de5f2a6ccc1,Kerala,652,2024-03-18T16:26:44,2024-03-18T16:44:30,declined,1,0,
5287e9e31f6970d3,6e73719779d9,4b3c2ebf4f4b,Haryana,362,2024-03-18T16:26:53,2024-03-18T16:36:11,approved,0,0,
2b858bd5dbdef854,071280a45ec9,0cd40e1f872c,Uttar Pradesh,11709,2024-03-18T16:27:17,2024-03-18T16:57:17,expired,0,1,P08
2a95dc1effed15ca,071280a45ec9,311fb1a259ee,Gujarat,5166,2024-03-18T16:28:20,2024-03-18T16:38:38,declined,0,1,P08
21dfc596123f9dc9,071280a45ec9,6d2c7b7d24b2,Kerala,8348,2024-03-18T16:30:11,2024-03-18T16:33:03,declined,0,1,P08
04e7606dddb00902,071280a45ec9,18c8595d7212,Tamil Nadu,5819,2024-03-18T16:31:19,2024-03-18T16:40:40,declined,0,1,P08
1477461402c77aca,071280a45ec9,3a41a02c23e1,Uttar Pradesh,3789,2024-03-18T16:33:17,2024-03-18T16:50:23,declined,0,1,P08
5eabc30f1dc226a7,071280a45ec9,646bb71294b6,West Bengal,5475,2024-03-18T16:33:42,2024-03-18T17:03:42,expired,0,1,P08
40375ef48f50820a,0511fee882e4,4bc98bc94a42,Karnataka,2110,2024-03-18T16:36:25,2024-03-18T16:50:43,approved,1,0,
20d7a77c4847c80a,673acd5d1161,55b5621963b8,Haryana,1679,2024-03-18T16:37:47,2024-03-18T16:46:55,approved,1,0,
71029eb71e0ac20a,071280a45ec9,6fab38d8a8de,Delhi,25000,2024-03-18T16:38:36,2024-03-18T17:08:36,expired,0,1,P08
3a36a2fec982c160,071280a45ec9,4ae58f43663b,Telangana,11872,2024-03-18T16:39:03,2024-03-18T17:09:03,expired,0,1,P08
786381c54a80f34f,7d81c905f4c1,16f937d36ee0,Bihar,2911,2024-03-18T16:39:06,2024-03-18T16:48:18,approved,1,0,
3b5f7e0f5ddb327e,6d33a7293228,0710e37bda92,West Bengal,298,2024-03-18T16:39:18,2024-03-18T16:43:09,approved,1,0,
363ca00ff82767b6,22ea49616c97,54eefc1a2ada,Telangana,428,2024-03-18T16:42:52,2024-03-18T16:44:01,approved,1,0,
5b336aa512a5fc3a,071280a45ec9,04d5314cdabc,Bihar,2726,2024-03-18T16:42:55,2024-03-18T17:10:08,declined,0,1,P08
7919c2c8f5bb524d,34994a8b60cd,541847fca294,Karnataka,502,2024-03-18T16:43:21,2024-03-18T16:58:43,declined,0,0,
487d584b65bc93e3,1318e3fa6d29,2d7524ec3d06,Kerala,677,2024-03-18T16:43:43,2024-03-18T16:55:41,approved,1,0,
37af75c4c1144dce,7d81c905f4c1,49291c4a5e8b,Telangana,2939,2024-03-18T16:44:06,2024-03-18T17:03:53,approved,1,0,
4bf9fc0a75112ff7,0cce3dbda79d,14c899fc1a1b,Telangana,5332,2024-03-18T16:44:38,2024-03-18T16:45:20,approved,0,0,
7217f788db1dba36,22ea49616c97,1aa4ac2befe5,Telangana,450,2024-03-18T16:46:47,2024-03-18T17:05:14,approved,1,0,
5a7556de7bf9c589,48a5f4e76a41,2bec00e6c268,Tamil Nadu,662,2024-03-18T16:48:52,2024-03-18T17:00:47,approved,0,0,
269e88d9ab972d0a,071280a45ec9,71966d721ac2,Maharashtra,3286,2024-03-18T16:49:47,2024-03-18T17:19:47,expired,0,1,P08
3ae5848ee2e7ef9e,7d81c905f4c1,2837e317fa8e,Delhi,2967,2024-03-18T16:50:05,2024-03-18T17:06:12,approved,1,0,
5bbf07fe5526ae11,49217212965b,538732d73fe6,Tamil Nadu,580,2024-03-18T16:50:37,2024-03-18T17:01:30,approved,1,0,
74407f9ca76975ce,6e836fcd1e4d,487d7a4132f3,Delhi,1283,2024-03-18T16:54:25,2024-03-18T17:09:05,approved,0,0,
4b2828a90c727778,0d9a63adaba5,60677f7b650b,Uttar Pradesh,2275,2024-03-18T16:54:35,2024-03-18T17:24:35,expired,1,0,
5fa415df3e59094a,071280a45ec9,2e9f2f6ce972,Delhi,6405,2024-03-18T16:55:27,2024-03-18T17:18:06,declined,0,1,P08
41af0963b247be7f,30595689af87,0fdbd34dee4d,Delhi,1634,2024-03-18T16:56:08,2024-03-18T17:13:04,approved,1,0,
1379dccdc6d9f174,7b99521e8d62,629c4d93f83c,Karnataka,3013,2024-03-18T16:56:29,2024-03-18T17:02:19,approved,1,0,
0c0948e34828381d,071280a45ec9,1db579720039,Haryana,13706,2024-03-18T17:00:00,2024-03-18T17:30:00,expired,0,1,P08
6b163cb588a4bbf2,513484923021,53dcb3484b76,Uttar Pradesh,583,2024-03-18T17:01:19,2024-03-18T17:31:19,expired,1,0,
37339edd277bdf6e,107ff2ac18f1,573d129fa800,Bihar,424,2024-03-18T17:01:20,2024-03-18T17:06:37,approved,1,0,
6f1bfe03537166ff,071280a45ec9,4e753a73c1aa,Delhi,14985,2024-03-18T17:03:28,2024-03-18T17:33:28,expired,0,1,P08
282822e5485ab9d4,60a547ae6f0e,7d9bb09e2fea,Rajasthan,223,2024-03-18T17:03:32,2024-03-18T17:13:57,approved,1,0,
5c7991bf2b5440b0,0511fee882e4,5a53f7589285,Gujarat,1870,2024-03-18T17:07:29,2024-03-18T17:08:23,approved,1,0,
43b1f3718cc75fe3,1318e3fa6d29,159067c5aeb1,Maharashtra,603,2024-03-18T17:07:54,2024-03-18T17:19:13,approved,1,0,
533fb3c853eca6da,2569a0f51294,22ab914598bd,Maharashtra,994,2024-03-18T17:09:25,2024-03-18T17:26:58,approved,1,0,
13d0ad6858b3386c,6e73719779d9,0779a08836cb,Haryana,499,2024-03-18T17:10:27,2024-03-18T17:39:02,declined,0,0,
5d1e36187ad88a81,48f26f133a7b,63d735629a29,Bihar,535,2024-03-18T17:10:30,2024-03-18T17:21:38,approved,1,0,
14fb74dc15142453,513484923021,753e875a94f7,Bihar,434,2024-03-18T17:11:03,2024-03-18T17:20:16,approved,1,0,
3d7907629d63cfb1,48e58d7747c6,1ed33f93a4bb,Haryana,790,2024-03-18T17:11:12,2024-03-18T17:26:43,approved,1,0,
20c5b225cc094c0d,09805b931ea6,381cec68277b,Rajasthan,861,2024-03-18T17:11:54,2024-03-18T17:17:19,approved,1,0,
2cd1327b0dda4f3a,071280a45ec9,3f9b33669847,West Bengal,25000,2024-03-18T17:12:53,2024-03-18T17:29:43,declined,0,1,P08
078e127a0536dce7,216f11aafe2f,0fb54f25b7e7,West Bengal,273,2024-03-18T17:13:36,2024-03-18T17:14:50,approved,0,0,
7f5889abbc4a3556,7786fa4ecb51,743e0f642817,Kerala,1112,2024-03-18T17:14:44,2024-03-18T17:17:57,approved,1,0,
2cfc18d2bc2027d6,30595689af87,43d0646dde7a,Haryana,2433,2024-03-18T17:18:23,2024-03-18T17:36:16,approved,1,0,
6990436f913f5e45,5be02b242add,2fbd72b464e8,Kerala,2523,2024-03-18T17:19:12,2024-03-18T17:34:38,approved,1,0,
6b14c8cad764fc79,6a2b9baa3e4a,1a1f1a7db15c,Tamil Nadu,548,2024-03-18T17:19:58,2024-03-18T17:24:09,approved,1,0,
2dff98c53be18224,7d81c905f4c1,4e9ce39ccec8,Telangana,1516,2024-03-18T17:19:59,2024-03-18T17:25:55,approved,1,0,
30bbe42c7697ca4d,6646fee30506,3dbdb476d706,West Bengal,1977,2024-03-18T17:22:38,2024-03-18T17:40:14,approved,1,0,
1ac464a944de0f1a,071280a45ec9,21948492415a,Delhi,8764,2024-03-18T17:23:33,2024-03-18T17:53:33,expired,0,1,P08
63613be40c09ea99,663473dc643e,54d8ad42c6e8,Delhi,586,2024-03-18T17:30:29,2024-03-18T17:37:06,approved,1,0,
6e70c9950dc5dc07,6f17ea22aaac,0c171a12b790,Maharashtra,320,2024-03-18T17:32:09,2024-03-18T17:36:17,approved,1,0,
1852f629c84eb3b7,071280a45ec9,49b2faf40407,Karnataka,5917,2024-03-18T17:37:23,2024-03-18T18:07:23,expired,0,1,P08
67b8cdc1ebf8c9f1,071280a45ec9,46ee28653cf8,Delhi,2938,2024-03-18T17:37:28,2024-03-18T18:07:28,expired,0,1,P08
477430777fa1f55e,071280a45ec9,0f553a44ea90,Karnataka,9292,2024-03-18T17:38:43,2024-03-18T18:08:43,expired,0,1,P08
27105688a0bf2e71,071280a45ec9,60fd62113e23,Karnataka,3357,2024-03-18T17:38:54,2024-03-18T18:08:54,expired,0,1,P08
563d5c525ced9e9a,071280a45ec9,2eaaecc695df,Uttar Pradesh,10115,2024-03-18T17:38:54,2024-03-18T17:42:26,declined,0,1,P08
15af6378c91a861f,0176a1a01f10,481606816efa,Haryana,13059,2024-03-18T17:39:01,2024-03-18T17:44:03,approved,1,0,
3b6954a5231e5770,673acd5d1161,4996753cac90,Telangana,2762,2024-03-18T17:40:49,2024-03-18T17:44:52,approved,1,0,
628836aa7e833616,071280a45ec9,7d5d0edf5f40,Karnataka,11856,2024-03-18T17:42:15,2024-03-18T17:50:44,declined,0,1,P08
612217736df3c5dd,6f5fa5bed003,3bc8946ad71d,West Bengal,1060,2024-03-18T17:42:19,2024-03-18T17:54:08,approved,1,0,
73e5f702f9c1b7a7,4a83bc732574,7403fafe1114,Haryana,1170,2024-03-18T17:42:37,2024-03-18T17:46:39,approved,1,0,
317618d4deef63e9,6fdf521c2b77,58cfe27ca709,Rajasthan,2899,2024-03-18T17:42:46,2024-03-18T18:12:46,expired,1,0,
53be6f39d0c5b109,0cce3dbda79d,7b0512d75a43,Rajasthan,2069,2024-03-18T17:47:32,2024-03-18T17:59:57,approved,0,0,
0604ded9c0247a2c,071280a45ec9,3450bcecae04,Rajasthan,10351,2024-03-18T17:48:56,2024-03-18T18:14:37,declined,0,1,P08
63f627aba0bdf53c,0511fee882e4,371aeb594cea,Tamil Nadu,1222,2024-03-18T17:49:09,2024-03-18T17:51:47,approved,1,0,
0f3932c5cf749fb6,6646fee30506,4d96eef4e11a,Tamil Nadu,2124,2024-03-18T17:50:20,2024-03-18T17:56:53,approved,1,0,
22ac55482074a4f7,11d601015742,05caa849c212,Kerala,752,2024-03-18T17:52:00,2024-03-18T18:01:42,approved,1,0,
13b98ca7e54bb3bb,4c6b531ee064,15932f36ed1f,Tamil Nadu,1128,2024-03-18T17:55:14,2024-03-18T17:59:50,approved,1,0,
57972ba0e4e35977,071280a45ec9,48302ef03424,Delhi,2592,2024-03-18T17:58:46,2024-03-18T18:19:11,declined,0,1,P08
7de01e274d0d0ef0,071280a45ec9,7bd9c204a91e,Bihar,10587,2024-03-18T17:59:34,2024-03-18T18:25:57,declined,0,1,P08
4749dc3ff83f2d69,071280a45ec9,0abe36e2b36a,Delhi,2837,2024-03-18T17:59:55,2024-03-18T18:03:00,declined,0,1,P08
6cd802655b13e6c3,35ed52508031,055e902b0a4c,Karnataka,2765,2024-03-18T18:01:20,2024-03-18T18:15:43,approved,1,0,
7ef03129baabd812,071280a45ec9,0c580b17dd40,Gujarat,4393,2024-03-18T18:04:10,2024-03-18T18:34:10,expired,0,1,P08
40d9c28069ab1235,694d71c69d67,262c4405596f,Haryana,2742,2024-03-18T18:05:16,2024-03-18T18:22:43,approved,1,0,
74cfcc3af29cebd0,1e30aaf5adb8,3cb157599c0b,Gujarat,383,2024-03-18T18:07:38,2024-03-18T18:24:34,approved,1,0,
3b4f1c5d1f16a83d,60a547ae6f0e,4b2a642745d3,West Bengal,735,2024-03-18T18:07:52,2024-03-18T18:26:20,approved,1,0,
7b23ed312e39b28f,49217212965b,72c50109e65a,Delhi,314,2024-03-18T18:07:52,2024-03-18T18:17:19,approved,1,0,
44dcf72bcb4da67c,216f11aafe2f,75b041680504,Haryana,231,2024-03-18T18:08:24,2024-03-18T18:38:24,expired,0,0,
5da7cbcdaa3a7a95,0fc3186df001,32bdccbe91de,Rajasthan,2248,2024-03-18T18:09:09,2024-03-18T18:15:23,approved,1,0,
40a4e5086a600d0e,6fdf521c2b77,7e45be037b44,Telangana,2361,2024-03-18T18:11:19,2024-03-18T18:25:41,approved,1,0,
0e2eae3d5aa1d87e,071280a45ec9,0e910d7b1981,Tamil Nadu,8431,2024-03-18T18:11:57,2024-03-18T18:38:51,declined,0,1,P08
357e28d8b3f384da,39dc63eef666,77e3fa6a7fa8,West Bengal,356,2024-03-18T18:13:48,2024-03-18T18:30:45,approved,1,0,
2477308b99ce02c3,51e266317647,78067c2acff6,West Bengal,486,2024-03-18T18:13:59,2024-03-18T18:25:27,approved,1,0,
050f37eedd258575,20332b92b91c,5e7caebdfe34,Delhi,1692,2024-03-18T18:14:22,2024-03-18T18:15:28,approved,0,0,
5d4618f4d5d03f70,071280a45ec9,01d849d91c85,Uttar Pradesh,5233,2024-03-18T18:14:38,2024-03-18T18:18:36,approved,0,1,P08
103c46ec697e9644,071280a45ec9,5aa64b3432ca,Telangana,7050,2024-03-18T18:15:10,2024-03-18T18:45:10,expired,0,1,P08
4e561aec25778377,071280a45ec9,2053a90e82d4,West Bengal,17619,2024-03-18T18:15:30,2024-03-18T18:28:46,declined,0,1,P08
286eff7023dc8fa9,39dc63eef666,3aca5d133947,Gujarat,444,2024-03-18T18:15:43,2024-03-18T18:17:51,approved,1,0,
6846df5dcba850ee,09f6cd55cca3,739429ed5171,Delhi,3723,2024-03-18T18:16:15,2024-03-18T18:21:37,approved,1,0,
3846e34cc0f7e349,071280a45ec9,0601b3f3f3fb,Gujarat,8125,2024-03-18T18:17:36,2024-03-18T18:47:36,expired,0,1,P08
1d90ad545425b65e,34994a8b60cd,71e85909c48c,Haryana,274,2024-03-18T18:17:40,2024-03-18T18:30:52,approved,0,0,
7e7c9879814895d0,48e58d7747c6,310a7d9dff83,Uttar Pradesh,2253,2024-03-18T18:19:29,2024-03-18T18:21:05,approved,1,0,
2425fd3c1d7067b3,071280a45ec9,2e5e862709e2,Gujarat,10780,2024-03-18T18:19:42,2024-03-18T18:30:53,declined,0,1,P08
40bdd71c1e7ff25c,6e836fcd1e4d,3b6831422eba,West Bengal,748,2024-03-18T18:21:09,2024-03-18T18:28:24,declined,0,0,
51cfe9843c9406ad,107ff2ac18f1,53899a879246,Tamil Nadu,250,2024-03-18T18:21:24,2024-03-18T18:23:05,approved,1,0,
6c25fca850b9c08d,071280a45ec9,3aca5d133947,Gujarat,10189,2024-03-18T18:23:13,2024-03-18T18:44:33,declined,0,1,P08
2e3b6e8b1c48c92d,2baf4e7593de,5b0126245eec,Bihar,690,2024-03-18T18:24:06,2024-03-18T18:36:21,approved,1,0,
7b40e412c7f9b6c4,071280a45ec9,12942a7fae59,Telangana,7076,2024-03-18T18:26:22,2024-03-18T18:56:22,expired,0,1,P08
7b0b762f818a0876,3a6d68f3644e,0f9a82e2887e,Delhi,991,2024-03-18T18:29:27,2024-03-18T18:45:31,approved,1,0,
2e10c3a0fca83e2d,2baf4e7593de,2d402acea13a,Tamil Nadu,713,2024-03-18T18:30:42,2024-03-18T18:48:30,approved,1,0,
4a43c0e112b993bf,071280a45ec9,4cec8d4cb090,Delhi,6842,2024-03-18T18:31:06,2024-03-18T19:01:06,expired,0,1,P08
4a0458ffd3a0d1f3,48a5f4e76a41,32864b6fd4b2,Bihar,109,2024-03-18T18:31:37,2024-03-18T19:01:37,expired,0,0,
1883065a00eecdb1,60a547ae6f0e,1445f00f2d73,Gujarat,539,2024-03-18T18:32:09,2024-03-18T18:44:47,approved,1,0,
0f895e7a287495ae,67a0390930e5,3da813e1e391,Bihar,366,2024-03-18T18:33:01,2024-03-18T18:45:56,approved,1,0,
6f83a8a41a426dec,4c6b531ee064,74f19adb662f,Tamil Nadu,793,2024-03-18T18:34:09,2024-03-18T18:43:14,approved,1,0,
5b508cdc083ab7dc,6a706675422c,6b8371257cf9,Kerala,463,2024-03-18T18:35:22,2024-03-18T19:05:22,expired,0,0,
259809fe99c415ba,5ded2d78f299,224b64a16927,Maharashtra,1709,2024-03-18T18:35:52,2024-03-18T18:53:27,approved,1,0,
19b5943e140e33e4,071280a45ec9,3d5bcd5e9fa4,Maharashtra,4894,2024-03-18T18:36:24,2024-03-18T18:42:35,declined,0,1,P08
13cabe050b30ee92,5be02b242add,746e8395c891,Kerala,1544,2024-03-18T18:38:05,2024-03-18T18:38:42,approved,1,0,
40b7578e128a6163,071280a45ec9,5fe2bd0fdfe9,Tamil Nadu,8305,2024-03-18T18:39:51,2024-03-18T18:42:06,declined,0,1,P08
6eb3da1bfeb77712,071280a45ec9,545286c41a17,Delhi,5706,2024-03-18T18:40:46,2024-03-18T19:10:46,expired,0,1,P08
7cb00b1588022793,071280a45ec9,37d9bccfe033,Gujarat,2632,2024-03-18T18:42:00,2024-03-18T18:55:40,declined,0,1,P08
01473b82f9738360,634690700829,0457c8b78038,Haryana,409,2024-03-18T18:43:17,2024-03-18T18:49:40,approved,1,0,
34d9f7bed1af3069,071280a45ec9,0c9680a2d5ed,Karnataka,15076,2024-03-18T18:44:37,2024-03-18T19:14:37,expired,0,1,P08
16cbf656ec9cd3b8,34994a8b60cd,56abf2648203,West Bengal,2817,2024-03-18T18:44:45,2024-03-18T19:14:45,expired,0,0,
672df6562fa217f8,6a2b9baa3e4a,61888a5b8f7c,Telangana,345,2024-03-18T18:44:55,2024-03-18T19:02:57,approved,1,0,
2f078bca2285c24f,09805b931ea6,4ab54fcbbe7a,Rajasthan,1490,2024-03-18T18:46:27,2024-03-18T18:49:41,approved,1,0,
7377621feb780216,51e266317647,49c2e9060a0c,Delhi,734,2024-03-18T18:48:17,2024-03-18T18:48:53,approved,1,0,
3225985aaeb55a12,09805b931ea6,0e487b34355b,Gujarat,2188,2024-03-18T18:48:40,2024-03-18T19:18:40,expired,1,0,
7d46f3ab6aba2554,513484923021,1f302e4cb39c,Delhi,1081,2024-03-18T18:49:22,2024-03-18T18:57:56,approved,1,0,
03b6e63933e753f2,071280a45ec9,46625036ad57,Uttar Pradesh,10067,2024-03-18T18:49:59,2024-03-18T19:14:24,declined,0,1,P08
69591bd82172eea8,7786fa4ecb51,0f672762e6c2,Kerala,376,2024-03-18T18:50:34,2024-03-18T19:09:33,approved,1,0,
54e18335e8517c80,071280a45ec9,61f36e00dca4,Telangana,4726,2024-03-18T18:52:50,2024-03-18T18:58:33,declined,0,1,P08
293183477cdc08f5,60a547ae6f0e,526206097d37,Gujarat,581,2024-03-18T18:52:56,2024-03-18T19:09:35,approved,1,0,
301c2d859737eca1,6a706675422c,411e57da61ef,Telangana,540,2024-03-18T18:54:56,2024-03-18T19:05:13,approved,0,0,
6628babc64e1b86c,5be02b242add,24c00dc4ead7,West Bengal,3384,2024-03-18T18:54:56,2024-03-18T19:01:46,approved,1,0,
71c9a057b696ff8e,39dc63eef666,5e1f2b797d51,Telangana,492,2024-03-18T18:55:54,2024-03-18T19:09:50,approved,1,0,
43d3c136fedc67bd,071280a45ec9,7ad4f6a79d0e,Delhi,20371,2024-03-18T18:56:08,2024-03-18T19:14:30,approved,0,1,P08
0da8abc54902d62f,6e836fcd1e4d,794ec0af6589,Kerala,382,2024-03-18T18:58:11,2024-03-18T19:28:11,expired,0,0,
1b1bcc9784a9dc28,071280a45ec9,2cd5bf8a66f4,Delhi,7872,2024-03-18T18:59:07,2024-03-18T19:25:55,declined,0,1,P08
1a8cd1ad02125724,071280a45ec9,7e3d3367433e,Maharashtra,11374,2024-03-18T18:59:19,2024-03-18T19:29:19,expired,0,1,P08
39ca8fa640c2bf1b,071280a45ec9,1ed99b2435c7,Kerala,7612,2024-03-18T19:00:44,2024-03-18T19:30:44,expired,0,1,P08
0e51120a7cd97296,48f26f133a7b,16d60b59c454,Haryana,251,2024-03-18T19:01:06,2024-03-18T19:10:27,approved,1,0,
4d691f83155ad504,216f11aafe2f,7266789a5b71,Karnataka,1071,2024-03-18T19:01:35,2024-03-18T19:16:52,approved,0,0,
0f9d1014ccde1f11,39dc63eef666,5edad955ad78,West Bengal,545,2024-03-18T19:04:04,2024-03-18T19:23:28,approved,1,0,
3714fa8459279a13,071280a45ec9,1fc8338a97fa,Uttar Pradesh,5173,2024-03-18T19:04:19,2024-03-18T19:07:45,declined,0,1,P08
72fe14bbbe4655c3,071280a45ec9,65c7474d2755,Bihar,13232,2024-03-18T19:04:21,2024-03-18T19:15:53,declined,0,1,P08
6f28cab0f2df9f81,071280a45ec9,15ba2aedca4d,Telangana,8653,2024-03-18T19:04:22,2024-03-18T19:28:37,declined,0,1,P08
5f7eeb4361ba8070,694d71c69d67,132721374b94,Kerala,2773,2024-03-18T19:06:32,2024-03-18T19:20:00,approved,1,0,
5a0dadaadb01f66f,071280a45ec9,2a08ee40263b,Tamil Nadu,13159,2024-03-18T19:07:42,2024-03-18T19:10:23,declined,0,1,P08
791cc516da9269ae,0fc3186df001,2b8e346ba590,Bihar,1260,2024-03-18T19:09:34,2024-03-18T19:23:14,approved,1,0,
71f6f2733bca3720,071280a45ec9,6753c7469d2c,West Bengal,9450,2024-03-18T19:10:32,2024-03-18T19:11:49,declined,0,1,P08
0c4ef9a819043886,694d71c69d67,0920b1fd1454,Telangana,1328,2024-03-18T19:10:56,2024-03-18T19:11:35,approved,1,0,
0eaadbcbaa4f3fb7,67a0390930e5,7367b5124b81,Kerala,519,2024-03-18T19:12:00,2024-03-18T19:22:12,approved,1,0,
6275c43dd70a2284,6646fee30506,7643dd1f8d20,Maharashtra,900,2024-03-18T19:13:55,2024-03-18T19:16:18,approved,1,0,
5d51a7d4e344b568,6a7bccb8c392,6cdf7b783c9f,Karnataka,649,2024-03-18T19:16:06,2024-03-18T19:20:06,approved,1,0,
21ba2b0764720ec1,67a0390930e5,64a780d34316,Delhi,556,2024-03-18T19:17:13,2024-03-18T19:36:03,approved,1,0,
1d856c3654e33226,6e836fcd1e4d,454d54917eb3,Bihar,463,2024-03-18T19:17:54,2024-03-18T19:34:52,declined,0,0,
6603852fa3651e9c,513484923021,1b72d5992438,Tamil Nadu,687,2024-03-18T19:19:57,2024-03-18T19:33:15,approved,1,0,
4c550d2293683c32,6a706675422c,32f7a9309052,Delhi,4734,2024-03-18T19:20:50,2024-03-18T19:48:27,declined,0,0,
3372527b7b29f68f,071280a45ec9,4ab03daf1c03,Telangana,4293,2024-03-18T19:20:59,2024-03-18T19:50:59,expired,0,1,P08
5c906b03daaf642f,0511fee882e4,53eafddbff35,Kerala,3724,2024-03-18T19:21:32,2024-03-18T19:24:40,approved,1,0,
212ca1120fc560d1,071280a45ec9,0d82be35ca9b,Maharashtra,11118,2024-03-18T19:25:13,2024-03-18T19:44:47,declined,0,1,P08
772ae8b1551d97b7,6a7bccb8c392,21227a46871d,Bihar,507,2024-03-18T19:26:00,2024-03-18T19:42:16,approved,1,0,
5d5556dd2a0993c6,071280a45ec9,4dc6dba90309,Gujarat,15145,2024-03-18T19:26:32,2024-03-18T19:30:42,declined,0,1,P08
4dc32fb166daaec2,5ded2d78f299,55dc5456d982,Rajasthan,2539,2024-03-18T19:29:24,2024-03-18T19:33:16,approved,1,0,
49f0e101b02a6db2,2baf4e7593de,3e63c89f4b6f,Maharashtra,620,2024-03-18T19:30:48,2024-03-18T19:48:21,approved,1,0,
46309057bb3f6114,6a7bccb8c392,3127e9a8d570,Gujarat,509,2024-03-18T19:34:17,2024-03-18T19:53:12,approved,1,0,
413113cf2efe52cd,5ded2d78f299,79295d24da0b,Rajasthan,3257,2024-03-18T19:36:26,2024-03-18T19:50:43,declined,1,0,
73e81b987862ebfd,2b1781ab1f24,465c158f776f,Uttar Pradesh,3051,2024-03-18T19:36:33,2024-03-18T20:06:33,expired,0,0,
6e867d33de3accaf,67a0390930e5,509b0a7c0f08,Bihar,775,2024-03-18T19:36:37,2024-03-18T19:43:36,approved,1,0,
4d2178978c445b1e,7b99521e8d62,447ebb7bd2c7,Delhi,679,2024-03-18T19:38:25,2024-03-18T19:49:18,approved,1,0,
2bf4d61f9d7c1a68,22ea49616c97,60ed0fec01ff,Bihar,819,2024-03-18T19:38:50,2024-03-18T19:50:40,approved,1,0,
0e86acd14a0be84b,2baf4e7593de,4990f43fd36e,Tamil Nadu,740,2024-03-18T19:39:49,2024-03-18T19:57:05,approved,1,0,
75e0efdd2911dfc2,071280a45ec9,4a319f0ed999,Gujarat,3334,2024-03-18T19:40:57,2024-03-18T19:46:07,approved,0,1,P08
230406dcc36a50ff,51e266317647,533e3176d841,Uttar Pradesh,807,2024-03-18T19:42:07,2024-03-18T19:50:57,approved,1,0,
3728a27bbeb6a923,0176a1a01f10,423951512cf4,Karnataka,4068,2024-03-18T19:43:06,2024-03-18T19:49:57,approved,1,0,
4c672b2d60334529,4a83bc732574,34935122c05b,West Bengal,255,2024-03-18T19:45:00,2024-03-18T19:55:25,approved,1,0,
5219e51b2a2d60bd,39dc63eef666,377af5fe7a49,Haryana,619,2024-03-18T19:46:35,2024-03-18T20:01:51,approved,1,0,
21cbc71d40a0aa33,071280a45ec9,6be80e55a932,West Bengal,6668,2024-03-18T19:47:00,2024-03-18T20:17:00,expired,0,1,P08
40e327db61468788,071280a45ec9,7a17efce0336,Delhi,9367,2024-03-18T19:47:30,2024-03-18T20:11:16,declined,0,1,P08
651b472f9c653232,071280a45ec9,1e243a0182b6,Gujarat,5638,2024-03-18T19:48:47,2024-03-18T20:18:47,expired,0,1,P08
4909fe530a68001f,071280a45ec9,7e3d3367433e,Maharashtra,7849,2024-03-18T19:49:13,2024-03-18T20:19:13,expired,0,1,P08
18d8b9c266f857c3,071280a45ec9,00be38b9a00e,Uttar Pradesh,3565,2024-03-18T19:50:44,2024-03-18T20:17:38,declined,0,1,P08
484dfcb1cb43cf96,2baf4e7593de,0f81e0ab2945,Uttar Pradesh,434,2024-03-18T19:53:34,2024-03-18T19:57:21,approved,1,0,
536017c796e6293a,7b8a68c1ae9c,2e78773a0686,Bihar,1555,2024-03-18T19:56:27,2024-03-18T20:26:27,expired,1,0,
3c9f1b71d0ce5b3b,6e73719779d9,1224d4bef903,Karnataka,1810,2024-03-18T19:58:18,2024-03-18T20:11:59,approved,0,0,
7f8f0f906198e22c,071280a45ec9,517e64432ca4,Maharashtra,4794,2024-03-18T19:58:26,2024-03-18T20:28:26,expired,0,1,P08
5d809c9444f7b0fe,071280a45ec9,5fbb981c4d43,Delhi,7246,2024-03-18T19:59:05,2024-03-18T20:09:18,declined,0,1,P08
592c92037e55ae79,6d33a7293228,354c0235c318,Karnataka,393,2024-03-18T19:59:17,2024-03-18T20:09:06,approved,1,0,
339b26703bf6b768,071280a45ec9,151fca86e63f,Rajasthan,2702,2024-03-18T20:00:15,2024-03-18T20:15:56,declined,0,1,P08
655c030be5c18552,7d493d48b208,42c526454b0c,Maharashtra,605,2024-03-18T20:01:08,2024-03-18T20:19:06,approved,1,0,
4bb2970ea784684f,071280a45ec9,4ad5d71e84a0,Rajasthan,3381,2024-03-18T20:01:19,2024-03-18T20:21:15,declined,0,1,P08
68386ab7d075b29c,663473dc643e,3e88eb8ceb75,Telangana,610,2024-03-18T20:09:02,2024-03-18T20:13:21,approved,1,0,
285dd9f489795888,60a547ae6f0e,54a05b016067,West Bengal,432,2024-03-18T20:09:35,2024-03-18T20:27:09,approved,1,0,
3c623d9ff0fe97a7,5ded2d78f299,0f2ecd200af5,Haryana,3974,2024-03-18T20:11:05,2024-03-18T20:23:17,approved,1,0,
4529a83121496393,67a0390930e5,49be981dee55,Telangana,461,2024-03-18T20:11:59,2024-03-18T20:21:35,approved,1,0,
09811e990a4d5578,071280a45ec9,59f5cf1fb7f9,Rajasthan,4274,2024-03-18T20:13:28,2024-03-18T20:30:15,declined,0,1,P08
5af9d64688be4381,071280a45ec9,13f2144d89f0,Rajasthan,8936,2024-03-18T20:15:22,2024-03-18T20:18:44,declined,0,1,P08
0cbf88608cf212ee,0d9a63adaba5,3092e4d63dfe,Telangana,2294,2024-03-18T20:15:57,2024-03-18T20:23:11,approved,1,0,
5066063af7091ee5,6a7bccb8c392,4883cf49a2a4,Maharashtra,867,2024-03-18T20:16:44,2024-03-18T20:20:33,approved,1,0,
301c4bb889225555,071280a45ec9,6b5a414ab396,Rajasthan,11211,2024-03-18T20:16:58,2024-03-18T20:46:58,expired,0,1,P08
6a2cde45a117016a,67a0390930e5,4f1b043d4d2f,West Bengal,562,2024-03-18T20:17:05,2024-03-18T20:47:05,expired,1,0,
5f50d3e592bd021b,071280a45ec9,7aee8e09089c,Uttar Pradesh,14608,2024-03-18T20:17:20,2024-03-18T20:47:20,expired,0,1,P08
23626857e36fe3d8,7b8a68c1ae9c,1e0f980ce781,West Bengal,514,2024-03-18T20:17:46,2024-03-18T20:24:45,approved,1,0,
46218c2dde362aec,4818964bb9e3,14bbd28d9886,Bihar,340,2024-03-18T20:19:45,2024-03-18T20:32:34,approved,1,0,
732158f6ff54e4e4,0176a1a01f10,79cacaa6a095,Gujarat,525,2024-03-18T20:20:09,2024-03-18T20:34:12,declined,1,0,
4e0c33418fd58b9f,071280a45ec9,11af46e26f8b,Bihar,5637,2024-03-18T20:22:22,2024-03-18T20:36:44,declined,0,1,P08
76e35a4f93f5e353,0fc3186df001,4eadc1c89eb9,Karnataka,694,2024-03-18T20:24:32,2024-03-18T20:44:22,approved,1,0,
7a22cf62354f00e0,7d81c905f4c1,0945f16225b4,Kerala,678,2024-03-18T20:24:46,2024-03-18T20:25:40,approved,1,0,
3e56abe7e5cd3289,48f26f133a7b,1cdf1dd481bc,Haryana,366,2024-03-18T20:25:44,2024-03-18T20:38:49,approved,1,0,
62f1f6e782607dce,071280a45ec9,6588af646890,Karnataka,10870,2024-03-18T20:26:01,2024-03-18T20:44:25,declined,0,1,P08
544b7711a3c37162,071280a45ec9,613965c351b4,Kerala,18371,2024-03-18T20:26:33,2024-03-18T20:56:33,expired,0,1,P08
3c56c71f3cd773a5,071280a45ec9,24c00dc4ead7,West Bengal,15703,2024-03-18T20:27:03,2024-03-18T20:30:19,declined,0,1,P08
58f89b0c32ecc2b9,663473dc643e,00e5d4fc0742,Kerala,256,2024-03-18T20:28:21,2024-03-18T20:58:21,expired,1,0,
1afd47ddf5a66fd5,67a0390930e5,5624dae487e9,Telangana,820,2024-03-18T20:28:36,2024-03-18T20:58:36,expired,1,0,
6f204416a4837dd5,7d493d48b208,44bddfa34704,Haryana,349,2024-03-18T20:28:40,2024-03-18T20:37:13,approved,1,0,
129a8c10794feef6,0511fee882e4,796d1fb56f4c,Rajasthan,1569,2024-03-18T20:30:49,2024-03-18T20:38:04,approved,1,0,
7097160822db1a0f,071280a45ec9,7bd9dd605343,Haryana,2415,2024-03-18T20:32:24,2024-03-18T20:58:56,declined,0,1,P08
3e8ef0f3369fc133,6a7bccb8c392,61399cbbb05e,Maharashtra,540,2024-03-18T20:33:48,2024-03-18T20:48:20,approved,1,0,
231d021954b50a1f,634690700829,6ad608de8d4c,Maharashtra,476,2024-03-18T20:34:14,2024-03-18T20:46:34,approved,1,0,
46b681639b3d8fc1,30595689af87,75e624ffb4ac,Haryana,1910,2024-03-18T20:35:09,2024-03-18T20:49:13,approved,1,0,
4c60535659a970e3,071280a45ec9,3e8b7f2e762b,Uttar Pradesh,5017,2024-03-18T20:36:07,2024-03-18T21:06:07,expired,0,1,P08
6586ae661484e903,0fc3186df001,24823003ac17,Maharashtra,2037,2024-03-18T20:37:12,2024-03-18T20:52:19,approved,1,0,
08f840a612c19800,071280a45ec9,3fc9ddf30a53,Karnataka,16285,2024-03-18T20:37:19,2024-03-18T21:07:19,expired,0,1,P08
212959fdeb8f431e,0176a1a01f10,4b33c58d1656,Uttar Pradesh,1103,2024-03-18T20:37:32,2024-03-18T20:53:16,approved,1,0,
5a8d90c13529b0be,071280a45ec9,11630528f61d,Haryana,5563,2024-03-18T20:38:32,2024-03-18T21:08:32,expired,0,1,P08
74b3761e9bddb7a4,634690700829,1db970f7e1b3,Telangana,406,2024-03-18T20:38:47,2024-03-18T20:51:20,approved,1,0,
222b91e1a0d1f531,6e73719779d9,69ec1b8755eb,Kerala,348,2024-03-18T20:39:09,2024-03-18T20:40:52,approved,0,0,
125a19e587002380,071280a45ec9,595af0d26618,Delhi,3780,2024-03-18T20:39:28,2024-03-18T20:59:29,declined,0,1,P08
1a885916a5a5a0ca,5ded2d78f299,4a319f0ed999,Gujarat,909,2024-03-18T20:39:56,2024-03-18T20:47:49,approved,1,0,
48e96b2d7b34ac3a,6e73719779d9,06ff813b74a9,West Bengal,3539,2024-03-18T20:40:42,2024-03-18T20:53:56,approved,0,0,
27753487b2208f26,071280a45ec9,2f1b121a2bcd,Rajasthan,6061,2024-03-18T20:41:09,2024-03-18T21:04:18,declined,0,1,P08
58d369d1748a170f,7786fa4ecb51,261089269a6f,Delhi,492,2024-03-18T20:42:08,2024-03-18T20:58:50,approved,1,0,
78c0abe73bb3098a,071280a45ec9,224150e3c277,Kerala,6505,2024-03-18T20:43:16,2024-03-18T20:56:36,approved,0,1,P08
4e8dd6cead5e7f4e,0176a1a01f10,2de2dcb997f1,Rajasthan,1078,2024-03-18T20:43:42,2024-03-18T21:13:42,expired,1,0,
0e51df003836cb6f,0cce3dbda79d,6f65211f156f,Maharashtra,818,2024-03-18T20:44:06,2024-03-18T21:14:06,expired,0,0,
4305657a48bb7c5e,071280a45ec9,6df0112b82e2,Delhi,9269,2024-03-18T20:44:24,2024-03-18T21:07:00,declined,0,1,P08
0edef63a276307c5,071280a45ec9,008f12eecfe8,Tamil Nadu,4271,2024-03-18T20:44:55,2024-03-18T21:14:55,expired,0,1,P08
5dd2bdac5f5f2390,071280a45ec9,357604eca360,Gujarat,4965,2024-03-18T20:45:05,2024-03-18T21:03:47,declined,0,1,P08
20d9f16033a14b2c,34994a8b60cd,25e89f943958,Delhi,3082,2024-03-18T20:46:53,2024-03-18T20:54:15,approved,0,0,
15feadcacafe2829,3a6d68f3644e,50ec11717048,Delhi,2081,2024-03-18T20:47:48,2024-03-18T21:01:26,approved,1,0,
52ad9fa01ae81e0d,071280a45ec9,03b28097414b,Bihar,11003,2024-03-18T20:50:09,2024-03-18T21:20:09,expired,0,1,P08
506b9177ce89b8e4,2b7ae5050a4d,0b147c578d5c,West Bengal,359,2024-03-18T20:55:16,2024-03-18T21:09:33,approved,1,0,
59d0e223cc665bef,071280a45ec9,2f6659e3debf,West Bengal,10720,2024-03-18T20:55:28,2024-03-18T21:10:19,declined,0,1,P08
3872a30521ede255,22ea49616c97,530421bd7ea6,Rajasthan,636,2024-03-18T20:55:46,2024-03-18T21:06:57,approved,1,0,
33c2b71328b78072,071280a45ec9,54eeb282d041,Gujarat,25000,2024-03-18T20:57:17,2024-03-18T21:02:47,declined,0,1,P08
03d7bcca4cd57692,071280a45ec9,5de77854e772,Telangana,8205,2024-03-18T21:00:55,2024-03-18T21:30:55,expired,0,1,P08
61dcca67db687249,634690700829,6c089f5c3073,Karnataka,147,2024-03-18T21:02:36,2024-03-18T21:17:36,approved,1,0,
3138c9eabc360763,071280a45ec9,15414eb195f5,Bihar,4722,2024-03-18T21:04:55,2024-03-18T21:16:31,declined,0,1,P08
76692f6e1a73a88a,30595689af87,387038f00103,Tamil Nadu,2505,2024-03-18T21:05:21,2024-03-18T21:20:15,approved,1,0,
252a0ad7fb0668ed,6e836fcd1e4d,20e2a6629205,Telangana,1388,2024-03-18T21:07:01,2024-03-18T21:12:35,approved,0,0,
01c4899542f7a28f,2b1781ab1f24,6ad608de8d4c,Maharashtra,634,2024-03-18T21:07:38,2024-03-18T21:14:32,approved,0,0,
58f90c5d78330156,071280a45ec9,1c37570d050b,Telangana,4893,2024-03-18T21:08:33,2024-03-18T21:18:49,declined,0,1,P08
71f3f8b4e1d3cbd3,30595689af87,357604eca360,Gujarat,2715,2024-03-18T21:10:55,2024-03-18T21:13:45,approved,1,0,
075caa0145f7ef16,6ab35d61cd9f,5238a9930010,West Bengal,491,2024-03-18T21:14:14,2024-03-18T21:16:45,approved,1,0,
21199ab7b462e432,071280a45ec9,4b790e426950,Maharashtra,7085,2024-03-18T21:15:17,2024-03-18T21:43:11,declined,0,1,P08
52afc0ebdb3acc2e,6d33a7293228,48e342863b56,Rajasthan,369,2024-03-18T21:17:33,2024-03-18T21:34:06,approved,1,0,
0bae27e81ebd2716,071280a45ec9,53a113c1f8f4,Gujarat,2605,2024-03-18T21:19:44,2024-03-18T21:26:11,declined,0,1,P08
1482e299548ba1f0,7786fa4ecb51,2752a19651bd,Karnataka,335,2024-03-18T21:26:21,2024-03-18T21:40:52,approved,1,0,
40aaa5bcec1edcc9,20332b92b91c,5dbac4813835,Tamil Nadu,1567,2024-03-18T21:28:40,2024-03-18T21:41:52,approved,0,0,
52db7811447e2ab4,0cce3dbda79d,5f4fcb3d2cdd,Karnataka,307,2024-03-18T21:29:18,2024-03-18T21:43:29,declined,0,0,
10baa096f5429f63,4c6b531ee064,7bf1a2bfe0ee,Rajasthan,918,2024-03-18T21:32:37,2024-03-18T21:42:40,approved,1,0,
55571c7f6689ee1d,19a849472d1b,0f22a3d2314b,Delhi,606,2024-03-18T21:33:10,2024-03-18T21:45:55,approved,1,0,
7c2cd8673590fe08,30595689af87,24b97a7eabcd,Haryana,1682,2024-03-18T21:34:32,2024-03-18T21:46:22,approved,1,0,
011d3ac71f909a31,7d81c905f4c1,3092e4d63dfe,Telangana,2232,2024-03-18T21:37:44,2024-03-18T21:50:30,approved,1,0,
3423636e1ab94461,09805b931ea6,6488cdc0361e,Kerala,1314,2024-03-18T21:42:54,2024-03-18T21:46:55,approved,1,0,
7a0c67f528cfa723,071280a45ec9,664b5f595bc3,Kerala,9169,2024-03-18T21:45:27,2024-03-18T21:46:42,approved,0,1,P08
6a463d818b513aa4,071280a45ec9,0edddf1ecb8d,Delhi,5715,2024-03-18T21:45:54,2024-03-18T22:10:47,declined,0,1,P08
7ea36de04f461f59,09805b931ea6,1a5ecafc983a,West Bengal,434,2024-03-18T21:46:02,2024-03-18T21:54:02,approved,1,0,
41cc03096d4a1e6d,35ed52508031,534ec858d883,Rajasthan,2368,2024-03-18T21:46:47,2024-03-18T21:51:17,approved,1,0,
287100a1c9dac4a8,5be02b242add,4888fcccdb72,Telangana,1315,2024-03-18T21:52:24,2024-03-18T22:22:24,expired,1,0,
26fdd6159f30953a,071280a45ec9,66fe535d82c8,Delhi,7470,2024-03-18T21:54:04,2024-03-18T22:23:19,declined,0,1,P08
6ce8426fa4f91ae9,5ded2d78f299,47b3d2bfd352,West Bengal,1695,2024-03-18T21:55:31,2024-03-18T22:14:34,approved,1,0,
2b6cc0ca4180a2cf,7786fa4ecb51,3140eb9598c5,Rajasthan,403,2024-03-18T21:55:50,2024-03-18T22:05:59,approved,1,0,
4d97f009227c12da,071280a45ec9,6be7a8ed688e,Karnataka,12681,2024-03-18T21:56:28,2024-03-18T22:23:37,declined,0,1,P08
3534acefefbd2768,6a2b9baa3e4a,7335e638d296,Karnataka,374,2024-03-18T21:56:37,2024-03-18T22:14:22,approved,1,0,
2a40212eadb35c52,6646fee30506,721f4bd31ab8,West Bengal,1006,2024-03-18T21:56:49,2024-03-18T22:15:01,declined,1,0,
0df123f60a9b194b,071280a45ec9,4e0ff293fa87,Karnataka,13042,2024-03-18T21:57:17,2024-03-18T22:03:34,declined,0,1,P08
173b1dcac26df99f,7d493d48b208,2bd58e29d97e,Kerala,654,2024-03-18T22:02:50,2024-03-18T22:05:06,approved,1,0,
5cce025e7fa59d8a,071280a45ec9,340d2305060d,Delhi,11742,2024-03-18T22:04:21,2024-03-18T22:34:21,expired,0,1,P08
695847d56ab3bb4c,107ff2ac18f1,2367cf368e77,Kerala,1351,2024-03-18T22:05:12,2024-03-18T22:18:14,approved,1,0,
446dcefbaa65d4e0,7786fa4ecb51,7a8af4ece9b7,Haryana,310,2024-03-18T22:05:53,2024-03-18T22:18:24,approved,1,0,
132b80c3834b405e,67a0390930e5,652aa832ed39,Uttar Pradesh,312,2024-03-18T22:06:17,2024-03-18T22:18:35,approved,1,0,
01786a747ca3a618,5be02b242add,51ab76bdd1fd,Karnataka,2309,2024-03-18T22:07:29,2024-03-18T22:13:26,approved,1,0,
35a39fa978553c5c,071280a45ec9,17007a95ef02,Telangana,4730,2024-03-18T22:08:59,2024-03-18T22:38:59,expired,0,1,P08
455ec916a6f5ae4a,071280a45ec9,3270dcd94f97,Tamil Nadu,5156,2024-03-18T22:10:40,2024-03-18T22:40:40,expired,0,1,P08
31ac7bc8bb7de1ab,09805b931ea6,4f169ac57335,West Bengal,2319,2024-03-18T22:10:53,2024-03-18T22:15:50,approved,1,0,
1be782af6ca19b7c,41e20e89712f,7394863a9bb1,Kerala,1175,2024-03-18T22:10:54,2024-03-18T22:14:19,approved,1,0,
5a9d11fea237cea1,48e58d7747c6,3852500add7c,Gujarat,1510,2024-03-18T22:15:18,2024-03-18T22:35:15,approved,1,0,
55156c93ccc6a613,0176a1a01f10,59d065d0b49e,Kerala,2930,2024-03-18T22:16:29,2024-03-18T22:29:09,approved,1,0,
39cabc160e5aea28,0d4a1f2e8b76,7e876d602d97,Uttar Pradesh,451,2024-03-18T22:21:40,2024-03-18T22:23:23,approved,1,0,
5c424e94628da2b7,071280a45ec9,73752c8f4639,Bihar,22840,2024-03-18T22:22:08,2024-03-18T22:26:25,declined,0,1,P08
09bf65f58fc72fcb,34994a8b60cd,64d3358c54ac,Karnataka,177,2024-03-18T22:23:18,2024-03-18T22:27:02,approved,0,0,
21cd6637cfd222ec,0511fee882e4,75a412000a84,Uttar Pradesh,596,2024-03-18T22:23:37,2024-03-18T22:53:37,expired,1,0,
1af32ac60e947a46,09805b931ea6,45029e12001f,Tamil Nadu,3136,2024-03-18T22:32:11,2024-03-18T22:39:17,approved,1,0,
4bd01e414e22d0a1,071280a45ec9,041208970faa,West Bengal,6790,2024-03-18T22:32:33,2024-03-18T22:59:23,declined,0,1,P08
6e33fb894fc69dd1,071280a45ec9,7335e638d296,Karnataka,3183,2024-03-18T22:32:36,2024-03-18T22:54:23,declined,0,1,P08
770227fb92f469be,5e5c092ab53d,3118f24f205b,Gujarat,829,2024-03-18T22:32:49,2024-03-18T22:51:10,approved,1,0,
4c043218ca16d72d,48a5f4e76a41,5865549d52e5,Maharashtra,541,2024-03-18T22:33:34,2024-03-18T22:51:50,approved,0,0,
50aa2eb534ad99f2,071280a45ec9,1a2d5db4114b,Rajasthan,7955,2024-03-18T22:35:55,2024-03-18T22:53:43,declined,0,1,P08
53851f23f1b36c03,0511fee882e4,4a791ed91158,Maharashtra,1558,2024-03-18T22:38:03,2024-03-18T22:46:23,approved,1,0,
4f9cca42bfdeb3cd,6a706675422c,1aee3c5e2b92,Telangana,2792,2024-03-18T22:39:43,2024-03-18T22:40:32,approved,0,0,
10bf105b1540ea62,071280a45ec9,015ce8b3553f,Maharashtra,10046,2024-03-18T22:40:22,2024-03-18T22:42:59,declined,0,1,P08
647d0a0194648860,071280a45ec9,746e8395c891,Kerala,4938,2024-03-18T22:41:36,2024-03-18T23:11:36,expired,0,1,P08
769e31f153821503,513484923021,7372ea873c5f,Haryana,333,2024-03-18T22:46:08,2024-03-18T22:54:45,approved,1,0,
424f6886cdba4e7b,071280a45ec9,65607a24f513,Karnataka,24725,2024-03-18T22:46:34,2024-03-18T23:16:34,expired,0,1,P08
003c45fe4842f933,071280a45ec9,270eb8253a27,Telangana,20082,2024-03-18T22:47:42,2024-03-18T22:55:35,approved,0,1,P08
6eda7a92c9f5ae8a,071280a45ec9,5cab795ecd8a,Gujarat,8926,2024-03-18T22:48:52,2024-03-18T23:05:19,declined,0,1,P08
042935a3eff3bae2,7b8a68c1ae9c,58e8519e313d,Haryana,398,2024-03-18T22:51:59,2024-03-18T23:01:41,approved,1,0,
4c423924a2d4b31b,071280a45ec9,4d7b576a015e,Haryana,6425,2024-03-18T22:54:05,2024-03-18T23:24:05,expired,0,1,P08
4d26fe2cb98cc124,6e836fcd1e4d,01cc57fe0bb3,Delhi,309,2024-03-18T22:55:55,2024-03-18T23:06:49,declined,0,0,
758d963e4881daa4,6e836fcd1e4d,0764a52c2fb3,Gujarat,365,2024-03-18T22:58:13,2024-03-18T23:14:53,approved,0,0,
6861f217fd595786,071280a45ec9,25b5975d0348,Telangana,8279,2024-03-18T22:58:15,2024-03-18T23:10:56,approved,0,1,P08
04068953b2c93546,071280a45ec9,1dcfb70e2704,Bihar,3370,2024-03-18T23:04:24,2024-03-18T23:34:24,expired,0,1,P08
3b3eea7e74eb0c59,51e266317647,6f3e81949acb,Tamil Nadu,527,2024-03-18T23:04:42,2024-03-18T23:21:33,approved,1,0,
189237403ffd0ffc,513484923021,443b50905959,Kerala,575,2024-03-18T23:09:18,2024-03-18T23:22:40,approved,1,0,
20d8e278b7b086e9,071280a45ec9,337a08c8c672,Telangana,9453,2024-03-18T23:09:32,2024-03-18T23:17:13,declined,0,1,P08
5a4bfab147d75a8e,071280a45ec9,45a36d195991,Maharashtra,16692,2024-03-18T23:11:32,2024-03-18T23:26:42,declined,0,1,P08
27c5897e5f3eaa0f,107ff2ac18f1,01596701dafa,Tamil Nadu,935,2024-03-18T23:12:44,2024-03-18T23:24:25,approved,1,0,
625f82adebdd6ee5,071280a45ec9,302f77df7fec,Gujarat,9317,2024-03-18T23:15:07,2024-03-18T23:40:20,declined,0,1,P08
3021536d063715af,071280a45ec9,5ff8db7812e1,West Bengal,17225,2024-03-18T23:17:11,2024-03-18T23:31:57,declined,0,1,P08
2ba86bc84187bba5,071280a45ec9,67e0eb5e49f5,Gujarat,3881,2024-03-18T23:17:20,2024-03-18T23:31:06,declined,0,1,P08
60fea28fcc560a0d,216f11aafe2f,65ed8a1dad6b,West Bengal,1767,2024-03-18T23:19:52,2024-03-18T23:49:52,expired,0,0,
22977ccbad6f75d5,071280a45ec9,2c96a20c0310,Tamil Nadu,6310,2024-03-18T23:20:38,2024-03-18T23:22:28,declined,0,1,P08
21754c7891c33e25,48a5f4e76a41,12169527c043,West Bengal,4210,2024-03-18T23:23:27,2024-03-18T23:53:27,expired,0,0,
2124922be92d5846,071280a45ec9,7e438e62368b,Bihar,9679,2024-03-18T23:29:43,2024-03-18T23:58:35,declined,0,1,P08
03ae51564f116be9,071280a45ec9,7f55af046171,Haryana,3071,2024-03-18T23:31:03,2024-03-18T23:42:06,declined,0,1,P08
78457725602b25e0,20332b92b91c,5aa64b3432ca,Telangana,338,2024-03-18T23:35:21,2024-03-19T00:03:18,declined,0,0,
071d4d0e61ba05cf,071280a45ec9,05eea986f095,Maharashtra,4293,2024-03-18T23:36:04,2024-03-18T23:48:48,declined,0,1,P08
7dbfa9dd79e7be05,071280a45ec9,7bc499650086,Bihar,25000,2024-03-18T23:36:21,2024-03-18T23:48:10,declined,0,1,P08
4191800cc7d3c3b9,071280a45ec9,56974006ddb3,Uttar Pradesh,2000,2024-03-18T23:37:05,2024-03-19T00:07:05,expired,0,1,P08
5988bf9fbb514f40,071280a45ec9,281859650773,Kerala,9553,2024-03-18T23:40:36,2024-03-18T23:43:03,declined,0,1,P08
4e08a8da6b73a0c3,071280a45ec9,022bf35363ad,Rajasthan,24081,2024-03-18T23:43:01,2024-03-19T00:02:38,declined,0,1,P08
61556caf8166f29e,45d11774ab5d,492ab134ff03,Haryana,3937,2024-03-18T23:43:05,2024-03-18T23:49:42,declined,0,0,
71c74501cd5423c2,071280a45ec9,35344e30ffdd,Maharashtra,12459,2024-03-18T23:44:17,2024-03-19T00:14:17,expired,0,1,P08
606aab7b128d712d,11d601015742,1a8ac65886f7,Rajasthan,2931,2024-03-18T23:45:52,2024-03-18T23:58:58,approved,1,0,
1108a63dcbd52eac,071280a45ec9,1f0933b58428,Haryana,21782,2024-03-18T23:47:23,2024-03-19T00:06:02,declined,0,1,P08
0892a64c510a2771,22ea49616c97,343b13ccf1e8,Maharashtra,488,2024-03-18T23:47:30,2024-03-18T23:59:53,approved,1,0,
0b50f4df4d19cccf,071280a45ec9,7fabe00ff084,Bihar,5919,2024-03-18T23:47:49,2024-03-19T00:00:51,declined,0,1,P08
1f2ad7685f74388d,071280a45ec9,51881d6a25b8,Uttar Pradesh,15009,2024-03-18T23:48:20,2024-03-19T00:18:20,expired,0,1,P08
5b6a137090bed60f,071280a45ec9,3c6abd36a6a6,Karnataka,4025,2024-03-18T23:52:41,2024-03-19T00:22:41,expired,0,1,P08
4669cec68ac6169f,071280a45ec9,53899a879246,Tamil Nadu,22783,2024-03-18T23:56:01,2024-03-18T23:56:22,declined,0,1,P08
4d2ec085637e0afe,071280a45ec9,36eedf0ad9e9,Bihar,4967,2024-03-18T23:56:52,2024-03-19T00:25:12,declined,0,1,P08
6965b14382a3accc,071280a45ec9,699990d4cd34,Maharashtra,4763,2024-03-18T23:57:21,2024-03-19T00:13:08,approved,0,1,P08
5fefc356e4d23980,071280a45ec9,34f989c0efbf,Delhi,6159,2024-03-18T23:59:33,2024-03-19T00:25:11,declined,0,1,P08
1b4d8916e7c8b5a3,071280a45ec9,38d8ec5a03da,Kerala,4914,2024-03-18T23:59:38,2024-03-19T00:04:41,declined,0,1,P08
058f41e68619871a,071280a45ec9,41f3d4448b40,Kerala,2657,2024-03-19T00:03:10,2024-03-19T00:24:05,declined,0,1,P08
4494c39353712370,071280a45ec9,6b91def337a2,Bihar,5208,2024-03-19T00:06:21,2024-03-19T00:14:35,declined,0,1,P08
4416f1c9b1a33c9a,071280a45ec9,2b8f7a6b7e01,Delhi,12372,2024-03-19T00:10:32,2024-03-19T00:28:21,declined,0,1,P08
660ed411307ef90f,071280a45ec9,64043f538960,Uttar Pradesh,3766,2024-03-19T00:11:22,2024-03-19T00:39:21,declined,0,1,P08
6331a5a46b4c72d2,071280a45ec9,2e78773a0686,Bihar,4328,2024-03-19T00:15:19,2024-03-19T00:37:26,declined,0,1,P08
62959b0a278a6f74,071280a45ec9,031f31bd4363,Maharashtra,11018,2024-03-19T00:15:58,2024-03-19T00:38:36,declined,0,1,P08
7969735ce555b788,071280a45ec9,49e9abbb482a,Rajasthan,6111,2024-03-19T00:16:32,2024-03-19T00:46:32,expired,0,1,P08
4d7078903123be2e,071280a45ec9,6636f8cb9b6d,Bihar,8232,2024-03-19T00:18:18,2024-03-19T00:38:57,declined,0,1,P08
6fc3f3286298a86f,7d493d48b208,6c897aee6ee7,Delhi,738,2024-03-19T00:19:45,2024-03-19T00:28:44,approved,1,0,
377eb95a24ef970a,071280a45ec9,4ce4c3cb40f4,Kerala,9644,2024-03-19T00:28:48,2024-03-19T00:33:09,declined,0,1,P08
35509190bd590757,3a6d68f3644e,09929127b3b4,Gujarat,1684,2024-03-19T00:28:51,2024-03-19T00:37:28,approved,1,0,
6c37a32a9069310a,071280a45ec9,4b368841617f,Maharashtra,7390,2024-03-19T00:33:21,2024-03-19T01:03:21,expired,0,1,P08
48cf10223e4ca317,071280a45ec9,1224d4bef903,Karnataka,12929,2024-03-19T00:33:27,2024-03-19T00:37:39,declined,0,1,P08
66c872444145ad77,071280a45ec9,3ed02c7f98d6,West Bengal,8114,2024-03-19T00:33:40,2024-03-19T00:36:46,declined,0,1,P08
02bc13663a30502e,071280a45ec9,6ee31ea731ae,Bihar,4641,2024-03-19T00:37:42,2024-03-19T00:44:17,declined,0,1,P08
7e9021515625572a,071280a45ec9,728910181b3e,Bihar,8242,2024-03-19T00:37:51,2024-03-19T00:57:06,declined,0,1,P08
269c0e3fe06fdba3,071280a45ec9,7d614141c7ac,Bihar,4182,2024-03-19T00:39:38,2024-03-19T01:02:57,declined,0,1,P08
737f234ff3d3b1aa,071280a45ec9,72af92b8d847,Rajasthan,5109,2024-03-19T00:39:41,2024-03-19T00:54:12,declined,0,1,P08
1a475f113c18ab3b,071280a45ec9,2dc2496456d1,Telangana,7904,2024-03-19T00:48:17,2024-03-19T01:15:41,declined,0,1,P08
28217841e6f20b17,071280a45ec9,25ff914ac2ec,Bihar,4038,2024-03-19T00:50:46,2024-03-19T00:54:12,approved,0,1,P08
786a7cd4d58a7c6f,071280a45ec9,4bfbb68f2d3e,Uttar Pradesh,9302,2024-03-19T00:52:54,2024-03-19T01:06:30,approved,0,1,P08
07e33f8d8bf0a6dd,071280a45ec9,05bf92360573,Karnataka,3777,2024-03-19T00:53:02,2024-03-19T01:04:20,declined,0,1,P08
6b243fd108f28f17,071280a45ec9,3872c234e328,Gujarat,5657,2024-03-19T00:57:58,2024-03-19T01:17:31,declined,0,1,P08
252cc95e24899765,071280a45ec9,162e18380e74,Tamil Nadu,2799,2024-03-19T01:01:45,2024-03-19T01:31:45,expired,0,1,P08
238140aa3a917754,071280a45ec9,377a7f762db7,Bihar,4592,2024-03-19T01:01:53,2024-03-19T01:20:29,declined,0,1,P08
75b67ad2de039e41,0f0510686293,6779730d7a4f,Rajasthan,279,2024-03-19T01:15:57,2024-03-19T01:27:10,approved,1,0,
3ae084e40d780f76,6646fee30506,6c23c4ec1c9b,Telangana,1599,2024-03-19T01:35:14,2024-03-19T01:51:06,approved,1,0,
2f0a29135eedead2,216f11aafe2f,4a819acd7e9c,Telangana,1420,2024-03-19T01:40:52,2024-03-19T01:52:18,approved,0,0,
162fb0379a9fc5ea,2b7ae5050a4d,2edef47218b3,Karnataka,334,2024-03-19T02:52:10,2024-03-19T03:03:51,approved,1,0,
27885172dc65dfda,634690700829,4f169ac57335,West Bengal,439,2024-03-19T03:36:01,2024-03-19T03:44:28,approved,1,0,
1444fa564f036262,22ea49616c97,29b9eebcbf6a,Maharashtra,438,2024-03-19T04:03:59,2024-03-19T04:20:32,approved,1,0,
0c795f4a149bd8ca,673acd5d1161,1b430ca7d301,Kerala,2081,2024-03-19T04:50:21,2024-03-19T04:56:20,approved,1,0,
6d5eb5a038271f02,3850ccda117d,3173fefc2d44,Delhi,5000,2024-03-19T04:52:53,2024-03-19T05:22:53,expired,0,1,P09
59a3ee0230c9508d,3850ccda117d,7253156df1bc,Haryana,10635,2024-03-19T04:53:20,2024-03-19T04:55:14,declined,0,1,P09
692ce29b43301655,3850ccda117d,6d0555a37630,Haryana,4907,2024-03-19T04:53:56,2024-03-19T05:17:13,declined,0,1,P09
48590c202876087e,3850ccda117d,38797d9cb708,Tamil Nadu,14041,2024-03-19T04:55:24,2024-03-19T05:25:24,expired,0,1,P09
7a50a752c523d2a9,3850ccda117d,51881d6a25b8,Uttar Pradesh,11620,2024-03-19T04:57:11,2024-03-19T05:08:05,declined,0,1,P09
5274146d36a26bc8,3850ccda117d,2a8e5423d7f1,Maharashtra,18234,2024-03-19T05:01:10,2024-03-19T05:31:10,expired,0,1,P09
3302cb291e3e5ff4,3850ccda117d,62ba88475838,Haryana,12051,2024-03-19T05:02:57,2024-03-19T05:31:32,declined,0,1,P09
17bb4f4915e7e743,3850ccda117d,478a252092f3,Karnataka,3950,2024-03-19T05:04:33,2024-03-19T05:19:06,declined,0,1,P09
2c2fc5fcf24e20fa,3850ccda117d,001bcf36194b,Haryana,10888,2024-03-19T05:06:15,2024-03-19T05:31:21,declined,0,1,P09
7a72f5e3750de330,3850ccda117d,711b9ec45f4f,Tamil Nadu,10178,2024-03-19T05:12:01,2024-03-19T05:41:00,declined,0,1,P09
1047129b5d1c38e0,3850ccda117d,377a7f762db7,Bihar,18231,2024-03-19T05:17:43,2024-03-19T05:31:15,declined,0,1,P09
4da39491893fbfa9,3850ccda117d,1b4c272e3880,Gujarat,13401,2024-03-19T05:18:26,2024-03-19T05:48:26,expired,0,1,P09
672a3fa712d80eb2,3850ccda117d,04c419226b2c,Haryana,3232,2024-03-19T05:25:51,2024-03-19T05:39:16,declined,0,1,P09
39bded2e2c3963cc,3850ccda117d,18c8595d7212,Tamil Nadu,11888,2024-03-19T05:28:23,2024-03-19T05:55:44,declined,0,1,P09
3ba189d59e7f0be1,3a6d68f3644e,78c45b2861a4,Rajasthan,861,2024-03-19T05:30:08,2024-03-19T05:39:38,approved,1,0,
5d3d4afc2315119b,3850ccda117d,70b160f33dea,Gujarat,12678,2024-03-19T05:33:08,2024-03-19T05:38:23,approved,0,1,P09
795f23de8b9a5c2b,3850ccda117d,36c4956e4b29,Rajasthan,3834,2024-03-19T05:34:11,2024-03-19T05:42:41,declined,0,1,P09
19bbd6b6ea2634a8,3850ccda117d,56d320115614,Maharashtra,7503,2024-03-19T05:36:13,2024-03-19T06:06:13,expired,0,1,P09
0d75c4db3f6fb0bd,3850ccda117d,1f0933b58428,Haryana,5046,2024-03-19T05:44:37,2024-03-19T06:14:37,expired,0,1,P09
5e9a34477d237aca,3850ccda117d,62ca258ba0b1,Uttar Pradesh,6187,2024-03-19T05:45:37,2024-03-19T06:04:30,declined,0,1,P09
7019029f8e8b211d,3850ccda117d,1aedee0f4a2d,Karnataka,10555,2024-03-19T05:48:18,2024-03-19T06:18:18,expired,0,1,P09
7b11068144fefff2,3850ccda117d,11a8f0146d88,Bihar,2497,2024-03-19T05:52:01,2024-03-19T06:22:01,expired,0,1,P09
76df7f74cbd4ca5b,216f11aafe2f,03d20ddde0ce,Telangana,486,2024-03-19T05:54:46,2024-03-19T06:24:46,expired,0,0,
7d53da7a012b5276,3850ccda117d,1569a54a9732,Telangana,14077,2024-03-19T05:55:05,2024-03-19T05:56:11,declined,0,1,P09
3e86957a3d3d756e,3850ccda117d,38ea1ddf5755,Haryana,4685,2024-03-19T05:55:31,2024-03-19T06:03:33,declined,0,1,P09
1480a3df944cddb0,3850ccda117d,664b5f595bc3,Kerala,5045,2024-03-19T05:57:09,2024-03-19T06:07:39,declined,0,1,P09
390c8f16b1a9e21d,3850ccda117d,27c230dde801,Delhi,12662,2024-03-19T06:02:29,2024-03-19T06:26:10,declined,0,1,P09
04bf3bfb4169a251,3850ccda117d,0ef288c45449,West Bengal,9943,2024-03-19T06:09:51,2024-03-19T06:34:19,declined,0,1,P09
33ebd937181cfeab,3850ccda117d,6812bd163e6a,Telangana,14249,2024-03-19T06:10:01,2024-03-19T06:40:01,expired,0,1,P09
7fc5cfc97b892148,3850ccda117d,17324602fa51,Telangana,2107,2024-03-19T06:17:04,2024-03-19T06:43:01,declined,0,1,P09
2648878fa828ad9e,3850ccda117d,163815395f93,Karnataka,8158,2024-03-19T06:36:08,2024-03-19T06:50:02,declined,0,1,P09
57988de06737118a,3850ccda117d,393b0ae6cfee,Karnataka,13202,2024-03-19T06:37:18,2024-03-19T07:07:18,expired,0,1,P09
18acfbfee1aa2187,3850ccda117d,1951b14ba293,Haryana,3734,2024-03-19T06:39:29,2024-03-19T06:54:06,declined,0,1,P09
22f263695f8558c3,3850ccda117d,39cdaadbba96,Rajasthan,5670,2024-03-19T06:40:09,2024-03-19T06:58:35,declined,0,1,P09
6dacbe868a8af5b5,3850ccda117d,1cd661a72cc4,Maharashtra,8566,2024-03-19T06:43:33,2024-03-19T06:53:52,declined,0,1,P09
48843c8a05d4ff88,3850ccda117d,5a91aebc5787,West Bengal,6737,2024-03-19T06:44:19,2024-03-19T07:14:19,expired,0,1,P09
533f7af6fd942044,3850ccda117d,2a6490535bfc,Karnataka,17052,2024-03-19T06:48:44,2024-03-19T07:01:02,declined,0,1,P09
64dbdcdfc6fae915,3850ccda117d,61e6980262b6,Bihar,8353,2024-03-19T06:57:12,2024-03-19T07:08:24,declined,0,1,P09
4f4a2298dae1dc93,3850ccda117d,171d1456cb97,Haryana,3428,2024-03-19T06:57:42,2024-03-19T07:27:42,expired,0,1,P09
336e2866edcfc8dd,3850ccda117d,6a2c0aae1d64,Maharashtra,5259,2024-03-19T07:00:36,2024-03-19T07:08:30,declined,0,1,P09
37c1aaaa64b98bf7,3850ccda117d,338cd16e0967,Gujarat,5468,2024-03-19T07:01:30,2024-03-19T07:31:05,declined,0,1,P09
14cea40fbb68bdbe,3850ccda117d,090ddcaeae09,Delhi,3195,2024-03-19T07:05:02,2024-03-19T07:13:42,declined,0,1,P09
18f570122b34d98a,35ed52508031,2c256f4206fa,Rajasthan,2850,2024-03-19T07:05:14,2024-03-19T07:17:28,approved,1,0,
22ee9d4f68e11122,3850ccda117d,2810c3560356,Rajasthan,4234,2024-03-19T07:07:29,2024-03-19T07:35:01,declined,0,1,P09
6e5d9e8b600d39c2,3850ccda117d,1436303efc66,West Bengal,6475,2024-03-19T07:08:25,2024-03-19T07:22:44,declined,0,1,P09
555e9466cc0d5db8,107ff2ac18f1,1c5fd53e4208,Telangana,502,2024-03-19T07:11:46,2024-03-19T07:21:30,approved,1,0,
0806ea6d5aa83679,3850ccda117d,64cc57eef933,Bihar,12328,2024-03-19T07:12:36,2024-03-19T07:13:03,declined,0,1,P09
6012fd7cd611e3b0,3850ccda117d,6e0fe706b6bd,Karnataka,16893,2024-03-19T07:12:54,2024-03-19T07:42:54,expired,0,1,P09
2bec6123b7af11d3,3850ccda117d,2f1b121a2bcd,Rajasthan,7887,2024-03-19T07:16:33,2024-03-19T07:17:34,approved,0,1,P09
61e377b8279db78a,3850ccda117d,1363317ba24f,Karnataka,2988,2024-03-19T07:20:16,2024-03-19T07:50:16,expired,0,1,P09
369249ff4e3f3840,1318e3fa6d29,420aad63ce35,Telangana,334,2024-03-19T07:23:38,2024-03-19T07:31:20,approved,1,0,
3f9f477f1d68ba53,3850ccda117d,3133ef06ebe7,Karnataka,10596,2024-03-19T07:31:17,2024-03-19T08:01:17,expired,0,1,P09
0a65661c257d0404,3850ccda117d,7a1a884aec7c,West Bengal,9899,2024-03-19T07:32:23,2024-03-19T07:54:34,declined,0,1,P09
5c5857ab5270cd26,3850ccda117d,5dbac4813835,Tamil Nadu,7897,2024-03-19T07:32:25,2024-03-19T07:41:23,declined,0,1,P09
5e07cdf06e963cb2,3850ccda117d,10f4bedef350,Maharashtra,5134,2024-03-19T07:32:37,2024-03-19T08:02:37,expired,0,1,P09
11d1dceef2e6a347,3850ccda117d,4f2af33cb20d,Bihar,5657,2024-03-19T07:32:55,2024-03-19T08:02:55,expired,0,1,P09
5fa9bb98bfec12ab,3850ccda117d,38398d953b30,Tamil Nadu,11739,2024-03-19T07:34:38,2024-03-19T07:55:25,declined,0,1,P09
6149cd17f1abf114,3850ccda117d,59d776ec0c30,Delhi,10873,2024-03-19T07:39:14,2024-03-19T07:54:51,declined,0,1,P09
13f2f215f58887ad,3850ccda117d,556954d6bef2,Gujarat,7385,2024-03-19T07:40:33,2024-03-19T08:10:33,expired,0,1,P09
5dadbd5e91c02890,7d81c905f4c1,1b12a3f6a32f,Maharashtra,2270,2024-03-19T07:41:19,2024-03-19T07:45:05,approved,1,0,
4d6c14df5c5a22fe,3850ccda117d,47fee6cd853e,Telangana,5135,2024-03-19T07:41:58,2024-03-19T08:11:58,expired,0,1,P09
08beddbb71925f72,4c6b531ee064,174b1b4203ab,Telangana,1421,2024-03-19T07:42:49,2024-03-19T07:58:11,approved,1,0,
722d8cf998e4fd3b,0cce3dbda79d,4f2af33cb20d,Bihar,202,2024-03-19T07:43:41,2024-03-19T07:58:34,approved,0,0,
4c54e83e4f56067e,3850ccda117d,09a3fe568bc0,Kerala,11062,2024-03-19T07:44:17,2024-03-19T08:14:17,expired,0,1,P09
5139e9cb6441abe2,3850ccda117d,705269b28271,Delhi,25000,2024-03-19T07:53:51,2024-03-19T07:54:32,declined,0,1,P09
440ff22892d174d1,6d33a7293228,7ba7758b51d6,Kerala,364,2024-03-19T07:54:36,2024-03-19T08:03:11,approved,1,0,
14321c8d2cda6313,3850ccda117d,5de77854e772,Telangana,7942,2024-03-19T07:55:15,2024-03-19T08:25:15,expired,0,1,P09
7804eefe3bb15851,3850ccda117d,29b2b656bf11,Tamil Nadu,5753,2024-03-19T08:01:33,2024-03-19T08:13:00,approved,0,1,P09
52b57815f49612a2,3850ccda117d,1e9750ba02be,Maharashtra,4281,2024-03-19T08:03:31,2024-03-19T08:33:31,expired,0,1,P09
5d73becd6c7f6d5f,48e58d7747c6,5a848d5624d1,Delhi,1085,2024-03-19T08:05:16,2024-03-19T08:09:33,approved,1,0,
55412ad096252e2f,6a2b9baa3e4a,5ba342d759e5,Kerala,835,2024-03-19T08:05:26,2024-03-19T08:10:10,approved,1,0,
15ca7b0dca3077af,09f6cd55cca3,3d7254f8ec22,Delhi,1825,2024-03-19T08:08:58,2024-03-19T08:21:41,approved,1,0,
7f668161be321cbd,3850ccda117d,54db134f8bf9,Bihar,6511,2024-03-19T08:12:24,2024-03-19T08:42:24,expired,0,1,P09
2b0af5ceffa931f3,3850ccda117d,486dac0e5fc9,Karnataka,13144,2024-03-19T08:13:08,2024-03-19T08:30:47,approved,0,1,P09
237e80044cf240d4,3850ccda117d,198e7a442081,Rajasthan,3277,2024-03-19T08:16:32,2024-03-19T08:32:00,declined,0,1,P09
7e8c71b8386afbcb,67a0390930e5,7462b27d852a,Kerala,549,2024-03-19T08:24:58,2024-03-19T08:39:52,approved,1,0,
68d9bd428d94b733,3850ccda117d,1ed33f93a4bb,Haryana,7424,2024-03-19T08:28:04,2024-03-19T08:37:41,declined,0,1,P09
05597a15e09865e7,3850ccda117d,58eb025c15b9,Maharashtra,18781,2024-03-19T08:28:13,2024-03-19T08:51:07,declined,0,1,P09
4c68623fdd98e459,3850ccda117d,14bd6acfe866,Haryana,6370,2024-03-19T08:29:18,2024-03-19T08:41:56,declined,0,1,P09
2458774ad7e01041,3850ccda117d,151451a15c0b,Haryana,16328,2024-03-19T08:29:46,2024-03-19T08:35:21,declined,0,1,P09
36a2d312e78a0fe6,45d11774ab5d,66fe9453f3f0,Tamil Nadu,1863,2024-03-19T08:31:50,2024-03-19T09:01:50,expired,0,0,
3fd2755e66b6b52f,3850ccda117d,613965c351b4,Kerala,6352,2024-03-19T08:35:15,2024-03-19T08:45:43,approved,0,1,P09
3a065a451de7685f,3850ccda117d,3985402a6e79,Uttar Pradesh,5438,2024-03-19T08:35:46,2024-03-19T08:44:25,declined,0,1,P09
276850126724850f,39dc63eef666,333f3b44cbb6,Uttar Pradesh,660,2024-03-19T08:35:59,2024-03-19T08:42:59,approved,1,0,
42182856f2d09e4c,09805b931ea6,03798c9c9405,Haryana,985,2024-03-19T08:37:01,2024-03-19T08:44:18,approved,1,0,
29ab65bdb2adb9d6,3850ccda117d,209a037549dc,Kerala,14354,2024-03-19T08:37:52,2024-03-19T08:46:05,declined,0,1,P09
2d37b8b75255085a,7d81c905f4c1,23af8bfab135,Bihar,868,2024-03-19T08:37:58,2024-03-19T08:47:29,approved,1,0,
294f8209ab477f9a,107ff2ac18f1,24e40ad9271e,Delhi,257,2024-03-19T08:38:00,2024-03-19T08:40:35,approved,1,0,
0af927e90ac2c7a8,3850ccda117d,676fda8bc4e3,Telangana,14392,2024-03-19T08:38:55,2024-03-19T08:39:39,declined,0,1,P09
798514134797d08c,3850ccda117d,57498e98e27c,Uttar Pradesh,7241,2024-03-19T08:39:29,2024-03-19T09:09:29,expired,0,1,P09
7bf5cfc3f57c3fad,3850ccda117d,7a1b7eb82640,Haryana,2000,2024-03-19T08:39:30,2024-03-19T09:09:30,expired,0,1,P09
2c27c2611887af74,6a706675422c,744c7f951a4b,Kerala,2438,2024-03-19T08:40:40,2024-03-19T08:47:21,approved,0,0,
6e7dc5dc2a8998d7,3850ccda117d,588cecabc230,Delhi,8381,2024-03-19T08:42:19,2024-03-19T08:48:44,declined,0,1,P09
39ed25ffd3d0a81b,3850ccda117d,2161d2048583,West Bengal,5174,2024-03-19T08:43:37,2024-03-19T08:50:56,declined,0,1,P09
67c2b4c2fd95e8eb,3850ccda117d,21b791798115,Uttar Pradesh,3174,2024-03-19T08:47:37,2024-03-19T09:05:28,declined,0,1,P09
30414857c3b91b32,09805b931ea6,4acd831e964f,Delhi,4293,2024-03-19T08:47:39,2024-03-19T09:00:50,approved,1,0,
23e6ca2cccadc505,3850ccda117d,7444d8623c0b,Haryana,5804,2024-03-19T08:49:49,2024-03-19T09:07:10,declined,0,1,P09
5450c4a508e06210,216f11aafe2f,4ff7e5b238d9,Uttar Pradesh,5711,2024-03-19T08:50:02,2024-03-19T08:55:26,declined,0,0,
3ba3dc3015e2ca10,1318e3fa6d29,31244eee90d8,Telangana,323,2024-03-19T08:51:36,2024-03-19T09:02:04,approved,1,0,
7eb34c766b82bf9b,3850ccda117d,55a93be32c88,Gujarat,5433,2024-03-19T08:51:49,2024-03-19T09:00:51,declined,0,1,P09
1e575d7a5d40e97f,3850ccda117d,26a44041f125,Rajasthan,6070,2024-03-19T08:53:32,2024-03-19T08:56:05,declined,0,1,P09
4562e5acbd0a9c3b,3850ccda117d,3fd73deb5a47,Bihar,5449,2024-03-19T08:57:29,2024-03-19T09:27:29,expired,0,1,P09
4ae451240525dc5f,3850ccda117d,1630fc854017,Gujarat,11569,2024-03-19T09:00:39,2024-03-19T09:27:22,declined,0,1,P09
64ff42f07d8809ec,3850ccda117d,4362ce0aaf79,Karnataka,5263,2024-03-19T09:01:42,2024-03-19T09:29:06,declined,0,1,P09
54fe2ac8e461feff,3850ccda117d,0fcd3d5a46ec,Kerala,10378,2024-03-19T09:02:44,2024-03-19T09:22:56,declined,0,1,P09
04f77941fa4e98d0,3850ccda117d,2ba2e5291a99,Kerala,4042,2024-03-19T09:04:59,2024-03-19T09:08:57,declined,0,1,P09
3c7760717df18747,2baf4e7593de,14d9ee4aeb22,Gujarat,541,2024-03-19T09:05:04,2024-03-19T09:15:17,approved,1,0,
14e7725ed36bc114,3850ccda117d,33abdbab511e,Tamil Nadu,2694,2024-03-19T09:05:14,2024-03-19T09:06:22,declined,0,1,P09
73729731afb28205,3850ccda117d,193daf59afe7,Tamil Nadu,20181,2024-03-19T09:07:56,2024-03-19T09:16:48,declined,0,1,P09
6704b0e05d97a15f,6d33a7293228,0cc3f673215d,Uttar Pradesh,464,2024-03-19T09:08:56,2024-03-19T09:17:30,approved,1,0,
7d2816ce85ab46e6,7d81c905f4c1,5b61d8b55196,Bihar,701,2024-03-19T09:13:31,2024-03-19T09:43:31,expired,1,0,
24c1a20207172bb2,3850ccda117d,22d6a2fe01b6,Haryana,12986,2024-03-19T09:17:01,2024-03-19T09:30:14,declined,0,1,P09
06d37cc88709661b,6e836fcd1e4d,38b996a82ba6,Gujarat,1556,2024-03-19T09:17:48,2024-03-19T09:33:21,approved,0,0,
790f5925c50f97c9,0f0510686293,24c4c523f1ef,Delhi,313,2024-03-19T09:18:35,2024-03-19T09:21:56,approved,1,0,
7260ee021e2f7b0b,3850ccda117d,6f5de8ba7ee4,West Bengal,4194,2024-03-19T09:22:33,2024-03-19T09:52:33,expired,0,1,P09
5a11dbf44871b638,3850ccda117d,588cecabc230,Delhi,5464,2024-03-19T09:24:53,2024-03-19T09:36:01,declined,0,1,P09
7ca86a3d5a1b8fee,6a706675422c,0686c7f7298c,Rajasthan,1005,2024-03-19T09:25:06,2024-03-19T09:55:06,expired,0,0,
5cac409967e40726,3850ccda117d,78c8afa20c2f,Delhi,4489,2024-03-19T09:25:09,2024-03-19T09:32:09,declined,0,1,P09
379646fa90184ef3,19a849472d1b,4ddb8a3a7a8d,Maharashtra,3247,2024-03-19T09:27:02,2024-03-19T09:57:02,expired,1,0,
621d22c2be0cddba,39dc63eef666,7e6f42290538,Karnataka,393,2024-03-19T09:27:34,2024-03-19T09:42:39,approved,1,0,
34cad4cd63219c0c,45d11774ab5d,63b0642043bf,West Bengal,3653,2024-03-19T09:32:34,2024-03-19T09:48:57,approved,0,0,
5bb2d851f7660ebe,4c6b531ee064,0f01fc1de60a,Delhi,960,2024-03-19T09:32:44,2024-03-19T09:47:11,approved,1,0,
7c814fa9ee43c239,6e73719779d9,7b317bc44648,Rajasthan,3659,2024-03-19T09:33:15,2024-03-19T09:57:00,declined,0,0,
0d1cc99affe90289,7b8a68c1ae9c,623fe9c4c8b6,Gujarat,1163,2024-03-19T09:36:12,2024-03-19T09:43:58,approved,1,0,
581a417de6e1a62a,694d71c69d67,4d62ca339a6f,West Bengal,1218,2024-03-19T09:36:35,2024-03-19T09:56:18,approved,1,0,
3bbd836aeab58b95,6646fee30506,427df14a6e11,Telangana,988,2024-03-19T09:37:05,2024-03-19T09:41:51,approved,1,0,
1d3bb68e5951ca79,634690700829,6e8b54dd6233,West Bengal,251,2024-03-19T09:37:05,2024-03-19T09:52:56,approved,1,0,
088986354184a5fa,0176a1a01f10,3bbb6e40753f,Haryana,1068,2024-03-19T09:37:18,2024-03-19T10:07:18,expired,1,0,
507a445e18e9a8fc,0f0510686293,18a57c1c6a55,Uttar Pradesh,465,2024-03-19T09:38:54,2024-03-19T09:42:45,approved,1,0,
7003d972fcd918a2,6a2b9baa3e4a,6da07ecfdaf9,Maharashtra,518,2024-03-19T09:39:04,2024-03-19T09:46:23,approved,1,0,
40c38450ed18a86a,216f11aafe2f,77d33da51c7a,Karnataka,1054,2024-03-19T09:39:22,2024-03-19T09:45:36,approved,0,0,
4ad48adb9e8052ee,3850ccda117d,1000d5926bb4,Telangana,8070,2024-03-19T09:39:22,2024-03-19T10:09:22,expired,0,1,P09
10eb4821f2ca3c38,3850ccda117d,6c86539ac535,Telangana,3046,2024-03-19T09:41:49,2024-03-19T10:05:22,declined,0,1,P09
583b1761e6a98f5b,3850ccda117d,428f5f551f89,Uttar Pradesh,25000,2024-03-19T09:42:59,2024-03-19T10:12:59,expired,0,1,P09
6109935e90a3e248,7d493d48b208,79295d24da0b,Rajasthan,965,2024-03-19T09:44:01,2024-03-19T09:47:04,approved,1,0,
2d88e8cc189b9323,3850ccda117d,1d0c5c94b00f,Karnataka,5298,2024-03-19T09:46:47,2024-03-19T10:08:56,declined,0,1,P09
43404fcc8f538882,4818964bb9e3,74954eaac651,Gujarat,783,2024-03-19T09:48:26,2024-03-19T09:59:57,approved,1,0,
2cb9b7178136949c,3850ccda117d,32bdccbe91de,Rajasthan,5911,2024-03-19T09:51:10,2024-03-19T10:01:20,declined,0,1,P09
209a8f34ef14c31c,3850ccda117d,7b771a062f61,Tamil Nadu,3973,2024-03-19T09:52:18,2024-03-19T10:00:35,declined,0,1,P09
5b867beafde2a8b5,6e836fcd1e4d,3b7f17a54fa6,Haryana,541,2024-03-19T09:52:33,2024-03-19T09:58:47,approved,0,0,
6cd15867f6ee2e96,3850ccda117d,6746f7fcb367,Telangana,4724,2024-03-19T09:53:02,2024-03-19T10:23:02,expired,0,1,P09
0e7e9053cdbff0d5,30595689af87,37cee5b377cb,Maharashtra,4498,2024-03-19T09:54:32,2024-03-19T10:02:28,approved,1,0,
4738eee402bc2afd,0cce3dbda79d,1c5fd53e4208,Telangana,2997,2024-03-19T09:56:01,2024-03-19T10:07:14,approved,0,0,
48e0b90daca7c95a,0176a1a01f10,0fb4644a87e3,Tamil Nadu,399,2024-03-19T09:56:37,2024-03-19T10:06:25,approved,1,0,
337c46a90dbb491f,3850ccda117d,5a0ee731e2fe,Telangana,4549,2024-03-19T09:58:03,2024-03-19T10:19:02,declined,0,1,P09
7e982df8dc1a9983,67a0390930e5,490af34ec504,Bihar,436,2024-03-19T09:59:48,2024-03-19T10:11:32,approved,1,0,
0adbdedd616613cd,0f0510686293,5cda20a9b285,Telangana,1036,2024-03-19T10:02:24,2024-03-19T10:06:21,approved,1,0,
35f92c22b9db3367,51e266317647,1f075a6096a9,Haryana,436,2024-03-19T10:03:10,2024-03-19T10:33:10,expired,1,0,
2f356cf216015b31,1e30aaf5adb8,3c2d4818d438,Maharashtra,455,2024-03-19T10:06:48,2024-03-19T10:08:53,approved,1,0,
66fd9a25cea753e3,3850ccda117d,32adf6170254,Gujarat,12119,2024-03-19T10:08:38,2024-03-19T10:34:47,declined,0,1,P09
138098f9a18fc19b,7b8a68c1ae9c,301010a20e8f,Telangana,5547,2024-03-19T10:10:25,2024-03-19T10:21:43,approved,1,0,
6cef325b368c0160,2569a0f51294,2fbd72b464e8,Kerala,730,2024-03-19T10:11:55,2024-03-19T10:27:56,approved,1,0,
01e3e85e4cfcf624,2569a0f51294,5e444a4418b4,Tamil Nadu,1597,2024-03-19T10:12:25,2024-03-19T10:28:52,approved,1,0,
295e5733c2c7985f,6646fee30506,08ffeab5798a,Maharashtra,1275,2024-03-19T10:12:26,2024-03-19T10:42:26,expired,1,0,
7f8d8706e6965113,107ff2ac18f1,62eb838b4a35,Rajasthan,489,2024-03-19T10:15:18,2024-03-19T10:17:36,approved,1,0,
68acd7eda95ee01f,4818964bb9e3,11630528f61d,Haryana,348,2024-03-19T10:16:43,2024-03-19T10:18:04,approved,1,0,
3ef2c4164b2c9016,0f0510686293,47b3b145da58,Rajasthan,468,2024-03-19T10:16:59,2024-03-19T10:32:21,approved,1,0,
56f7b1ab57699dc0,7d81c905f4c1,20d267899b52,Tamil Nadu,679,2024-03-19T10:17:01,2024-03-19T10:24:13,approved,1,0,
22286d8cf6fb0cae,3850ccda117d,2af12a179a20,Delhi,17126,2024-03-19T10:17:01,2024-03-19T10:22:26,approved,0,1,P09
1e078b76c2409d6e,216f11aafe2f,4e4ce3ee42e0,Telangana,92,2024-03-19T10:17:30,2024-03-19T10:30:06,approved,0,0,
4b6612decb516378,3850ccda117d,57e63824922d,Rajasthan,10278,2024-03-19T10:17:37,2024-03-19T10:21:23,declined,0,1,P09
166fb6d282941a66,4c6b531ee064,6d622564d8c5,Haryana,2365,2024-03-19T10:19:03,2024-03-19T10:31:58,approved,1,0,
6c5927c8beb7350b,3850ccda117d,4d898ddd1a0e,Haryana,5082,2024-03-19T10:23:19,2024-03-19T10:30:36,approved,0,1,P09
7f3a56a5963dfae2,3850ccda117d,0898fdb4f18a,Tamil Nadu,6006,2024-03-19T10:24:17,2024-03-19T10:51:27,declined,0,1,P09
007d4c307f047eab,34994a8b60cd,6a03ff6a5b0a,Bihar,1147,2024-03-19T10:27:06,2024-03-19T10:46:09,approved,0,0,
458230057387a34a,3850ccda117d,2edef47218b3,Karnataka,5240,2024-03-19T10:27:13,2024-03-19T10:57:13,expired,0,1,P09
6bbfcfaf87ba1be1,3850ccda117d,66271f77a3b2,Telangana,3991,2024-03-19T10:27:45,2024-03-19T10:40:25,declined,0,1,P09
4ec499946ab89b02,3850ccda117d,75e624ffb4ac,Haryana,25000,2024-03-19T10:27:45,2024-03-19T10:48:28,declined,0,1,P09
11b8e59605551f8d,0cce3dbda79d,6d8c2e166368,Rajasthan,4827,2024-03-19T10:29:24,2024-03-19T10:45:38,declined,0,0,
10696ab0511664e5,0511fee882e4,0473f4881c28,Telangana,1079,2024-03-19T10:30:37,2024-03-19T11:00:37,expired,1,0,
6fdae56c886bd211,3850ccda117d,5cda20a9b285,Telangana,11331,2024-03-19T10:33:02,2024-03-19T11:01:29,declined,0,1,P09
57485382ce2f417c,48f26f133a7b,17d0626f3361,Uttar Pradesh,447,2024-03-19T10:34:19,2024-03-19T10:52:12,approved,1,0,
129ea0b495be403b,216f11aafe2f,4868ae3765eb,Gujarat,337,2024-03-19T10:34:47,2024-03-19T10:52:26,declined,0,0,
4268eea6d4d50779,0176a1a01f10,3582e8363d8f,West Bengal,1192,2024-03-19T10:36:09,2024-03-19T10:41:51,approved,1,0,
72c5dd0f758d1534,60a547ae6f0e,17ead6f46a6e,Bihar,647,2024-03-19T10:38:23,2024-03-19T10:57:52,approved,1,0,
3c25e9a5e452fa62,634690700829,5ba879f7c5ac,Uttar Pradesh,467,2024-03-19T10:39:09,2024-03-19T10:45:55,approved,1,0,
672f9b6733890b8e,3850ccda117d,36b6fb875d8b,Haryana,8840,2024-03-19T10:41:16,2024-03-19T11:11:16,expired,0,1,P09
712bd52fa2f62b55,3850ccda117d,67707c9b0dee,Bihar,4484,2024-03-19T10:42:12,2024-03-19T10:51:04,declined,0,1,P09
5012f34ac67831e5,3850ccda117d,1222042561bd,Gujarat,8938,2024-03-19T10:42:29,2024-03-19T10:57:02,declined,0,1,P09
3c80ed03f6370c41,09f6cd55cca3,2477fe311f87,Bihar,2210,2024-03-19T10:44:49,2024-03-19T11:01:32,approved,1,0,
16cca0ef5fb13f27,09f6cd55cca3,042af0848a53,Kerala,2545,2024-03-19T10:45:10,2024-03-19T11:04:28,approved,1,0,
74c2727f4e040e9b,1318e3fa6d29,526206097d37,Gujarat,729,2024-03-19T10:49:26,2024-03-19T10:55:37,approved,1,0,
5b5af67f772593bb,513484923021,0cb5990af101,Bihar,510,2024-03-19T10:51:27,2024-03-19T11:05:35,approved,1,0,
5d6aa33ba2771069,6d33a7293228,3e50f5f8de94,Telangana,415,2024-03-19T10:52:56,2024-03-19T10:54:25,approved,1,0,
2d812a3889d2e34b,30595689af87,2a938f5350f3,Tamil Nadu,2172,2024-03-19T10:53:03,2024-03-19T11:23:03,expired,1,0,
4a5744e0b40fefca,3850ccda117d,24c4cfe8229a,Rajasthan,4687,2024-03-19T11:01:08,2024-03-19T11:19:03,declined,0,1,P09
681e89e76e0493f7,7b99521e8d62,0e460aa1d8d6,Delhi,1388,2024-03-19T11:01:20,2024-03-19T11:19:34,approved,1,0,
626dfac8d5e6e3ef,3850ccda117d,135edcbf63d4,Telangana,11214,2024-03-19T11:03:42,2024-03-19T11:29:50,declined,0,1,P09
1967f95bc08a1052,3850ccda117d,3127e9a8d570,Gujarat,18383,2024-03-19T11:05:02,2024-03-19T11:35:02,expired,0,1,P09
3205ea9f35c17fcd,3850ccda117d,30c525fc1def,Uttar Pradesh,9816,2024-03-19T11:05:38,2024-03-19T11:11:11,declined,0,1,P09
5a55237bbae3fcf2,0511fee882e4,3ee793d5f08b,Haryana,1319,2024-03-19T11:08:58,2024-03-19T11:19:13,approved,1,0,
6de041aedb929227,7b8a68c1ae9c,7971e0ca9fc1,West Bengal,4986,2024-03-19T11:09:08,2024-03-19T11:17:48,approved,1,0,
59c905070b83c722,3850ccda117d,098d6afc4692,Gujarat,16458,2024-03-19T11:10:19,2024-03-19T11:21:29,declined,0,1,P09
719790e817df8cf6,7b8a68c1ae9c,30b6ba3ed291,Kerala,2815,2024-03-19T11:10:43,2024-03-19T11:29:24,approved,1,0,
28aa3c092c98ba96,3850ccda117d,5debf4665efd,Uttar Pradesh,6879,2024-03-19T11:10:54,2024-03-19T11:37:11,declined,0,1,P09
0b763ca3198d1924,3850ccda117d,3f17c3b97e39,Telangana,3685,2024-03-19T11:10:58,2024-03-19T11:27:34,declined,0,1,P09
01ab7af746660aa4,6e73719779d9,11162c07c6dc,Delhi,1569,2024-03-19T11:11:42,2024-03-19T11:20:17,approved,0,0,
43a4c1e417711e47,1318e3fa6d29,6038b0f47b59,Gujarat,497,2024-03-19T11:12:28,2024-03-19T11:24:01,approved,1,0,
2e0f88cfc1be9941,0d9a63adaba5,5f1dc9b883ba,Tamil Nadu,1373,2024-03-19T11:14:50,2024-03-19T11:44:50,expired,1,0,
577160890b4692c0,7d81c905f4c1,2477fe311f87,Bihar,1286,2024-03-19T11:15:33,2024-03-19T11:26:55,approved,1,0,
30da20f82284f89f,30595689af87,5cdc92f3910a,Maharashtra,945,2024-03-19T11:16:40,2024-03-19T11:31:18,approved,1,0,
643555bcbc341839,09f6cd55cca3,65519ad977d1,Karnataka,829,2024-03-19T11:16:43,2024-03-19T11:35:17,approved,1,0,
0f3e066ce422f822,45d11774ab5d,7ea7f352dc91,Uttar Pradesh,61,2024-03-19T11:16:46,2024-03-19T11:30:54,approved,0,0,
50131883be6c56f8,3850ccda117d,58c4a86ec532,Delhi,8641,2024-03-19T11:18:00,2024-03-19T11:48:00,expired,0,1,P09
7e9d67b17957c6d7,6646fee30506,4a7794dd1ec9,Haryana,1291,2024-03-19T11:18:49,2024-03-19T11:19:23,approved,1,0,
0bdb3e2c68b9b15b,39dc63eef666,236bfd1edd93,Bihar,475,2024-03-19T11:19:00,2024-03-19T11:22:56,approved,1,0,
63c912c6ccd0a676,20332b92b91c,189bb0a90b2e,Karnataka,1781,2024-03-19T11:19:37,2024-03-19T11:33:43,approved,0,0,
5b7dfb6747e74f35,3850ccda117d,078d11d1f057,Delhi,5222,2024-03-19T11:20:24,2024-03-19T11:37:58,declined,0,1,P09
487cffe73f5a128b,3850ccda117d,7c89a77613c5,Telangana,7516,2024-03-19T11:23:13,2024-03-19T11:46:15,declined,0,1,P09
24df7adf26c801b1,3850ccda117d,023355c46ccf,Rajasthan,23466,2024-03-19T11:24:02,2024-03-19T11:54:02,expired,0,1,P09
1c0338a13c5d8560,216f11aafe2f,6774a8b010d6,Rajasthan,1329,2024-03-19T11:26:53,2024-03-19T11:34:04,approved,0,0,
137fba8c02d87ec9,3850ccda117d,0c510ac4b729,Maharashtra,9016,2024-03-19T11:28:08,2024-03-19T11:48:34,declined,0,1,P09
7a0448dcd8446285,3850ccda117d,001bcf36194b,Haryana,5220,2024-03-19T11:29:47,2024-03-19T11:59:47,expired,0,1,P09
0f514d1a268f50bc,7d493d48b208,7c1a1bef8480,Rajasthan,373,2024-03-19T11:31:27,2024-03-19T11:43:06,approved,1,0,
393e3d1d4b33b0e5,7d493d48b208,27e1b294d8e2,Haryana,517,2024-03-19T11:31:46,2024-03-19T11:44:08,approved,1,0,
026204fa3606cd2f,3850ccda117d,1a65b4a8b09e,Telangana,8155,2024-03-19T11:31:59,2024-03-19T11:34:12,declined,0,1,P09
19229dce07864e03,6e73719779d9,063cbd9d0fcb,Rajasthan,1105,2024-03-19T11:33:10,2024-03-19T12:03:10,expired,0,0,
7a4613a3fa51f801,3850ccda117d,1dd48e727209,Delhi,9595,2024-03-19T11:33:48,2024-03-19T12:03:48,expired,0,1,P09
49e247199b85bd84,3850ccda117d,109c6eca4578,Telangana,5820,2024-03-19T11:34:57,2024-03-19T11:48:09,approved,0,1,P09
68a838dda26b0cea,3850ccda117d,283c1ca2734a,Gujarat,7876,2024-03-19T11:36:31,2024-03-19T12:06:31,expired,0,1,P09
287d0567dab18fdd,3850ccda117d,7d8e8eb31459,Bihar,7135,2024-03-19T11:39:06,2024-03-19T12:09:06,expired,0,1,P09
54cf3d374b39990a,3850ccda117d,5c2e1d4b4496,Tamil Nadu,10217,2024-03-19T11:39:37,2024-03-19T12:09:37,expired,0,1,P09
3db32e2d00927d91,48f26f133a7b,0384ef7e000c,West Bengal,242,2024-03-19T11:42:42,2024-03-19T12:00:58,approved,1,0,
6a69c16648cab824,6f5fa5bed003,684d85f0a23c,Tamil Nadu,621,2024-03-19T11:42:45,2024-03-19T11:50:23,approved,1,0,
075355dbebebc739,6a7bccb8c392,78c8afa20c2f,Delhi,296,2024-03-19T11:46:39,2024-03-19T11:53:06,declined,1,0,
1b67c08780840804,20332b92b91c,0e9662c68657,Maharashtra,373,2024-03-19T11:48:21,2024-03-19T12:15:04,declined,0,0,
09817c84f5184ed1,3850ccda117d,40d78dec9fad,Uttar Pradesh,6866,2024-03-19T11:53:05,2024-03-19T12:15:00,declined,0,1,P09
4cd42fcc3328108c,6e836fcd1e4d,7813521a0de3,Gujarat,408,2024-03-19T11:54:50,2024-03-19T12:13:21,approved,0,0,
3a0b082abbac4608,35ed52508031,5f10dbbf72a8,Maharashtra,2746,2024-03-19T11:54:51,2024-03-19T11:55:32,approved,1,0,
26f6221b66e1f3eb,634690700829,12f565789825,Bihar,596,2024-03-19T11:54:53,2024-03-19T12:00:18,approved,1,0,
097555ae8d9df7f6,6a2b9baa3e4a,5b8614a16d8a,Maharashtra,861,2024-03-19T11:56:52,2024-03-19T12:01:47,approved,1,0,
35a344444c4866f0,48f26f133a7b,3c63d4b99b46,Uttar Pradesh,270,2024-03-19T11:58:28,2024-03-19T12:04:46,approved,1,0,
1bc0f00fcd004a2e,3850ccda117d,704817859624,Bihar,11912,2024-03-19T11:59:06,2024-03-19T12:21:28,declined,0,1,P09
1ca78679515e4234,2b1781ab1f24,6f4dfa56ef35,Kerala,1320,2024-03-19T11:59:28,2024-03-19T12:08:05,declined,0,0,
5d561f9001afd2bd,34994a8b60cd,1bcf7301776b,Uttar Pradesh,2045,2024-03-19T11:59:29,2024-03-19T12:04:42,approved,0,0,
780fe8db2dc18e88,7b99521e8d62,342620e1d215,Delhi,1242,2024-03-19T12:01:43,2024-03-19T12:19:06,approved,1,0,
685b5cbd5b5bcd4b,6fdf521c2b77,3bb53153121b,Bihar,1202,2024-03-19T12:01:44,2024-03-19T12:06:49,approved,1,0,
3770a0ebd18343ef,4c6b531ee064,41b484963296,Delhi,680,2024-03-19T12:02:57,2024-03-19T12:09:49,approved,1,0,
2fa3784de678d5d4,107ff2ac18f1,3086af7b9db4,Gujarat,331,2024-03-19T12:03:27,2024-03-19T12:12:58,approved,1,0,
7b72f3ce85ac7a7e,0d9a63adaba5,4b7db834e491,Karnataka,3632,2024-03-19T12:05:02,2024-03-19T12:19:34,approved,1,0,
6f7fbf5edb49e670,20332b92b91c,7bc499650086,Bihar,450,2024-03-19T12:06:03,2024-03-19T12:36:03,expired,0,0,
29f4f35c7a3c0b4d,6d33a7293228,441cc88e2329,Bihar,489,2024-03-19T12:06:55,2024-03-19T12:36:55,expired,1,0,
71d9e9defde0c46b,67a0390930e5,381d5713952f,Delhi,618,2024-03-19T12:08:53,2024-03-19T12:27:51,approved,1,0,
0bf7e6827b2ccf99,3850ccda117d,15af4b9778e9,Kerala,11971,2024-03-19T12:09:28,2024-03-19T12:13:08,approved,0,1,P09
21665beffa9ab914,3850ccda117d,5106746cf881,Telangana,5407,2024-03-19T12:09:57,2024-03-19T12:39:57,expired,0,1,P09
3692dd353473cb57,48a5f4e76a41,15fd8bb06b65,Delhi,767,2024-03-19T12:10:05,2024-03-19T12:28:49,approved,0,0,
3a112aa1b85feb23,3850ccda117d,553a58f979a7,Telangana,7934,2024-03-19T12:10:14,2024-03-19T12:18:56,declined,0,1,P09
385787881260d19e,0cce3dbda79d,517e64432ca4,Maharashtra,733,2024-03-19T12:11:12,2024-03-19T12:13:37,approved,0,0,
4ef898eb1f09d3b6,3850ccda117d,506c6b15eb5d,Bihar,3190,2024-03-19T12:12:48,2024-03-19T12:24:26,declined,0,1,P09
5f363acca0a945ba,39dc63eef666,6215d25167e7,Telangana,426,2024-03-19T12:14:16,2024-03-19T12:44:16,expired,1,0,
782c9c5c201b4378,0d4a1f2e8b76,4ddf42af30cd,Kerala,387,2024-03-19T12:18:02,2024-03-19T12:30:28,declined,1,0,
15fb5abb2bc7d781,5be02b242add,53b7285d079a,Tamil Nadu,993,2024-03-19T12:20:38,2024-03-19T12:31:00,approved,1,0,
18b98be96a3724bd,3850ccda117d,723344193e51,Rajasthan,12387,2024-03-19T12:23:40,2024-03-19T12:53:40,expired,0,1,P09
5fe842ca3371a79d,216f11aafe2f,6ef66de2feaa,Haryana,271,2024-03-19T12:23:44,2024-03-19T12:26:49,approved,0,0,
0837a6d12dcec3e1,09f6cd55cca3,12e8ea327736,Haryana,2670,2024-03-19T12:24:06,2024-03-19T12:43:51,approved,1,0,
344d39000d0b5645,3850ccda117d,26afb0fa75e6,Delhi,9123,2024-03-19T12:25:17,2024-03-19T12:35:56,declined,0,1,P09
0bd96862e92e7d6a,22ea49616c97,01a9320f9c9e,Haryana,486,2024-03-19T12:25:20,2024-03-19T12:41:09,approved,1,0,
143d3947d6f74dc8,2b1781ab1f24,4cd2184d0866,Tamil Nadu,155,2024-03-19T12:29:44,2024-03-19T12:42:44,approved,0,0,
08e4087c3e4c2ad2,3850ccda117d,546a2e8bb0a5,Karnataka,7783,2024-03-19T12:30:27,2024-03-19T12:59:35,declined,0,1,P09
265722deed499a33,3850ccda117d,77226e039ac3,Bihar,5291,2024-03-19T12:30:57,2024-03-19T13:00:57,expired,0,1,P09
65988b7a63d21ef0,3850ccda117d,7c22cb3ff3fb,Maharashtra,8682,2024-03-19T12:31:40,2024-03-19T12:57:39,declined,0,1,P09
5d47ba0fa78b8f33,1e30aaf5adb8,345082b2a457,Karnataka,1189,2024-03-19T12:31:59,2024-03-19T12:36:01,approved,1,0,
6931de3af74cad19,3850ccda117d,7813521a0de3,Gujarat,2000,2024-03-19T12:32:51,2024-03-19T12:48:02,declined,0,1,P09
1bf120d1f28c8869,1e30aaf5adb8,02646aa0e04c,Telangana,491,2024-03-19T12:33:08,2024-03-19T12:33:57,approved,1,0,
7b3397d9d8f5d11a,0cce3dbda79d,4efe9198d82f,Rajasthan,1030,2024-03-19T12:33:38,2024-03-19T12:36:23,approved,0,0,
597dd9f06af40737,6ab35d61cd9f,07e86e954140,Maharashtra,500,2024-03-19T12:35:06,2024-03-19T12:38:27,approved,1,0,
1ae736fcf809adf2,20332b92b91c,0f69f0ef9cf5,Maharashtra,119,2024-03-19T12:35:52,2024-03-19T12:40:26,approved,0,0,
2558aead6a367e0f,0cce3dbda79d,0d7961df419a,Kerala,1029,2024-03-19T12:40:21,2024-03-19T12:51:42,declined,0,0,
2bb98999aeff1c92,513484923021,38f3aae00395,Delhi,530,2024-03-19T12:41:18,2024-03-19T13:07:02,declined,1,0,
5afc440387730a1f,634690700829,6e694edfbad0,Kerala,356,2024-03-19T12:42:08,2024-03-19T12:44:04,declined,1,0,
03f4fcdc78b6cce4,6fdf521c2b77,3d61dcd72d4a,Maharashtra,2865,2024-03-19T12:42:55,2024-03-19T13:12:55,expired,1,0,
31d926c1c548d424,7b99521e8d62,4fab95c0ebec,Uttar Pradesh,5977,2024-03-19T12:43:15,2024-03-19T12:55:44,approved,1,0,
375de86786661ca7,4c6b531ee064,79efe269415c,Telangana,1909,2024-03-19T12:45:04,2024-03-19T12:57:59,approved,1,0,
313e46f44b3f265c,09805b931ea6,3d38747841ea,Uttar Pradesh,3263,2024-03-19T12:45:12,2024-03-19T12:55:30,approved,1,0,
7b5237a11e99f641,3850ccda117d,74de0c67a416,Gujarat,20780,2024-03-19T12:45:17,2024-03-19T13:05:22,declined,0,1,P09
00a9145f11e59524,6ab35d61cd9f,09cc59d34cec,Kerala,430,2024-03-19T12:45:26,2024-03-19T13:00:04,approved,1,0,
690bf2c447dec0c1,3a6576ce966b,3270dcd94f97,Tamil Nadu,2453,2024-03-19T12:46:19,2024-03-19T12:49:46,approved,1,0,
0299d4acb7c9507e,3850ccda117d,096aeb904694,Bihar,9617,2024-03-19T12:47:08,2024-03-19T12:59:29,approved,0,1,P09
60c40cc331138a92,6a706675422c,0b6ca7289ba6,Telangana,2897,2024-03-19T12:49:09,2024-03-19T13:06:05,approved,0,0,
2d602f63c65d8f69,3850ccda117d,513f74709191,Maharashtra,5374,2024-03-19T12:50:39,2024-03-19T13:05:11,declined,0,1,P09
3b0c37afe3cd4ba5,4a83bc732574,2d45ff83540c,Tamil Nadu,2735,2024-03-19T12:52:07,2024-03-19T13:06:40,approved,1,0,
4ecda8657d3c4ad9,0176a1a01f10,4a7156b5bbd4,Telangana,1577,2024-03-19T12:53:11,2024-03-19T13:03:07,approved,1,0,
4eaf616879264c14,3850ccda117d,46477453fe25,Bihar,2000,2024-03-19T12:53:39,2024-03-19T13:05:33,approved,0,1,P09
43cd516b39e30d25,5ded2d78f299,2810c3560356,Rajasthan,1363,2024-03-19T12:55:40,2024-03-19T13:15:39,approved,1,0,
2cdcd5fa0e64ecdc,6ab35d61cd9f,6327b083e38a,Haryana,679,2024-03-19T12:55:51,2024-03-19T13:10:34,approved,1,0,
2ea7c75ce3d50883,2b7ae5050a4d,2d744882befb,Tamil Nadu,396,2024-03-19T12:57:48,2024-03-19T13:08:06,approved,1,0,
1cc6da095e8d7552,67a0390930e5,05543427f41f,Bihar,570,2024-03-19T12:58:46,2024-03-19T13:06:18,approved,1,0,
5c748c992fb9e490,6f5fa5bed003,00509bbe51e0,Delhi,1310,2024-03-19T13:01:30,2024-03-19T13:06:01,approved,1,0,
4b967670be10ae5c,6f5fa5bed003,23683df0ad0d,Tamil Nadu,1722,2024-03-19T13:02:52,2024-03-19T13:08:44,approved,1,0,
3d2b059c1fa4978c,0d9a63adaba5,6ee2f89b4cc2,Karnataka,2057,2024-03-19T13:03:38,2024-03-19T13:18:48,declined,1,0,
57721455937340e6,6f5fa5bed003,327f0e383098,Delhi,1011,2024-03-19T13:05:28,2024-03-19T13:16:43,approved,1,0,
431a60f1ab5f63cf,3850ccda117d,089d5cbd77c0,Delhi,8556,2024-03-19T13:07:14,2024-03-19T13:37:06,declined,0,1,P09
009cd37faf11f86c,20332b92b91c,0e9b80abc271,Karnataka,791,2024-03-19T13:07:17,2024-03-19T13:11:14,approved,0,0,
749fbf52d084efc8,4a83bc732574,391719d04827,Maharashtra,2614,2024-03-19T13:08:47,2024-03-19T13:14:14,approved,1,0,
54c8682d49606736,0fc3186df001,31591dd016e6,Kerala,2023,2024-03-19T13:15:07,2024-03-19T13:28:36,approved,1,0,
4a016fe9fd238885,216f11aafe2f,736122180ffb,Uttar Pradesh,457,2024-03-19T13:15:33,2024-03-19T13:23:01,approved,0,0,
1b8e2458d66d6a09,3850ccda117d,2dd4ed71c061,Uttar Pradesh,4557,2024-03-19T13:15:57,2024-03-19T13:45:43,declined,0,1,P09
17bbc874592a0621,3850ccda117d,7a2aaa478624,Tamil Nadu,8430,2024-03-19T13:17:24,2024-03-19T13:36:16,declined,0,1,P09
7eb78c67078c2aff,3850ccda117d,2624fcb70168,Telangana,11942,2024-03-19T13:17:49,2024-03-19T13:41:46,declined,0,1,P09
16dfb412e4702fa5,2b1781ab1f24,0538cdf07455,Uttar Pradesh,882,2024-03-19T13:19:08,2024-03-19T13:49:08,expired,0,0,
6bf5cb04727cf760,7786fa4ecb51,3809306bfe11,Tamil Nadu,383,2024-03-19T13:19:32,2024-03-19T13:23:54,approved,1,0,
10fec5d23fbead42,20332b92b91c,3c1d11e17c63,Telangana,856,2024-03-19T13:22:09,2024-03-19T13:30:16,approved,0,0,
085f4e14c901dc52,3850ccda117d,35648b8fdee4,Tamil Nadu,8193,2024-03-19T13:22:12,2024-03-19T13:49:41,declined,0,1,P09
22bab03e057e15dc,3850ccda117d,56db0e409782,Gujarat,11897,2024-03-19T13:23:10,2024-03-19T13:46:41,declined,0,1,P09
123cba1add01a04c,3850ccda117d,328fa6ddb66c,Kerala,10879,2024-03-19T13:27:39,2024-03-19T13:48:58,declined,0,1,P09
571ee8c86e1ff0a3,6646fee30506,68385ac272af,Delhi,1880,2024-03-19T13:27:40,2024-03-19T13:45:52,approved,1,0,
1076365c2c0ee472,3850ccda117d,732ad112b297,Maharashtra,8130,2024-03-19T13:27:56,2024-03-19T13:54:07,declined,0,1,P09
2fc6b64bc8a72b41,3850ccda117d,3a25113ed0e0,Kerala,6544,2024-03-19T13:28:03,2024-03-19T13:58:03,expired,0,1,P09
25fcbb3e92cebc68,3850ccda117d,2d61715160c5,Tamil Nadu,8552,2024-03-19T13:32:25,2024-03-19T14:02:25,expired,0,1,P09
15784945b6420bdf,3850ccda117d,1dd48e727209,Delhi,13150,2024-03-19T13:33:40,2024-03-19T13:44:36,declined,0,1,P09
3e89d55dae250807,3850ccda117d,320c9b687fb3,Delhi,6171,2024-03-19T13:36:19,2024-03-19T14:06:19,expired,0,1,P09
2bb76a0bece13715,673acd5d1161,149c47d61d9c,Bihar,1062,2024-03-19T13:36:39,2024-03-19T14:06:39,expired,1,0,
44b4de241c81f9e9,3850ccda117d,320a93b369da,Maharashtra,8628,2024-03-19T13:37:23,2024-03-19T13:45:22,declined,0,1,P09
16c814e6a8da45e0,45d11774ab5d,36deab76612e,Delhi,1054,2024-03-19T13:38:45,2024-03-19T13:47:45,approved,0,0,
33ddabf55b2b53d5,35ed52508031,2382be4f99f3,Delhi,1836,2024-03-19T13:44:20,2024-03-19T13:59:35,approved,1,0,
0ec38b13271c28e8,19a849472d1b,5ba1164c7165,Kerala,2711,2024-03-19T13:45:48,2024-03-19T13:55:31,approved,1,0,
599c523cc59d97cf,20332b92b91c,713c42a31f85,Maharashtra,402,2024-03-19T13:45:56,2024-03-19T14:05:10,approved,0,0,
604a3dc250f2ac9e,3850ccda117d,02dadada54a8,Uttar Pradesh,7906,2024-03-19T13:46:05,2024-03-19T14:16:05,expired,0,1,P09
6871328ea28423c0,0511fee882e4,7b579ddf880f,Uttar Pradesh,1355,2024-03-19T13:46:09,2024-03-19T13:57:15,approved,1,0,
7a315901bd778cf0,3850ccda117d,17737015a86f,Rajasthan,5836,2024-03-19T13:48:28,2024-03-19T14:18:28,expired,0,1,P09
48d7b2d8e2c65d70,3850ccda117d,703fb9b1d038,Karnataka,6467,2024-03-19T13:48:50,2024-03-19T13:58:04,declined,0,1,P09
500d58383be350d1,7786fa4ecb51,539d1fe1cbee,Haryana,647,2024-03-19T13:48:58,2024-03-19T14:14:19,declined,1,0,
0ce72615b653dcee,3850ccda117d,37cee5b377cb,Maharashtra,12799,2024-03-19T13:49:35,2024-03-19T14:13:27,declined,0,1,P09
51a061e105d68ce1,3850ccda117d,533e3176d841,Uttar Pradesh,7701,2024-03-19T13:49:57,2024-03-19T14:19:57,expired,0,1,P09
4e6ac17f0cfa35a9,67a0390930e5,3289ff44d56e,Rajasthan,363,2024-03-19T13:51:58,2024-03-19T13:54:02,approved,1,0,
2354add2168dfa0f,22ea49616c97,219273ce3d4b,West Bengal,346,2024-03-19T13:52:59,2024-03-19T13:57:48,approved,1,0,
611acf1deb3399b7,3850ccda117d,6b5b90a57ec6,Uttar Pradesh,4644,2024-03-19T13:53:41,2024-03-19T14:12:51,declined,0,1,P09
476b5491be98e37d,3a6d68f3644e,09b06cff2348,Telangana,3588,2024-03-19T13:54:15,2024-03-19T14:11:30,approved,1,0,
1bb8fbd13d571f2f,49217212965b,70e3031bef65,Tamil Nadu,353,2024-03-19T13:54:57,2024-03-19T14:01:45,approved,1,0,
41272dcad28d1524,1e30aaf5adb8,502b4dec4dec,Rajasthan,557,2024-03-19T13:54:58,2024-03-19T14:00:22,approved,1,0,
255ae93cfeae666e,663473dc643e,2e058ec085d4,Gujarat,755,2024-03-19T13:55:21,2024-03-19T14:01:02,approved,1,0,
01514d170d8cdfb7,6ab35d61cd9f,3a571f762cfb,Uttar Pradesh,347,2024-03-19T13:57:18,2024-03-19T14:01:39,approved,1,0,
13775fc5038f117f,67a0390930e5,4fbbd8e99724,Gujarat,426,2024-03-19T13:57:41,2024-03-19T14:05:50,approved,1,0,
407250a93b991953,3850ccda117d,40b29ff7ed83,Haryana,4570,2024-03-19T13:58:43,2024-03-19T14:28:43,expired,0,1,P09
5635c4cbfdf35670,694d71c69d67,1fd7fd8e4604,Tamil Nadu,2846,2024-03-19T14:01:05,2024-03-19T14:03:04,approved,1,0,
3bc9b685efc4e43a,3850ccda117d,1908f0a553b3,Maharashtra,2183,2024-03-19T14:02:24,2024-03-19T14:03:34,declined,0,1,P09
0cdf1068282fcf0c,3850ccda117d,04c336e06e8f,Maharashtra,3860,2024-03-19T14:02:26,2024-03-19T14:29:38,declined,0,1,P09
1157c61921692a49,6a706675422c,4fbbd8e99724,Gujarat,2168,2024-03-19T14:03:13,2024-03-19T14:09:23,approved,0,0,
20872fc5117c78e7,48a5f4e76a41,519dcc34edc5,Rajasthan,2196,2024-03-19T14:04:08,2024-03-19T14:08:26,approved,0,0,
229eba6b3dc93719,22ea49616c97,053d22bbf08e,Rajasthan,413,2024-03-19T14:04:45,2024-03-19T14:34:45,expired,1,0,
0980580c4c602de3,0511fee882e4,1f7420399f09,Delhi,1658,2024-03-19T14:05:28,2024-03-19T14:10:11,approved,1,0,
3ccd909332def38c,51e266317647,02db6b5557f6,Gujarat,425,2024-03-19T14:05:54,2024-03-19T14:08:22,approved,1,0,
1e59f05f8d56c080,0d9a63adaba5,2e5e862709e2,Gujarat,1858,2024-03-19T14:06:07,2024-03-19T14:10:16,approved,1,0,
1d253ee8db15a396,51e266317647,2c6d3e8b0d30,Gujarat,418,2024-03-19T14:06:18,2024-03-19T14:23:24,approved,1,0,
12d65a48646c515d,3a6576ce966b,1266d1d9a69a,Delhi,1019,2024-03-19T14:06:19,2024-03-19T14:19:07,approved,1,0,
3360027ef21f50f0,3850ccda117d,27c6b03b3e59,Karnataka,18942,2024-03-19T14:07:30,2024-03-19T14:37:30,expired,0,1,P09
55a753c510fbaf96,3850ccda117d,4ab03daf1c03,Telangana,5709,2024-03-19T14:08:00,2024-03-19T14:30:41,declined,0,1,P09
7392d9058e28ed37,30595689af87,602c9165d38f,Haryana,2523,2024-03-19T14:11:23,2024-03-19T14:31:02,approved,1,0,
5e9f84a418e421de,6d33a7293228,1074fd081120,Tamil Nadu,350,2024-03-19T14:13:20,2024-03-19T14:29:33,approved,1,0,
5e46b76f9e2990ef,7d493d48b208,395a4428a39a,Uttar Pradesh,426,2024-03-19T14:13:57,2024-03-19T14:19:42,approved,1,0,
336672fdb977ffd2,3850ccda117d,15ac0fbdadab,Delhi,5622,2024-03-19T14:17:16,2024-03-19T14:47:16,expired,0,1,P09
14ac8eae6c4cb765,3850ccda117d,0d5c171f65a6,Uttar Pradesh,5679,2024-03-19T14:17:29,2024-03-19T14:47:29,expired,0,1,P09
7b6636b72d997058,663473dc643e,6fd0ab01fbd4,Kerala,622,2024-03-19T14:18:13,2024-03-19T14:33:00,approved,1,0,
0297e7d28d32d20f,3850ccda117d,74f52e38a538,Rajasthan,9874,2024-03-19T14:18:37,2024-03-19T14:34:08,declined,0,1,P09
121a4cefae62cc1e,7b99521e8d62,1db8dc771e7b,Tamil Nadu,1481,2024-03-19T14:19:29,2024-03-19T14:49:29,expired,1,0,
747d0f0ab7ec999b,663473dc643e,61ce1803dbef,Kerala,627,2024-03-19T14:21:38,2024-03-19T14:24:03,approved,1,0,
324c3376e99ef425,7b99521e8d62,58e4b51b9e26,Maharashtra,1213,2024-03-19T14:21:56,2024-03-19T14:28:32,approved,1,0,
756a13450f8f1ffb,7d81c905f4c1,2999105097fe,Gujarat,1250,2024-03-19T14:22:40,2024-03-19T14:30:48,approved,1,0,
1f3b88226e95ecc9,6e73719779d9,37d6cec5af89,West Bengal,1740,2024-03-19T14:27:04,2024-03-19T14:39:58,approved,0,0,
2a8ad5e82d4c8e76,3850ccda117d,3540d9e6e34e,Delhi,12946,2024-03-19T14:27:26,2024-03-19T14:44:03,declined,0,1,P09
1d957ce5e1be4eff,107ff2ac18f1,5aa66548c1e6,Maharashtra,594,2024-03-19T14:28:08,2024-03-19T14:30:08,approved,1,0,
4279799107394bab,2b1781ab1f24,31133ce5dfbb,Rajasthan,682,2024-03-19T14:28:48,2024-03-19T14:58:48,expired,0,0,
6f8c2dfc773618d9,09f6cd55cca3,0eb1cb028b1f,Tamil Nadu,3144,2024-03-19T14:29:08,2024-03-19T14:44:19,approved,1,0,
512dbc5ff504e47f,6f17ea22aaac,5209debaa1c4,Bihar,2463,2024-03-19T14:29:48,2024-03-19T14:49:43,approved,1,0,
0f8f706a2a270801,09805b931ea6,62a88f97356e,Uttar Pradesh,3002,2024-03-19T14:32:44,2024-03-19T14:42:54,approved,1,0,
3a4eb8e0729f63c3,4c6b531ee064,3ff5047335a3,Rajasthan,1384,2024-03-19T14:40:26,2024-03-19T14:42:36,approved,1,0,
31813941f861a6e4,3850ccda117d,56654c8ab681,Tamil Nadu,5166,2024-03-19T14:40:47,2024-03-19T14:42:56,declined,0,1,P09
0b3e1ca0a2f9d980,3850ccda117d,2a12905db552,Rajasthan,7491,2024-03-19T14:41:36,2024-03-19T14:53:42,declined,0,1,P09
74a995b93635e51c,1e30aaf5adb8,73ca6cc569b3,Delhi,694,2024-03-19T14:43:03,2024-03-19T14:58:58,approved,1,0,
777ca3871ba48bd9,5ded2d78f299,5812da49d307,Maharashtra,1520,2024-03-19T14:44:57,2024-03-19T14:48:45,approved,1,0,
6328b8d7e951a28c,7d493d48b208,397571f68964,Maharashtra,273,2024-03-19T14:47:55,2024-03-19T14:58:10,approved,1,0,
7c1455e5b7879393,6f17ea22aaac,3d92003cda5a,Gujarat,2416,2024-03-19T14:48:38,2024-03-19T14:51:55,approved,1,0,
228d79e44f46240b,6f5fa5bed003,4a7388370b0a,Telangana,2392,2024-03-19T14:48:50,2024-03-19T15:08:35,approved,1,0,
6896d03b1c61a815,634690700829,58ef3fad1a37,Delhi,922,2024-03-19T14:49:28,2024-03-19T15:05:20,approved,1,0,
5963a0b8cd749280,3850ccda117d,1ed99b2435c7,Kerala,10463,2024-03-19T14:49:42,2024-03-19T15:19:42,expired,0,1,P09
47b5cae175eb09b0,2b1781ab1f24,3c4e33107689,Haryana,198,2024-03-19T14:49:49,2024-03-19T14:51:56,approved,0,0,
1232feeca829d53b,3850ccda117d,118c27664514,Karnataka,4831,2024-03-19T14:50:31,2024-03-19T15:02:55,declined,0,1,P09
515d1b799621e80f,11d601015742,583da41b70a4,Gujarat,2807,2024-03-19T14:51:26,2024-03-19T14:52:27,approved,1,0,
3c06f7c2fe5980a7,3850ccda117d,0cfbc21cdb11,Maharashtra,4945,2024-03-19T14:53:00,2024-03-19T15:09:11,declined,0,1,P09
24403e423b72ab3a,7d493d48b208,25ca70c6f589,West Bengal,287,2024-03-19T14:54:19,2024-03-19T15:07:13,approved,1,0,
2770a1f857bb58ca,19a849472d1b,6caa74e4335b,Haryana,2224,2024-03-19T14:56:34,2024-03-19T15:00:22,approved,1,0,
01f23a92c078e924,3850ccda117d,0b706a4f58a1,Karnataka,5339,2024-03-19T14:58:23,2024-03-19T15:28:23,expired,0,1,P09
25c0b2b4910a0721,3850ccda117d,44c64fc1b919,Delhi,13069,2024-03-19T14:58:33,2024-03-19T15:28:33,expired,0,1,P09
501874ab72629b18,6d33a7293228,0bf0fd6de538,Bihar,413,2024-03-19T15:00:43,2024-03-19T15:17:58,approved,1,0,
5d749be6e23ec825,67a0390930e5,1c239fde12c1,Haryana,447,2024-03-19T15:01:39,2024-03-19T15:19:42,approved,1,0,
55d52cb767b03652,3850ccda117d,153a1641ae18,Haryana,15889,2024-03-19T15:02:01,2024-03-19T15:17:32,declined,0,1,P09
5cde9daf5e44645c,3850ccda117d,0b8390a70307,Delhi,2417,2024-03-19T15:02:32,2024-03-19T15:09:52,declined,0,1,P09
50fbdf6901f5cd1a,3850ccda117d,73f99f611dd1,Tamil Nadu,6300,2024-03-19T15:02:52,2024-03-19T15:32:52,expired,0,1,P09
1cacbf1ad4b106bf,3850ccda117d,041555360b15,Telangana,12088,2024-03-19T15:04:05,2024-03-19T15:08:14,declined,0,1,P09
3065f5a1f2087688,0176a1a01f10,0601b3f3f3fb,Gujarat,1034,2024-03-19T15:06:15,2024-03-19T15:20:50,approved,1,0,
63b48701aa38f417,3850ccda117d,746e2df8823c,Gujarat,11317,2024-03-19T15:07:08,2024-03-19T15:14:47,declined,0,1,P09
0ca405f91083db40,3850ccda117d,25c583a55565,Rajasthan,6921,2024-03-19T15:07:52,2024-03-19T15:37:52,expired,0,1,P09
5256ed8ba0e0967a,0d9a63adaba5,2b878d9e7c53,Rajasthan,562,2024-03-19T15:07:54,2024-03-19T15:37:54,expired,1,0,
5e6e7888558584e1,3850ccda117d,391c99c53c8c,Kerala,15320,2024-03-19T15:08:07,2024-03-19T15:36:15,declined,0,1,P09
46b5d3b27d5dc29a,2b7ae5050a4d,527e03926213,Karnataka,392,2024-03-19T15:10:24,2024-03-19T15:25:00,approved,1,0,
79148ff3f141d0c4,673acd5d1161,70b6919d8828,Tamil Nadu,1611,2024-03-19T15:14:41,2024-03-19T15:29:42,approved,1,0,
6ea6f97e5f6cc82e,3850ccda117d,6de34c7622b8,Delhi,18936,2024-03-19T15:15:10,2024-03-19T15:44:01,declined,0,1,P09
56467b25eaee8947,3850ccda117d,3679e314c074,Haryana,7186,2024-03-19T15:18:04,2024-03-19T15:22:58,approved,0,1,P09
3f137189a149723a,67a0390930e5,6c29c7ec8e38,Gujarat,694,2024-03-19T15:18:35,2024-03-19T15:35:04,approved,1,0,
13ed97391341e49f,673acd5d1161,66589531985c,Telangana,1292,2024-03-19T15:19:09,2024-03-19T15:30:29,approved,1,0,
0ce952d089843251,3850ccda117d,3953a607da8f,Maharashtra,5897,2024-03-19T15:19:24,2024-03-19T15:23:59,declined,0,1,P09
50360016771dc572,3850ccda117d,68ebd6c4afce,Maharashtra,3215,2024-03-19T15:20:13,2024-03-19T15:50:13,expired,0,1,P09
359d6e680ecaa5a1,4a83bc732574,2783cd058294,Gujarat,1068,2024-03-19T15:24:11,2024-03-19T15:42:37,declined,1,0,
65e9de2e3a3ec4f6,48f26f133a7b,5c6e1f107a8b,Maharashtra,331,2024-03-19T15:25:42,2024-03-19T15:34:07,approved,1,0,
6d111e31bf3fea0a,0511fee882e4,38d8ec5a03da,Kerala,394,2024-03-19T15:26:31,2024-03-19T15:39:03,approved,1,0,
48c1e80855108682,6d33a7293228,70ba92b2aeb1,Maharashtra,376,2024-03-19T15:27:03,2024-03-19T15:37:18,approved,1,0,
7ec5ccac14d2e64c,0511fee882e4,050bad9c4ccd,Karnataka,909,2024-03-19T15:28:30,2024-03-19T15:47:41,approved,1,0,
48b10297fd7ffea4,19a849472d1b,73752c8f4639,Bihar,1884,2024-03-19T15:31:46,2024-03-19T15:51:05,approved,1,0,
442a5f4632cd9910,1e30aaf5adb8,63882549bed2,Delhi,506,2024-03-19T15:32:57,2024-03-19T15:37:26,approved,1,0,
0b19663d09ff3254,09f6cd55cca3,79ccb19174d7,Delhi,562,2024-03-19T15:33:41,2024-03-19T16:03:41,expired,1,0,
098859374f82f397,663473dc643e,097c3672733e,Karnataka,680,2024-03-19T15:33:50,2024-03-19T15:44:35,approved,1,0,
3e64d13a54b20282,6646fee30506,4908fd27d41f,Maharashtra,2351,2024-03-19T15:34:55,2024-03-19T15:41:59,approved,1,0,
1b48306905fdddf7,48f26f133a7b,705269b28271,Delhi,350,2024-03-19T15:38:58,2024-03-19T15:39:59,approved,1,0,
220f4eaa3570ec99,09805b931ea6,08b6c6881dfe,Bihar,1668,2024-03-19T15:39:03,2024-03-19T16:09:03,expired,1,0,
0d3d98ab42f13f25,3850ccda117d,26542dcf94ca,Tamil Nadu,5393,2024-03-19T15:43:25,2024-03-19T16:13:25,expired,0,1,P09
251e6dbb561c9b1b,7786fa4ecb51,7f911b6c3908,Gujarat,692,2024-03-19T15:48:46,2024-03-19T16:18:46,expired,1,0,
68bace145860ac0e,34994a8b60cd,0095cd729505,Delhi,1871,2024-03-19T15:52:49,2024-03-19T16:00:27,approved,0,0,
3f8556f27d0deb93,34994a8b60cd,13035719be23,Telangana,2608,2024-03-19T15:54:01,2024-03-19T16:12:26,approved,0,0,
5a592decdfc2630d,5be02b242add,20db205faca2,Telangana,2238,2024-03-19T15:58:59,2024-03-19T16:12:34,approved,1,0,
23aa487e896ba60b,51e266317647,4cf161aae0f0,Bihar,509,2024-03-19T15:59:22,2024-03-19T16:06:00,approved,1,0,
108f742a0d3f0a33,107ff2ac18f1,77ee66252919,Telangana,338,2024-03-19T16:00:17,2024-03-19T16:17:17,approved,1,0,
2bcfcad50698a094,3850ccda117d,6245096456e9,Rajasthan,3975,2024-03-19T16:01:21,2024-03-19T16:21:38,declined,0,1,P09
6101cab88310d091,30595689af87,75099e3f4105,Karnataka,5697,2024-03-19T16:04:43,2024-03-19T16:09:47,approved,1,0,
071662a4c972baf0,7b99521e8d62,2252437d6749,Uttar Pradesh,1018,2024-03-19T16:05:02,2024-03-19T16:06:31,approved,1,0,
734e2a0594efba18,3850ccda117d,04457a64534b,Telangana,7363,2024-03-19T16:06:15,2024-03-19T16:24:54,declined,0,1,P09
617ff665f952badb,3850ccda117d,516871b10cb0,Tamil Nadu,4525,2024-03-19T16:06:37,2024-03-19T16:36:37,expired,0,1,P09
266bc9ae9339536e,6a2b9baa3e4a,770a763134c0,Tamil Nadu,522,2024-03-19T16:06:53,2024-03-19T16:12:27,declined,1,0,
5d58eb4fc2379f0d,6f17ea22aaac,5053c7c50258,Delhi,1298,2024-03-19T16:08:39,2024-03-19T16:15:27,approved,1,0,
76b381f80aa305d6,663473dc643e,1a34884ac6fa,Delhi,405,2024-03-19T16:09:05,2024-03-19T16:26:04,approved,1,0,
1f68dec3c88faba0,2569a0f51294,494e39f9b544,Gujarat,1793,2024-03-19T16:12:38,2024-03-19T16:30:42,approved,1,0,
3b391acd8f0420d4,4818964bb9e3,420b16cce915,West Bengal,639,2024-03-19T16:14:02,2024-03-19T16:27:59,approved,1,0,
3ce2d09705c046ef,3850ccda117d,6a034450e61f,Bihar,12344,2024-03-19T16:14:58,2024-03-19T16:21:51,declined,0,1,P09
315a1550341e4908,7b8a68c1ae9c,34b0e7fd0650,Kerala,261,2024-03-19T16:15:59,2024-03-19T16:29:19,declined,1,0,
7011752c15505dc6,5ded2d78f299,7a738b0c44e1,Rajasthan,564,2024-03-19T16:16:12,2024-03-19T16:18:45,approved,1,0,
477167576c2c830b,2b7ae5050a4d,60eb7b0960c2,Kerala,617,2024-03-19T16:17:40,2024-03-19T16:47:40,expired,1,0,
2ccfc1229e87bac3,3850ccda117d,5660e249f8d2,Telangana,17718,2024-03-19T16:22:16,2024-03-19T16:31:26,declined,0,1,P09
7a9fa644749d7ea0,6d33a7293228,041555360b15,Telangana,251,2024-03-19T16:25:02,2024-03-19T16:40:22,approved,1,0,
4572e0a82685bd08,0cce3dbda79d,69e56e653036,Bihar,1648,2024-03-19T16:25:05,2024-03-19T16:27:56,approved,0,0,
3875deb8ed2fa7ff,30595689af87,1fbc67d889f8,Bihar,821,2024-03-19T16:29:27,2024-03-19T16:32:25,approved,1,0,
4cd520ae6cf950b3,3850ccda117d,320c9b687fb3,Delhi,13636,2024-03-19T16:33:29,2024-03-19T17:03:29,expired,0,1,P09
129245653bd977ea,09805b931ea6,232d9ecb8da8,West Bengal,732,2024-03-19T16:33:47,2024-03-19T16:34:19,approved,1,0,
464002e9b144219c,67a0390930e5,3ee793d5f08b,Haryana,382,2024-03-19T16:35:12,2024-03-19T16:46:30,approved,1,0,
2c90deb2dd4d4acc,3850ccda117d,35b03813eda9,Gujarat,8309,2024-03-19T16:36:04,2024-03-19T17:02:13,declined,0,1,P09
7d254183d2ae2f38,3850ccda117d,1a5ecafc983a,West Bengal,19599,2024-03-19T16:37:32,2024-03-19T16:38:05,declined,0,1,P09
425e8ae1000037f0,3850ccda117d,0a1a5664cba7,Rajasthan,22310,2024-03-19T16:38:48,2024-03-19T16:53:05,declined,0,1,P09
324f87a73c8c3c21,663473dc643e,0cac1663ed1d,Gujarat,422,2024-03-19T16:38:57,2024-03-19T16:47:24,approved,1,0,
77bb9807a4a7dcea,3850ccda117d,7ad4f6a79d0e,Delhi,4910,2024-03-19T16:39:01,2024-03-19T17:05:29,declined,0,1,P09
38dfb2e2ef4e48f1,3850ccda117d,364ac444672b,Bihar,14435,2024-03-19T16:44:11,2024-03-19T17:14:11,expired,0,1,P09
4750b463e4fe159a,0f0510686293,5b1617f2ef19,Uttar Pradesh,421,2024-03-19T16:44:57,2024-03-19T17:00:37,approved,1,0,
1816d3c326648a78,3850ccda117d,60eb7b0960c2,Kerala,5569,2024-03-19T16:47:18,2024-03-19T17:07:10,declined,0,1,P09
0acf8a693d02b11b,3850ccda117d,72a118db2a1d,Uttar Pradesh,25000,2024-03-19T16:47:27,2024-03-19T17:13:22,declined,0,1,P09
321885e16d1c65c8,6a7bccb8c392,25ca70c6f589,West Bengal,589,2024-03-19T16:47:28,2024-03-19T17:02:24,approved,1,0,
3e2a193c4abbce4e,3a6576ce966b,311fb1a259ee,Gujarat,889,2024-03-19T16:49:23,2024-03-19T17:02:40,approved,1,0,
7b86278a3d3f90f5,51e266317647,04fc11402a6c,Telangana,449,2024-03-19T16:49:44,2024-03-19T17:03:54,approved,1,0,
18d2e364f58f18cb,3850ccda117d,1f4e088bad72,Delhi,3847,2024-03-19T16:53:10,2024-03-19T17:08:54,declined,0,1,P09
38eacb9618c14c29,673acd5d1161,3bc8946ad71d,West Bengal,2396,2024-03-19T16:53:55,2024-03-19T17:12:40,approved,1,0,
6038040fc877829a,0d4a1f2e8b76,39e96755a8b3,Delhi,501,2024-03-19T16:55:35,2024-03-19T17:06:02,approved,1,0,
6c072eb447bfce89,3850ccda117d,586ace2b4d81,Telangana,7861,2024-03-19T16:57:30,2024-03-19T17:03:15,declined,0,1,P09
648c928a1c33c748,3850ccda117d,65607a24f513,Karnataka,4329,2024-03-19T16:59:59,2024-03-19T17:01:03,declined,0,1,P09
5b254743aa7a92d1,0d4a1f2e8b76,2cd5bf8a66f4,Delhi,460,2024-03-19T17:01:13,2024-03-19T17:20:49,approved,1,0,
112366c126f163ce,3850ccda117d,3a25113ed0e0,Kerala,4647,2024-03-19T17:02:04,2024-03-19T17:25:16,declined,0,1,P09
595d7461ef5041b6,3850ccda117d,363c0bf0b35d,Bihar,3689,2024-03-19T17:02:09,2024-03-19T17:32:09,expired,0,1,P09
0f9a5e6c9132801e,45d11774ab5d,17f3ed3f7148,Maharashtra,1986,2024-03-19T17:03:03,2024-03-19T17:33:03,expired,0,0,
4b69ed036d01b94b,3850ccda117d,64a6d668bee6,West Bengal,15219,2024-03-19T17:04:37,2024-03-19T17:29:11,declined,0,1,P09
304b50536abb5a3b,3a6576ce966b,34187a223411,Rajasthan,1755,2024-03-19T17:10:27,2024-03-19T17:25:15,approved,1,0,
7c6850a43f28c6a4,7b99521e8d62,595e27639489,Kerala,789,2024-03-19T17:12:27,2024-03-19T17:19:03,approved,1,0,
45b4989a17cad8f3,0176a1a01f10,3d38d8ab002d,Gujarat,783,2024-03-19T17:12:45,2024-03-19T17:29:41,approved,1,0,
0a48c28485f0c7d4,39dc63eef666,05bf92360573,Karnataka,342,2024-03-19T17:13:29,2024-03-19T17:30:00,approved,1,0,
3791cd42c5de54b9,3850ccda117d,20ab0e6763ff,Gujarat,6901,2024-03-19T17:13:51,2024-03-19T17:43:51,expired,0,1,P09
63a0b27094fcfc86,673acd5d1161,0ea7a0bfda06,Haryana,1043,2024-03-19T17:14:03,2024-03-19T17:19:15,approved,1,0,
11390162524d1b87,3850ccda117d,64fc977dfdb1,Delhi,6814,2024-03-19T17:14:42,2024-03-19T17:44:42,expired,0,1,P09
24793b871901c156,6a7bccb8c392,300da0cb7677,Kerala,698,2024-03-19T17:14:46,2024-03-19T17:32:07,approved,1,0,
21cf0bb3eb823d0d,6a7bccb8c392,0a7f21b31d54,Kerala,307,2024-03-19T17:14:46,2024-03-19T17:24:32,approved,1,0,
23d03ab641707c6c,7786fa4ecb51,35548af394a5,West Bengal,498,2024-03-19T17:16:44,2024-03-19T17:18:53,approved,1,0,
2a2ffd94e866380a,3850ccda117d,4908105e37a8,Telangana,4535,2024-03-19T17:18:27,2024-03-19T17:48:00,declined,0,1,P09
524550bb4cbe1c81,6d33a7293228,133875039fce,Delhi,239,2024-03-19T17:18:34,2024-03-19T17:19:31,approved,1,0,
40be855839969c80,3850ccda117d,0efea638113c,Karnataka,13738,2024-03-19T17:20:20,2024-03-19T17:45:50,declined,0,1,P09
6bb169a1e4063a75,30595689af87,5e99f2e349e4,West Bengal,350,2024-03-19T17:21:03,2024-03-19T17:33:22,approved,1,0,
49288d36103ea2e0,4a83bc732574,4b2bace283b4,Kerala,227,2024-03-19T17:21:24,2024-03-19T17:39:23,approved,1,0,
1f9d06fe217f0200,09805b931ea6,1c76c3d8eb6c,Karnataka,1087,2024-03-19T17:21:49,2024-03-19T17:30:28,approved,1,0,
25f4211734ebd9dd,1318e3fa6d29,382b92dd4f7f,Bihar,682,2024-03-19T17:22:30,2024-03-19T17:37:34,approved,1,0,
566bfb1be0d9ef1b,41e20e89712f,0b454b334802,West Bengal,3492,2024-03-19T17:22:51,2024-03-19T17:39:54,approved,1,0,
2bf64fad15308c97,3850ccda117d,741785c81bb4,Karnataka,19395,2024-03-19T17:22:56,2024-03-19T17:43:30,declined,0,1,P09
36579d520446204f,6e836fcd1e4d,5053c7c50258,Delhi,651,2024-03-19T17:23:18,2024-03-19T17:44:13,declined,0,0,
5f721ad22946c763,6a2b9baa3e4a,0dafe8857143,Haryana,377,2024-03-19T17:23:49,2024-03-19T17:41:47,approved,1,0,
485f4366993499d4,11d601015742,2d6aea19223c,Rajasthan,2495,2024-03-19T17:24:09,2024-03-19T17:54:09,expired,1,0,
2dc2d015a92acd1b,3850ccda117d,6e3810feee26,Bihar,8919,2024-03-19T17:24:15,2024-03-19T17:51:13,declined,0,1,P09
03f728d7f534caf3,6f17ea22aaac,6c67a24a5fca,Bihar,2188,2024-03-19T17:26:10,2024-03-19T17:33:55,approved,1,0,
6504b58ccf75e112,7d493d48b208,12781ea4d0f3,West Bengal,292,2024-03-19T17:27:00,2024-03-19T17:42:35,approved,1,0,
4e9b140ee621e639,22ea49616c97,1c208f594064,Telangana,768,2024-03-19T17:29:36,2024-03-19T17:43:52,approved,1,0,
4f7a2904f1d95184,3850ccda117d,2edef47218b3,Karnataka,17620,2024-03-19T17:30:43,2024-03-19T17:42:14,declined,0,1,P09
159cc40c34e44268,0fc3186df001,65264fa2cdc6,Gujarat,664,2024-03-19T17:30:48,2024-03-19T17:44:31,approved,1,0,
6a7cdfa9c9504e90,3850ccda117d,7ff9bf5c877a,Karnataka,2971,2024-03-19T17:30:49,2024-03-19T17:36:44,declined,0,1,P09
267fa769db45ed8d,3850ccda117d,4cec8d4cb090,Delhi,5039,2024-03-19T17:31:59,2024-03-19T17:38:50,declined,0,1,P09
0277054dcc6a906f,1318e3fa6d29,01596701dafa,Tamil Nadu,583,2024-03-19T17:32:43,2024-03-19T17:37:41,approved,1,0,
7096a4a3c83342be,0d9a63adaba5,1bf828ca1f95,Kerala,2988,2024-03-19T17:37:13,2024-03-19T17:37:59,approved,1,0,
004b70e16e2026d6,0f0510686293,6349bc28fedf,Rajasthan,302,2024-03-19T17:37:22,2024-03-19T17:41:00,approved,1,0,
1db6161ff5e7db2b,1e30aaf5adb8,607a3ed07930,Bihar,366,2024-03-19T17:38:10,2024-03-19T17:51:26,approved,1,0,
7d5ab2c7cf79da31,3850ccda117d,2cea66208171,West Bengal,11236,2024-03-19T17:38:58,2024-03-19T18:08:58,expired,0,1,P09
4eb7a1e9be9266cf,7786fa4ecb51,01356afedeaa,Maharashtra,769,2024-03-19T17:40:32,2024-03-19T17:46:39,approved,1,0,
7667ea73536b8e1b,6a7bccb8c392,4c42c5174dc1,Rajasthan,542,2024-03-19T17:41:22,2024-03-19T17:57:46,approved,1,0,
6721115ae3385f0c,3850ccda117d,45147c2bd0f1,Delhi,5268,2024-03-19T17:42:40,2024-03-19T18:12:40,expired,0,1,P09
58001f4eac424202,673acd5d1161,5742627e4eae,Delhi,1925,2024-03-19T17:42:52,2024-03-19T17:58:10,approved,1,0,
6bf102fa80edf48f,0d9a63adaba5,2f27684f5a4b,Karnataka,1912,2024-03-19T17:43:57,2024-03-19T17:59:53,approved,1,0,
58b49d0d05039bf0,107ff2ac18f1,0cac1663ed1d,Gujarat,457,2024-03-19T17:44:06,2024-03-19T17:50:56,approved,1,0,
5efe4a7d69a58409,0fc3186df001,198048534303,Bihar,667,2024-03-19T17:44:38,2024-03-19T17:59:09,approved,1,0,
6ddd29f3bdf89e18,694d71c69d67,0b3cbc877fff,Maharashtra,2411,2024-03-19T17:47:04,2024-03-19T17:55:57,approved,1,0,
6af069d3bfc7ffa1,11d601015742,5eaf8fea7a04,Telangana,2147,2024-03-19T17:49:22,2024-03-19T18:19:22,expired,1,0,
3e2c6dfefa11a7a8,4818964bb9e3,26199e36c0fa,Tamil Nadu,373,2024-03-19T17:50:54,2024-03-19T18:04:15,approved,1,0,
732199b172fb6747,3850ccda117d,387038f00103,Tamil Nadu,16424,2024-03-19T17:51:03,2024-03-19T18:02:42,declined,0,1,P09
580066a1e400d407,3850ccda117d,46e59c1eb721,Tamil Nadu,18160,2024-03-19T17:51:49,2024-03-19T18:10:58,declined,0,1,P09
700d5ac7f32d19a5,3850ccda117d,00a7f88ba0a4,Telangana,9000,2024-03-19T17:52:14,2024-03-19T17:59:11,declined,0,1,P09
19fae55e205c24e4,3850ccda117d,6f40cd6a3f85,Bihar,8832,2024-03-19T17:52:32,2024-03-19T18:02:41,declined,0,1,P09
05f86b3346e19899,3850ccda117d,0c1ab19399eb,Gujarat,12638,2024-03-19T17:52:34,2024-03-19T18:22:34,expired,0,1,P09
1c154be512b95374,7d81c905f4c1,0fc4034241e6,Haryana,2173,2024-03-19T17:54:01,2024-03-19T18:13:16,approved,1,0,
638a7ce117ad9b1d,663473dc643e,5af775793308,Gujarat,688,2024-03-19T17:54:05,2024-03-19T18:07:47,approved,1,0,
2cc5451a06654e9b,2baf4e7593de,0e9b80abc271,Karnataka,454,2024-03-19T17:54:40,2024-03-19T18:02:44,approved,1,0,
4e711e87d5b91798,5be02b242add,3881fa6ac339,Kerala,723,2024-03-19T17:54:54,2024-03-19T18:09:36,approved,1,0,
4370d9c48e809bee,48a5f4e76a41,0710e37bda92,West Bengal,551,2024-03-19T17:55:51,2024-03-19T18:00:05,approved,0,0,
482d514aec5358e8,6646fee30506,140cba1e98f6,Tamil Nadu,1196,2024-03-19T17:58:31,2024-03-19T18:14:11,approved,1,0,
07a57e7089bc9e2a,60a547ae6f0e,7def9d4429ad,Haryana,311,2024-03-19T17:58:35,2024-03-19T18:17:55,approved,1,0,
5b22e3db35dea650,7d81c905f4c1,498a19a6115e,Gujarat,3119,2024-03-19T18:00:15,2024-03-19T18:04:50,approved,1,0,
3dd55fc486ea6de8,49217212965b,4c608fa76a93,West Bengal,577,2024-03-19T18:00:59,2024-03-19T18:13:46,approved,1,0,
2e6bfa5630f28fd6,1c30ffd0220b,0c660b454e7f,Kerala,21811,2024-03-19T18:03:06,2024-03-19T18:33:06,expired,0,1,P10
7a5936b433e3a4ca,3850ccda117d,570ecfa13e1e,Delhi,4664,2024-03-19T18:05:11,2024-03-19T18:15:33,declined,0,1,P09
69674f746ad708a0,0176a1a01f10,539d1fe1cbee,Haryana,668,2024-03-19T18:05:47,2024-03-19T18:20:36,approved,1,0,
19a3428892263b55,1c30ffd0220b,096935f38154,Karnataka,10173,2024-03-19T18:06:02,2024-03-19T18:12:26,declined,0,1,P10
1868083d89f44ef6,6d33a7293228,1daa0c25d90c,Bihar,624,2024-03-19T18:08:15,2024-03-19T18:09:00,approved,1,0,
27d3eec6fc3eefe8,3850ccda117d,04dd6e03388b,Rajasthan,4834,2024-03-19T18:08:15,2024-03-19T18:38:15,expired,0,1,P09
31e91107d9542ab4,634690700829,2774f4ca36e9,Uttar Pradesh,530,2024-03-19T18:08:21,2024-03-19T18:11:39,approved,1,0,
3407524899a3e694,1c30ffd0220b,01f213a25b17,Karnataka,9786,2024-03-19T18:09:17,2024-03-19T18:39:17,expired,0,1,P10
53fb4c8a175c7975,216f11aafe2f,0f4b98e43489,Uttar Pradesh,1843,2024-03-19T18:09:27,2024-03-19T18:23:20,approved,0,0,
3394c60a8ad3b118,1c30ffd0220b,1de8c2e0fac5,Bihar,9577,2024-03-19T18:09:57,2024-03-19T18:18:46,approved,0,1,P10
5bca6a1a34cc83fb,1c30ffd0220b,5c796989d293,Rajasthan,6325,2024-03-19T18:10:24,2024-03-19T18:34:26,declined,0,1,P10
6c0dff20ee0d711c,7786fa4ecb51,65c9638f2a68,Delhi,664,2024-03-19T18:10:58,2024-03-19T18:17:59,approved,1,0,
5b1bd85a578ee48e,3850ccda117d,0b6b5df514a3,Kerala,8586,2024-03-19T18:14:13,2024-03-19T18:44:13,expired,0,1,P09
4f746b8340298a1a,20332b92b91c,182b8b74fc9a,West Bengal,233,2024-03-19T18:15:05,2024-03-19T18:22:45,approved,0,0,
3cb2224efec2295a,1c30ffd0220b,668981f3a499,Telangana,2570,2024-03-19T18:16:17,2024-03-19T18:40:40,declined,0,1,P10
56514e3ef2cb5679,5ded2d78f299,36a53760331c,Maharashtra,1304,2024-03-19T18:18:46,2024-03-19T18:30:54,approved,1,0,
17e97cebedefceee,2b1781ab1f24,2499e3c2ef6e,Uttar Pradesh,891,2024-03-19T18:19:07,2024-03-19T18:24:08,declined,0,0,
7b54b2b0c6ed9db6,3850ccda117d,243792f266ba,Telangana,8278,2024-03-19T18:21:31,2024-03-19T18:32:19,approved,0,1,P09
68bbf5d80396d4fe,45d11774ab5d,70491eb941ca,West Bengal,1237,2024-03-19T18:23:20,2024-03-19T18:40:25,approved,0,0,
2bef866b6d6f63a1,3850ccda117d,47efcf01bf85,Delhi,8355,2024-03-19T18:24:06,2024-03-19T18:54:06,expired,0,1,P09
019d2989862890b4,1c30ffd0220b,3e363efdf1b2,Karnataka,9160,2024-03-19T18:24:36,2024-03-19T18:38:36,declined,0,1,P10
6aea2d798fdf6e87,1c30ffd0220b,0248bb5a7eac,Haryana,12162,2024-03-19T18:27:19,2024-03-19T18:34:45,approved,0,1,P10
3bce37da4772b2ec,3850ccda117d,76ac9f85443a,Telangana,25000,2024-03-19T18:28:50,2024-03-19T18:58:50,expired,0,1,P09
10d2af101182301e,1c30ffd0220b,25e89f943958,Delhi,20023,2024-03-19T18:29:20,2024-03-19T18:52:00,declined,0,1,P10
1c8724ff8818f012,513484923021,4139d980881b,Rajasthan,374,2024-03-19T18:30:53,2024-03-19T18:36:48,approved,1,0,
61311a672088b365,1c30ffd0220b,0c0453d8f684,West Bengal,8250,2024-03-19T18:30:53,2024-03-19T19:00:53,expired,0,1,P10
39324609ce14b15e,1c30ffd0220b,66458755c46b,Delhi,10397,2024-03-19T18:31:48,2024-03-19T19:01:01,declined,0,1,P10
5e3f38e49f3f89b9,513484923021,7188504868dd,Uttar Pradesh,628,2024-03-19T18:32:00,2024-03-19T18:51:58,approved,1,0,
74036cc4a9868cee,7b8a68c1ae9c,2f82a668dd55,Gujarat,943,2024-03-19T18:32:05,2024-03-19T19:02:05,expired,1,0,
29454926d3aab942,3850ccda117d,337a08c8c672,Telangana,9098,2024-03-19T18:32:23,2024-03-19T18:32:42,declined,0,1,P09
084589c56cdc450d,3850ccda117d,000daac77ec5,Rajasthan,9946,2024-03-19T18:32:39,2024-03-19T18:49:04,declined,0,1,P09
1aa29f50b2e43e4f,1318e3fa6d29,4e82c62aa234,Rajasthan,601,2024-03-19T18:33:13,2024-03-19T18:50:21,approved,1,0,
5a708fecb3b39d3f,0176a1a01f10,6fb9bcecde51,Tamil Nadu,1159,2024-03-19T18:34:33,2024-03-19T18:47:46,approved,1,0,
05123b1e8ea2a9f5,0d4a1f2e8b76,7f6d08bf886f,Kerala,445,2024-03-19T18:34:42,2024-03-19T18:44:46,approved,1,0,
1d2c5ef0dbcc24f7,6a706675422c,3086af7b9db4,Gujarat,604,2024-03-19T18:34:48,2024-03-19T18:45:49,approved,0,0,
0410e9a7809d475d,4a83bc732574,4cdf850cb199,Delhi,282,2024-03-19T18:37:14,2024-03-19T18:53:24,declined,1,0,
0e3fb7a5b6072d79,48f26f133a7b,59945554a11a,Telangana,422,2024-03-19T18:37:34,2024-03-19T18:47:44,approved,1,0,
4e235aed5777225d,6e836fcd1e4d,7368830b05ce,Haryana,219,2024-03-19T18:39:46,2024-03-19T18:45:12,declined,0,0,
1c1e39d70b066a7e,6a706675422c,218b652cf996,Delhi,453,2024-03-19T18:39:55,2024-03-19T18:47:23,approved,0,0,
236afa1eb5b9bb92,60a547ae6f0e,0a700b06680a,Telangana,306,2024-03-19T18:40:18,2024-03-19T18:50:03,approved,1,0,
7946715bdb1d06ee,1318e3fa6d29,70e3031bef65,Tamil Nadu,548,2024-03-19T18:40:25,2024-03-19T19:00:11,approved,1,0,
0c30034c0bd31ae4,0cce3dbda79d,47e45e97648d,Telangana,2305,2024-03-19T18:40:56,2024-03-19T18:43:42,approved,0,0,
507e455b646abbbd,7b99521e8d62,4c5939de048e,Haryana,1847,2024-03-19T18:41:25,2024-03-19T18:44:30,approved,1,0,
4177eb90147fa5f1,1c30ffd0220b,540e8139954b,Telangana,10418,2024-03-19T18:41:42,2024-03-19T19:11:42,expired,0,1,P10
764eb91aecae9e38,3850ccda117d,492ab134ff03,Haryana,11571,2024-03-19T18:44:43,2024-03-19T18:59:42,declined,0,1,P09
769381f7470cc176,3850ccda117d,6c843f9fd6d2,Karnataka,6721,2024-03-19T18:47:49,2024-03-19T19:11:19,declined,0,1,P09
26def7de59b866a3,7b8a68c1ae9c,796d1fb56f4c,Rajasthan,712,2024-03-19T18:48:01,2024-03-19T18:58:41,approved,1,0,
554811edf37e73a0,3850ccda117d,0bf347577441,Delhi,5163,2024-03-19T18:49:09,2024-03-19T18:58:10,declined,0,1,P09
308c04c2748b7441,107ff2ac18f1,66d7666f1211,Maharashtra,894,2024-03-19T18:49:25,2024-03-19T18:53:21,approved,1,0,
0c5a8b7c5285f5f4,3850ccda117d,6a26da991378,Haryana,13247,2024-03-19T18:49:51,2024-03-19T19:08:27,approved,0,1,P09
3747767a6a859042,7b99521e8d62,6d62dc8e59be,Kerala,2481,2024-03-19T18:50:34,2024-03-19T18:52:06,approved,1,0,
6ec7558d15c45e97,1c30ffd0220b,247475774d65,Maharashtra,6907,2024-03-19T18:51:53,2024-03-19T19:21:53,expired,0,1,P10
46a55df0f0ae1799,3850ccda117d,010c16cb6ac5,Uttar Pradesh,9532,2024-03-19T18:51:56,2024-03-19T19:21:56,expired,0,1,P09
48355b5860e21389,49217212965b,7c2c48726bc5,Kerala,378,2024-03-19T18:52:52,2024-03-19T18:57:21,approved,1,0,
181bc0efdd01ac8e,3850ccda117d,4db7fe61ff0b,Maharashtra,8187,2024-03-19T18:53:13,2024-03-19T19:18:54,declined,0,1,P09
24f1f80444f9f1e2,3850ccda117d,0bae26dfe1a2,Tamil Nadu,6422,2024-03-19T18:53:27,2024-03-19T18:59:06,declined,0,1,P09
3261c4efc9e14c5a,1c30ffd0220b,1b191141593c,Karnataka,13893,2024-03-19T18:55:05,2024-03-19T19:22:47,declined,0,1,P10
5f570876672fc225,1c30ffd0220b,69f4987a3da3,Delhi,8533,2024-03-19T18:55:39,2024-03-19T19:21:43,declined,0,1,P10
6dc7f61afec6237d,7786fa4ecb51,67d07b7f9fa8,Uttar Pradesh,375,2024-03-19T18:55:58,2024-03-19T19:13:07,approved,1,0,
2aeb24d863757d53,67a0390930e5,6c897aee6ee7,Delhi,1280,2024-03-19T18:55:59,2024-03-19T18:58:10,approved,1,0,
2c04e6bbf0733eff,1c30ffd0220b,1298a8eb73f3,Tamil Nadu,18032,2024-03-19T18:57:11,2024-03-19T19:01:06,approved,0,1,P10
5f791e9d7e927405,39dc63eef666,12245daa468a,Uttar Pradesh,623,2024-03-19T18:57:40,2024-03-19T19:04:26,approved,1,0,
5fc7c1edb5a43ead,1c30ffd0220b,4252a907648b,Gujarat,15690,2024-03-19T18:58:09,2024-03-19T19:15:32,declined,0,1,P10
091b9916ccf2904a,3850ccda117d,35059a024291,Telangana,9502,2024-03-19T19:01:15,2024-03-19T19:05:17,declined,0,1,P09
0e2b1b2dc3dabbc1,1c30ffd0220b,4aeb84c7f092,Telangana,9268,2024-03-19T19:01:42,2024-03-19T19:08:13,declined,0,1,P10
2d243e5c3a47056d,7786fa4ecb51,333ba678b41c,Tamil Nadu,554,2024-03-19T19:02:03,2024-03-19T19:07:15,approved,1,0,
3d1329661c81b34e,1c30ffd0220b,7c81f3541a4d,Maharashtra,9964,2024-03-19T19:02:36,2024-03-19T19:32:36,expired,0,1,P10
2d28d28f967d4526,22ea49616c97,5fee7c04e14e,Haryana,452,2024-03-19T19:02:45,2024-03-19T19:10:47,approved,1,0,
195bc1cb5b7b5343,1c30ffd0220b,498a19a6115e,Gujarat,3096,2024-03-19T19:03:49,2024-03-19T19:30:30,declined,0,1,P10
197975872acd9231,20332b92b91c,40c8c9c781eb,West Bengal,123,2024-03-19T19:06:05,2024-03-19T19:15:49,approved,0,0,
181a15fa8cbf391d,6ab35d61cd9f,3c2699e6bd2f,Karnataka,958,2024-03-19T19:09:09,2024-03-19T19:13:09,approved,1,0,
79a40230b9035f75,11d601015742,684bdfc8dec9,Telangana,839,2024-03-19T19:09:34,2024-03-19T19:39:34,expired,1,0,
2a52470d46d987aa,60a547ae6f0e,0b7c87543b83,Bihar,894,2024-03-19T19:11:35,2024-03-19T19:21:30,approved,1,0,
1f3118d15ce1e795,7b99521e8d62,551f0c90ea31,Karnataka,1184,2024-03-19T19:13:01,2024-03-19T19:28:21,approved,1,0,
0842f7f6a1662790,2569a0f51294,7e3d3367433e,Maharashtra,975,2024-03-19T19:13:08,2024-03-19T19:25:32,approved,1,0,
1f976765ee19445c,45d11774ab5d,68a6a6af0f37,Maharashtra,595,2024-03-19T19:14:18,2024-03-19T19:44:18,expired,0,0,
6c685e1f60456fda,22ea49616c97,1cc95c1fe7db,Kerala,700,2024-03-19T19:14:22,2024-03-19T19:27:53,approved,1,0,
28fd38707873c3f0,107ff2ac18f1,515d87ac38d5,Tamil Nadu,201,2024-03-19T19:16:45,2024-03-19T19:17:49,approved,1,0,
4a0a064005c78b11,3850ccda117d,663edcf29086,Bihar,4674,2024-03-19T19:19:02,2024-03-19T19:26:56,declined,0,1,P09
4fe2aef30c64c259,3850ccda117d,46600080a831,Delhi,6836,2024-03-19T19:19:10,2024-03-19T19:33:03,declined,0,1,P09
01bd036e5f08572e,2569a0f51294,1620e50e7bbe,West Bengal,2923,2024-03-19T19:20:20,2024-03-19T19:27:27,approved,1,0,
55f403eb39f10f8d,22ea49616c97,1f075a6096a9,Haryana,533,2024-03-19T19:20:33,2024-03-19T19:36:49,approved,1,0,
0b31546fa3a9a997,22ea49616c97,17a8f4461a92,Bihar,424,2024-03-19T19:21:50,2024-03-19T19:38:43,approved,1,0,
052fc4a0562beae8,1c30ffd0220b,086a7ca39911,West Bengal,7120,2024-03-19T19:22:50,2024-03-19T19:30:26,declined,0,1,P10
08a1037c91518703,6d33a7293228,011b986bd9d1,Tamil Nadu,555,2024-03-19T19:23:35,2024-03-19T19:27:12,approved,1,0,
043ddc4a68cddbb9,2baf4e7593de,14924a7b6256,Bihar,567,2024-03-19T19:25:13,2024-03-19T19:30:19,approved,1,0,
630b0e3f73117a30,1c30ffd0220b,0f9a82e2887e,Delhi,10594,2024-03-19T19:25:28,2024-03-19T19:46:04,declined,0,1,P10
24afa6b32e2f90d6,1c30ffd0220b,2c256f4206fa,Rajasthan,5254,2024-03-19T19:26:23,2024-03-19T19:56:23,expired,0,1,P10
2b6d7902a3dee2a4,0176a1a01f10,3b58be56f8d4,Maharashtra,1895,2024-03-19T19:27:09,2024-03-19T19:32:12,approved,1,0,
57858aee3835b25d,6f5fa5bed003,34b0e7fd0650,Kerala,529,2024-03-19T19:28:08,2024-03-19T19:36:38,approved,1,0,
2972e9009632a255,4a83bc732574,16287e85e1ba,Maharashtra,3421,2024-03-19T19:31:47,2024-03-19T19:51:15,approved,1,0,
0a9866eba51d7644,3850ccda117d,4f9392166b1c,Tamil Nadu,6428,2024-03-19T19:33:56,2024-03-19T19:45:56,declined,0,1,P09
687e7e2178475d3e,3850ccda117d,201ca4564a4a,Tamil Nadu,5404,2024-03-19T19:36:03,2024-03-19T19:46:39,declined,0,1,P09
0fdc6ea42b94458d,6a2b9baa3e4a,405c537b6ae9,Maharashtra,530,2024-03-19T19:37:20,2024-03-19T19:50:18,approved,1,0,
5d26385acd1acb2c,3850ccda117d,138778ad7dba,Gujarat,4999,2024-03-19T19:37:33,2024-03-19T19:57:52,declined,0,1,P09
574bbfd8d3b02254,30595689af87,36a25cdcd8b7,Haryana,1806,2024-03-19T19:38:20,2024-03-19T19:41:12,approved,1,0,
7e31feb7b026f8e1,3850ccda117d,24b82bf888c8,Gujarat,7741,2024-03-19T19:38:21,2024-03-19T19:46:15,declined,0,1,P09
7a3de5156505a65c,7b99521e8d62,214503fb748d,Uttar Pradesh,3293,2024-03-19T19:38:48,2024-03-19T19:44:31,approved,1,0,
2bca34f908810dd9,694d71c69d67,268f16e48231,Delhi,1185,2024-03-19T19:39:18,2024-03-19T20:09:18,expired,1,0,
4c975d928f1099c1,0cce3dbda79d,743bf6aa96d9,Haryana,732,2024-03-19T19:40:55,2024-03-19T19:55:18,approved,0,0,
5abb48082db18d04,3850ccda117d,75b041680504,Haryana,12490,2024-03-19T19:41:17,2024-03-19T20:05:09,declined,0,1,P09
2b895385d05ae017,7786fa4ecb51,7c500d558e38,Haryana,300,2024-03-19T19:41:27,2024-03-19T19:49:33,approved,1,0,
3702b0eeef286603,3850ccda117d,103447b6ab73,Haryana,19138,2024-03-19T19:43:17,2024-03-19T19:46:25,declined,0,1,P09
5134c9b422b5cbc6,0d9a63adaba5,05440741735d,West Bengal,2318,2024-03-19T19:43:33,2024-03-19T19:56:42,approved,1,0,
3db5627d71595d60,20332b92b91c,68a6a6af0f37,Maharashtra,1746,2024-03-19T19:43:45,2024-03-19T19:47:43,approved,0,0,
480449d0736dafa2,1c30ffd0220b,65c7474d2755,Bihar,16129,2024-03-19T19:45:18,2024-03-19T19:52:42,declined,0,1,P10
2bbe266141c9a4f5,3850ccda117d,65ed8a1dad6b,West Bengal,8114,2024-03-19T19:45:23,2024-03-19T20:04:30,declined,0,1,P09
118c2ab8051e6769,6e73719779d9,5309ddc6db64,Haryana,4195,2024-03-19T19:46:27,2024-03-19T19:59:19,declined,0,0,
2296822175ce26b9,3850ccda117d,79ccb19174d7,Delhi,10924,2024-03-19T19:46:38,2024-03-19T20:15:14,declined,0,1,P09
6a9ce79473471e78,2baf4e7593de,7df3158bf3ff,Telangana,530,2024-03-19T19:48:30,2024-03-19T19:59:47,approved,1,0,
1af002bac711a4eb,3850ccda117d,6bcf7c3c401f,Uttar Pradesh,25000,2024-03-19T19:49:26,2024-03-19T19:57:44,declined,0,1,P09
744cc9eba1e78492,1c30ffd0220b,6327b083e38a,Haryana,7479,2024-03-19T19:49:33,2024-03-19T20:19:33,expired,0,1,P10
3686e3e1843bb975,6646fee30506,6f62672863a9,Kerala,1925,2024-03-19T19:52:04,2024-03-19T20:04:10,approved,1,0,
3d02c4d6b8aa0202,1318e3fa6d29,5c9ad80f0b08,Bihar,138,2024-03-19T19:52:55,2024-03-19T20:11:38,approved,1,0,
06b8fec79628bb87,3850ccda117d,21f0596f2ace,Haryana,6794,2024-03-19T19:57:08,2024-03-19T20:14:04,declined,0,1,P09
38f3e1fa7296cbb9,3850ccda117d,72b8058de939,Uttar Pradesh,14366,2024-03-19T19:57:18,2024-03-19T20:27:18,expired,0,1,P09
122e206e4e7dd96a,3850ccda117d,52d63dab055a,Haryana,4605,2024-03-19T19:58:32,2024-03-19T20:02:54,declined,0,1,P09
7c361f52c3b43b2e,67a0390930e5,2ad68a9b35fb,Haryana,690,2024-03-19T20:00:48,2024-03-19T20:05:03,approved,1,0,
12955fd279634e49,3850ccda117d,502fcaf0be5b,Uttar Pradesh,2414,2024-03-19T20:00:51,2024-03-19T20:27:09,declined,0,1,P09
4767cb6ed7c017bc,41e20e89712f,49315c768cb2,Gujarat,757,2024-03-19T20:01:28,2024-03-19T20:08:25,approved,1,0,
3300dbebb978db15,216f11aafe2f,38b80ed24401,Haryana,738,2024-03-19T20:01:40,2024-03-19T20:19:42,approved,0,0,
20e09b7b3951d9de,3850ccda117d,5b074fc30c72,Gujarat,5551,2024-03-19T20:02:02,2024-03-19T20:12:50,declined,0,1,P09
3c15323fd95df57d,3850ccda117d,109aca570d55,Maharashtra,2456,2024-03-19T20:02:26,2024-03-19T20:32:26,expired,0,1,P09
1e3eb18b5770fb69,1c30ffd0220b,4bc98bc94a42,Karnataka,6239,2024-03-19T20:02:26,2024-03-19T20:08:33,declined,0,1,P10
7bffe5d0ee0605dc,5e5c092ab53d,7df46ddba270,Tamil Nadu,1085,2024-03-19T20:03:58,2024-03-19T20:33:58,expired,1,0,
539fcb64989b9408,5be02b242add,330fdd14d1b0,Telangana,6262,2024-03-19T20:05:49,2024-03-19T20:13:43,approved,1,0,
7c7dcc4869825053,1c30ffd0220b,1fd78238e72e,Haryana,5221,2024-03-19T20:06:10,2024-03-19T20:36:10,expired,0,1,P10
7a0c93b33e6b74e0,2569a0f51294,7d4d4875503d,Tamil Nadu,587,2024-03-19T20:06:12,2024-03-19T20:24:29,approved,1,0,
430b072bf6756068,3850ccda117d,23af8bfab135,Bihar,13038,2024-03-19T20:08:19,2024-03-19T20:19:07,declined,0,1,P09
0857ccdaca2dc2a5,3850ccda117d,2d72aca71729,Kerala,16185,2024-03-19T20:11:20,2024-03-19T20:37:46,declined,0,1,P09
001a07867987b54d,1c30ffd0220b,417063a7e3ed,Maharashtra,4036,2024-03-19T20:12:00,2024-03-19T20:42:00,expired,0,1,P10
51f277423fca49dd,1c30ffd0220b,305a99832109,Kerala,12064,2024-03-19T20:12:09,2024-03-19T20:34:34,declined,0,1,P10
0ecaaddbd1424819,6d33a7293228,096935f38154,Karnataka,224,2024-03-19T20:13:55,2024-03-19T20:30:09,approved,1,0,
054b949b959269ba,3850ccda117d,28a344d18e53,Bihar,18465,2024-03-19T20:14:42,2024-03-19T20:44:42,expired,0,1,P09
24e23121d4f135a8,0d4a1f2e8b76,4391413e06d5,Karnataka,562,2024-03-19T20:16:00,2024-03-19T20:16:36,approved,1,0,
3e1ab2fb71872860,3850ccda117d,48c5ffe56f7c,Bihar,6555,2024-03-19T20:16:17,2024-03-19T20:46:17,expired,0,1,P09
2320a37c615df3d5,1e30aaf5adb8,309017824753,Kerala,404,2024-03-19T20:17:40,2024-03-19T20:19:18,approved,1,0,
0b92da0e8ad44247,3850ccda117d,31519978137a,Gujarat,13260,2024-03-19T20:18:32,2024-03-19T20:44:25,declined,0,1,P09
51cb84033d6ee75d,1c30ffd0220b,2b0cfffd8c73,Karnataka,7059,2024-03-19T20:18:50,2024-03-19T20:48:50,expired,0,1,P10
3fd974894a25923a,20332b92b91c,6b88beb514f4,Tamil Nadu,819,2024-03-19T20:19:15,2024-03-19T20:39:08,declined,0,0,
548bd83750e9eacd,4818964bb9e3,3ebf29e52365,Bihar,765,2024-03-19T20:24:21,2024-03-19T20:35:57,approved,1,0,
028ce0adb14b9902,2baf4e7593de,2e6ad22d1bf2,West Bengal,573,2024-03-19T20:24:27,2024-03-19T20:35:31,approved,1,0,
715c51e9c59ebdcc,67a0390930e5,02dadada54a8,Uttar Pradesh,289,2024-03-19T20:24:31,2024-03-19T20:41:08,approved,1,0,
14c040527de93a89,1c30ffd0220b,7b310a22058c,Tamil Nadu,8632,2024-03-19T20:24:32,2024-03-19T20:54:32,expired,0,1,P10
423eb8e795460e5a,3850ccda117d,1e5c4b0ffaa2,Gujarat,9443,2024-03-19T20:25:17,2024-03-19T20:31:20,declined,0,1,P09
6d8c3d884b55a36e,7b99521e8d62,5c84a124237f,Kerala,1329,2024-03-19T20:30:32,2024-03-19T20:35:05,approved,1,0,
6a6808212bbcfa9e,7d81c905f4c1,3424d8f29bc7,West Bengal,1291,2024-03-19T20:30:53,2024-03-19T20:33:47,approved,1,0,
732eb215b795742a,107ff2ac18f1,1fce31b81661,Bihar,705,2024-03-19T20:31:33,2024-03-19T20:39:43,approved,1,0,
59376fc7de47d74a,67a0390930e5,6a589a3f33bf,Delhi,447,2024-03-19T20:32:21,2024-03-19T20:42:55,approved,1,0,
0c8551f27efbe3a5,3850ccda117d,55fc0c4cf127,Gujarat,4469,2024-03-19T20:32:37,2024-03-19T20:53:11,declined,0,1,P09
300460102b67615a,6ab35d61cd9f,070511f371a8,West Bengal,723,2024-03-19T20:34:28,2024-03-19T20:41:07,approved,1,0,
6b9d9cb473ea5515,634690700829,4379737a5f4b,Karnataka,485,2024-03-19T20:35:00,2024-03-19T20:37:28,approved,1,0,
703ca93101666bdc,7d81c905f4c1,64343053c0e7,Bihar,488,2024-03-19T20:36:21,2024-03-19T20:51:18,approved,1,0,
35506270eb5b3fe9,3850ccda117d,26978eecff6c,Bihar,15890,2024-03-19T20:38:28,2024-03-19T20:58:28,declined,0,1,P09
2e61d3de0c094e79,45d11774ab5d,3118f24f205b,Gujarat,175,2024-03-19T20:39:16,2024-03-19T21:09:16,expired,0,0,
3f6f4f8ec8f1d360,1c30ffd0220b,136598c8020f,Bihar,3993,2024-03-19T20:40:07,2024-03-19T20:56:08,declined,0,1,P10
7ce649ab0d8b41b5,0176a1a01f10,45780fb401b2,Uttar Pradesh,1977,2024-03-19T20:42:29,2024-03-19T20:43:41,declined,1,0,
6d57bc01551328db,3850ccda117d,45a72859841b,Gujarat,7532,2024-03-19T20:44:35,2024-03-19T21:14:35,expired,0,1,P09
104d04ba4bd6d133,1e30aaf5adb8,18625b38d459,Haryana,455,2024-03-19T20:44:36,2024-03-19T20:58:55,approved,1,0,
138713f6846a4a9c,1c30ffd0220b,42acd2434527,Maharashtra,14014,2024-03-19T20:46:01,2024-03-19T20:54:08,declined,0,1,P10
026cb66ea65346b2,663473dc643e,7ada7088f030,Rajasthan,441,2024-03-19T20:46:45,2024-03-19T20:57:52,approved,1,0,
5dba469dd3d77b79,1c30ffd0220b,6f1e9ad08815,Telangana,4730,2024-03-19T20:46:57,2024-03-19T21:03:46,declined,0,1,P10
6aa5578f19e6b8b5,6646fee30506,20867e43a704,West Bengal,677,2024-03-19T20:48:11,2024-03-19T20:59:41,declined,1,0,
2518c335e5e3665a,1c30ffd0220b,4dc15c5e68bc,Tamil Nadu,5759,2024-03-19T20:48:16,2024-03-19T21:02:10,declined,0,1,P10
1ac66c7693a3e139,7d81c905f4c1,26978eecff6c,Bihar,2594,2024-03-19T20:49:54,2024-03-19T21:08:55,approved,1,0,
07223f88c92b5997,1e30aaf5adb8,315b4b6fbff0,Kerala,695,2024-03-19T20:49:55,2024-03-19T21:03:46,approved,1,0,
2268f96d5e69bd58,51e266317647,53ce2853508e,Telangana,348,2024-03-19T20:51:48,2024-03-19T21:01:59,approved,1,0,
1874abcf3ad0891a,634690700829,1a56f4548e70,Delhi,523,2024-03-19T20:52:07,2024-03-19T21:22:07,expired,1,0,
63c5a18e0c0a86d5,6e836fcd1e4d,0e650c70ed6b,Karnataka,59,2024-03-19T20:52:11,2024-03-19T21:09:24,approved,0,0,
7e86fadb926a4ed8,0cce3dbda79d,54731f53b058,Delhi,896,2024-03-19T20:52:24,2024-03-19T21:11:06,approved,0,0,
48ad8768a4156c73,1c30ffd0220b,21c7c9a85124,Karnataka,6524,2024-03-19T20:53:36,2024-03-19T20:59:39,declined,0,1,P10
4331d4b36744082a,1c30ffd0220b,7d31416be8c8,Delhi,7645,2024-03-19T20:56:11,2024-03-19T21:12:18,declined,0,1,P10
289e372f69295d3f,2b1781ab1f24,3a9321c71d3d,Karnataka,346,2024-03-19T20:57:25,2024-03-19T21:13:19,approved,0,0,
57c1152883b34598,3850ccda117d,506617454bc5,Rajasthan,2635,2024-03-19T20:58:04,2024-03-19T21:28:04,expired,0,1,P09
0d23d5ef4b9506f2,3850ccda117d,4bc98bc94a42,Karnataka,19980,2024-03-19T20:58:28,2024-03-19T21:28:28,expired,0,1,P09
2da5cef65fe45731,673acd5d1161,5b82ce64da53,Haryana,844,2024-03-19T20:58:48,2024-03-19T21:15:30,approved,1,0,
3c3959e4d6cc6c15,1c30ffd0220b,659553024423,Maharashtra,7532,2024-03-19T20:59:02,2024-03-19T21:04:31,declined,0,1,P10
3db64801be311a32,6d33a7293228,6da9397ce1ac,Haryana,265,2024-03-19T21:00:25,2024-03-19T21:02:32,approved,1,0,
2c79cac41a898d0c,3850ccda117d,15c185735f7e,Gujarat,8837,2024-03-19T21:09:00,2024-03-19T21:20:43,declined,0,1,P09
2394fef90587a905,3850ccda117d,468bfd4edd7e,West Bengal,2560,2024-03-19T21:11:31,2024-03-19T21:30:44,declined,0,1,P09
04d38d0fcfbf0dba,6e73719779d9,41a35b81d115,Telangana,728,2024-03-19T21:11:48,2024-03-19T21:32:29,declined,0,0,
16dcb04c8fa76221,1c30ffd0220b,34c083dcebf1,Uttar Pradesh,6274,2024-03-19T21:14:36,2024-03-19T21:44:36,expired,0,1,P10
4b3191d119e75e7b,1c30ffd0220b,65bc8e4c6dbe,Rajasthan,25000,2024-03-19T21:14:42,2024-03-19T21:31:57,declined,0,1,P10
22abae70e56c6fea,3850ccda117d,6a44f3b34f7b,Haryana,9446,2024-03-19T21:15:04,2024-03-19T21:25:59,declined,0,1,P09
1d615227575cb6a9,3850ccda117d,39a76b1931a8,Tamil Nadu,13069,2024-03-19T21:15:10,2024-03-19T21:45:10,expired,0,1,P09
79557de2e5883c1b,1c30ffd0220b,206a96201748,Delhi,5000,2024-03-19T21:15:55,2024-03-19T21:45:55,expired,0,1,P10
3c1d2c545491af16,3850ccda117d,7276ec657e63,Bihar,25000,2024-03-19T21:16:05,2024-03-19T21:21:38,declined,0,1,P09
0549b13de511d729,7b99521e8d62,5b05d8c1aa42,Bihar,1423,2024-03-19T21:16:30,2024-03-19T21:46:30,expired,1,0,
78a771b84ac49359,1c30ffd0220b,1db4463cad41,Haryana,5013,2024-03-19T21:16:32,2024-03-19T21:27:45,declined,0,1,P10
437826ac743a31f9,19a849472d1b,78c820b876da,Bihar,1709,2024-03-19T21:19:03,2024-03-19T21:29:24,approved,1,0,
4a3b4fc1db483382,1c30ffd0220b,2f16c987f55e,Karnataka,6316,2024-03-19T21:19:09,2024-03-19T21:49:09,expired,0,1,P10
1b0e965dc11c254a,7d81c905f4c1,2752a19651bd,Karnataka,1256,2024-03-19T21:19:44,2024-03-19T21:30:46,approved,1,0,
5aeec769ca996107,3850ccda117d,3b71468e08e5,Tamil Nadu,11647,2024-03-19T21:21:02,2024-03-19T21:34:20,declined,0,1,P09
532e62bd440784a0,22ea49616c97,2126659f34c1,Rajasthan,251,2024-03-19T21:24:06,2024-03-19T21:26:18,approved,1,0,
042a086483a3e7dc,3850ccda117d,6eadc27eb785,Tamil Nadu,17175,2024-03-19T21:25:56,2024-03-19T21:55:56,expired,0,1,P09
5a651a3531ccccea,7d81c905f4c1,33f4fedbb0bf,Kerala,881,2024-03-19T21:27:08,2024-03-19T21:32:48,approved,1,0,
02cbebf7135d609f,3850ccda117d,317067df2928,Telangana,4732,2024-03-19T21:27:33,2024-03-19T21:57:33,expired,0,1,P09
37ca6f4ada8f33e4,1c30ffd0220b,26199e36c0fa,Tamil Nadu,18383,2024-03-19T21:28:03,2024-03-19T21:42:14,approved,0,1,P10
6eb8a6e255be26df,1c30ffd0220b,5ebc0d009827,Uttar Pradesh,15250,2024-03-19T21:32:59,2024-03-19T22:00:16,declined,0,1,P10
2dc5605acc4cb8b2,3850ccda117d,3fda3222e583,Rajasthan,6012,2024-03-19T21:33:04,2024-03-19T22:03:04,expired,0,1,P09
36c63bd81696187c,1e30aaf5adb8,5d01c6c4b8b7,Tamil Nadu,686,2024-03-19T21:34:07,2024-03-19T21:46:19,approved,1,0,
581f7b6228a950f8,3850ccda117d,0bf8d982cdd3,Rajasthan,5330,2024-03-19T21:35:37,2024-03-19T21:44:42,declined,0,1,P09
72957f0dc8ad6bd5,1c30ffd0220b,1c8bbb763641,Rajasthan,9102,2024-03-19T21:35:37,2024-03-19T21:41:26,declined,0,1,P10
2ad65019cc049669,1c30ffd0220b,1b48e5acedc7,Gujarat,21862,2024-03-19T21:36:23,2024-03-19T22:05:54,declined,0,1,P10
523fb1f4a7780a5c,1c30ffd0220b,31133ce5dfbb,Rajasthan,9497,2024-03-19T21:36:57,2024-03-19T22:01:05,declined,0,1,P10
748ea7eeaad3a0ad,22ea49616c97,46b3e7f2e42e,Uttar Pradesh,447,2024-03-19T21:37:07,2024-03-19T21:57:29,declined,1,0,
23f0d2c8d3c08c30,1c30ffd0220b,46adc9e4a3d7,Haryana,7731,2024-03-19T21:37:30,2024-03-19T22:07:30,expired,0,1,P10
0f26737fbf75c185,2b1781ab1f24,18672ec215cb,Bihar,2070,2024-03-19T21:37:34,2024-03-19T21:42:53,approved,0,0,
29026315c9f99bf9,3850ccda117d,1602ebe7dab4,Telangana,8793,2024-03-19T21:38:11,2024-03-19T22:08:11,expired,0,1,P09
5af8ac9edddd35c5,6d33a7293228,710bc6e50a8f,Rajasthan,282,2024-03-19T21:39:20,2024-03-19T21:57:05,approved,1,0,
019de5381562b72f,1c30ffd0220b,3663feeb4fd7,Telangana,6570,2024-03-19T21:40:08,2024-03-19T22:10:08,expired,0,1,P10
6411fbef796749bb,3850ccda117d,31cdce599d87,Kerala,9868,2024-03-19T21:40:14,2024-03-19T22:04:13,declined,0,1,P09
41432b270ffc9cb5,3850ccda117d,6349bc28fedf,Rajasthan,11979,2024-03-19T21:40:22,2024-03-19T22:10:22,expired,0,1,P09
20eda4f1883337a5,1c30ffd0220b,743e0f642817,Kerala,9055,2024-03-19T21:40:22,2024-03-19T21:40:34,declined,0,1,P10
1702e909f073f8b6,45d11774ab5d,2663a1b58c2d,Gujarat,326,2024-03-19T21:40:40,2024-03-19T21:57:53,approved,0,0,
2907fe2923cfb8d5,1c30ffd0220b,585bf732839f,Tamil Nadu,8694,2024-03-19T21:40:43,2024-03-19T22:10:43,expired,0,1,P10
0bd9b4d207506a6c,2b1781ab1f24,3582e8363d8f,West Bengal,1461,2024-03-19T21:41:43,2024-03-19T21:53:25,approved,0,0,
2cafe806c10aeb11,3850ccda117d,260cf8c5b678,Maharashtra,7555,2024-03-19T21:44:03,2024-03-19T22:14:03,expired,0,1,P09
3b4b20ef0de49488,6f17ea22aaac,477bd6112722,West Bengal,2606,2024-03-19T21:44:34,2024-03-19T21:59:39,approved,1,0,
57ac7dfb579b71b4,6ab35d61cd9f,4b6d46d1f397,Uttar Pradesh,724,2024-03-19T21:44:50,2024-03-19T21:59:16,approved,1,0,
31606f377f288917,5be02b242add,105f888b4286,Uttar Pradesh,899,2024-03-19T21:45:56,2024-03-19T21:58:14,approved,1,0,
1aa3a87ddaee98e7,51e266317647,7c47842b8b5d,Kerala,541,2024-03-19T21:47:46,2024-03-19T22:03:30,approved,1,0,
614349e42efa7c9c,3850ccda117d,5a822d9aa113,West Bengal,12949,2024-03-19T21:48:19,2024-03-19T21:51:43,declined,0,1,P09
4589eaf55c3cf653,0176a1a01f10,5699f178dbe3,Rajasthan,1504,2024-03-19T21:48:55,2024-03-19T22:08:31,approved,1,0,
14166b084a8d950d,19a849472d1b,7e08201ad188,Maharashtra,2950,2024-03-19T21:49:47,2024-03-19T22:19:47,expired,1,0,
1b326b22c5e42d7b,3850ccda117d,68b01f0031a2,Telangana,20748,2024-03-19T21:50:23,2024-03-19T22:07:21,declined,0,1,P09
1288035fd9c13bfe,3850ccda117d,5af6dcfb8e6c,Karnataka,10934,2024-03-19T21:51:56,2024-03-19T22:21:56,expired,0,1,P09
1c59cd3deabb48cb,694d71c69d67,5f01d5928e29,West Bengal,1976,2024-03-19T21:53:06,2024-03-19T22:02:03,approved,1,0,
76732e05fa84b513,3850ccda117d,07813f8f4fbb,Gujarat,2091,2024-03-19T21:53:53,2024-03-19T22:08:07,declined,0,1,P09
06842119b6cd18df,3850ccda117d,580837b7a4cc,West Bengal,17987,2024-03-19T21:53:55,2024-03-19T21:57:38,declined,0,1,P09
08f0097c23eccf7a,3850ccda117d,1a65b4a8b09e,Telangana,12671,2024-03-19T21:54:36,2024-03-19T22:19:28,declined,0,1,P09
52b020553f20e76f,4c6b531ee064,132721374b94,Kerala,4575,2024-03-19T21:55:05,2024-03-19T22:07:28,approved,1,0,
2b1b3c17187f8ebb,4818964bb9e3,3105ce4e3712,Telangana,882,2024-03-19T21:55:10,2024-03-19T22:25:10,expired,1,0,
3ebde6308786ac9c,7b99521e8d62,75e77cb9eafc,Rajasthan,575,2024-03-19T21:56:39,2024-03-19T22:14:42,approved,1,0,
09b94d89a5c3dfd3,39dc63eef666,5e33c534e425,Haryana,462,2024-03-19T21:57:02,2024-03-19T21:59:13,approved,1,0,
4bf3532dcbece5de,1e30aaf5adb8,267643ef38c1,Bihar,857,2024-03-19T21:58:32,2024-03-19T22:12:10,approved,1,0,
34ce5641e2697005,1c30ffd0220b,086a7ca39911,West Bengal,4925,2024-03-19T21:58:34,2024-03-19T22:19:50,declined,0,1,P10
6e30366d8711e303,51e266317647,2752a19651bd,Karnataka,784,2024-03-19T22:04:26,2024-03-19T22:34:26,expired,1,0,
51e0a582ec58b4e0,3850ccda117d,0ac7e330a95f,Gujarat,9169,2024-03-19T22:04:26,2024-03-19T22:34:26,expired,0,1,P09
1935a50e05e75874,1c30ffd0220b,40fccc616885,Delhi,7562,2024-03-19T22:04:53,2024-03-19T22:26:41,declined,0,1,P10
36bbbe89c6fca9b1,7d81c905f4c1,3a41a02c23e1,Uttar Pradesh,1627,2024-03-19T22:05:04,2024-03-19T22:06:32,approved,1,0,
6d43d4d0f04f1b0e,0176a1a01f10,512bee3fc62d,Tamil Nadu,1022,2024-03-19T22:05:31,2024-03-19T22:11:36,approved,1,0,
56ab4c2caf221da6,3850ccda117d,4ce4c3cb40f4,Kerala,16338,2024-03-19T22:10:34,2024-03-19T22:40:34,expired,0,1,P09
7ef095ca07bb59e3,3850ccda117d,7b36f1af03c4,West Bengal,10871,2024-03-19T22:10:52,2024-03-19T22:40:52,expired,0,1,P09
058913bf3d9e7924,1c30ffd0220b,590a3570ca79,Kerala,3348,2024-03-19T22:12:39,2024-03-19T22:42:39,expired,0,1,P10
1861f8ac93d7e056,3850ccda117d,6b1f5aa46858,Karnataka,11358,2024-03-19T22:12:40,2024-03-19T22:21:21,declined,0,1,P09
4954a326083af389,1c30ffd0220b,35bbd698e831,Maharashtra,4296,2024-03-19T22:13:52,2024-03-19T22:36:16,declined,0,1,P10
2e3d7a9490ce3582,49217212965b,61288009efeb,Uttar Pradesh,636,2024-03-19T22:15:08,2024-03-19T22:25:26,approved,1,0,
5a69ed06a216ed8c,1c30ffd0220b,2eaaecc695df,Uttar Pradesh,9647,2024-03-19T22:15:31,2024-03-19T22:45:31,expired,0,1,P10
750a1cedc7b1edf6,1c30ffd0220b,44c64fc1b919,Delhi,5724,2024-03-19T22:15:50,2024-03-19T22:21:21,declined,0,1,P10
39f07cfecabac78a,1c30ffd0220b,35334f0b2fd8,West Bengal,5820,2024-03-19T22:16:25,2024-03-19T22:32:20,declined,0,1,P10
73cc2e97624119e2,3850ccda117d,1e4cb58590d7,Maharashtra,7652,2024-03-19T22:17:19,2024-03-19T22:19:58,declined,0,1,P09
3ed367acfbfdeb04,3850ccda117d,54db134f8bf9,Bihar,14136,2024-03-19T22:17:29,2024-03-19T22:45:39,declined,0,1,P09
45c9647c6fde33c4,1c30ffd0220b,5a53c88152f9,Gujarat,2000,2024-03-19T22:17:47,2024-03-19T22:43:00,declined,0,1,P10
063d80cfd612d000,1c30ffd0220b,42dab19850da,Gujarat,11271,2024-03-19T22:18:53,2024-03-19T22:48:53,expired,0,1,P10
33b09c70f9d78aff,3850ccda117d,37a0be912fe1,Delhi,5623,2024-03-19T22:21:39,2024-03-19T22:24:48,approved,0,1,P09
47e2a7253572b7a6,3850ccda117d,4a8218f91ca3,Kerala,6270,2024-03-19T22:22:56,2024-03-19T22:33:23,declined,0,1,P09
6251f8eab856dee1,3850ccda117d,0a772730afba,Gujarat,12887,2024-03-19T22:23:22,2024-03-19T22:28:42,declined,0,1,P09
711da0086d5c2c86,1c30ffd0220b,18ffad5f73e1,Bihar,14709,2024-03-19T22:25:51,2024-03-19T22:55:51,expired,0,1,P10
2198fa8cae954ad2,3850ccda117d,683733360a2d,West Bengal,6458,2024-03-19T22:27:16,2024-03-19T22:57:16,expired,0,1,P09
664a5ba86b2c4a79,3850ccda117d,66ca7d819aa2,West Bengal,5377,2024-03-19T22:29:18,2024-03-19T22:32:23,declined,0,1,P09
516b6cf4213694d1,3850ccda117d,138778ad7dba,Gujarat,2980,2024-03-19T22:30:39,2024-03-19T23:00:39,expired,0,1,P09
509bdf38e51304e9,3850ccda117d,641913ef3e3a,Gujarat,7976,2024-03-19T22:32:11,2024-03-19T23:02:11,expired,0,1,P09
1c6fec578f527751,09f6cd55cca3,3bfa0d2307ea,Haryana,5104,2024-03-19T22:35:10,2024-03-19T23:05:10,expired,1,0,
0e229c1a93d6cb2f,3850ccda117d,1075e0a335ef,Gujarat,9621,2024-03-19T22:36:10,2024-03-19T23:06:10,expired,0,1,P09
3ac9e71b31a16d09,1c30ffd0220b,29b236ff90f5,Rajasthan,17191,2024-03-19T22:36:25,2024-03-19T23:01:29,declined,0,1,P10
6a387ad7bf78f7c9,1c30ffd0220b,0de0a9065b7f,Delhi,8409,2024-03-19T22:37:12,2024-03-19T23:07:12,expired,0,1,P10
34150e6a1e19c2d0,3850ccda117d,581b69454e81,Delhi,10573,2024-03-19T22:38:05,2024-03-19T23:02:14,declined,0,1,P09
3573027c4626c473,216f11aafe2f,7281503338c0,Haryana,2272,2024-03-19T22:38:20,2024-03-19T22:48:30,declined,0,0,
0e30af81cd0c6659,1c30ffd0220b,7c81f3541a4d,Maharashtra,8719,2024-03-19T22:38:29,2024-03-19T22:55:31,declined,0,1,P10
2005cde18d1c092e,3850ccda117d,63753b3afb4e,Karnataka,14274,2024-03-19T22:38:42,2024-03-19T22:40:30,declined,0,1,P09
0af6029aa9c338b5,3850ccda117d,38a188c1e2c3,Tamil Nadu,4714,2024-03-19T22:39:13,2024-03-19T22:47:48,declined,0,1,P09
70eb2e76f9695128,3850ccda117d,3ff9632393f8,Karnataka,17763,2024-03-19T22:39:17,2024-03-19T22:57:44,declined,0,1,P09
0ca8c2605022e0ee,0fc3186df001,2053a90e82d4,West Bengal,955,2024-03-19T22:39:52,2024-03-19T22:51:50,declined,1,0,
7d3025477681e49a,39dc63eef666,5bf4e3e4f110,Bihar,631,2024-03-19T22:39:57,2024-03-19T22:57:55,approved,1,0,
17c10c670de5a9a3,0d4a1f2e8b76,36acd8119ae2,Karnataka,497,2024-03-19T22:40:48,2024-03-19T22:48:14,approved,1,0,
3ffb1e4678bc7f4d,1c30ffd0220b,67653794e3be,Bihar,3075,2024-03-19T22:43:08,2024-03-19T23:13:08,expired,0,1,P10
6a4ca81bebb7bbfb,1c30ffd0220b,6d211e4f86f8,Kerala,16410,2024-03-19T22:43:14,2024-03-19T22:44:53,declined,0,1,P10
5daec3e59c0bb30e,3850ccda117d,36cfd74dcca0,Bihar,3424,2024-03-19T22:43:48,2024-03-19T23:13:48,expired,0,1,P09
292b974e917fd8f6,60a547ae6f0e,61b08e9e89f6,Haryana,517,2024-03-19T22:45:15,2024-03-19T22:54:30,approved,1,0,
176211c88c340e13,6e73719779d9,72fad7ffab4e,Haryana,1835,2024-03-19T22:45:20,2024-03-19T23:15:20,expired,0,0,
5a8c2c4888b4cfea,3850ccda117d,2599e8a5a1f7,Gujarat,11242,2024-03-19T22:45:29,2024-03-19T23:15:29,expired,0,1,P09
0de02e62df611b70,3850ccda117d,29b2b656bf11,Tamil Nadu,4116,2024-03-19T22:47:13,2024-03-19T23:05:19,declined,0,1,P09
39d0575178d5da31,11d601015742,21d5145a31d1,Delhi,1075,2024-03-19T22:50:26,2024-03-19T23:05:22,declined,1,0,
5cabfa3493789daf,3850ccda117d,72b74741da8f,West Bengal,3923,2024-03-19T22:51:19,2024-03-19T23:03:46,declined,0,1,P09
7a4355a89bf4cd15,3850ccda117d,7b78a22f7f69,Uttar Pradesh,5138,2024-03-19T22:51:23,2024-03-19T23:07:40,declined,0,1,P09
5a0e01421303e9fa,3850ccda117d,67766f0c9bb9,West Bengal,3336,2024-03-19T22:53:16,2024-03-19T23:10:39,declined,0,1,P09
07933c5071e8f5f5,3850ccda117d,62a872a6be22,Karnataka,17492,2024-03-19T22:53:44,2024-03-19T23:08:25,declined,0,1,P09
3b767b748a52073f,3850ccda117d,381cec68277b,Rajasthan,12295,2024-03-19T22:55:11,2024-03-19T23:25:11,expired,0,1,P09
2f936c0c74868825,45d11774ab5d,7c5e35bb5051,Uttar Pradesh,2812,2024-03-19T22:56:29,2024-03-19T23:26:29,expired,0,0,
023d551aac1ef0f3,3850ccda117d,2b1a63291e0e,Tamil Nadu,8642,2024-03-19T22:56:33,2024-03-19T23:03:02,declined,0,1,P09
6a4551013a9f4d2e,4c6b531ee064,2163a1c72dad,Uttar Pradesh,1271,2024-03-19T22:56:41,2024-03-19T23:14:12,approved,1,0,
4023ba9758a25751,1c30ffd0220b,65f0a907060e,Karnataka,3126,2024-03-19T23:02:01,2024-03-19T23:15:48,declined,0,1,P10
2ab07544fac111d2,0fc3186df001,789faae5f8b2,Tamil Nadu,990,2024-03-19T23:04:01,2024-03-19T23:13:58,approved,1,0,
2fa60ef43bc5eea4,1c30ffd0220b,62d46493cdb8,Delhi,9031,2024-03-19T23:04:12,2024-03-19T23:34:12,expired,0,1,P10
0944945895e35cab,3850ccda117d,7a0492eb9054,West Bengal,9622,2024-03-19T23:06:15,2024-03-19T23:36:15,expired,0,1,P09
73d0fbfc8b622ae0,1c30ffd0220b,4658b9d08d5a,Gujarat,9697,2024-03-19T23:06:19,2024-03-19T23:33:16,declined,0,1,P10
10dedf34a41860a4,3850ccda117d,3f480d2ef246,Delhi,8751,2024-03-19T23:07:35,2024-03-19T23:37:35,expired,0,1,P09
34c83af995af4c5e,6646fee30506,3ee41995c410,Gujarat,2588,2024-03-19T23:07:51,2024-03-19T23:26:33,approved,1,0,
5b7544e3eb6dea5b,48f26f133a7b,7442bcfb4db3,Kerala,482,2024-03-19T23:08:47,2024-03-19T23:38:47,expired,1,0,
586c43e6fe3c4647,3850ccda117d,61b9b1da8342,Uttar Pradesh,15371,2024-03-19T23:13:03,2024-03-19T23:16:26,declined,0,1,P09
54c3733f436a9136,3850ccda117d,00714045a74a,Rajasthan,13366,2024-03-19T23:17:41,2024-03-19T23:38:25,declined,0,1,P09
30b71cf4449e6b78,3850ccda117d,54e97bb0b79b,West Bengal,6232,2024-03-19T23:18:02,2024-03-19T23:48:02,expired,0,1,P09
562f70bbd704004a,1c30ffd0220b,0ef8f36b7963,Maharashtra,25000,2024-03-19T23:22:53,2024-03-19T23:24:30,declined,0,1,P10
65eff72d2d70619e,4c6b531ee064,34558a20cc2d,Delhi,4181,2024-03-19T23:24:08,2024-03-19T23:54:08,expired,1,0,
4fdb0f8087964741,3850ccda117d,6593a6c2ac25,Bihar,25000,2024-03-19T23:24:41,2024-03-19T23:39:15,declined,0,1,P09
3ae12a7c3ccc4046,7b99521e8d62,28949f53155c,West Bengal,4291,2024-03-19T23:25:05,2024-03-19T23:42:38,approved,1,0,
0e4f4568ea28ae0d,1c30ffd0220b,41b5834c655a,Gujarat,14590,2024-03-19T23:27:41,2024-03-19T23:57:41,expired,0,1,P10
05720939dab9c0d7,3850ccda117d,72c560eba64c,Uttar Pradesh,5700,2024-03-19T23:27:43,2024-03-19T23:50:46,declined,0,1,P09
7646ce4380c7ae96,3850ccda117d,6a3d07647af1,Bihar,8410,2024-03-19T23:27:56,2024-03-19T23:57:56,expired,0,1,P09
43745a0d832c67ce,634690700829,28e883189047,Telangana,440,2024-03-19T23:29:33,2024-03-19T23:38:13,approved,1,0,
4f39040719b08b1b,1c30ffd0220b,4bdcdce66190,Delhi,9328,2024-03-19T23:31:22,2024-03-20T00:01:22,expired,0,1,P10
138db06262d94cb0,3850ccda117d,799c83fce3c0,West Bengal,14451,2024-03-19T23:32:44,2024-03-20T00:00:26,declined,0,1,P09
7c90221ec480c081,216f11aafe2f,1cf88658d969,Rajasthan,145,2024-03-19T23:35:14,2024-03-20T00:05:14,expired,0,0,
0d5d7e4dd84e268a,3850ccda117d,39e96755a8b3,Delhi,8434,2024-03-19T23:35:40,2024-03-20T00:05:40,expired,0,1,P09
7a275c98e177fa41,1c30ffd0220b,3fb89e81f1a9,Rajasthan,2975,2024-03-19T23:39:49,2024-03-19T23:41:26,declined,0,1,P10
056d292808b52fc3,3850ccda117d,6da4ef063b6e,Uttar Pradesh,4759,2024-03-19T23:40:20,2024-03-20T00:10:20,expired,0,1,P09
6d206e1c5658e855,1c30ffd0220b,66458755c46b,Delhi,12388,2024-03-19T23:42:29,2024-03-20T00:01:19,declined,0,1,P10
6abea50b950dd857,3850ccda117d,58194b354a9f,Tamil Nadu,6280,2024-03-19T23:43:27,2024-03-20T00:01:56,declined,0,1,P09
37f1327c85c80690,6d33a7293228,7942d228c083,Telangana,524,2024-03-19T23:46:41,2024-03-20T00:06:25,approved,1,0,
12f117a0e3d1320a,3850ccda117d,476da0a102be,Gujarat,6890,2024-03-19T23:47:27,2024-03-19T23:51:53,declined,0,1,P09
4032f5d9a69da98e,5be02b242add,13c7ad2b752c,Karnataka,1953,2024-03-19T23:49:39,2024-03-20T00:09:17,approved,1,0,
7c046e7f93cbcec6,20332b92b91c,5a4422088838,Telangana,191,2024-03-19T23:50:56,2024-03-20T00:10:18,declined,0,0,
0f098a79e16ddd24,3850ccda117d,10e2fac072b6,Haryana,8864,2024-03-19T23:51:02,2024-03-20T00:02:50,declined,0,1,P09
407dfb82649d9b59,1c30ffd0220b,5bf4e3e4f110,Bihar,8057,2024-03-19T23:52:25,2024-03-20T00:22:25,expired,0,1,P10
5d8f71d96f90cca0,1c30ffd0220b,7a3526e9082b,Delhi,5206,2024-03-19T23:54:34,2024-03-20T00:24:34,expired,0,1,P10
6f833f4794df5c79,3850ccda117d,301010a20e8f,Telangana,25000,2024-03-19T23:55:36,2024-03-20T00:17:23,declined,0,1,P09
31f6ad02fdc0b80c,0f0510686293,545286c41a17,Delhi,580,2024-03-19T23:55:46,2024-03-20T00:12:52,approved,1,0,
618a11514c81ffe1,22ea49616c97,1c7844d11eb3,Gujarat,390,2024-03-19T23:56:52,2024-03-20T00:03:27,approved,1,0,
567ddce2ea5a78a6,3850ccda117d,526781d1faac,Rajasthan,25000,2024-03-19T23:57:06,2024-03-19T23:58:48,declined,0,1,P09
6c658c80d082b425,3850ccda117d,3182446196ee,Tamil Nadu,4620,2024-03-19T23:57:27,2024-03-20T00:01:10,declined,0,1,P09
3889b1e4252e6ff5,1c30ffd0220b,2131109d094a,Gujarat,5853,2024-03-19T23:58:53,2024-03-20T00:00:42,declined,0,1,P10
06564f49aff52fc8,3850ccda117d,126e7c4a4e21,Delhi,6064,2024-03-19T23:58:56,2024-03-20T00:24:13,declined,0,1,P09
23815d2bc66d0a9c,3850ccda117d,61ef4b451afe,Gujarat,10761,2024-03-19T23:59:04,2024-03-20T00:01:00,declined,0,1,P09
649f18278b68c870,51e266317647,319987038148,West Bengal,370,2024-03-20T00:00:48,2024-03-20T00:05:38,approved,1,0,
4f673ea89f825e9c,3850ccda117d,2385543f242e,Tamil Nadu,8007,2024-03-20T00:02:04,2024-03-20T00:26:05,declined,0,1,P09
61fa78f220d05c81,1c30ffd0220b,64043f538960,Uttar Pradesh,9864,2024-03-20T00:05:00,2024-03-20T00:05:57,declined,0,1,P10
61a29e24f2fd48c1,1c30ffd0220b,58a2fdeaaf54,Kerala,16073,2024-03-20T00:06:50,2024-03-20T00:29:54,declined,0,1,P10
2e2007faf62e3845,1c30ffd0220b,629c4d93f83c,Karnataka,9248,2024-03-20T00:07:18,2024-03-20T00:37:18,expired,0,1,P10
53f8389f01019ff5,1c30ffd0220b,57e63824922d,Rajasthan,5867,2024-03-20T00:08:58,2024-03-20T00:33:31,declined,0,1,P10
140aead1f00943ff,1c30ffd0220b,42d4463ea553,Telangana,12343,2024-03-20T00:11:06,2024-03-20T00:32:58,declined,0,1,P10
454b013baf2d8a54,1c30ffd0220b,406befca98b0,Bihar,10656,2024-03-20T00:22:56,2024-03-20T00:31:32,declined,0,1,P10
3db17a490f50c67e,3850ccda117d,15f8b0cc05e7,Karnataka,5386,2024-03-20T00:23:16,2024-03-20T00:30:47,declined,0,1,P09
233b0edf13472028,1c30ffd0220b,664ffb4061f1,Rajasthan,16608,2024-03-20T00:26:16,2024-03-20T00:39:02,declined,0,1,P10
114c85b859f319db,3850ccda117d,41bf049eadf5,West Bengal,13586,2024-03-20T00:26:56,2024-03-20T00:56:56,expired,0,1,P09
43c9dbc06f8c53da,1c30ffd0220b,5e1109fe341e,Bihar,3936,2024-03-20T00:28:04,2024-03-20T00:38:22,approved,0,1,P10
7948e58b516acae3,3850ccda117d,1a05566dfd7a,West Bengal,8792,2024-03-20T00:28:46,2024-03-20T00:58:46,expired,0,1,P09
62eae02e613f4222,3850ccda117d,6f9bf3acf267,Karnataka,13093,2024-03-20T00:29:35,2024-03-20T00:58:40,declined,0,1,P09
278d6245432321ba,1c30ffd0220b,14a9d62b56b1,Tamil Nadu,9483,2024-03-20T00:34:16,2024-03-20T00:38:37,declined,0,1,P10
1e24d7f8c4832012,3850ccda117d,699903b7c7ef,Rajasthan,5893,2024-03-20T00:36:20,2024-03-20T00:48:24,declined,0,1,P09
36618254b1d9d2f4,3850ccda117d,4a83113ddab1,Bihar,9145,2024-03-20T00:36:42,2024-03-20T00:38:26,declined,0,1,P09
0ac7520d63eb34ce,3850ccda117d,14a9d62b56b1,Tamil Nadu,3231,2024-03-20T00:37:54,2024-03-20T01:07:54,expired,0,1,P09
119f1e199b5a6988,6e73719779d9,2e20f08a0f2b,Tamil Nadu,212,2024-03-20T00:38:15,2024-03-20T01:08:15,expired,0,0,
4c196b0bfad837be,22ea49616c97,2ae0672ebdad,West Bengal,991,2024-03-20T00:41:36,2024-03-20T00:56:41,approved,1,0,
12a69a5eb79359f8,3850ccda117d,20c6bb5da9b7,Uttar Pradesh,2443,2024-03-20T00:42:37,2024-03-20T01:12:37,expired,0,1,P09
6721abaf792b978d,3850ccda117d,62cfa2e448c3,Telangana,7665,2024-03-20T00:44:10,2024-03-20T00:56:49,approved,0,1,P09
1da3349224d8b527,3850ccda117d,72af92b8d847,Rajasthan,16406,2024-03-20T00:44:14,2024-03-20T01:14:14,expired,0,1,P09
257faefdcd5f02ea,1c30ffd0220b,22cee8c03fb1,Rajasthan,9442,2024-03-20T00:46:00,2024-03-20T01:15:52,declined,0,1,P10
08f3d3c4f2299607,1c30ffd0220b,6b39968840a5,Bihar,6483,2024-03-20T00:46:22,2024-03-20T00:47:27,declined,0,1,P10
72c19f0481e68071,1c30ffd0220b,136bf50fac77,Telangana,6695,2024-03-20T00:47:42,2024-03-20T01:09:06,declined,0,1,P10
03b645e3c3045125,3850ccda117d,296c345078a1,Gujarat,4189,2024-03-20T00:48:10,2024-03-20T00:50:29,declined,0,1,P09
6bef33a6c1ae45ac,3850ccda117d,64fa449a9d55,Bihar,15975,2024-03-20T00:48:15,2024-03-20T01:07:39,declined,0,1,P09
3304767ecb0b1335,1c30ffd0220b,2d9f836414ae,Tamil Nadu,11042,2024-03-20T00:48:37,2024-03-20T01:18:37,expired,0,1,P10
06c77e0687031b57,6e73719779d9,055d6335f30e,Tamil Nadu,1444,2024-03-20T00:49:31,2024-03-20T00:53:05,approved,0,0,
3b8e3f9ea9f41e40,3850ccda117d,09024c9920ae,Maharashtra,8349,2024-03-20T00:51:44,2024-03-20T01:21:44,expired,0,1,P09
29a9371e642b9f97,1c30ffd0220b,713511c0c124,Rajasthan,4884,2024-03-20T00:51:59,2024-03-20T01:21:59,expired,0,1,P10
6c1f1573de907be0,1c30ffd0220b,36cb7f04c303,Uttar Pradesh,2431,2024-03-20T00:54:33,2024-03-20T01:24:33,expired,0,1,P10
2d305a5b5be34504,3850ccda117d,49b7e33e6fa3,Kerala,13747,2024-03-20T00:54:43,2024-03-20T01:24:43,expired,0,1,P09
2fb1f306fe3e89c8,1c30ffd0220b,437c0877fd4c,Karnataka,18344,2024-03-20T00:55:00,2024-03-20T01:25:00,expired,0,1,P10
091dddaab0b1f182,3850ccda117d,460933c99bdc,Karnataka,4830,2024-03-20T00:55:17,2024-03-20T01:25:17,expired,0,1,P09
3d6f630d60491dfa,1c30ffd0220b,5ae0c1dcaed9,Maharashtra,8858,2024-03-20T00:59:48,2024-03-20T01:11:50,approved,0,1,P10
19fb6ecf974261de,3850ccda117d,6b357992fd4d,Telangana,12185,2024-03-20T01:04:46,2024-03-20T01:33:54,declined,0,1,P09
76c269507c2ed5b6,3850ccda117d,5d9500ee8538,Maharashtra,8154,2024-03-20T01:05:11,2024-03-20T01:05:53,declined,0,1,P09
3ebca9899f5cc815,3850ccda117d,2c77f41946f5,West Bengal,17020,2024-03-20T01:05:49,2024-03-20T01:35:49,expired,0,1,P09
4a11592fdc8254b0,3850ccda117d,20517f7f0a95,Maharashtra,9189,2024-03-20T01:06:37,2024-03-20T01:29:57,declined,0,1,P09
55f384c026bb8b7f,1c30ffd0220b,11bba6762d76,Bihar,8065,2024-03-20T01:07:00,2024-03-20T01:13:58,declined,0,1,P10
697fb784288cf7c3,3850ccda117d,5697bd6c0ebf,Haryana,6230,2024-03-20T01:11:07,2024-03-20T01:41:07,expired,0,1,P09
25f3678e4316db9e,3850ccda117d,25984d2e7c2f,Telangana,12102,2024-03-20T01:12:33,2024-03-20T01:34:14,declined,0,1,P09
19b4466aab8d99f3,3850ccda117d,7b6639949600,Telangana,24033,2024-03-20T01:14:29,2024-03-20T01:33:48,declined,0,1,P09
794138071e738788,1c30ffd0220b,14d2265b74a0,Tamil Nadu,7014,2024-03-20T01:17:06,2024-03-20T01:18:04,declined,0,1,P10
29980d1246f0f759,3850ccda117d,27dd24d2070a,Maharashtra,9198,2024-03-20T01:22:49,2024-03-20T01:38:37,declined,0,1,P09
00a9c5165465fe16,1c30ffd0220b,0265aaa3e2c8,Tamil Nadu,7943,2024-03-20T01:25:06,2024-03-20T01:32:17,declined,0,1,P10
128e92036f1967dd,3850ccda117d,2e68276c30ac,West Bengal,15809,2024-03-20T01:25:10,2024-03-20T01:29:07,declined,0,1,P09
504f7c3ce59ace70,1c30ffd0220b,7226c609ee5f,Rajasthan,12260,2024-03-20T01:26:09,2024-03-20T01:56:09,expired,0,1,P10
7a904eee3948e07b,3850ccda117d,706bd0c0b52a,Delhi,7735,2024-03-20T01:27:33,2024-03-20T01:56:32,declined,0,1,P09
1b715b70fa44c04c,1c30ffd0220b,748dc4f257f6,Telangana,10234,2024-03-20T01:29:09,2024-03-20T01:59:09,expired,0,1,P10
642abcee91599ce9,5be02b242add,539e16440240,Maharashtra,1814,2024-03-20T01:31:37,2024-03-20T01:51:29,approved,1,0,
3dbb8bf8824f5007,1c30ffd0220b,6f40cd6a3f85,Bihar,11679,2024-03-20T01:32:33,2024-03-20T01:44:57,declined,0,1,P10
7fbef82eda6c2530,1c30ffd0220b,2cbebf8b62d8,Haryana,6161,2024-03-20T01:33:58,2024-03-20T02:03:58,expired,0,1,P10
6d3b102c720d4522,1c30ffd0220b,067a1664d249,Rajasthan,17260,2024-03-20T01:34:06,2024-03-20T02:04:06,expired,0,1,P10
559b496e626950a0,3850ccda117d,639dda936f6f,Bihar,12297,2024-03-20T01:37:25,2024-03-20T02:07:25,expired,0,1,P09
6dc50582bf97e74c,3850ccda117d,29b2b656bf11,Tamil Nadu,10631,2024-03-20T01:38:21,2024-03-20T02:08:21,expired,0,1,P09
5363aa848664d016,1c30ffd0220b,732ad112b297,Maharashtra,14845,2024-03-20T01:38:57,2024-03-20T01:41:28,declined,0,1,P10
3289bed2aac1fa42,1c30ffd0220b,50d63d1b3165,Tamil Nadu,17352,2024-03-20T01:45:42,2024-03-20T01:56:31,declined,0,1,P10
0fb4b1690d37bf8e,694d71c69d67,66458755c46b,Delhi,1399,2024-03-20T01:47:36,2024-03-20T01:53:49,approved,1,0,
1b2fb6dc97ca5e11,3850ccda117d,651b6d2c979a,Telangana,5629,2024-03-20T01:47:45,2024-03-20T02:06:25,declined,0,1,P09
5b0a69566a09c82c,3850ccda117d,1fe8e6ad151d,Kerala,12083,2024-03-20T01:56:39,2024-03-20T01:59:11,declined,0,1,P09
2dff377c3adff90f,3850ccda117d,5ba879f7c5ac,Uttar Pradesh,5471,2024-03-20T01:56:58,2024-03-20T01:58:24,declined,0,1,P09
2f42335471fe03ca,1c30ffd0220b,63306fb9ed18,Maharashtra,6976,2024-03-20T01:59:38,2024-03-20T02:04:03,declined,0,1,P10
5b35e5d0f37add5f,1c30ffd0220b,41dfc2d7b03f,West Bengal,10622,2024-03-20T01:59:44,2024-03-20T02:29:44,expired,0,1,P10
4934dfe459f29b91,3850ccda117d,796d1fb56f4c,Rajasthan,25000,2024-03-20T02:00:49,2024-03-20T02:16:39,declined,0,1,P09
7d34a30d3f4e778b,3850ccda117d,24d192fd4a14,Gujarat,21602,2024-03-20T02:08:10,2024-03-20T02:34:19,declined,0,1,P09
73afb5d5c79213a5,3850ccda117d,25995b871a7e,Tamil Nadu,12674,2024-03-20T02:09:32,2024-03-20T02:17:21,declined,0,1,P09
1b6e2a26580e2099,1c30ffd0220b,1d0c5c94b00f,Karnataka,7667,2024-03-20T02:09:43,2024-03-20T02:28:06,declined,0,1,P10
115e155647020842,3850ccda117d,0214a3a3e2e3,Kerala,4729,2024-03-20T02:10:38,2024-03-20T02:20:37,declined,0,1,P09
0a8caac7fbd3179d,1c30ffd0220b,06bd557f55ce,Karnataka,9631,2024-03-20T02:11:34,2024-03-20T02:41:34,expired,0,1,P10
4b2f790d0e58aab4,1c30ffd0220b,042ebde7cf9c,Karnataka,5749,2024-03-20T02:14:22,2024-03-20T02:24:49,declined,0,1,P10
0df45022d857a977,3850ccda117d,1b72d5992438,Tamil Nadu,6873,2024-03-20T02:18:33,2024-03-20T02:37:21,declined,0,1,P09
565d079a70aedbfe,20332b92b91c,4d582548bdd2,Uttar Pradesh,2069,2024-03-20T02:18:47,2024-03-20T02:48:47,expired,0,0,
09d489070aa21a43,1c30ffd0220b,13fbde3ce459,Karnataka,11634,2024-03-20T02:18:51,2024-03-20T02:37:40,declined,0,1,P10
090cdc6babb3da9a,3850ccda117d,148a77adc046,Haryana,13696,2024-03-20T02:21:15,2024-03-20T02:51:15,expired,0,1,P09
48598af557202a0f,1c30ffd0220b,4cfd139c59ee,Maharashtra,4393,2024-03-20T02:21:48,2024-03-20T02:51:48,expired,0,1,P10
2043947fc7a68604,3850ccda117d,581a2360f677,Bihar,11870,2024-03-20T02:23:02,2024-03-20T02:46:02,declined,0,1,P09
3118eb365b7692ec,3850ccda117d,0896fa46e410,Kerala,6282,2024-03-20T02:26:13,2024-03-20T02:31:48,approved,0,1,P09
016c4d90b8c581bf,3850ccda117d,33c5ffc34947,Uttar Pradesh,6326,2024-03-20T02:27:52,2024-03-20T02:57:52,expired,0,1,P09
6819348c56ba1ccf,1c30ffd0220b,0eca3c4ba834,Delhi,10874,2024-03-20T02:28:00,2024-03-20T02:58:00,expired,0,1,P10
5e3b85b7f10fa8ec,3850ccda117d,006c09b4c0c5,Karnataka,15125,2024-03-20T02:28:33,2024-03-20T02:34:47,declined,0,1,P09
109986accc9a5238,3850ccda117d,7b80376e32b4,Rajasthan,12244,2024-03-20T02:30:17,2024-03-20T02:33:37,declined,0,1,P09
39d998650f3996a4,3850ccda117d,35963368c864,Bihar,6291,2024-03-20T02:30:19,2024-03-20T02:30:36,declined,0,1,P09
25ab121d94daae77,1c30ffd0220b,42a113b5a397,Gujarat,13306,2024-03-20T02:34:18,2024-03-20T03:04:18,expired,0,1,P10
609d9e9c76625b36,1c30ffd0220b,0789fd4e5b9a,Haryana,5415,2024-03-20T02:42:12,2024-03-20T03:12:12,expired,0,1,P10
43439db7f72cd0d2,1c30ffd0220b,77937c69c95c,Delhi,4554,2024-03-20T02:42:40,2024-03-20T02:44:33,declined,0,1,P10
4b203bcc2c407703,1c30ffd0220b,125b0cad1344,Delhi,9310,2024-03-20T02:46:00,2024-03-20T02:56:37,declined,0,1,P10
4b1e44fd8e02db0c,3850ccda117d,32a094cf7d54,Delhi,8045,2024-03-20T02:49:12,2024-03-20T03:06:09,declined,0,1,P09
25da48d6a8494251,3850ccda117d,6753c7469d2c,West Bengal,10270,2024-03-20T02:49:41,2024-03-20T02:55:41,declined,0,1,P09
54dce45e61642e77,1c30ffd0220b,2304601e6a82,Uttar Pradesh,15095,2024-03-20T02:51:29,2024-03-20T03:04:38,declined,0,1,P10
2c4efeb58a914fbf,1c30ffd0220b,3a992d755e3c,Delhi,6762,2024-03-20T02:52:43,2024-03-20T03:22:43,expired,0,1,P10
55a0e86779d0bcc3,1c30ffd0220b,04071b3bfff5,West Bengal,6974,2024-03-20T02:53:15,2024-03-20T03:23:15,expired,0,1,P10
48c5c26d09ae29bf,1c30ffd0220b,32d739e64e31,Karnataka,8567,2024-03-20T03:01:48,2024-03-20T03:07:32,declined,0,1,P10
31c89a82af127ede,3850ccda117d,7e34b8306be0,Rajasthan,10240,2024-03-20T03:03:03,2024-03-20T03:17:53,declined,0,1,P09
728f4e7877d1ef52,1c30ffd0220b,7fbb9b6b614a,Bihar,10455,2024-03-20T03:06:55,2024-03-20T03:36:55,expired,0,1,P10
29f9dc7f604b5eac,1c30ffd0220b,4674c2e686c9,Maharashtra,6312,2024-03-20T03:08:55,2024-03-20T03:23:44,declined,0,1,P10
768d4a168294259c,3850ccda117d,02f0f2681d8b,Gujarat,17509,2024-03-20T03:10:50,2024-03-20T03:40:50,expired,0,1,P09
58cf6d70a9ad1d49,1c30ffd0220b,33bb959d6a6e,Gujarat,7121,2024-03-20T03:11:42,2024-03-20T03:28:07,declined,0,1,P10
27e779c958e7bcbd,1c30ffd0220b,6255e308051e,Kerala,4469,2024-03-20T03:12:03,2024-03-20T03:18:07,declined,0,1,P10
2bc8c6d4347325c9,3850ccda117d,48504078eaac,Tamil Nadu,11982,2024-03-20T03:14:27,2024-03-20T03:44:27,expired,0,1,P09
1b720c14485accb0,1c30ffd0220b,5e4221362b56,Haryana,12691,2024-03-20T03:17:42,2024-03-20T03:42:56,declined,0,1,P10
0f60d159f59c0980,3850ccda117d,22cee8c03fb1,Rajasthan,10033,2024-03-20T03:17:52,2024-03-20T03:22:33,declined,0,1,P09
2d2c4181f4ee5f16,3850ccda117d,1a05566dfd7a,West Bengal,6216,2024-03-20T03:17:58,2024-03-20T03:47:58,expired,0,1,P09
6549481b618bdb30,1c30ffd0220b,5af775793308,Gujarat,16309,2024-03-20T03:19:33,2024-03-20T03:33:50,declined,0,1,P10
060f64978765a34d,1c30ffd0220b,2f697ce2fc48,West Bengal,3102,2024-03-20T03:21:49,2024-03-20T03:51:49,expired,0,1,P10
2a588a9e6687fa8c,1c30ffd0220b,706bd0c0b52a,Delhi,3704,2024-03-20T03:23:48,2024-03-20T03:53:48,expired,0,1,P10
2a34c41d69e2e456,634690700829,1d516b15c18c,Uttar Pradesh,505,2024-03-20T03:27:25,2024-03-20T03:38:20,approved,1,0,
6aba9d94fb620008,3850ccda117d,643db15c80ce,Telangana,17690,2024-03-20T03:35:33,2024-03-20T04:05:33,expired,0,1,P09
6ec782e78011cb4c,1c30ffd0220b,413aea000ee9,Delhi,12061,2024-03-20T03:40:03,2024-03-20T04:08:31,declined,0,1,P10
0871d778fe653fbc,1c30ffd0220b,71ab68c97c4f,Uttar Pradesh,5194,2024-03-20T03:40:25,2024-03-20T03:53:21,declined,0,1,P10
6318c64656176e6d,3850ccda117d,19c504ce74ff,Karnataka,6815,2024-03-20T03:41:04,2024-03-20T04:07:58,declined,0,1,P09
16c532ba752cfbb7,3850ccda117d,18cf8484f0d1,Karnataka,4375,2024-03-20T03:41:24,2024-03-20T03:58:05,declined,0,1,P09
381b1dfe640bf3cd,3850ccda117d,174b1b4203ab,Telangana,4872,2024-03-20T03:43:15,2024-03-20T04:04:04,declined,0,1,P09
36ccdc83399c6b96,1c30ffd0220b,25a865e6236a,Haryana,4094,2024-03-20T03:43:23,2024-03-20T04:13:23,expired,0,1,P10
5d3c958508e6fea9,1c30ffd0220b,47e959e33d8a,Bihar,25000,2024-03-20T03:49:58,2024-03-20T04:19:58,expired,0,1,P10
2988e2f57ed9424e,1c30ffd0220b,128ac5ad9e99,Maharashtra,11822,2024-03-20T03:50:35,2024-03-20T04:15:10,declined,0,1,P10
28d91b74ea2d46c8,45d11774ab5d,37a0be912fe1,Delhi,508,2024-03-20T03:52:56,2024-03-20T04:00:55,approved,0,0,
2857731a00c7dfb9,3850ccda117d,35d7392f1c98,Bihar,17276,2024-03-20T03:53:28,2024-03-20T04:09:47,declined,0,1,P09
337388e3d3461bf3,3850ccda117d,15324c753000,Uttar Pradesh,10335,2024-03-20T03:54:56,2024-03-20T04:03:31,declined,0,1,P09
00cd47cddd4868da,1c30ffd0220b,545d8711722f,Kerala,8154,2024-03-20T03:58:19,2024-03-20T04:28:19,expired,0,1,P10
749a29f0d8e96659,3850ccda117d,0f931bf5c55a,Bihar,9415,2024-03-20T03:58:42,2024-03-20T04:28:42,expired,0,1,P09
53e01f7139a219f6,3850ccda117d,4390a8d4cf96,Gujarat,25000,2024-03-20T03:58:53,2024-03-20T04:22:56,declined,0,1,P09
7b34d01bb44dd4c9,1c30ffd0220b,00df638c4c74,Gujarat,13566,2024-03-20T03:58:54,2024-03-20T04:24:53,declined,0,1,P10
3f6655e1139bc71f,3850ccda117d,2db73ad3b044,Tamil Nadu,8753,2024-03-20T04:00:33,2024-03-20T04:02:24,declined,0,1,P09
579e468a5f161e31,3850ccda117d,222ec62659f3,West Bengal,12658,2024-03-20T04:02:31,2024-03-20T04:27:48,declined,0,1,P09
645844ffbe632dba,3850ccda117d,35334f0b2fd8,West Bengal,15430,2024-03-20T04:06:12,2024-03-20T04:16:23,approved,0,1,P09
64da77424b399701,1c30ffd0220b,25f2247b9e36,Haryana,10974,2024-03-20T04:12:05,2024-03-20T04:25:57,declined,0,1,P10
44554ddc85900519,1c30ffd0220b,0f69f0ef9cf5,Maharashtra,8255,2024-03-20T04:13:17,2024-03-20T04:43:17,expired,0,1,P10
21a97cb2334011dd,1c30ffd0220b,1758c371c19d,Haryana,8691,2024-03-20T04:13:50,2024-03-20T04:40:53,declined,0,1,P10
44bccc0855dd2237,1c30ffd0220b,76e2675bd3eb,Delhi,8238,2024-03-20T04:13:50,2024-03-20T04:39:09,declined,0,1,P10
0fa28003bee9a593,3850ccda117d,129425638c66,Gujarat,13095,2024-03-20T04:17:59,2024-03-20T04:22:46,declined,0,1,P09
5f2c4407abff1643,3850ccda117d,5d156bc06c2e,Karnataka,6579,2024-03-20T04:18:04,2024-03-20T04:20:44,declined,0,1,P09
003640b047ef977a,3850ccda117d,49ed6960fcc1,Haryana,3095,2024-03-20T04:19:11,2024-03-20T04:49:11,expired,0,1,P09
741f2c248930b55f,1c30ffd0220b,38d8ec5a03da,Kerala,3466,2024-03-20T04:20:26,2024-03-20T04:26:48,declined,0,1,P10
0244bb16f96da657,1c30ffd0220b,61eeaa3f43d5,Tamil Nadu,18301,2024-03-20T04:24:56,2024-03-20T04:33:53,approved,0,1,P10
74fa8151044984ba,3850ccda117d,53e16b8b9cbe,Bihar,6457,2024-03-20T04:34:13,2024-03-20T04:40:48,declined,0,1,P09
4795ddc86597ae3c,3850ccda117d,0717e8424097,Karnataka,6781,2024-03-20T04:37:00,2024-03-20T05:07:00,expired,0,1,P09
4e2047b0d2f1c105,1c30ffd0220b,35ef02a2a1d0,Bihar,3990,2024-03-20T04:38:16,2024-03-20T04:40:48,declined,0,1,P10
4411fd277ef19274,3850ccda117d,416ce765df0d,Kerala,4686,2024-03-20T04:42:57,2024-03-20T04:47:51,declined,0,1,P09
66897f6c39bb3f91,3850ccda117d,565dd733244d,Maharashtra,18090,2024-03-20T04:43:28,2024-03-20T05:02:21,declined,0,1,P09
57aee80648f544e8,1c30ffd0220b,6f9bf3acf267,Karnataka,12468,2024-03-20T04:49:14,2024-03-20T05:00:56,declined,0,1,P10
6ee8965aefd4aa77,3850ccda117d,14ebe84cd28c,Kerala,9612,2024-03-20T04:52:08,2024-03-20T05:18:48,declined,0,1,P09
0fa8b0756df7f493,1c30ffd0220b,03d20ddde0ce,Telangana,3615,2024-03-20T04:52:41,2024-03-20T05:13:31,declined,0,1,P10
5afd6e1b8cefb033,3850ccda117d,3b392a47f039,Kerala,17038,2024-03-20T04:53:11,2024-03-20T05:11:52,declined,0,1,P09
4be527eb74f671e6,3850ccda117d,76ed8b9b2c1f,Karnataka,7634,2024-03-20T04:55:07,2024-03-20T05:15:28,declined,0,1,P09
336184905a0f1ccb,1c30ffd0220b,1cf88658d969,Rajasthan,7359,2024-03-20T04:56:45,2024-03-20T05:26:22,declined,0,1,P10
70b15abbb060fae2,3850ccda117d,67c478c51842,Maharashtra,5322,2024-03-20T05:01:58,2024-03-20T05:31:58,expired,0,1,P09
55c4a4b3bda54efb,1c30ffd0220b,44e3b08b8153,Rajasthan,11537,2024-03-20T05:03:26,2024-03-20T05:29:43,declined,0,1,P10
4d8390343fde5b44,3850ccda117d,70b160f33dea,Gujarat,7984,2024-03-20T05:03:34,2024-03-20T05:33:34,expired,0,1,P09
1cd3c1e477b5972c,1c30ffd0220b,7f911b6c3908,Gujarat,7415,2024-03-20T05:03:57,2024-03-20T05:31:28,declined,0,1,P10
1a4f3eb4b84f7a21,3850ccda117d,3dd6e335a1b9,Telangana,11909,2024-03-20T05:05:18,2024-03-20T05:35:18,expired,0,1,P09
7675b62bbb349b13,3850ccda117d,26014eedfb9e,Karnataka,11138,2024-03-20T05:09:05,2024-03-20T05:17:15,declined,0,1,P09
5f44b40f249b4630,3850ccda117d,352aef139254,Telangana,8249,2024-03-20T05:10:19,2024-03-20T05:40:19,expired,0,1,P09
20311caae1047bd7,3850ccda117d,25f3129f3e0a,Tamil Nadu,9580,2024-03-20T05:10:53,2024-03-20T05:40:53,expired,0,1,P09
3c161612f75d43be,1c30ffd0220b,692235897384,Rajasthan,8578,2024-03-20T05:13:48,2024-03-20T05:43:48,expired,0,1,P10
0041e876dc30cb0b,3850ccda117d,30f1049267d2,Maharashtra,6445,2024-03-20T05:13:56,2024-03-20T05:43:56,expired,0,1,P09
31ca47a92d9ead78,3850ccda117d,0e54bf574436,Maharashtra,8731,2024-03-20T05:19:53,2024-03-20T05:49:53,expired,0,1,P09
12cf9b3a6f2da6bf,1c30ffd0220b,47df4c657492,Uttar Pradesh,15052,2024-03-20T05:20:13,2024-03-20T05:44:07,declined,0,1,P10
49b391baf5f1a5bf,1c30ffd0220b,4868ae3765eb,Gujarat,6228,2024-03-20T05:20:48,2024-03-20T05:21:35,approved,0,1,P10
005a151bab2755d9,3850ccda117d,4908105e37a8,Telangana,4092,2024-03-20T05:28:43,2024-03-20T05:58:43,expired,0,1,P09
2cebeb860ffae157,3850ccda117d,0a700b06680a,Telangana,16629,2024-03-20T05:31:12,2024-03-20T06:01:12,expired,0,1,P09
116ee637b7d08f6a,1c30ffd0220b,31ce6c17b7e8,Tamil Nadu,8732,2024-03-20T05:32:40,2024-03-20T06:02:40,expired,0,1,P10
2dd07b1e6ba69320,3850ccda117d,050f4298d9b4,Haryana,21125,2024-03-20T05:33:25,2024-03-20T06:03:25,expired,0,1,P09
1a175e3034bda7cc,3850ccda117d,56d320115614,Maharashtra,4620,2024-03-20T05:33:42,2024-03-20T05:48:20,declined,0,1,P09
55eba8e11215acf9,1c30ffd0220b,2289b550fc82,Gujarat,14094,2024-03-20T05:35:38,2024-03-20T05:37:43,declined,0,1,P10
20df052fb385e687,3850ccda117d,09c44906d640,Tamil Nadu,12737,2024-03-20T05:35:53,2024-03-20T06:05:53,expired,0,1,P09
0852e479a2a29b95,3850ccda117d,57ed6f810c7d,West Bengal,7417,2024-03-20T05:37:27,2024-03-20T06:07:27,expired,0,1,P09
1296ff81fae5cb22,3850ccda117d,39dbc44eaa70,Kerala,4745,2024-03-20T05:39:32,2024-03-20T06:09:32,expired,0,1,P09
6ecd1f5ae508d2f5,3850ccda117d,04dd6e03388b,Rajasthan,9985,2024-03-20T05:41:00,2024-03-20T06:02:34,declined,0,1,P09
7e093efa6367a97a,3850ccda117d,05a7b6fbcbe4,Kerala,14099,2024-03-20T05:42:45,2024-03-20T05:54:30,declined,0,1,P09
4e9cbf915b9f1c83,3850ccda117d,21227a46871d,Bihar,11211,2024-03-20T05:44:24,2024-03-20T06:04:51,declined,0,1,P09
16670b3c286060a1,3850ccda117d,4b1ac1fe0b02,Karnataka,10759,2024-03-20T05:45:34,2024-03-20T06:15:34,expired,0,1,P09
1ce8322e1e5be3f0,3850ccda117d,156345f34bb4,West Bengal,7640,2024-03-20T05:45:56,2024-03-20T06:15:56,expired,0,1,P09
5525e370e3170d8a,1c30ffd0220b,1f0c6cca65de,Haryana,25000,2024-03-20T05:46:48,2024-03-20T06:16:48,expired,0,1,P10
3da9c14c3b45f7d5,3850ccda117d,3fd46eec8ad6,Gujarat,7489,2024-03-20T05:48:13,2024-03-20T05:49:47,declined,0,1,P09
7ef6be7476c78687,1c30ffd0220b,0c8a8754f058,Gujarat,12656,2024-03-20T05:48:39,2024-03-20T06:18:39,expired,0,1,P10
1fafb95d02fe542d,1c30ffd0220b,4914b255092d,Telangana,10216,2024-03-20T05:51:38,2024-03-20T06:21:38,expired,0,1,P10
41eee99825ca6be0,3850ccda117d,13c64057ee1b,Rajasthan,6877,2024-03-20T06:01:26,2024-03-20T06:31:26,expired,0,1,P09
748d120181d49168,6e73719779d9,33dd992e79df,Karnataka,948,2024-03-20T06:01:27,2024-03-20T06:03:50,approved,0,0,
171a9234aa33866c,60a547ae6f0e,069eb9066370,Uttar Pradesh,718,2024-03-20T06:02:28,2024-03-20T06:19:10,approved,1,0,
041d4f90e131d710,3850ccda117d,540e8139954b,Telangana,3918,2024-03-20T06:03:21,2024-03-20T06:33:21,expired,0,1,P09
41afa62d3c6cebea,1c30ffd0220b,5f448eb62cc9,Uttar Pradesh,7279,2024-03-20T06:03:42,2024-03-20T06:26:35,declined,0,1,P10
5a567af353f8a44a,11d601015742,64fc977dfdb1,Delhi,696,2024-03-20T06:06:43,2024-03-20T06:26:27,approved,1,0,
41be140c7209fb5d,1c30ffd0220b,0bc6db985a32,West Bengal,7433,2024-03-20T06:08:00,2024-03-20T06:10:34,approved,0,1,P10
2e5da867a9231c3b,3850ccda117d,5163f43d5329,Maharashtra,8439,2024-03-20T06:08:02,2024-03-20T06:38:02,expired,0,1,P09
14887b93f0b79c5c,3850ccda117d,4d0ee41e2d4c,Uttar Pradesh,4764,2024-03-20T06:09:00,2024-03-20T06:38:26,declined,0,1,P09
5b094bf8d6f9a771,09805b931ea6,22cee8c03fb1,Rajasthan,2842,2024-03-20T06:11:02,2024-03-20T06:22:12,declined,1,0,
29c280c2db481466,1c30ffd0220b,71b960bf83bb,Kerala,3728,2024-03-20T06:12:25,2024-03-20T06:20:37,declined,0,1,P10
404505ca2ba39296,39dc63eef666,42a63fa1ccb2,Maharashtra,715,2024-03-20T06:13:46,2024-03-20T06:26:39,approved,1,0,
7671fef4239f28ab,1c30ffd0220b,478a252092f3,Karnataka,4133,2024-03-20T06:16:34,2024-03-20T06:46:34,expired,0,1,P10
13ea9a32a5cdd5c8,1c30ffd0220b,4c608fa76a93,West Bengal,20180,2024-03-20T06:19:20,2024-03-20T06:49:20,expired,0,1,P10
49eaccce5e6e9109,3850ccda117d,2e6b75669bac,Telangana,10159,2024-03-20T06:21:51,2024-03-20T06:39:08,declined,0,1,P09
3719599b5cec92d8,6f5fa5bed003,45147c2bd0f1,Delhi,3162,2024-03-20T06:31:44,2024-03-20T06:44:04,approved,1,0,
466f5c7484167c68,4a83bc732574,4e7b0045629f,Maharashtra,3942,2024-03-20T06:32:02,2024-03-20T06:33:42,approved,1,0,
24cdbe1a6568e1ea,1c30ffd0220b,0cb5990af101,Bihar,16017,2024-03-20T06:32:07,2024-03-20T06:52:08,declined,0,1,P10
007202861ca8b9d8,1c30ffd0220b,3fed83d2cffc,Haryana,5555,2024-03-20T06:32:38,2024-03-20T06:43:30,declined,0,1,P10
0eb434940d98bb62,1c30ffd0220b,45a9114ae873,Gujarat,9959,2024-03-20T06:35:03,2024-03-20T07:05:03,expired,0,1,P10
46b57e3a7fc65e6b,3850ccda117d,72888a00ff04,Tamil Nadu,14854,2024-03-20T06:35:07,2024-03-20T06:35:44,declined,0,1,P09
4d821e0d36b71684,3850ccda117d,666a48c88bbb,Karnataka,14943,2024-03-20T06:37:43,2024-03-20T07:07:43,expired,0,1,P09
48e5b7f027d293ce,3850ccda117d,7a3657f0c751,Karnataka,6358,2024-03-20T06:38:53,2024-03-20T07:04:28,declined,0,1,P09
1c8e6df0994055d6,1c30ffd0220b,7b579ddf880f,Uttar Pradesh,7448,2024-03-20T06:40:04,2024-03-20T07:10:04,expired,0,1,P10
56819153327f149d,1c30ffd0220b,1d635e804e1c,Bihar,2563,2024-03-20T06:40:41,2024-03-20T06:48:48,approved,0,1,P10
27110d2161827666,3850ccda117d,28ea15dffbcc,Uttar Pradesh,6472,2024-03-20T06:45:00,2024-03-20T07:08:02,declined,0,1,P09
68a57c3563706835,1c30ffd0220b,7a738b0c44e1,Rajasthan,4338,2024-03-20T06:47:53,2024-03-20T07:05:18,declined,0,1,P10
7e0117d80c8925ce,1c30ffd0220b,2828769a9d2f,Bihar,3438,2024-03-20T06:51:46,2024-03-20T07:06:45,declined,0,1,P10
64a8c621c4c5f11c,3850ccda117d,14011eb32ae0,Gujarat,9195,2024-03-20T06:54:23,2024-03-20T07:24:23,expired,0,1,P09
434c9bfd8d8f7013,3850ccda117d,02b14d9f8b29,Uttar Pradesh,4850,2024-03-20T06:57:46,2024-03-20T07:27:46,expired,0,1,P09
2973fa66ece776c3,3850ccda117d,419819701be2,Gujarat,6816,2024-03-20T06:58:26,2024-03-20T07:25:49,declined,0,1,P09
663d0686ec06a758,3850ccda117d,50bfbbe63faf,Tamil Nadu,6844,2024-03-20T06:59:52,2024-03-20T07:08:00,declined,0,1,P09
5a0efead9aa33a80,3a6576ce966b,62b8ae6f9268,Rajasthan,2679,2024-03-20T07:00:15,2024-03-20T07:15:48,approved,1,0,
6fb956fc8246e1d5,45d11774ab5d,2d94719e834b,Haryana,1351,2024-03-20T07:01:11,2024-03-20T07:16:36,approved,0,0,
4e3c66d46f625838,1c30ffd0220b,7aff86b3b5e6,Haryana,9558,2024-03-20T07:01:54,2024-03-20T07:31:54,expired,0,1,P10
7515bb0528921010,1c30ffd0220b,1e8e7008e99f,Bihar,18538,2024-03-20T07:03:27,2024-03-20T07:33:27,expired,0,1,P10
7b47b35294482b34,41e20e89712f,3f61239716fa,Tamil Nadu,1574,2024-03-20T07:03:32,2024-03-20T07:19:55,approved,1,0,
61aa2b3b6e74921e,3850ccda117d,1afbf79cf542,Karnataka,15429,2024-03-20T07:05:43,2024-03-20T07:15:54,declined,0,1,P09
1c8a1ac2059fd8af,0fc3186df001,18c8595d7212,Tamil Nadu,2425,2024-03-20T07:05:54,2024-03-20T07:12:15,approved,1,0,
451a8a89628ce989,3850ccda117d,65eded54f1bc,Haryana,16075,2024-03-20T07:07:35,2024-03-20T07:37:35,expired,0,1,P09
7aaf8cfd00e89906,3850ccda117d,3770450f5287,Telangana,2424,2024-03-20T07:11:14,2024-03-20T07:26:49,declined,0,1,P09
3567cea76ceb6b38,3850ccda117d,582db1eca661,Kerala,20494,2024-03-20T07:12:51,2024-03-20T07:42:51,expired,0,1,P09
58c8c684de65cf7b,3850ccda117d,57469a173a85,Delhi,2000,2024-03-20T07:13:40,2024-03-20T07:39:11,declined,0,1,P09
5e645bf1858152b2,1c30ffd0220b,2c5a9c2f7c18,Tamil Nadu,6202,2024-03-20T07:13:46,2024-03-20T07:37:36,declined,0,1,P10
4dd1114b33d8ac1d,0511fee882e4,39edfef4867b,Maharashtra,1644,2024-03-20T07:13:49,2024-03-20T07:22:58,approved,1,0,
57ebabe9795a006f,51e266317647,23c0f2840a20,West Bengal,576,2024-03-20T07:15:08,2024-03-20T07:25:18,approved,1,0,
2d41fc7eb37a1164,3850ccda117d,0b3cbc877fff,Maharashtra,5306,2024-03-20T07:17:06,2024-03-20T07:40:33,declined,0,1,P09
08a23170564ab156,1c30ffd0220b,61ad5f6c6009,Tamil Nadu,5251,2024-03-20T07:17:32,2024-03-20T07:47:32,expired,0,1,P10
4b75328347ab1f8b,3850ccda117d,6b1cd07d5f30,Gujarat,10823,2024-03-20T07:17:38,2024-03-20T07:40:34,declined,0,1,P09
19285b4e253a1c2e,1e30aaf5adb8,37b643c37081,Tamil Nadu,452,2024-03-20T07:18:29,2024-03-20T07:19:11,approved,1,0,
0d6633b407c86d6e,1c30ffd0220b,4ac9f30797cf,Kerala,8036,2024-03-20T07:19:29,2024-03-20T07:40:55,declined,0,1,P10
68f8846e27cace54,3850ccda117d,3325c144478f,Kerala,4171,2024-03-20T07:19:49,2024-03-20T07:43:11,declined,0,1,P09
13b88e3bed4c5ef7,3850ccda117d,04649d1c35c9,Gujarat,7221,2024-03-20T07:22:01,2024-03-20T07:52:01,expired,0,1,P09
78e5c9669f417680,51e266317647,6bc14be57959,Bihar,350,2024-03-20T07:22:12,2024-03-20T07:23:11,approved,1,0,
4fb0de4141843b04,1c30ffd0220b,6d62dc8e59be,Kerala,10398,2024-03-20T07:22:32,2024-03-20T07:52:32,expired,0,1,P10
45eb920ffb329a87,5e5c092ab53d,01bb3ca2fa68,Haryana,1653,2024-03-20T07:22:49,2024-03-20T07:40:06,approved,1,0,
320af96338266fd6,3850ccda117d,7faf3708e365,Delhi,23298,2024-03-20T07:24:26,2024-03-20T07:54:26,expired,0,1,P09
1b56691bd2e28539,1c30ffd0220b,0cd40e1f872c,Uttar Pradesh,16182,2024-03-20T07:24:39,2024-03-20T07:36:53,declined,0,1,P10
2c59dc8874897c25,3850ccda117d,7b0ab8587b44,Kerala,7476,2024-03-20T07:25:54,2024-03-20T07:55:54,expired,0,1,P09
576a1825fc92b8e2,5be02b242add,0fcd3d5a46ec,Kerala,2105,2024-03-20T07:25:56,2024-03-20T07:41:22,approved,1,0,
55fe81095c0951f2,5be02b242add,1298a8eb73f3,Tamil Nadu,666,2024-03-20T07:26:06,2024-03-20T07:33:48,approved,1,0,
69a98f97c312f528,1c30ffd0220b,01350707112f,West Bengal,25000,2024-03-20T07:29:39,2024-03-20T07:33:40,declined,0,1,P10
7356855b18e3c713,3850ccda117d,05eea986f095,Maharashtra,11770,2024-03-20T07:29:44,2024-03-20T07:59:44,expired,0,1,P09
6506651808e00d37,1c30ffd0220b,0ef8f36b7963,Maharashtra,3449,2024-03-20T07:30:12,2024-03-20T07:51:08,declined,0,1,P10
559796fc83887c5d,1c30ffd0220b,6efd2c7dcca3,Delhi,7872,2024-03-20T07:32:23,2024-03-20T07:34:56,declined,0,1,P10
15b9a43711de4efa,1c30ffd0220b,02f0f2681d8b,Gujarat,12881,2024-03-20T07:32:30,2024-03-20T07:41:29,approved,0,1,P10
7b778a9873ff3f87,6ab35d61cd9f,4d3390e2af25,Kerala,612,2024-03-20T07:35:52,2024-03-20T07:43:43,approved,1,0,
38616d6e789d9b34,1c30ffd0220b,0f0448230955,Karnataka,2790,2024-03-20T07:36:04,2024-03-20T08:06:04,expired,0,1,P10
60e4c7b31fe5397a,1c30ffd0220b,112204026375,Delhi,14592,2024-03-20T07:38:10,2024-03-20T08:08:03,declined,0,1,P10
156aeb57529c7f67,1c30ffd0220b,0384ef7e000c,West Bengal,7653,2024-03-20T07:39:27,2024-03-20T08:09:27,expired,0,1,P10
45edd7e3ec926f80,1c30ffd0220b,78c8afa20c2f,Delhi,9412,2024-03-20T07:39:55,2024-03-20T08:00:15,declined,0,1,P10
06ee8301579984fd,1c30ffd0220b,2d9f3d5d0f8b,Rajasthan,3165,2024-03-20T07:40:14,2024-03-20T07:56:45,declined,0,1,P10
71d4b7ea4e0c0899,3850ccda117d,471b6baa0ea9,West Bengal,5328,2024-03-20T07:41:15,2024-03-20T07:45:29,declined,0,1,P09
129985d4681db1a8,6646fee30506,20db205faca2,Telangana,2160,2024-03-20T07:45:23,2024-03-20T08:15:23,expired,1,0,
4a7d3ae0333887df,7d493d48b208,74d32d903062,Gujarat,238,2024-03-20T07:50:59,2024-03-20T07:53:42,approved,1,0,
2cf39a0bce9006f1,3850ccda117d,140786dd4d7e,Tamil Nadu,8220,2024-03-20T07:57:24,2024-03-20T08:05:54,approved,0,1,P09
740aba0e55f20978,3850ccda117d,16e90824bf82,Karnataka,2788,2024-03-20T07:57:48,2024-03-20T08:27:48,expired,0,1,P09
1bef84b18b09f6ef,3850ccda117d,67766f0c9bb9,West Bengal,10178,2024-03-20T07:58:23,2024-03-20T08:28:23,expired,0,1,P09
21e0231ca209b6f7,3850ccda117d,4db8d31bc578,Gujarat,4734,2024-03-20T07:58:32,2024-03-20T08:21:43,declined,0,1,P09
21e0f2947bc54258,1c30ffd0220b,0253c31507fe,Uttar Pradesh,5246,2024-03-20T07:59:07,2024-03-20T08:29:07,expired,0,1,P10
21d18713931dd8b0,1318e3fa6d29,6afb046221a1,West Bengal,478,2024-03-20T08:00:19,2024-03-20T08:20:08,approved,1,0,
242e58fc283bf6c7,3850ccda117d,6bd1d1f20e1e,West Bengal,8471,2024-03-20T08:00:58,2024-03-20T08:30:58,expired,0,1,P09
79ea16ba69050c2c,3850ccda117d,3852500add7c,Gujarat,10264,2024-03-20T08:01:21,2024-03-20T08:29:26,declined,0,1,P09
20cf8420b5472e89,49217212965b,1b3ab768034a,Haryana,289,2024-03-20T08:03:16,2024-03-20T08:21:34,approved,1,0,
697174b2e3767d3e,3850ccda117d,5f2c6feb79f0,West Bengal,5942,2024-03-20T08:03:34,2024-03-20T08:33:34,expired,0,1,P09
01497872102dc4ac,09f6cd55cca3,33f6d4f0c348,Rajasthan,505,2024-03-20T08:03:58,2024-03-20T08:33:58,expired,1,0,
7379b36956f47698,3850ccda117d,4d5c6fc96c99,Tamil Nadu,6389,2024-03-20T08:04:23,2024-03-20T08:19:53,declined,0,1,P09
480af23d2ad505de,1318e3fa6d29,5207debada2f,Haryana,682,2024-03-20T08:05:17,2024-03-20T08:10:24,approved,1,0,
522e21c54d85c070,3850ccda117d,413aea000ee9,Delhi,16007,2024-03-20T08:05:34,2024-03-20T08:35:34,expired,0,1,P09
678c43c5583c6d43,3850ccda117d,2f16c987f55e,Karnataka,8851,2024-03-20T08:05:38,2024-03-20T08:35:38,expired,0,1,P09
55599c8dad998d52,3850ccda117d,537cf6397e44,Maharashtra,8913,2024-03-20T08:06:43,2024-03-20T08:36:43,expired,0,1,P09
532521f1f340696f,6646fee30506,6bb493192dae,Uttar Pradesh,1101,2024-03-20T08:11:49,2024-03-20T08:15:17,approved,1,0,
18e7e5b63b3719e3,1c30ffd0220b,0e29677ed7d8,Uttar Pradesh,14149,2024-03-20T08:12:42,2024-03-20T08:42:42,expired,0,1,P10
7c11b4fa537b889b,3850ccda117d,31591dd016e6,Kerala,8670,2024-03-20T08:12:47,2024-03-20T08:37:37,declined,0,1,P09
16dd0c3d4b375ec0,1c30ffd0220b,7a2aaa478624,Tamil Nadu,14399,2024-03-20T08:18:26,2024-03-20T08:37:04,approved,0,1,P10
2ced2e63c8d6a62d,3850ccda117d,71e7dd23b362,Gujarat,6066,2024-03-20T08:19:05,2024-03-20T08:34:05,declined,0,1,P09
38c4323cd7668ac5,1c30ffd0220b,7c7f47999e8a,Karnataka,3805,2024-03-20T08:19:45,2024-03-20T08:29:49,declined,0,1,P10
051424b5422603a9,39dc63eef666,015ce5b0dc11,Gujarat,277,2024-03-20T08:20:32,2024-03-20T08:29:38,approved,1,0,
746fa9bf261e4206,3850ccda117d,6ebd4b87aa14,Kerala,6606,2024-03-20T08:21:08,2024-03-20T08:51:08,expired,0,1,P09
70d08e2a357048ee,1c30ffd0220b,5aec0543a36c,Maharashtra,16994,2024-03-20T08:21:18,2024-03-20T08:37:57,declined,0,1,P10
02e79f3ef37fc271,1c30ffd0220b,32c4bcd9dbb1,Gujarat,5049,2024-03-20T08:22:23,2024-03-20T08:39:33,declined,0,1,P10
2824c7324e8d64ab,6a706675422c,5df076557e9b,Rajasthan,1307,2024-03-20T08:22:53,2024-03-20T08:34:17,approved,0,0,
3af08406514e07dd,3850ccda117d,1e50c5f4e477,Gujarat,8442,2024-03-20T08:24:56,2024-03-20T08:42:57,declined,0,1,P09
44fd2a1f90a345b7,3850ccda117d,1ab83b34ecc3,Delhi,4295,2024-03-20T08:25:52,2024-03-20T08:55:52,expired,0,1,P09
06937ed03598fbef,3850ccda117d,33826d712311,Telangana,5627,2024-03-20T08:26:26,2024-03-20T08:50:59,declined,0,1,P09
4e011acd70b72fa9,3850ccda117d,00c40062a8e7,West Bengal,7693,2024-03-20T08:28:47,2024-03-20T08:47:27,declined,0,1,P09
7ee7c9fb2a5695d4,2b1781ab1f24,1e078623823d,Kerala,1548,2024-03-20T08:28:53,2024-03-20T08:58:53,expired,0,0,
07004e068815f91a,7786fa4ecb51,3703ed95880d,Maharashtra,496,2024-03-20T08:29:04,2024-03-20T08:41:19,approved,1,0,
50df1eb91587b829,41e20e89712f,7d4f28c86a8f,Bihar,1328,2024-03-20T08:30:18,2024-03-20T08:48:03,approved,1,0,
3eda355131517c53,48f26f133a7b,520e10ab705c,Telangana,346,2024-03-20T08:34:00,2024-03-20T08:52:56,approved,1,0,
2c861132544a2a70,51e266317647,4a7156b5bbd4,Telangana,539,2024-03-20T08:35:52,2024-03-20T08:49:37,declined,1,0,
4874a1abce9f65d5,0d9a63adaba5,42fd87d86b43,Bihar,386,2024-03-20T08:36:30,2024-03-20T08:38:38,approved,1,0,
1cc6ca247644874d,1c30ffd0220b,7883a3d64849,Tamil Nadu,7932,2024-03-20T08:39:19,2024-03-20T08:57:02,approved,0,1,P10
6f215a3da03dd09b,3850ccda117d,7786bac63987,Rajasthan,9316,2024-03-20T08:39:23,2024-03-20T09:09:23,expired,0,1,P09
1a0260b74128046a,1c30ffd0220b,1630fc854017,Gujarat,7426,2024-03-20T08:39:55,2024-03-20T08:56:48,approved,0,1,P10
09d836ad329bf484,09805b931ea6,56654c8ab681,Tamil Nadu,1764,2024-03-20T08:41:30,2024-03-20T08:53:36,approved,1,0,
54fb5cf14126f73a,1c30ffd0220b,79b99bc53ca8,Telangana,7062,2024-03-20T08:42:47,2024-03-20T09:12:47,expired,0,1,P10
5f504cc204a34259,1c30ffd0220b,4679683f2ec7,Telangana,3731,2024-03-20T08:45:01,2024-03-20T09:03:12,declined,0,1,P10
7ab2b574fddd62e2,6a2b9baa3e4a,27722fd12e7f,Rajasthan,303,2024-03-20T08:46:27,2024-03-20T09:02:08,approved,1,0,
1a0f04fe6be56448,1c30ffd0220b,0b68582b90b7,West Bengal,5309,2024-03-20T08:48:50,2024-03-20T09:01:21,declined,0,1,P10
3a92614b102f666e,3850ccda117d,649fcddf6a0a,Kerala,4455,2024-03-20T08:50:23,2024-03-20T09:00:31,declined,0,1,P09
7f4837c8faedd95a,3850ccda117d,77dff5ddc48f,Tamil Nadu,3183,2024-03-20T08:50:48,2024-03-20T09:20:48,expired,0,1,P09
74d1fe0046d08b18,3850ccda117d,1e8e7008e99f,Bihar,4651,2024-03-20T08:51:50,2024-03-20T08:55:25,declined,0,1,P09
33e922228e601a56,3850ccda117d,1565b0422379,Kerala,25000,2024-03-20T08:53:12,2024-03-20T09:19:52,declined,0,1,P09
5187b81b87eb9854,60a547ae6f0e,6ad608de8d4c,Maharashtra,295,2024-03-20T08:55:20,2024-03-20T09:11:15,approved,1,0,
19f73aa30844e456,3850ccda117d,14bbd28d9886,Bihar,25000,2024-03-20T08:56:12,2024-03-20T09:06:20,declined,0,1,P09
1be52c2943137cc7,3850ccda117d,159e214cb5c8,West Bengal,5659,2024-03-20T08:57:31,2024-03-20T09:07:59,declined,0,1,P09
2b771478af4f2ae1,1c30ffd0220b,0567cb5fb65a,Gujarat,6784,2024-03-20T08:57:54,2024-03-20T09:04:47,declined,0,1,P10
47eb02932c43e3c2,20332b92b91c,09dedeac12de,Maharashtra,329,2024-03-20T08:59:44,2024-03-20T09:29:44,expired,0,0,
20943f8a291afe60,7d81c905f4c1,2f4b582b31a7,Kerala,1281,2024-03-20T09:01:28,2024-03-20T09:31:28,expired,1,0,
045289c45b25e441,3850ccda117d,1d0ff6be95a0,Haryana,9237,2024-03-20T09:02:43,2024-03-20T09:03:19,declined,0,1,P09
77c4cd71fb5cc3b3,216f11aafe2f,05caa849c212,Kerala,2592,2024-03-20T09:05:57,2024-03-20T09:35:57,expired,0,0,
683c918761899548,1c30ffd0220b,154fc7dab423,Tamil Nadu,13131,2024-03-20T09:06:12,2024-03-20T09:08:16,declined,0,1,P10
75a9793e301fb38c,3850ccda117d,681b2497785c,Kerala,14837,2024-03-20T09:06:15,2024-03-20T09:36:15,expired,0,1,P09
2806de4614d3c4d7,1c30ffd0220b,30f0fccb0a9c,West Bengal,9463,2024-03-20T09:08:20,2024-03-20T09:38:20,expired,0,1,P10
07052e59344bd051,1c30ffd0220b,156345f34bb4,West Bengal,20835,2024-03-20T09:09:54,2024-03-20T09:37:59,declined,0,1,P10
29430ee39e664a7e,3850ccda117d,61d4153263a9,Uttar Pradesh,14811,2024-03-20T09:13:07,2024-03-20T09:43:07,expired,0,1,P09
1157c63f817a82ad,1c30ffd0220b,7677f0e296d4,Karnataka,6405,2024-03-20T09:13:14,2024-03-20T09:33:33,declined,0,1,P10
4b02b4c083d2bed4,2b1781ab1f24,08cee5d150af,Telangana,1809,2024-03-20T09:13:40,2024-03-20T09:30:05,approved,0,0,
276020ad86a07485,1c30ffd0220b,7a755d536997,Maharashtra,9991,2024-03-20T09:14:11,2024-03-20T09:20:50,declined,0,1,P10
7e10e1234606d7e1,107ff2ac18f1,6c349305fcd1,Haryana,320,2024-03-20T09:14:36,2024-03-20T09:30:01,approved,1,0,
33588dd950efbb30,1c30ffd0220b,6bb493192dae,Uttar Pradesh,3457,2024-03-20T09:14:56,2024-03-20T09:34:17,declined,0,1,P10
7fe9dfb45efe0f17,1c30ffd0220b,575b4b8c4191,Gujarat,15160,2024-03-20T09:14:57,2024-03-20T09:44:57,expired,0,1,P10
036b042e6a8894fe,1c30ffd0220b,42a43fe1dcee,Uttar Pradesh,25000,2024-03-20T09:15:04,2024-03-20T09:45:04,expired,0,1,P10
6a1dc0d64fd2a3e1,1c30ffd0220b,379292b1eb2a,Gujarat,11459,2024-03-20T09:17:05,2024-03-20T09:47:05,expired,0,1,P10
370629e80b20947d,634690700829,42f1cc8f1c78,Rajasthan,743,2024-03-20T09:19:17,2024-03-20T09:34:49,approved,1,0,
11b2c7633f5db931,7d81c905f4c1,56472acb7b3e,Haryana,6694,2024-03-20T09:21:43,2024-03-20T09:33:54,approved,1,0,
6fc4181b3671a27c,22ea49616c97,7fc0c2a6fa0b,West Bengal,444,2024-03-20T09:21:46,2024-03-20T09:32:02,approved,1,0,
6eabf4983a0ae715,3850ccda117d,2d45ff83540c,Tamil Nadu,7256,2024-03-20T09:22:09,2024-03-20T09:35:29,declined,0,1,P09
650908f3fc666749,6ab35d61cd9f,6ba72e99b33e,West Bengal,227,2024-03-20T09:22:20,2024-03-20T09:38:46,approved,1,0,
7f199ae3658e1c62,1c30ffd0220b,03028f07c0fe,Uttar Pradesh,8876,2024-03-20T09:22:59,2024-03-20T09:52:59,expired,0,1,P10
49460472a8589441,3850ccda117d,0898fdb4f18a,Tamil Nadu,5186,2024-03-20T09:25:00,2024-03-20T09:55:00,expired,0,1,P09
3cd16f9aed83cb7f,6e73719779d9,420755744167,Uttar Pradesh,1255,2024-03-20T09:27:59,2024-03-20T09:45:18,approved,0,0,
44ed62193e2de46e,1c30ffd0220b,0a53352919fe,Kerala,5336,2024-03-20T09:28:28,2024-03-20T09:40:23,declined,0,1,P10
170678b339409e98,1c30ffd0220b,7a5816edfdf2,Telangana,5081,2024-03-20T09:29:23,2024-03-20T09:33:59,declined,0,1,P10
098a70cd62e6de6c,6f17ea22aaac,6603cd4020ae,Delhi,3230,2024-03-20T09:29:30,2024-03-20T09:39:58,approved,1,0,
0799bd5692ca11b9,3850ccda117d,7420f742cea6,Telangana,4105,2024-03-20T09:30:41,2024-03-20T09:44:55,declined,0,1,P09
077c720c24f977a1,4a83bc732574,601e3387603b,Bihar,3993,2024-03-20T09:30:58,2024-03-20T09:49:02,approved,1,0,
0b2199952714defa,3850ccda117d,0e4149872ee9,Delhi,7376,2024-03-20T09:31:14,2024-03-20T10:01:14,expired,0,1,P09
15ae10c584ab91da,6a7bccb8c392,33941f34a715,Delhi,492,2024-03-20T09:31:16,2024-03-20T09:35:00,approved,1,0,
0af7a618cd076ca1,3850ccda117d,1b2abc2dc4b7,Rajasthan,16562,2024-03-20T09:33:19,2024-03-20T10:02:10,declined,0,1,P09
0eb189b638e49e2d,6646fee30506,38f0caeca1b5,Kerala,1236,2024-03-20T09:35:06,2024-03-20T09:45:24,approved,1,0,
4f404eca293413fd,6d33a7293228,48b59f36d68a,Gujarat,617,2024-03-20T09:35:18,2024-03-20T09:41:28,approved,1,0,
41421f5618c8b9ee,1c30ffd0220b,69996e9cb1e9,Gujarat,16633,2024-03-20T09:35:24,2024-03-20T10:04:34,declined,0,1,P10
0aa6649d96301520,7b99521e8d62,47af84d02686,West Bengal,1691,2024-03-20T09:36:44,2024-03-20T09:47:28,approved,1,0,
2b372e6365953bd8,1e30aaf5adb8,398c21869ae4,Kerala,605,2024-03-20T09:38:07,2024-03-20T09:48:06,approved,1,0,
6c93764207b8eb03,60a547ae6f0e,67070c0497f1,Kerala,494,2024-03-20T09:38:11,2024-03-20T09:55:52,approved,1,0,
6e15e3b70889a6f5,107ff2ac18f1,744867f29761,Telangana,366,2024-03-20T09:38:57,2024-03-20T09:48:08,approved,1,0,
60e600c5985efb95,1c30ffd0220b,33c8d23a496e,Tamil Nadu,10806,2024-03-20T09:39:17,2024-03-20T10:09:17,expired,0,1,P10
44ee18fe247aa912,6f17ea22aaac,599892cf7315,Delhi,1753,2024-03-20T09:39:59,2024-03-20T09:51:08,approved,1,0,
2180ac032c2ccaf9,0cce3dbda79d,71d2241ab739,Karnataka,2179,2024-03-20T09:40:44,2024-03-20T09:49:58,approved,0,0,
0c153f91437a4ee8,1c30ffd0220b,3cbc9a5d5d5c,West Bengal,10917,2024-03-20T09:41:18,2024-03-20T10:11:18,expired,0,1,P10
59bcc59ffdc9ae69,2b1781ab1f24,76b0dbd40005,Uttar Pradesh,1088,2024-03-20T09:41:34,2024-03-20T09:46:04,approved,0,0,
21bd570416bda8de,3850ccda117d,09a4fce82f26,Haryana,6407,2024-03-20T09:41:50,2024-03-20T10:01:33,declined,0,1,P09
210b487184f190ca,3850ccda117d,1e9750ba02be,Maharashtra,3853,2024-03-20T09:42:04,2024-03-20T09:49:03,declined,0,1,P09
7d140cf3ad310209,3850ccda117d,40b05a2d0989,Delhi,6051,2024-03-20T09:44:05,2024-03-20T10:04:50,declined,0,1,P09
0c78ad6b11febb1c,3850ccda117d,2d984a85ae40,Kerala,13381,2024-03-20T09:44:10,2024-03-20T10:14:10,expired,0,1,P09
6641407fc04c73a3,11d601015742,22a6caf53102,Tamil Nadu,3652,2024-03-20T09:45:22,2024-03-20T10:04:46,approved,1,0,
10fe0a6de021acbf,0d9a63adaba5,0dd5ed349aa0,Delhi,719,2024-03-20T09:45:36,2024-03-20T10:15:36,expired,1,0,
14b902f0dad76ac9,513484923021,64043f538960,Uttar Pradesh,409,2024-03-20T09:46:49,2024-03-20T09:50:38,approved,1,0,
4e11bdce18d3ad3a,1c30ffd0220b,090ddcaeae09,Delhi,10332,2024-03-20T09:47:15,2024-03-20T09:49:02,declined,0,1,P10
34b0c5e2e25ebef4,3850ccda117d,25a865e6236a,Haryana,9706,2024-03-20T09:48:33,2024-03-20T10:18:33,expired,0,1,P09
035857d0c12e9213,1c30ffd0220b,1e078623823d,Kerala,15300,2024-03-20T09:48:55,2024-03-20T10:18:55,expired,0,1,P10
538d18de3990e237,634690700829,52bfb65feddc,Gujarat,588,2024-03-20T09:51:05,2024-03-20T10:02:35,approved,1,0,
6f909e350dbf58b1,22ea49616c97,1acb11689632,Tamil Nadu,390,2024-03-20T09:51:27,2024-03-20T10:10:38,approved,1,0,
2b2eda2d4229b08e,3850ccda117d,7bdc3f33c829,Maharashtra,6674,2024-03-20T09:53:31,2024-03-20T10:04:39,approved,0,1,P09
39971c0a439546ef,1c30ffd0220b,746c0c8c4e79,Tamil Nadu,5341,2024-03-20T09:54:42,2024-03-20T10:20:32,declined,0,1,P10
7d8cd9a82aa98cff,3850ccda117d,66458755c46b,Delhi,25000,2024-03-20T09:54:47,2024-03-20T10:24:47,expired,0,1,P09
12a0321cb8270d07,48f26f133a7b,646c5f17d6fa,Haryana,433,2024-03-20T09:55:13,2024-03-20T09:56:49,approved,1,0,
227d16887b3329d0,3850ccda117d,14e4030563db,Bihar,2831,2024-03-20T09:56:18,2024-03-20T09:59:11,declined,0,1,P09
40145523748da575,1c30ffd0220b,6b30a4d2dfb1,Gujarat,4820,2024-03-20T09:59:55,2024-03-20T10:22:29,declined,0,1,P10
09cee6e8e153fd66,3850ccda117d,47fee6cd853e,Telangana,6390,2024-03-20T10:02:00,2024-03-20T10:08:28,approved,0,1,P09
0f7cbfe11d627d91,30595689af87,2244202d9d75,Kerala,1924,2024-03-20T10:02:12,2024-03-20T10:08:06,declined,1,0,
1d300ff38c4c01d3,1c30ffd0220b,044b54cf3892,Delhi,3093,2024-03-20T10:02:22,2024-03-20T10:32:22,expired,0,1,P10
4631e55449889644,2569a0f51294,1a1f1a7db15c,Tamil Nadu,3766,2024-03-20T10:04:18,2024-03-20T10:07:38,approved,1,0,
182fc366ca322f5c,19a849472d1b,153a1641ae18,Haryana,660,2024-03-20T10:05:45,2024-03-20T10:07:18,approved,1,0,
49322d4349b4db18,2b1781ab1f24,7e728795240c,Gujarat,3031,2024-03-20T10:05:48,2024-03-20T10:19:43,approved,0,0,
7fa722dbccef743a,3850ccda117d,32f1e7c4e2ff,Gujarat,4584,2024-03-20T10:06:27,2024-03-20T10:16:09,declined,0,1,P09
5b0787b51821538d,3850ccda117d,1967040ed36d,Bihar,8460,2024-03-20T10:06:29,2024-03-20T10:28:48,declined,0,1,P09
091acfa659c890e6,3850ccda117d,460f7a498ae0,Kerala,3990,2024-03-20T10:06:42,2024-03-20T10:27:20,declined,0,1,P09
292de0d8de06afce,3850ccda117d,68bdbf38dd1a,Kerala,2632,2024-03-20T10:09:01,2024-03-20T10:26:51,declined,0,1,P09
7419f56e71e5c42b,6a706675422c,1a9f17bac5d5,Uttar Pradesh,171,2024-03-20T10:09:28,2024-03-20T10:27:21,approved,0,0,
30da546f7b794e78,5be02b242add,0d439067e6fa,Haryana,980,2024-03-20T10:09:45,2024-03-20T10:11:39,approved,1,0,
60eecb955134bf7e,6fdf521c2b77,4df3345efbd1,Uttar Pradesh,821,2024-03-20T10:11:08,2024-03-20T10:16:14,approved,1,0,
77395024b0157548,6d33a7293228,64438fd6f8e3,Rajasthan,445,2024-03-20T10:12:32,2024-03-20T10:42:32,expired,1,0,
3cd4c20f51681eb4,3850ccda117d,42a113b5a397,Gujarat,8308,2024-03-20T10:13:48,2024-03-20T10:18:39,declined,0,1,P09
6bac0dd485a080fe,2569a0f51294,34187a223411,Rajasthan,2222,2024-03-20T10:14:24,2024-03-20T10:22:30,approved,1,0,
56be3fbbcb4ea9c1,5be02b242add,2ec6735f03ff,West Bengal,1344,2024-03-20T10:15:19,2024-03-20T10:36:24,declined,1,0,
7ebc54c06022635a,3850ccda117d,5c960996e3a8,Gujarat,9733,2024-03-20T10:15:34,2024-03-20T10:28:57,declined,0,1,P09
50e300592aad8435,4c6b531ee064,098d6afc4692,Gujarat,1177,2024-03-20T10:16:42,2024-03-20T10:29:12,approved,1,0,
7291cc1ee17dc982,1c30ffd0220b,30c525fc1def,Uttar Pradesh,8646,2024-03-20T10:16:48,2024-03-20T10:36:11,declined,0,1,P10
1b7acbbca334c310,663473dc643e,72f6d6292cae,Kerala,589,2024-03-20T10:17:27,2024-03-20T10:47:27,expired,1,0,
6c7c0ecd330bcd53,6e73719779d9,5555b6e45ce5,Uttar Pradesh,1037,2024-03-20T10:17:46,2024-03-20T10:47:46,expired,0,0,
36437edcbe22b2fd,3850ccda117d,326c00fbda7e,Telangana,8453,2024-03-20T10:17:52,2024-03-20T10:31:31,declined,0,1,P09
65f23b149f91798e,7786fa4ecb51,60cabd49e716,Telangana,589,2024-03-20T10:20:41,2024-03-20T10:37:20,approved,1,0,
309bffd320dd33dd,1c30ffd0220b,7d53d52bda38,Delhi,5148,2024-03-20T10:20:57,2024-03-20T10:22:13,declined,0,1,P10
5e40c69209dface6,7b8a68c1ae9c,09c6ec945b36,Karnataka,3554,2024-03-20T10:21:05,2024-03-20T10:28:00,approved,1,0,
7e4f739484eaafe9,1c30ffd0220b,4614819195b1,Bihar,10804,2024-03-20T10:21:52,2024-03-20T10:38:38,declined,0,1,P10
7cefda69b7020fcd,4818964bb9e3,255b50ab50ca,Uttar Pradesh,557,2024-03-20T10:23:43,2024-03-20T10:29:32,approved,1,0,
404c25d276ac0cf7,48a5f4e76a41,57dc3a390016,Uttar Pradesh,589,2024-03-20T10:25:58,2024-03-20T10:40:40,declined,0,0,
4bc70667cfb62a88,513484923021,0683b9ae9f34,Haryana,519,2024-03-20T10:26:05,2024-03-20T10:56:05,expired,1,0,
4842301e9eb0d212,1c30ffd0220b,2b0723fe1700,Haryana,4134,2024-03-20T10:26:28,2024-03-20T10:46:31,declined,0,1,P10
066d97ec19122806,6a2b9baa3e4a,310adc3df493,Telangana,262,2024-03-20T10:26:29,2024-03-20T10:40:20,approved,1,0,
0eab8efbc8d8d06a,6e73719779d9,2ace32ea38fc,Delhi,1168,2024-03-20T10:26:42,2024-03-20T10:32:07,declined,0,0,
0caef60df8ec5063,513484923021,135c5312a034,Haryana,506,2024-03-20T10:27:25,2024-03-20T10:31:17,approved,1,0,
7eba8a44468274af,1318e3fa6d29,50e4d0cbb999,Telangana,379,2024-03-20T10:27:28,2024-03-20T10:39:28,approved,1,0,
010b554e48909a38,2910947f9388,3192737283cd,Delhi,477,2024-03-20T10:27:56,2024-03-20T10:37:06,approved,1,0,
274685a36ad37ece,7d81c905f4c1,00a7f88ba0a4,Telangana,2451,2024-03-20T10:28:03,2024-03-20T10:58:03,expired,1,0,
0e2709a1c001d912,3850ccda117d,29eb59555c0c,Kerala,9290,2024-03-20T10:30:23,2024-03-20T10:39:48,approved,0,1,P09
2c5eef4a37bb0886,3850ccda117d,15c185735f7e,Gujarat,25000,2024-03-20T10:30:34,2024-03-20T10:47:42,declined,0,1,P09
1d6ae7896e422eaa,3850ccda117d,4710f6a72a2c,Karnataka,4737,2024-03-20T10:31:19,2024-03-20T10:54:57,declined,0,1,P09
04047c8abbb99cd8,3850ccda117d,229a2259f3df,Haryana,7823,2024-03-20T10:31:58,2024-03-20T11:01:58,expired,0,1,P09
36be10e702a50454,1c30ffd0220b,0747c5da1907,Haryana,14404,2024-03-20T10:33:23,2024-03-20T11:00:13,declined,0,1,P10
1fc8ad1a4d99c418,3850ccda117d,53ce2853508e,Telangana,13892,2024-03-20T10:33:53,2024-03-20T11:01:11,declined,0,1,P09
1398eaaddf634d16,1c30ffd0220b,768f37e789d8,Delhi,15781,2024-03-20T10:33:54,2024-03-20T11:03:54,expired,0,1,P10
423e0def0e9eb4ff,3a6576ce966b,28cab4324132,Kerala,1332,2024-03-20T10:34:49,2024-03-20T10:54:22,approved,1,0,
1b56630d7a71de3f,19a849472d1b,3723365db7e3,Karnataka,1584,2024-03-20T10:35:43,2024-03-20T10:49:19,approved,1,0,
16d933142de06c05,7786fa4ecb51,6ebd9b247b76,Bihar,677,2024-03-20T10:36:41,2024-03-20T10:48:03,approved,1,0,
54eb2d5aea3d1158,6a2b9baa3e4a,55a93be32c88,Gujarat,804,2024-03-20T10:38:39,2024-03-20T11:00:30,declined,1,0,
46cfb866233e7c88,0176a1a01f10,57e63824922d,Rajasthan,1943,2024-03-20T10:38:46,2024-03-20T10:44:09,approved,1,0,
023c0d6ec37b860e,2569a0f51294,1b8e3684a043,Delhi,1226,2024-03-20T10:39:05,2024-03-20T10:53:49,approved,1,0,
38040f275dd3486c,1c30ffd0220b,5ad2c047bd84,Rajasthan,8052,2024-03-20T10:39:51,2024-03-20T10:58:23,declined,0,1,P10
251eadb98c6f98d5,48a5f4e76a41,345e7660a4ce,Karnataka,2202,2024-03-20T10:40:14,2024-03-20T10:41:25,approved,0,0,
4214113f15278ebf,7d81c905f4c1,673d3b7807a7,Delhi,2405,2024-03-20T10:40:27,2024-03-20T10:49:01,approved,1,0,
12ab810efbc09f61,2b7ae5050a4d,01c909212c0e,Kerala,883,2024-03-20T10:40:40,2024-03-20T10:43:04,approved,1,0,
34e7c4d3b3646dd5,3850ccda117d,326ef4857684,Delhi,9221,2024-03-20T10:41:07,2024-03-20T10:56:32,declined,0,1,P09
28a92d56f926d352,1c30ffd0220b,4b2a642745d3,West Bengal,11979,2024-03-20T10:41:57,2024-03-20T10:46:06,declined,0,1,P10
1265a6b380af2ed8,1c30ffd0220b,454bc0df0d24,Telangana,9622,2024-03-20T10:43:34,2024-03-20T10:49:04,declined,0,1,P10
7b35c386072858fd,1c30ffd0220b,1f1c4ada9d06,Telangana,4845,2024-03-20T10:44:27,2024-03-20T11:14:27,expired,0,1,P10
3c68f709e50196b6,3850ccda117d,06f457d490ff,Gujarat,9561,2024-03-20T10:45:53,2024-03-20T11:15:53,expired,0,1,P09
75b0482e578da4e1,3850ccda117d,3f092306ed88,Haryana,5462,2024-03-20T10:45:56,2024-03-20T11:15:56,expired,0,1,P09
1ad9846eabc36bad,3850ccda117d,374ca6bf8185,West Bengal,7375,2024-03-20T10:46:03,2024-03-20T11:05:45,declined,0,1,P09
27f45c2e0621b28e,3850ccda117d,490429257ab9,Haryana,13735,2024-03-20T10:46:04,2024-03-20T11:15:20,declined,0,1,P09
0a26cb23031fecdc,107ff2ac18f1,00509bbe51e0,Delhi,359,2024-03-20T10:48:35,2024-03-20T11:04:56,approved,1,0,
3d133a44f3bfa4b3,1c30ffd0220b,3e30f9233591,Maharashtra,6483,2024-03-20T10:51:01,2024-03-20T11:21:01,expired,0,1,P10
26164bb1280e5d54,1c30ffd0220b,6e2413636420,Tamil Nadu,12860,2024-03-20T10:51:55,2024-03-20T10:57:49,approved,0,1,P10
32296d6ee895db31,107ff2ac18f1,14a2b98fda1f,Bihar,341,2024-03-20T10:54:47,2024-03-20T10:57:48,approved,1,0,
671905a3450501ce,1c30ffd0220b,2e8a4443651f,West Bengal,9444,2024-03-20T10:55:09,2024-03-20T11:13:59,declined,0,1,P10
02e4802ab40af938,1c30ffd0220b,3ebf29e52365,Bihar,9237,2024-03-20T10:58:17,2024-03-20T11:28:17,expired,0,1,P10
2e9490dba775b502,6e836fcd1e4d,4a6ef1041a59,Uttar Pradesh,461,2024-03-20T10:59:41,2024-03-20T11:06:14,approved,0,0,
72c3f1a2f0c12e88,48f26f133a7b,0a70bf819780,Delhi,1777,2024-03-20T11:01:15,2024-03-20T11:13:39,approved,1,0,
64a79b23aba3a694,48f26f133a7b,36656d6ff21d,Kerala,833,2024-03-20T11:02:26,2024-03-20T11:19:15,approved,1,0,
3132dc3518a330d1,6e836fcd1e4d,508e788e03c4,Rajasthan,177,2024-03-20T11:03:32,2024-03-20T11:15:51,approved,0,0,
6214173ddc769f3f,7b8a68c1ae9c,0609a997dea2,Tamil Nadu,934,2024-03-20T11:06:24,2024-03-20T11:14:13,approved,1,0,
1f463834893b4ec1,107ff2ac18f1,0bf96c6540c1,Haryana,813,2024-03-20T11:09:51,2024-03-20T11:25:14,approved,1,0,
2253bff05217b38e,1c30ffd0220b,33d928ed41b5,Bihar,15749,2024-03-20T11:10:01,2024-03-20T11:40:01,expired,0,1,P10
5fb7743323b89f4b,1c30ffd0220b,12984f15fa35,Karnataka,3669,2024-03-20T11:10:58,2024-03-20T11:40:58,expired,0,1,P10
41861e7a6c623f2b,2569a0f51294,7c1fa02a6c67,Haryana,1898,2024-03-20T11:11:46,2024-03-20T11:41:46,expired,1,0,
36a71db275ddebf0,3a6576ce966b,7bc499650086,Bihar,563,2024-03-20T11:12:52,2024-03-20T11:21:07,approved,1,0,
49f424269b3caa71,1c30ffd0220b,13237590c4e5,Gujarat,10008,2024-03-20T11:16:21,2024-03-20T11:34:51,approved,0,1,P10
1cb6fa3347c79baf,30595689af87,5309ddc6db64,Haryana,1275,2024-03-20T11:17:30,2024-03-20T11:32:28,approved,1,0,
3966ea55eb9039ac,09f6cd55cca3,59557a4216e1,Delhi,1132,2024-03-20T11:20:16,2024-03-20T11:25:25,approved,1,0,
6965f57ecf43be6e,1c30ffd0220b,056389bd6e61,Bihar,6238,2024-03-20T11:25:47,2024-03-20T11:55:13,declined,0,1,P10
0bf5795f9b05ac11,09f6cd55cca3,68bdbf38dd1a,Kerala,776,2024-03-20T11:28:23,2024-03-20T11:40:09,approved,1,0,
1f197e035cd428c4,1c30ffd0220b,7cee35327941,Rajasthan,7818,2024-03-20T11:28:33,2024-03-20T11:34:26,declined,0,1,P10
3ddc33f505803947,6d33a7293228,19b05e2c4055,Karnataka,641,2024-03-20T11:31:46,2024-03-20T11:47:48,approved,1,0,
154f29a07bb8f58d,1c30ffd0220b,72fad7ffab4e,Haryana,3744,2024-03-20T11:34:02,2024-03-20T12:03:23,declined,0,1,P10
1ad9d92ec67e7b95,60a547ae6f0e,67263885aa2e,Gujarat,410,2024-03-20T11:34:33,2024-03-20T11:40:15,approved,1,0,
6e34430d32158998,2baf4e7593de,73bae1d73718,Delhi,1273,2024-03-20T11:36:56,2024-03-20T11:43:38,approved,1,0,
04a4069bbc0295d5,1c30ffd0220b,191c030d968c,Maharashtra,9662,2024-03-20T11:37:45,2024-03-20T11:49:19,declined,0,1,P10
7473df0bb1ec58dc,45d11774ab5d,3b636333bae6,West Bengal,1108,2024-03-20T11:37:49,2024-03-20T11:47:00,approved,0,0,
718acbe6b020d2d5,1c30ffd0220b,75cc19fc2b7a,Delhi,8131,2024-03-20T11:38:06,2024-03-20T12:08:06,expired,0,1,P10
3e5fd4faf23e5ea1,09f6cd55cca3,4ef4e9a1b8e6,Telangana,2020,2024-03-20T11:41:01,2024-03-20T11:54:26,approved,1,0,
04f25b20e843b9a6,1e30aaf5adb8,40459b733910,Delhi,225,2024-03-20T11:46:19,2024-03-20T11:49:12,approved,1,0,
014592f9f917107f,7b8a68c1ae9c,19ef9dc40eed,Maharashtra,2468,2024-03-20T11:49:23,2024-03-20T11:50:49,approved,1,0,
7b756bf50b6b969f,1c30ffd0220b,47bc5f76621e,Maharashtra,5315,2024-03-20T11:50:06,2024-03-20T12:20:06,expired,0,1,P10
0e3e5850a76ffcb7,7b8a68c1ae9c,06f6fc9858c5,Uttar Pradesh,793,2024-03-20T11:51:11,2024-03-20T12:02:58,approved,1,0,
194e328c96c76f0f,1c30ffd0220b,1fcc0c7b3ac8,Telangana,9763,2024-03-20T11:52:14,2024-03-20T12:15:14,declined,0,1,P10
06774ed8da290acc,45d11774ab5d,50cd44d78d38,Uttar Pradesh,1035,2024-03-20T11:53:16,2024-03-20T12:23:16,expired,0,0,
5442fa661064db25,3a6576ce966b,302bd0995c87,Bihar,2032,2024-03-20T11:56:02,2024-03-20T12:06:48,approved,1,0,
2f7e91fbb07a5679,39dc63eef666,2bb05bcc0563,Maharashtra,860,2024-03-20T11:57:36,2024-03-20T12:13:02,approved,1,0,
432a3d236c866e3d,0511fee882e4,17e9a11d2bfd,Bihar,885,2024-03-20T11:57:57,2024-03-20T12:09:55,approved,1,0,
50dbf5fbf92baa07,673acd5d1161,199a72cd7041,Tamil Nadu,1115,2024-03-20T11:57:57,2024-03-20T12:09:54,approved,1,0,
1258904aff3b2277,6a706675422c,71f7824e4aaf,Delhi,573,2024-03-20T11:58:28,2024-03-20T12:16:17,approved,0,0,
4fec241041f6a7a4,1c30ffd0220b,4dc0ae71427e,Maharashtra,10259,2024-03-20T12:00:31,2024-03-20T12:14:44,declined,0,1,P10
45cc2ac7b79d46f9,1c30ffd0220b,1eef3d06dd13,Kerala,7074,2024-03-20T12:01:35,2024-03-20T12:25:34,declined,0,1,P10
62aa1abb42c2525a,1c30ffd0220b,174c7e7884b3,Haryana,10473,2024-03-20T12:01:58,2024-03-20T12:31:58,expired,0,1,P10
0026f804769f440d,2b1781ab1f24,1d44b8408da7,Gujarat,377,2024-03-20T12:02:03,2024-03-20T12:19:53,approved,0,0,
0a658c19afc1219e,6a7bccb8c392,3086af7b9db4,Gujarat,298,2024-03-20T12:02:19,2024-03-20T12:06:13,approved,1,0,
5ea87f13bd56eb24,1c30ffd0220b,641913ef3e3a,Gujarat,4449,2024-03-20T12:03:51,2024-03-20T12:26:20,declined,0,1,P10
2c3bfe75dc216078,1c30ffd0220b,2d951a88e192,Delhi,10345,2024-03-20T12:05:22,2024-03-20T12:35:22,expired,0,1,P10
542fb362eb63fd14,6e836fcd1e4d,69fc84bf6a49,Gujarat,1537,2024-03-20T12:07:15,2024-03-20T12:37:15,expired,0,0,
04de4cb68b924e39,2baf4e7593de,67fae637d4cd,Delhi,463,2024-03-20T12:07:23,2024-03-20T12:14:58,approved,1,0,
4a639e2967f0d415,1c30ffd0220b,367eea3c43a4,West Bengal,5584,2024-03-20T12:07:49,2024-03-20T12:15:16,declined,0,1,P10
2007eb18b1ae7772,1c30ffd0220b,3d61c0e3e58b,Tamil Nadu,6855,2024-03-20T12:07:58,2024-03-20T12:17:18,declined,0,1,P10
4a3a619998c59b8d,663473dc643e,3ada95e9e73e,Gujarat,284,2024-03-20T12:08:26,2024-03-20T12:38:26,expired,1,0,
7c61b52887764764,1c30ffd0220b,6061284eacd4,Rajasthan,6011,2024-03-20T12:09:53,2024-03-20T12:14:21,declined,0,1,P10
201dae80a8131981,1c30ffd0220b,1b30f03fa29d,Delhi,13102,2024-03-20T12:13:04,2024-03-20T12:15:08,declined,0,1,P10
4f3674d892acb5d9,7b99521e8d62,7413dbf73983,Bihar,1437,2024-03-20T12:16:15,2024-03-20T12:36:00,approved,1,0,
1d63a2c85638cd41,1318e3fa6d29,4bef5e8c196b,Rajasthan,391,2024-03-20T12:16:26,2024-03-20T12:26:26,approved,1,0,
52f822421998c93a,6f17ea22aaac,57d604c07c13,Haryana,1265,2024-03-20T12:20:18,2024-03-20T12:39:38,approved,1,0,
58b72fb3b33d6541,49217212965b,172303aeb95c,Delhi,640,2024-03-20T12:23:32,2024-03-20T12:30:21,approved,1,0,
4eee44b396ec96b9,11d601015742,4e0ff293fa87,Karnataka,2145,2024-03-20T12:25:00,2024-03-20T12:43:36,approved,1,0,
63bcea660ec2f939,107ff2ac18f1,509b0a7c0f08,Bihar,541,2024-03-20T12:25:09,2024-03-20T12:28:24,approved,1,0,
58d4ad776f521c7f,6f17ea22aaac,1789b9ab3002,Maharashtra,1665,2024-03-20T12:28:35,2024-03-20T12:39:41,approved,1,0,
1d0c39bcf6c16e1b,7b99521e8d62,76eda5975c35,Rajasthan,2176,2024-03-20T12:29:33,2024-03-20T12:48:39,approved,1,0,
1474709cbfd5e851,6a7bccb8c392,494e161c6712,Bihar,586,2024-03-20T12:32:09,2024-03-20T12:38:54,approved,1,0,
52eb85450e7f8574,1c30ffd0220b,1e3c2ae212d9,Telangana,5441,2024-03-20T12:32:40,2024-03-20T13:02:40,expired,0,1,P10
7ed8cc4e7133afb4,673acd5d1161,1569a54a9732,Telangana,1139,2024-03-20T12:32:48,2024-03-20T12:49:55,approved,1,0,
0125c1cca4f03cb1,1c30ffd0220b,4de60e12f955,Uttar Pradesh,25000,2024-03-20T12:33:17,2024-03-20T12:48:56,declined,0,1,P10
419339f3f481cb09,6f17ea22aaac,6558dd2ef385,Telangana,2198,2024-03-20T12:36:16,2024-03-20T13:06:16,expired,1,0,
22fd092334dee327,1c30ffd0220b,03f47fc7b2b0,Maharashtra,11975,2024-03-20T12:37:24,2024-03-20T12:42:02,declined,0,1,P10
7db210e7b7e34d7b,48e58d7747c6,2161d2048583,West Bengal,1077,2024-03-20T12:37:58,2024-03-20T12:53:01,approved,1,0,
39827fedd53dc2ec,216f11aafe2f,5b0126245eec,Bihar,160,2024-03-20T12:38:55,2024-03-20T13:08:55,expired,0,0,
762314a205a93f1e,1c30ffd0220b,174c7e7884b3,Haryana,4320,2024-03-20T12:39:54,2024-03-20T12:42:36,declined,0,1,P10
42f3b698e5fdee11,0511fee882e4,758820486a41,Uttar Pradesh,792,2024-03-20T12:41:20,2024-03-20T13:00:25,approved,1,0,
40726c64dee9812d,1c30ffd0220b,1de6afc44462,Bihar,3979,2024-03-20T12:44:20,2024-03-20T12:59:52,declined,0,1,P10
521426c7516ccac8,48e58d7747c6,7f8aec2bfc6a,Karnataka,3257,2024-03-20T12:45:04,2024-03-20T13:00:41,approved,1,0,
4110f0e820e8adc7,2569a0f51294,70d075c5b70c,Karnataka,668,2024-03-20T12:46:56,2024-03-20T12:47:42,approved,1,0,
412581fdee6e467b,22ea49616c97,1d540917c434,Bihar,620,2024-03-20T12:57:23,2024-03-20T13:11:03,approved,1,0,
3433845b8156a83d,6e73719779d9,14e4cbbb0af4,Tamil Nadu,9038,2024-03-20T12:57:49,2024-03-20T13:07:15,approved,0,0,
46f3adb90aed6b88,1c30ffd0220b,58a2fdeaaf54,Kerala,13640,2024-03-20T12:58:08,2024-03-20T13:11:17,declined,0,1,P10
05f38170f59a2593,4a83bc732574,7a5eb5aeb744,Telangana,770,2024-03-20T13:01:19,2024-03-20T13:05:59,approved,1,0,
61b71c4fdfdf0efb,6a2b9baa3e4a,50b19de80fbd,Bihar,441,2024-03-20T13:01:35,2024-03-20T13:10:33,approved,1,0,
7b561b299c6e3ef8,5be02b242add,76ca45f85de0,Tamil Nadu,1063,2024-03-20T13:02:12,2024-03-20T13:13:02,approved,1,0,
1877807ac4e1cdf0,513484923021,2599e8a5a1f7,Gujarat,360,2024-03-20T13:03:56,2024-03-20T13:10:29,approved,1,0,
093e660319febeed,1318e3fa6d29,384b70b63e81,Delhi,373,2024-03-20T13:05:03,2024-03-20T13:12:52,approved,1,0,
18511a294d7fffb4,7b99521e8d62,24e40ad9271e,Delhi,1113,2024-03-20T13:06:33,2024-03-20T13:15:37,approved,1,0,
4e5c43c8ed726822,6e73719779d9,5fba253666d8,Karnataka,684,2024-03-20T13:08:12,2024-03-20T13:38:12,expired,0,0,
2f8f5e207186f263,6d33a7293228,15fd8bb06b65,Delhi,494,2024-03-20T13:08:23,2024-03-20T13:24:16,declined,1,0,
325befc6fe4442f7,5ded2d78f299,1298a8eb73f3,Tamil Nadu,990,2024-03-20T13:09:14,2024-03-20T13:26:04,approved,1,0,
6a09368dc256df14,0f0510686293,15c12a50518e,Gujarat,599,2024-03-20T13:10:54,2024-03-20T13:13:12,approved,1,0,
0518fa13ffc0b23c,34994a8b60cd,3e61213c3f54,Gujarat,452,2024-03-20T13:11:24,2024-03-20T13:15:00,approved,0,0,
7509b5e9c82d0e09,1e30aaf5adb8,17007a95ef02,Telangana,464,2024-03-20T13:11:28,2024-03-20T13:41:28,expired,1,0,
1073d583911bf15f,0f0510686293,31659494ff8b,Gujarat,268,2024-03-20T13:11:38,2024-03-20T13:29:07,approved,1,0,
1199ec102f7460e2,6a706675422c,0c24ad8648e0,Kerala,1051,2024-03-20T13:11:40,2024-03-20T13:15:00,approved,0,0,
3adabb7a103a2514,1c30ffd0220b,7369b87956f2,Bihar,25000,2024-03-20T13:11:49,2024-03-20T13:12:51,approved,0,1,P10
226bd6118b110fbf,1c30ffd0220b,3ee0f7c79185,West Bengal,8117,2024-03-20T13:13:02,2024-03-20T13:38:32,declined,0,1,P10
302a2bea4a03a7aa,1e30aaf5adb8,7d5d0edf5f40,Karnataka,720,2024-03-20T13:13:34,2024-03-20T13:30:15,approved,1,0,
5ef5e24eaebfded1,1c30ffd0220b,1350e77876b2,West Bengal,4925,2024-03-20T13:13:43,2024-03-20T13:37:36,declined,0,1,P10
40849e507e7b358b,694d71c69d67,6b667e42e869,Kerala,1168,2024-03-20T13:14:02,2024-03-20T13:19:25,approved,1,0,
1b6fe090dedecde8,1318e3fa6d29,6e47311faab4,Bihar,581,2024-03-20T13:14:09,2024-03-20T13:27:43,approved,1,0,
2f95e4d6751b75bc,51e266317647,126c4e5b3e7d,Rajasthan,799,2024-03-20T13:14:56,2024-03-20T13:22:59,approved,1,0,
30ce5e6676fd6c37,3a6576ce966b,40459b733910,Delhi,2988,2024-03-20T13:17:21,2024-03-20T13:47:21,expired,1,0,
1bff2ffc2df24621,2569a0f51294,76ac9f85443a,Telangana,1699,2024-03-20T13:17:47,2024-03-20T13:36:43,approved,1,0,
1a57aba991c65dd7,1c30ffd0220b,1c11c4754f0b,Tamil Nadu,8189,2024-03-20T13:18:17,2024-03-20T13:23:23,declined,0,1,P10
72915b095cdae911,20332b92b91c,4cc15e6fdf9c,Delhi,925,2024-03-20T13:20:34,2024-03-20T13:31:31,approved,0,0,
17baddaa2bf1ff7d,1c30ffd0220b,2d5d6b8dc084,Haryana,12415,2024-03-20T13:20:39,2024-03-20T13:28:05,declined,0,1,P10
4dcd7b9f96989683,6f17ea22aaac,57ea616fcca5,Kerala,852,2024-03-20T13:21:35,2024-03-20T13:39:32,approved,1,0,
6d0843c870aef74c,7786fa4ecb51,0149172e669a,Karnataka,462,2024-03-20T13:21:56,2024-03-20T13:27:01,approved,1,0,
5335ef3972655c89,1c30ffd0220b,54b5db227025,Maharashtra,14154,2024-03-20T13:24:14,2024-03-20T13:54:14,expired,0,1,P10
70afc1552afeb19c,0176a1a01f10,76f072939128,Kerala,1307,2024-03-20T13:24:32,2024-03-20T13:41:45,approved,1,0,
5e3696e074d62e23,11d601015742,72f989193861,Delhi,453,2024-03-20T13:24:43,2024-03-20T13:36:59,approved,1,0,
751cbe58e4b0b260,4818964bb9e3,5d456a4aa009,Maharashtra,1097,2024-03-20T13:25:26,2024-03-20T13:42:27,approved,1,0,
0b8637552e7aa325,6a7bccb8c392,0fd70998e865,Gujarat,405,2024-03-20T13:26:45,2024-03-20T13:37:22,approved,1,0,
68fc914032295c4c,6e836fcd1e4d,11f349f32e73,Rajasthan,512,2024-03-20T13:26:52,2024-03-20T13:56:52,expired,0,0,
3610e37842f9fd38,4a83bc732574,42fa6122573c,West Bengal,1378,2024-03-20T13:28:05,2024-03-20T13:31:19,approved,1,0,
78ab9d9a80dd693f,48a5f4e76a41,03b8895ef6c4,Haryana,1331,2024-03-20T13:29:41,2024-03-20T13:46:44,approved,0,0,
4cb2d4c02009105b,6a2b9baa3e4a,2828769a9d2f,Bihar,341,2024-03-20T13:34:35,2024-03-20T13:53:47,approved,1,0,
6d06a08ccadab92b,1c30ffd0220b,71386e0a1951,Tamil Nadu,18698,2024-03-20T13:35:36,2024-03-20T13:52:42,declined,0,1,P10
60073ebfa12c14a8,1c30ffd0220b,35bf1e267875,West Bengal,12965,2024-03-20T13:38:51,2024-03-20T14:08:51,expired,0,1,P10
5ccfba021f657907,2b7ae5050a4d,1da3fbeea4e5,Bihar,818,2024-03-20T13:41:51,2024-03-20T13:47:31,approved,1,0,
22cd752becc30668,107ff2ac18f1,677c2a31e4df,Uttar Pradesh,361,2024-03-20T13:42:04,2024-03-20T13:59:13,approved,1,0,
7c2e622215f9709e,1c30ffd0220b,469f51086747,Maharashtra,14199,2024-03-20T13:42:49,2024-03-20T13:48:06,declined,0,1,P10
7e26291425b29ccf,6f5fa5bed003,77dff5ddc48f,Tamil Nadu,1133,2024-03-20T13:45:00,2024-03-20T13:50:50,approved,1,0,
7a646683b4a29bd6,107ff2ac18f1,295743be7598,Bihar,551,2024-03-20T13:45:11,2024-03-20T14:04:38,approved,1,0,
53cd09ea82289aad,1c30ffd0220b,291d5a80f148,Gujarat,6486,2024-03-20T13:47:27,2024-03-20T14:17:27,expired,0,1,P10
398968c49445b403,60a547ae6f0e,40dd092f09fc,Rajasthan,597,2024-03-20T13:47:55,2024-03-20T14:02:02,approved,1,0,
4bcd4b2de0e6f1eb,0176a1a01f10,158e22e901d0,Uttar Pradesh,2977,2024-03-20T13:48:09,2024-03-20T14:03:32,approved,1,0,
3ff2324c8956e8b5,663473dc643e,6ee2f89b4cc2,Karnataka,735,2024-03-20T13:50:17,2024-03-20T14:02:44,approved,1,0,
0c223d7fef18baeb,48a5f4e76a41,72b8058de939,Uttar Pradesh,3024,2024-03-20T13:50:18,2024-03-20T13:59:04,approved,0,0,
191c8d64fbd5f38e,107ff2ac18f1,2455c7dde481,Kerala,441,2024-03-20T13:52:01,2024-03-20T13:57:01,approved,1,0,
104fa8f483a2556c,6ab35d61cd9f,7d901a90b914,Tamil Nadu,460,2024-03-20T13:53:01,2024-03-20T14:11:38,approved,1,0,
065162848e6b7c43,1c30ffd0220b,2774f4ca36e9,Uttar Pradesh,8799,2024-03-20T13:56:16,2024-03-20T13:58:15,declined,0,1,P10
38c8e1a114e2c066,45d11774ab5d,34558a20cc2d,Delhi,665,2024-03-20T13:57:39,2024-03-20T14:12:13,approved,0,0,
021840a4a5a21899,09f6cd55cca3,0457c8b78038,Haryana,1486,2024-03-20T14:00:47,2024-03-20T14:15:07,approved,1,0,
6ea3946fddc421b4,5ded2d78f299,7d3d457dd6f5,Bihar,2498,2024-03-20T14:02:52,2024-03-20T14:17:29,approved,1,0,
0dafd8dfad971688,216f11aafe2f,224b64a16927,Maharashtra,1067,2024-03-20T14:03:29,2024-03-20T14:18:18,approved,0,0,
4d891239188d5855,7d493d48b208,3263b3ea42cd,Maharashtra,266,2024-03-20T14:03:45,2024-03-20T14:16:13,approved,1,0,
4f9fddb02c831098,2b1781ab1f24,76c0c73b4aef,Delhi,131,2024-03-20T14:05:37,2024-03-20T14:20:12,approved,0,0,
40ceb7067ae27b35,7b99521e8d62,2d0d1201201a,West Bengal,1972,2024-03-20T14:06:14,2024-03-20T14:21:27,approved,1,0,
041519c9758b7ff6,5be02b242add,2648542b21bf,Karnataka,2182,2024-03-20T14:09:33,2024-03-20T14:23:01,approved,1,0,
5b23bc0adf105a35,0d4a1f2e8b76,1d361c297fc1,Tamil Nadu,332,2024-03-20T14:10:40,2024-03-20T14:27:28,approved,1,0,
042ea7f366286757,0511fee882e4,1c185a3c24c1,West Bengal,1476,2024-03-20T14:11:53,2024-03-20T14:28:49,approved,1,0,
62dde957ae9c4f63,3a6d68f3644e,33efc410e940,Rajasthan,2290,2024-03-20T14:12:25,2024-03-20T14:20:10,approved,1,0,
5af970038c9b6ae6,1c30ffd0220b,33f0d21b6fe7,Maharashtra,6757,2024-03-20T14:14:12,2024-03-20T14:18:06,declined,0,1,P10
42dfedb50f9e0344,694d71c69d67,44e1d961efbf,Bihar,1391,2024-03-20T14:14:48,2024-03-20T14:32:45,approved,1,0,
50dba0bbcf710b7c,1c30ffd0220b,4d7134d0214b,Gujarat,3304,2024-03-20T14:14:55,2024-03-20T14:17:50,declined,0,1,P10
477860641e0704fc,0cce3dbda79d,4691e9989852,Uttar Pradesh,837,2024-03-20T14:16:58,2024-03-20T14:32:57,approved,0,0,
013f21ab17f04e4c,6f17ea22aaac,52939adea68c,Telangana,1357,2024-03-20T14:18:29,2024-03-20T14:24:17,approved,1,0,
79e6287b11e99094,7b99521e8d62,6c089f5c3073,Karnataka,1165,2024-03-20T14:18:32,2024-03-20T14:26:29,approved,1,0,
4dd706e01b16c80c,663473dc643e,4204da333c1d,Haryana,598,2024-03-20T14:18:39,2024-03-20T14:23:26,approved,1,0,
59f8f044e94f413b,1c30ffd0220b,57e72671649c,Haryana,7671,2024-03-20T14:19:15,2024-03-20T14:49:15,expired,0,1,P10
0c71a0d800a0c4b7,1c30ffd0220b,75a24bcf3d2d,Delhi,13357,2024-03-20T14:19:35,2024-03-20T14:49:35,expired,0,1,P10
2bc93a332bde043e,2b1781ab1f24,2d10808091a2,Karnataka,498,2024-03-20T14:19:41,2024-03-20T14:28:59,approved,0,0,
757abfe65bcdf5e9,7b99521e8d62,46c496796ca3,Maharashtra,3363,2024-03-20T14:19:48,2024-03-20T14:20:34,approved,1,0,
24d39341dd0ea8f2,5ded2d78f299,31d1f36d0baa,Karnataka,2016,2024-03-20T14:20:31,2024-03-20T14:30:28,approved,1,0,
6d1c80600631630e,22ea49616c97,506c6b15eb5d,Bihar,704,2024-03-20T14:20:45,2024-03-20T14:34:24,approved,1,0,
6571d101c7f7ebef,1c30ffd0220b,6faa16285e6b,Delhi,9347,2024-03-20T14:20:45,2024-03-20T14:50:45,expired,0,1,P10
4392ce1086e92541,4818964bb9e3,69996e9cb1e9,Gujarat,343,2024-03-20T14:21:57,2024-03-20T14:24:56,approved,1,0,
5c34c2221ecf9d4a,6ab35d61cd9f,4fcbe14481c3,Kerala,475,2024-03-20T14:22:32,2024-03-20T14:41:26,approved,1,0,
6df7c76909fa8e22,673acd5d1161,272d70ba55d1,Kerala,1966,2024-03-20T14:23:26,2024-03-20T14:36:42,approved,1,0,
6dca3ce84bfe2887,34994a8b60cd,3815fc7d9852,West Bengal,2961,2024-03-20T14:23:47,2024-03-20T14:27:08,approved,0,0,
51cd071767d33c35,5ded2d78f299,72adb62e8329,Maharashtra,750,2024-03-20T14:24:57,2024-03-20T14:30:28,approved,1,0,
142fed33d93b3385,1c30ffd0220b,380c1b4c30c6,Kerala,5244,2024-03-20T14:26:22,2024-03-20T14:39:56,declined,0,1,P10
29eec84336fba11c,51e266317647,45e5e9348663,Karnataka,472,2024-03-20T14:26:25,2024-03-20T14:39:16,approved,1,0,
72e55cf5ea3e8491,1318e3fa6d29,3c4437d2a512,Maharashtra,761,2024-03-20T14:27:48,2024-03-20T14:40:50,approved,1,0,
5afb7407eee00df9,5ded2d78f299,6593a6c2ac25,Bihar,1358,2024-03-20T14:28:32,2024-03-20T14:34:52,approved,1,0,
74b52ce1ace86086,673acd5d1161,32d739e64e31,Karnataka,1455,2024-03-20T14:28:54,2024-03-20T14:58:54,expired,1,0,
55fa790bfe3367ba,0176a1a01f10,7f2eec853b34,Kerala,735,2024-03-20T14:29:52,2024-03-20T14:31:36,approved,1,0,
77ecebf37299661f,1c30ffd0220b,1a639f4a57f5,Karnataka,15586,2024-03-20T14:32:03,2024-03-20T14:48:01,declined,0,1,P10
102dc72fab821df4,35ed52508031,357b8322caa3,Telangana,1907,2024-03-20T14:36:03,2024-03-20T14:39:37,approved,1,0,
417071de18297315,60a547ae6f0e,55bfea925fe4,Maharashtra,491,2024-03-20T14:36:22,2024-03-20T14:51:51,approved,1,0,
6fb61f2bd2f0cb67,1c30ffd0220b,730a28d71380,Uttar Pradesh,7303,2024-03-20T14:38:45,2024-03-20T14:54:40,declined,0,1,P10
1c0d548e71ac5fd7,1c30ffd0220b,54ae74f0c1e8,Tamil Nadu,10521,2024-03-20T14:41:35,2024-03-20T14:42:23,declined,0,1,P10
5cab474e81d09f2e,09805b931ea6,021ae981add7,Rajasthan,1720,2024-03-20T14:41:43,2024-03-20T14:48:29,approved,1,0,
5526878835c03dce,513484923021,48fdaeec88c9,Bihar,556,2024-03-20T14:42:10,2024-03-20T14:48:44,approved,1,0,
0882ab55d9791911,4818964bb9e3,3e8b7f2e762b,Uttar Pradesh,721,2024-03-20T14:42:47,2024-03-20T14:46:27,approved,1,0,
56feca0da1e222e9,1c30ffd0220b,05e98d5eb09a,West Bengal,6977,2024-03-20T14:43:59,2024-03-20T15:13:59,expired,0,1,P10
375fb98b3626d4d0,1c30ffd0220b,71108d42d1a4,Tamil Nadu,3198,2024-03-20T14:44:15,2024-03-20T14:54:52,declined,0,1,P10
7b5161c2714fbf2d,1c30ffd0220b,3f110050a8ca,Delhi,3338,2024-03-20T14:46:09,2024-03-20T15:16:09,expired,0,1,P10
5c3a958fafb27116,3a6576ce966b,57d5e6ed1051,Telangana,588,2024-03-20T14:48:11,2024-03-20T14:54:16,approved,1,0,
794c72602f037ff2,1c30ffd0220b,7ab2436dd577,Delhi,6479,2024-03-20T14:48:11,2024-03-20T15:17:25,declined,0,1,P10
3a2116e8cfbce7b2,2b7ae5050a4d,5bde6968aaa9,Telangana,401,2024-03-20T14:48:25,2024-03-20T14:51:14,approved,1,0,
3d2c5330f57c92eb,6e73719779d9,707ccf478bf5,Delhi,1444,2024-03-20T14:48:41,2024-03-20T15:18:41,expired,0,0,
22862f263902a323,1c30ffd0220b,3826deee9f1d,Rajasthan,16244,2024-03-20T14:48:50,2024-03-20T14:52:49,declined,0,1,P10
5cbf4689793b4ec4,1c30ffd0220b,2349cd31b4f0,Bihar,11260,2024-03-20T14:49:04,2024-03-20T15:19:04,expired,0,1,P10
4e83ebe671c02629,7d81c905f4c1,517dbecb7e27,West Bengal,6266,2024-03-20T14:50:04,2024-03-20T14:58:24,approved,1,0,
035b4e7e6872fbe7,1c30ffd0220b,26a592c9f326,Karnataka,14884,2024-03-20T14:51:48,2024-03-20T15:00:17,declined,0,1,P10
32b541462f95646a,107ff2ac18f1,7281503338c0,Haryana,290,2024-03-20T14:53:11,2024-03-20T14:53:45,approved,1,0,
6142ec78aaf6583f,1c30ffd0220b,138651c3bde8,Rajasthan,20543,2024-03-20T14:54:44,2024-03-20T15:12:32,declined,0,1,P10
5075b9994bf620c8,6f17ea22aaac,1222042561bd,Gujarat,1651,2024-03-20T14:56:48,2024-03-20T15:14:14,approved,1,0,
4110a7ffd7435689,7d81c905f4c1,21e59caf2cf3,Telangana,829,2024-03-20T14:57:07,2024-03-20T14:59:09,approved,1,0,
597769bdb5000276,34994a8b60cd,328f63beb56d,Telangana,659,2024-03-20T14:57:27,2024-03-20T15:19:29,declined,0,0,
4a27cf6418aa9112,1c30ffd0220b,4600bb0ca412,Karnataka,5027,2024-03-20T15:00:55,2024-03-20T15:26:05,declined,0,1,P10
2c29281a93fcd0e8,1c30ffd0220b,5aa64b3432ca,Telangana,5083,2024-03-20T15:01:09,2024-03-20T15:13:41,declined,0,1,P10
03339d70455449fe,48e58d7747c6,0457c8b78038,Haryana,2660,2024-03-20T15:03:05,2024-03-20T15:12:55,approved,1,0,
5f3c9912b2db3064,2910947f9388,46287e9c9f93,Kerala,472,2024-03-20T15:07:37,2024-03-20T15:37:37,expired,1,0,
6661abd48a26d109,1c30ffd0220b,363c0bf0b35d,Bihar,3613,2024-03-20T15:08:24,2024-03-20T15:31:47,declined,0,1,P10
7408cd7e77572529,1c30ffd0220b,63753b3afb4e,Karnataka,4885,2024-03-20T15:08:54,2024-03-20T15:35:29,declined,0,1,P10
6b284921c0b15d8a,39dc63eef666,62d46493cdb8,Delhi,245,2024-03-20T15:09:23,2024-03-20T15:22:10,approved,1,0,
21d46bd69a8fb912,0d9a63adaba5,1a09601d7cfc,Maharashtra,1253,2024-03-20T15:17:10,2024-03-20T15:22:59,approved,1,0,
3844f8eda2091686,0176a1a01f10,72917c17d0c3,Tamil Nadu,1223,2024-03-20T15:17:58,2024-03-20T15:21:52,approved,1,0,
0867d8d0e3ae0bfc,7786fa4ecb51,6e9ec5051986,Delhi,509,2024-03-20T15:22:35,2024-03-20T15:41:58,approved,1,0,
7f4da30fcad2f970,2b1781ab1f24,7ea7f352dc91,Uttar Pradesh,334,2024-03-20T15:23:50,2024-03-20T15:34:29,approved,0,0,
2e60698a6c30fd70,1c30ffd0220b,644563c6e0a3,Delhi,6690,2024-03-20T15:24:55,2024-03-20T15:54:33,declined,0,1,P10
202fb001a0c86f28,4a83bc732574,7a17efce0336,Delhi,1646,2024-03-20T15:28:24,2024-03-20T15:42:46,approved,1,0,
38ba7fd2950fc03d,1c30ffd0220b,200fe5bae78c,Maharashtra,9354,2024-03-20T15:29:34,2024-03-20T15:59:34,expired,0,1,P10
7c61c14bb3bb39a7,1c30ffd0220b,30e48d2cb37a,Karnataka,6776,2024-03-20T15:31:03,2024-03-20T15:41:54,declined,0,1,P10
2ea10fd8324928bf,6f17ea22aaac,7d3d457dd6f5,Bihar,1488,2024-03-20T15:32:52,2024-03-20T15:50:04,approved,1,0,
7f6938957b38857f,1c30ffd0220b,79b5947a7edc,Karnataka,25000,2024-03-20T15:33:01,2024-03-20T15:56:50,declined,0,1,P10
4518390c9ccbe3f8,1318e3fa6d29,28a344d18e53,Bihar,361,2024-03-20T15:36:05,2024-03-20T15:45:25,approved,1,0,
45b4f105c153d6b7,1c30ffd0220b,52e052e039f1,Uttar Pradesh,8058,2024-03-20T15:37:28,2024-03-20T16:07:28,expired,0,1,P10
7f89fb7a14c9d39d,634690700829,5f6ad317f8c8,Telangana,703,2024-03-20T15:38:49,2024-03-20T16:08:49,expired,1,0,
1738b85b81197cba,1c30ffd0220b,17a87a4662a7,Gujarat,13014,2024-03-20T15:38:58,2024-03-20T16:08:58,expired,0,1,P10
74c0268cc0527cf5,0511fee882e4,490af34ec504,Bihar,861,2024-03-20T15:41:37,2024-03-20T15:57:51,approved,1,0,
366faceeea75dc47,1c30ffd0220b,17fbf5ff0f24,Karnataka,4085,2024-03-20T15:43:07,2024-03-20T16:13:07,expired,0,1,P10
30941c320ada0000,513484923021,678f66fc0319,Uttar Pradesh,450,2024-03-20T15:44:07,2024-03-20T16:01:29,approved,1,0,
6297d059000124c8,7d81c905f4c1,3ac347c7ced7,Kerala,1877,2024-03-20T15:47:23,2024-03-20T16:16:06,declined,1,0,
3680541f278fe358,6a2b9baa3e4a,330443bec265,Bihar,287,2024-03-20T15:48:19,2024-03-20T16:18:19,expired,1,0,
49ffda9d81bd3748,2baf4e7593de,3c9c8cf832a8,Maharashtra,396,2024-03-20T15:49:51,2024-03-20T15:58:06,approved,1,0,
13bc4c4058b2bbf1,6ab35d61cd9f,014a4eaef8ea,Rajasthan,389,2024-03-20T15:50:16,2024-03-20T15:51:53,approved,1,0,
11b738fe3ec55b4e,1318e3fa6d29,512bb937a19a,Gujarat,346,2024-03-20T15:52:46,2024-03-20T16:04:07,declined,1,0,
5325388ac9c14ab6,4818964bb9e3,218b652cf996,Delhi,624,2024-03-20T15:53:42,2024-03-20T16:05:57,approved,1,0,
042319fdd349ded3,6f17ea22aaac,10bd48363de4,Karnataka,872,2024-03-20T15:55:18,2024-03-20T15:56:36,approved,1,0,
7d63d8341813cfbc,3a6d68f3644e,194830ff2942,Haryana,822,2024-03-20T15:59:49,2024-03-20T16:14:13,approved,1,0,
04f42672dd8309aa,1c30ffd0220b,63882549bed2,Delhi,5718,2024-03-20T15:59:51,2024-03-20T16:29:51,expired,0,1,P10
7080991199b27ef6,60a547ae6f0e,0d192e463ad0,Haryana,583,2024-03-20T16:02:38,2024-03-20T16:18:16,approved,1,0,
4897903a670f54e4,1c30ffd0220b,02c136b20bfd,Delhi,5078,2024-03-20T16:04:03,2024-03-20T16:08:15,declined,0,1,P10
3e4ac2ecb5873deb,1c30ffd0220b,3f9b33669847,West Bengal,7334,2024-03-20T16:05:18,2024-03-20T16:25:13,declined,0,1,P10
78e9b4da3e28c20f,1c30ffd0220b,58a67304f619,Maharashtra,2000,2024-03-20T16:05:21,2024-03-20T16:35:21,expired,0,1,P10
1c81b834063e8c0f,216f11aafe2f,3dccf0cc5034,Kerala,2815,2024-03-20T16:05:54,2024-03-20T16:35:54,expired,0,0,
6f2df124ba86e683,107ff2ac18f1,28520ed98201,Gujarat,588,2024-03-20T16:07:34,2024-03-20T16:20:35,approved,1,0,
4cd371b8be74f3ad,1318e3fa6d29,25585b98ce0b,Tamil Nadu,402,2024-03-20T16:11:13,2024-03-20T16:19:11,approved,1,0,
4d16a3511b184a3f,6e73719779d9,628cdeb99d97,Bihar,5635,2024-03-20T16:11:33,2024-03-20T16:22:15,declined,0,0,
25dd8c8e21fa0304,1e30aaf5adb8,657ecb3d7b5c,Kerala,538,2024-03-20T16:12:00,2024-03-20T16:30:27,approved,1,0,
254bf1092ebe6333,51e266317647,1cd0d00ef590,Tamil Nadu,349,2024-03-20T16:12:24,2024-03-20T16:27:33,approved,1,0,
20d0a9434e661d04,6a706675422c,2774f4ca36e9,Uttar Pradesh,1816,2024-03-20T16:12:57,2024-03-20T16:26:04,declined,0,0,
08ee1be6eeb35052,45d11774ab5d,1222042561bd,Gujarat,2340,2024-03-20T16:15:11,2024-03-20T16:45:11,expired,0,0,
245b1aae39d1bdb6,1c30ffd0220b,2c10f37ee1af,Karnataka,5863,2024-03-20T16:15:29,2024-03-20T16:30:57,declined,0,1,P10
33636fefbfa65fc4,2baf4e7593de,770a763134c0,Tamil Nadu,654,2024-03-20T16:16:29,2024-03-20T16:21:55,approved,1,0,
0ef46f145e6ed9b7,1c30ffd0220b,383a32b2e81a,Delhi,2828,2024-03-20T16:16:31,2024-03-20T16:31:28,declined,0,1,P10
036fbbc2383181d1,1c30ffd0220b,4dd998165511,Karnataka,12520,2024-03-20T16:18:27,2024-03-20T16:22:22,declined,0,1,P10
21c4c6bd5ebdf4e9,7d81c905f4c1,27c6b03b3e59,Karnataka,1592,2024-03-20T16:18:34,2024-03-20T16:37:40,approved,1,0,
0cf6f5c738543315,1c30ffd0220b,4277516a1118,Kerala,17721,2024-03-20T16:18:58,2024-03-20T16:21:00,declined,0,1,P10
0bec0b6d94ecb5a4,1c30ffd0220b,1ac2c7f277c0,Haryana,21366,2024-03-20T16:19:06,2024-03-20T16:49:06,expired,0,1,P10
65443b60d4ae5aae,1c30ffd0220b,396965330e35,Tamil Nadu,2620,2024-03-20T16:20:08,2024-03-20T16:24:02,declined,0,1,P10
430fbb353af123b8,6d33a7293228,794470cfeb6e,Tamil Nadu,427,2024-03-20T16:20:10,2024-03-20T16:26:15,approved,1,0,
058de7899f23227d,1c30ffd0220b,4f85dd1572e7,Gujarat,5751,2024-03-20T16:23:18,2024-03-20T16:35:55,declined,0,1,P10
6b31eb03fff6b546,1c30ffd0220b,6d082dadfd58,Maharashtra,6817,2024-03-20T16:30:38,2024-03-20T16:35:02,approved,0,1,P10
0c7625b3be964bbf,6d33a7293228,5b84c42dea10,Tamil Nadu,390,2024-03-20T16:31:38,2024-03-20T17:01:38,expired,1,0,
476ed5d4a58d7691,22ea49616c97,78a2eb58251f,Gujarat,407,2024-03-20T16:31:53,2024-03-20T16:44:26,approved,1,0,
7f5b572c52a71618,4818964bb9e3,014a4eaef8ea,Rajasthan,840,2024-03-20T16:32:09,2024-03-20T16:39:33,approved,1,0,
01a32de0464dc86d,1c30ffd0220b,57e451d01155,Delhi,6760,2024-03-20T16:33:37,2024-03-20T16:45:23,declined,0,1,P10
6edb48463da32c2b,0176a1a01f10,0ec5996810a3,Maharashtra,2448,2024-03-20T16:36:36,2024-03-20T16:53:03,approved,1,0,
6011ec6a12192779,2b7ae5050a4d,09b06cff2348,Telangana,1128,2024-03-20T16:40:09,2024-03-20T16:49:36,approved,1,0,
0c565280215511b5,1c30ffd0220b,0cadcb4f45d7,Telangana,11015,2024-03-20T16:42:29,2024-03-20T17:12:29,expired,0,1,P10
1f2c92bdb33c3042,4c6b531ee064,2ec6735f03ff,West Bengal,1243,2024-03-20T16:43:54,2024-03-20T16:55:12,approved,1,0,
4870b91541f8a008,1c30ffd0220b,7a819424ef3e,Tamil Nadu,5217,2024-03-20T16:44:06,2024-03-20T17:14:06,expired,0,1,P10
79f1a4539d4ba0fe,7786fa4ecb51,4139d980881b,Rajasthan,677,2024-03-20T16:47:22,2024-03-20T16:59:34,approved,1,0,
6321141c3fc9dd29,1c30ffd0220b,62ded9a1ec64,Bihar,8388,2024-03-20T16:48:57,2024-03-20T16:50:52,declined,0,1,P10
3fb16a6f28f699e8,39dc63eef666,3c09f117e50c,Uttar Pradesh,827,2024-03-20T16:52:23,2024-03-20T17:02:55,approved,1,0,
5d87f7de6ffe6583,5be02b242add,1c185a3c24c1,West Bengal,4056,2024-03-20T16:52:27,2024-03-20T17:11:04,approved,1,0,
150af37670b6f929,3a6d68f3644e,68fe18fb3b88,Delhi,1645,2024-03-20T16:54:25,2024-03-20T17:12:34,approved,1,0,
32f9098f699aa9f9,09805b931ea6,39aa3648b6cd,Bihar,3300,2024-03-20T16:54:39,2024-03-20T17:13:30,approved,1,0,
0213ffe320ba9bfc,1c30ffd0220b,679204c17a63,Haryana,5778,2024-03-20T16:55:41,2024-03-20T17:15:07,approved,0,1,P10
2255e3166a4a412a,7d81c905f4c1,050bad9c4ccd,Karnataka,786,2024-03-20T16:55:50,2024-03-20T17:04:50,approved,1,0,
45844690eb88c3a3,1c30ffd0220b,610497f88c94,Haryana,13246,2024-03-20T16:55:56,2024-03-20T17:25:56,expired,0,1,P10
4135840d4976b1bf,1c30ffd0220b,7c0d3a18c856,Tamil Nadu,11790,2024-03-20T16:56:18,2024-03-20T17:26:18,expired,0,1,P10
05fe65cd0322c3c1,1c30ffd0220b,4b17e8edb27e,Rajasthan,3002,2024-03-20T16:58:37,2024-03-20T17:04:16,approved,0,1,P10
6217036913a69711,6e73719779d9,32bcae5cda45,Uttar Pradesh,759,2024-03-20T17:00:06,2024-03-20T17:18:23,approved,0,0,
7572bc0b27dd1eb1,1c30ffd0220b,0e9662c68657,Maharashtra,15594,2024-03-20T17:00:34,2024-03-20T17:17:27,declined,0,1,P10
0aa2aa4eed84ed49,1c30ffd0220b,69c873a43ea6,Bihar,12145,2024-03-20T17:04:18,2024-03-20T17:10:47,approved,0,1,P10
0517671ad242bb48,1c30ffd0220b,27717efe9aea,Delhi,4813,2024-03-20T17:05:53,2024-03-20T17:35:53,expired,0,1,P10
4092b2a25a73e4ee,1c30ffd0220b,5b9e03d849f3,Karnataka,2916,2024-03-20T17:06:25,2024-03-20T17:27:36,declined,0,1,P10
52258a0bfa3379ce,67a0390930e5,74aa63b1ac81,Telangana,389,2024-03-20T17:07:17,2024-03-20T17:24:59,approved,1,0,
3ea646feb0f6d057,1c30ffd0220b,35d7392f1c98,Bihar,13855,2024-03-20T17:09:47,2024-03-20T17:39:47,expired,0,1,P10
0f9c4e46cd705f11,0511fee882e4,096935f38154,Karnataka,1189,2024-03-20T17:10:40,2024-03-20T17:15:49,approved,1,0,
5fd780f23577f462,634690700829,53953cb80d5c,Maharashtra,354,2024-03-20T17:11:45,2024-03-20T17:14:43,approved,1,0,
751139430c7acedd,1c30ffd0220b,1c185a3c24c1,West Bengal,7334,2024-03-20T17:14:50,2024-03-20T17:27:05,declined,0,1,P10
10b46b0c3fdecc95,6f17ea22aaac,4a6dfb28d093,Uttar Pradesh,1914,2024-03-20T17:16:09,2024-03-20T17:31:23,approved,1,0,
7d209eddd94f91d7,6646fee30506,226a2663f634,Haryana,3313,2024-03-20T17:17:35,2024-03-20T17:25:35,approved,1,0,
587c0c6a6948a3b7,1c30ffd0220b,1cd60a828f89,Haryana,10518,2024-03-20T17:17:48,2024-03-20T17:40:26,declined,0,1,P10
6262a268f48d6062,48f26f133a7b,0c534d3d5b38,Rajasthan,754,2024-03-20T17:18:53,2024-03-20T17:24:53,approved,1,0,
42124deb7018e7e7,1c30ffd0220b,06bd557f55ce,Karnataka,10048,2024-03-20T17:19:35,2024-03-20T17:49:35,expired,0,1,P10
0eeb984ce4975a89,1c30ffd0220b,0c4a45365efb,West Bengal,19194,2024-03-20T17:20:20,2024-03-20T17:21:50,declined,0,1,P10
4e9cf918483f1936,1c30ffd0220b,4eaa1edfe5f5,Delhi,5170,2024-03-20T17:22:33,2024-03-20T17:52:33,expired,0,1,P10
73a30176743e989c,60a547ae6f0e,67ffecf387d1,Uttar Pradesh,418,2024-03-20T17:22:37,2024-03-20T17:32:01,approved,1,0,
5e0f2b36d4cc944b,5be02b242add,244a12e4440a,Gujarat,1695,2024-03-20T17:23:43,2024-03-20T17:26:56,approved,1,0,
3ffbdd172ce4b116,6a706675422c,1e35749f2a98,Kerala,466,2024-03-20T17:24:15,2024-03-20T17:29:40,approved,0,0,
47798e55bae0dcb4,11d601015742,078d11d1f057,Delhi,2650,2024-03-20T17:24:51,2024-03-20T17:25:31,approved,1,0,
3f839f7c6ccadc47,0d9a63adaba5,4dab852e85b5,Telangana,1124,2024-03-20T17:28:44,2024-03-20T17:33:38,approved,1,0,
06e1788e5d944221,6a2b9baa3e4a,28be2191aa5f,West Bengal,733,2024-03-20T17:31:10,2024-03-20T17:39:06,approved,1,0,
4266e04552d85e52,6d33a7293228,51e813544cb6,Telangana,260,2024-03-20T17:31:50,2024-03-20T17:46:02,approved,1,0,
54893252c3f5204d,6ab35d61cd9f,17290edd3a86,Rajasthan,304,2024-03-20T17:32:43,2024-03-20T17:52:31,approved,1,0,
372120f9fb68a81b,41e20e89712f,4daca5404353,Maharashtra,1432,2024-03-20T17:33:38,2024-03-20T17:46:48,approved,1,0,
32f022ff40905b88,7b8a68c1ae9c,482d8babef06,Telangana,1368,2024-03-20T17:34:01,2024-03-20T18:04:01,expired,1,0,
5f7f29b17c3260ae,39dc63eef666,58737043bfd6,Bihar,382,2024-03-20T17:34:59,2024-03-20T17:45:05,approved,1,0,
2eb8370d20cd7986,6a7bccb8c392,7762b9f6ba4c,Haryana,508,2024-03-20T17:35:03,2024-03-20T18:05:03,expired,1,0,
71e56a0241ea4ba7,45d11774ab5d,24d2cf9a72ce,West Bengal,110,2024-03-20T17:36:15,2024-03-20T17:38:34,declined,0,0,
7914204a6c37df2a,35ed52508031,0b2cfa57a060,Uttar Pradesh,3798,2024-03-20T17:40:12,2024-03-20T17:59:08,approved,1,0,
00c15ca04054f223,3a6d68f3644e,490cc8ecc26a,Haryana,4156,2024-03-20T17:43:50,2024-03-20T17:46:01,approved,1,0,
0b13ca5f8bde8922,6ab35d61cd9f,39da1c7ec7a7,Haryana,392,2024-03-20T17:43:57,2024-03-20T17:52:12,approved,1,0,
73f80c1e9f5e3dd6,6646fee30506,7226c609ee5f,Rajasthan,3900,2024-03-20T17:44:35,2024-03-20T18:00:06,approved,1,0,
7891ecc1329d6f47,0f0510686293,10b56fd472e5,West Bengal,683,2024-03-20T17:50:06,2024-03-20T17:52:21,approved,1,0,
77259ef98c57436c,6f17ea22aaac,1fe8e6ad151d,Kerala,3438,2024-03-20T17:52:43,2024-03-20T18:11:25,approved,1,0,
70f71ac9ce3a4459,7d493d48b208,7b23555108b5,Telangana,905,2024-03-20T17:52:45,2024-03-20T18:01:06,approved,1,0,
79e931c307726412,1c30ffd0220b,25ca70c6f589,West Bengal,12568,2024-03-20T17:52:55,2024-03-20T18:22:55,expired,0,1,P10
070f83ee4a9db857,513484923021,182b8b74fc9a,West Bengal,436,2024-03-20T17:53:18,2024-03-20T18:04:09,approved,1,0,
14b6e4d69fe9203e,48f26f133a7b,32864b6fd4b2,Bihar,358,2024-03-20T17:54:32,2024-03-20T18:01:19,approved,1,0,
081c1e22ca31f029,6a7bccb8c392,6caa74e4335b,Haryana,564,2024-03-20T17:55:14,2024-03-20T18:05:28,approved,1,0,
65772ec61206f02f,4a83bc732574,1b9a2d49d11c,Tamil Nadu,2174,2024-03-20T17:56:59,2024-03-20T18:15:12,approved,1,0,
27c21aa3a613df51,0f0510686293,4b04de14219c,West Bengal,630,2024-03-20T17:57:24,2024-03-20T18:16:58,approved,1,0,
2f292c902838a4d7,6d33a7293228,76f1052df1e9,Gujarat,450,2024-03-20T17:58:32,2024-03-20T18:11:53,approved,1,0,
1660484ca0c2bae2,6a706675422c,4e8178e75f1c,Karnataka,2783,2024-03-20T18:02:09,2024-03-20T18:19:48,declined,0,0,
1682256e882af1fe,2b1781ab1f24,5ab53741d192,Delhi,822,2024-03-20T18:02:26,2024-03-20T18:32:26,expired,0,0,
6c77df8945b48b9f,22ea49616c97,27cdf5fcc33f,Gujarat,1345,2024-03-20T18:03:56,2024-03-20T18:11:05,approved,1,0,
27def8bd4a3f7898,45d11774ab5d,543ed1bc3e86,Tamil Nadu,3337,2024-03-20T18:06:48,2024-03-20T18:36:48,expired,0,0,
33db5c47fcf7ff78,1c30ffd0220b,024df8de9b18,Karnataka,7557,2024-03-20T18:06:51,2024-03-20T18:22:50,declined,0,1,P10
0d620ee24db8d4cf,6e836fcd1e4d,6e1c9468fe7f,Uttar Pradesh,195,2024-03-20T18:07:11,2024-03-20T18:37:11,expired,0,0,
5cb76cd5dc7f6141,1c30ffd0220b,39f7e6a214fc,Kerala,10832,2024-03-20T18:08:04,2024-03-20T18:14:12,declined,0,1,P10
3c0850525e1d697a,1c30ffd0220b,454d7631b58a,Kerala,4250,2024-03-20T18:09:17,2024-03-20T18:19:35,declined,0,1,P10
19400f21a1ef208e,1c30ffd0220b,0c9680a2d5ed,Karnataka,4738,2024-03-20T18:10:49,2024-03-20T18:40:49,expired,0,1,P10
36efda01023d99c4,1c30ffd0220b,7b0512d75a43,Rajasthan,2891,2024-03-20T18:11:06,2024-03-20T18:16:47,declined,0,1,P10
6cd5f92b0ce05669,6f17ea22aaac,45e0a843235e,Gujarat,2865,2024-03-20T18:12:42,2024-03-20T18:32:20,approved,1,0,
4f19d3956a91473b,7d81c905f4c1,260a930b029c,Bihar,2079,2024-03-20T18:13:31,2024-03-20T18:31:55,approved,1,0,
22040ec04ff3053e,1c30ffd0220b,426a312dfcd7,Telangana,8126,2024-03-20T18:15:23,2024-03-20T18:32:10,approved,0,1,P10
65ba88c33660f6ea,22ea49616c97,3ffcde4d7c74,Uttar Pradesh,997,2024-03-20T18:15:40,2024-03-20T18:24:28,approved,1,0,
5e7bfbd8771c77d5,39dc63eef666,68e8817ff4f2,Kerala,305,2024-03-20T18:16:18,2024-03-20T18:46:18,expired,1,0,
6af6459db9089652,7b99521e8d62,0dee879c8c40,Tamil Nadu,1987,2024-03-20T18:18:39,2024-03-20T18:37:31,approved,1,0,
7881bc1cbccaf8c6,2910947f9388,79653052732b,Bihar,744,2024-03-20T18:19:39,2024-03-20T18:25:13,approved,1,0,
66f8b1c5bdb536f4,6a706675422c,27a58559eaae,West Bengal,514,2024-03-20T18:24:20,2024-03-20T18:54:20,expired,0,0,
0185222dd4a1971f,2569a0f51294,027a16725bfb,Telangana,1756,2024-03-20T18:24:55,2024-03-20T18:31:44,approved,1,0,
3ed3f4e3e7735588,35ed52508031,1b9d5ea3b831,Haryana,1827,2024-03-20T18:26:06,2024-03-20T18:56:06,expired,1,0,
45452168c349bde4,5be02b242add,70777a53a369,Karnataka,1443,2024-03-20T18:26:52,2024-03-20T18:53:05,declined,1,0,
571387a39f76e7d7,41e20e89712f,7d31416be8c8,Delhi,3928,2024-03-20T18:27:39,2024-03-20T18:39:41,approved,1,0,
45b26202e538f5c5,0d4a1f2e8b76,41ac2a1d7773,Rajasthan,794,2024-03-20T18:28:51,2024-03-20T18:41:45,approved,1,0,
322e38ecbdb3fcfc,1c30ffd0220b,0cadcb4f45d7,Telangana,16696,2024-03-20T18:29:38,2024-03-20T18:59:38,expired,0,1,P10
25c6f91321357c62,1c30ffd0220b,218b652cf996,Delhi,5795,2024-03-20T18:31:32,2024-03-20T18:51:42,declined,0,1,P10
381acc331f9d9d6f,67a0390930e5,3a677552dd5d,Maharashtra,420,2024-03-20T18:32:36,2024-03-20T18:52:04,approved,1,0,
6caf804b2a880c4c,694d71c69d67,7fd559047ecb,Karnataka,577,2024-03-20T18:36:03,2024-03-20T18:36:40,approved,1,0,
195919c744567abe,34994a8b60cd,0ca975459764,West Bengal,1690,2024-03-20T18:36:27,2024-03-20T18:43:49,approved,0,0,
6d157bbd9d188b34,0f0510686293,5adb731d63a4,Bihar,359,2024-03-20T18:37:52,2024-03-20T19:07:52,expired,1,0,
582ebd91aae92b03,1318e3fa6d29,538732d73fe6,Tamil Nadu,228,2024-03-20T18:39:41,2024-03-20T18:47:31,approved,1,0,
5f6a65e24bdaf1a0,7d81c905f4c1,0084ec381ec0,Bihar,675,2024-03-20T18:40:00,2024-03-20T18:42:36,approved,1,0,
6efd92d946189531,1c30ffd0220b,3b636333bae6,West Bengal,17150,2024-03-20T18:40:03,2024-03-20T19:10:03,expired,0,1,P10
3a4fa69c8f501e21,48e58d7747c6,59f5cf1fb7f9,Rajasthan,1618,2024-03-20T18:40:59,2024-03-20T19:00:04,approved,1,0,
595a0a765fc7463c,1c30ffd0220b,5207debada2f,Haryana,21002,2024-03-20T18:41:10,2024-03-20T18:59:50,declined,0,1,P10
259d04549447205a,6d33a7293228,72f4e8849278,Rajasthan,589,2024-03-20T18:43:41,2024-03-20T19:02:53,approved,1,0,
2b89d476f7badb95,1c30ffd0220b,1758c371c19d,Haryana,5173,2024-03-20T18:44:36,2024-03-20T19:12:49,declined,0,1,P10
2f7a1897273eaf69,20332b92b91c,0457c8b78038,Haryana,302,2024-03-20T18:45:27,2024-03-20T18:48:35,approved,0,0,
7db59b7e6d7e7e17,6e836fcd1e4d,7b579ddf880f,Uttar Pradesh,601,2024-03-20T18:47:38,2024-03-20T19:00:50,approved,0,0,
1fecc1f730f443df,7b99521e8d62,1ea21cb7bc9d,Gujarat,1990,2024-03-20T18:48:01,2024-03-20T18:50:46,approved,1,0,
5e5c02938c467173,5ded2d78f299,2fd4d3e1ef80,Maharashtra,925,2024-03-20T18:48:02,2024-03-20T19:01:36,approved,1,0,
02ad998087ff1b65,6646fee30506,5f021fee6a9d,Bihar,1164,2024-03-20T18:48:28,2024-03-20T18:56:29,approved,1,0,
6bb8ccd8a35b1750,6a7bccb8c392,602d4c2b6c73,Tamil Nadu,282,2024-03-20T18:48:37,2024-03-20T19:18:37,expired,1,0,
2c5567870808c417,0176a1a01f10,3a992d755e3c,Delhi,2493,2024-03-20T18:50:36,2024-03-20T18:58:45,approved,1,0,
2386e741af8c6db2,6d33a7293228,12e78c6b9ed6,Maharashtra,278,2024-03-20T18:52:48,2024-03-20T19:00:13,approved,1,0,
362ff5ec5176bfe5,11d601015742,1389ee9e180f,Telangana,4915,2024-03-20T18:53:18,2024-03-20T19:01:56,approved,1,0,
3301efbc0d24c9b6,1c30ffd0220b,412fb59c2a11,West Bengal,2169,2024-03-20T18:53:31,2024-03-20T19:03:58,declined,0,1,P10
4d2b3b89351cb154,663473dc643e,160f40a29f09,Gujarat,414,2024-03-20T18:55:22,2024-03-20T18:58:22,approved,1,0,
192bec9931e80fb3,7b99521e8d62,0a700b06680a,Telangana,1804,2024-03-20T18:56:16,2024-03-20T19:00:11,approved,1,0,
16c322443e4c9629,216f11aafe2f,4fe1daca3c8e,Bihar,1015,2024-03-20T18:57:58,2024-03-20T19:27:58,expired,0,0,
69d2e91b6a470fdc,1e30aaf5adb8,6ff85005f83d,Maharashtra,516,2024-03-20T18:58:59,2024-03-20T19:16:21,approved,1,0,
7db727db6bc06307,1c30ffd0220b,54464ea17873,Uttar Pradesh,3151,2024-03-20T18:59:17,2024-03-20T19:29:17,expired,0,1,P10
7befe09649bd5ff8,45d11774ab5d,1536041edf56,Telangana,588,2024-03-20T19:01:22,2024-03-20T19:10:09,approved,0,0,
72a4932bacc55ae9,6ab35d61cd9f,27fbe1083384,Delhi,631,2024-03-20T19:06:14,2024-03-20T19:23:04,approved,1,0,
0907f28bd3459cbf,1c30ffd0220b,77d292f7244a,Tamil Nadu,13822,2024-03-20T19:06:40,2024-03-20T19:23:22,declined,0,1,P10
199e5353752c7e58,634690700829,5b87318450ad,West Bengal,694,2024-03-20T19:07:06,2024-03-20T19:18:27,approved,1,0,
5ab6ae7629695145,6ab35d61cd9f,193daf59afe7,Tamil Nadu,311,2024-03-20T19:08:05,2024-03-20T19:21:58,approved,1,0,
38f905690b6e0c69,6f17ea22aaac,1a639f4a57f5,Karnataka,782,2024-03-20T19:08:40,2024-03-20T19:18:56,approved,1,0,
7751be0cb2a30bf9,1c30ffd0220b,3092e4d63dfe,Telangana,10859,2024-03-20T19:09:02,2024-03-20T19:13:47,declined,0,1,P10
5ebcbb7c4e8e60c3,6e836fcd1e4d,62d788484202,Uttar Pradesh,1748,2024-03-20T19:09:50,2024-03-20T19:17:32,approved,0,0,
2665990bb4303165,6a706675422c,71b807ef0536,Tamil Nadu,615,2024-03-20T19:11:37,2024-03-20T19:41:37,expired,0,0,
6f8d9b2126d62da6,2baf4e7593de,1efea0613a6c,Karnataka,654,2024-03-20T19:12:27,2024-03-20T19:30:20,approved,1,0,
76912223868bee42,20332b92b91c,193daf59afe7,Tamil Nadu,1550,2024-03-20T19:12:42,2024-03-20T19:42:42,expired,0,0,
079bdeec88e22904,663473dc643e,3e8b7f2e762b,Uttar Pradesh,410,2024-03-20T19:12:44,2024-03-20T19:25:18,approved,1,0,
639de546a7208513,1318e3fa6d29,78936cbf29a1,Delhi,474,2024-03-20T19:13:57,2024-03-20T19:15:26,approved,1,0,
064403bee80fd041,49217212965b,4e58c6742286,Telangana,462,2024-03-20T19:14:14,2024-03-20T19:16:02,approved,1,0,
722a2fc7b0b3b035,4a83bc732574,655d12677574,Kerala,1815,2024-03-20T19:14:45,2024-03-20T19:34:42,approved,1,0,
615fe8def9d0de39,1c30ffd0220b,0ab48acd93a7,Telangana,7109,2024-03-20T19:14:54,2024-03-20T19:44:54,expired,0,1,P10
226d5a326d2c73cb,1c30ffd0220b,7c500d558e38,Haryana,5696,2024-03-20T19:16:01,2024-03-20T19:46:01,expired,0,1,P10
534756e61627b6ce,6ab35d61cd9f,0f215cfcc28c,Maharashtra,464,2024-03-20T19:16:24,2024-03-20T19:29:15,approved,1,0,
1c26a11ae9cb3caa,1c30ffd0220b,78cc03a7971b,Bihar,4253,2024-03-20T19:19:23,2024-03-20T19:46:52,declined,0,1,P10
6424571ca399e107,634690700829,4dd569c3a7eb,Karnataka,567,2024-03-20T19:22:23,2024-03-20T19:52:23,expired,1,0,
7c1997f4fe6b0345,1c30ffd0220b,50639847ff3e,West Bengal,5496,2024-03-20T19:22:34,2024-03-20T19:22:52,declined,0,1,P10
6c1116ccdb20480b,7b99521e8d62,6bbdb57890ab,Maharashtra,1974,2024-03-20T19:24:42,2024-03-20T19:54:42,expired,1,0,
1ce7fc3397f6648f,513484923021,4eaa1edfe5f5,Delhi,311,2024-03-20T19:24:45,2024-03-20T19:29:31,approved,1,0,
649c4e834e619066,1c30ffd0220b,50b817d484fc,Tamil Nadu,2361,2024-03-20T19:25:31,2024-03-20T19:55:31,expired,0,1,P10
1d2d2fbfd1e92fdc,1c30ffd0220b,5f448eb62cc9,Uttar Pradesh,7822,2024-03-20T19:28:17,2024-03-20T19:48:43,declined,0,1,P10
2b572675af0db7f0,1c30ffd0220b,3781daba6f5f,West Bengal,2921,2024-03-20T19:28:28,2024-03-20T19:45:48,declined,0,1,P10
195f015247631314,1c30ffd0220b,4c2d1715a785,Maharashtra,9889,2024-03-20T19:28:52,2024-03-20T19:55:25,declined,0,1,P10
55cc5d939bfbe42f,1c30ffd0220b,531c1955d7c8,Rajasthan,4701,2024-03-20T19:29:52,2024-03-20T19:45:34,declined,0,1,P10
1789f2c124070976,6d33a7293228,281859650773,Kerala,865,2024-03-20T19:31:20,2024-03-20T19:48:17,approved,1,0,
15e7c88925a9a707,1c30ffd0220b,7d3bbc42b219,Telangana,7485,2024-03-20T19:32:07,2024-03-20T19:46:42,declined,0,1,P10
395b99d1375bde07,4a83bc732574,22df6be3a0b1,Delhi,2266,2024-03-20T19:33:50,2024-03-20T19:51:06,approved,1,0,
78cd890b21eace86,5be02b242add,7f14ea5cb62a,Uttar Pradesh,1545,2024-03-20T19:34:58,2024-03-20T19:36:49,approved,1,0,
2f3066ccd815f793,51e266317647,2398b5a81ef9,Delhi,490,2024-03-20T19:36:28,2024-03-20T19:39:07,approved,1,0,
4c069e13f9b6e7f5,1c30ffd0220b,0ea44cdad6e4,Tamil Nadu,14382,2024-03-20T19:37:26,2024-03-20T20:07:26,expired,0,1,P10
5cac2c78941c5ef3,107ff2ac18f1,66f628e51393,Kerala,616,2024-03-20T19:37:33,2024-03-20T19:43:09,approved,1,0,
723a7efca3584ffc,1e30aaf5adb8,2e38a7144300,Telangana,332,2024-03-20T19:39:17,2024-03-20T19:56:32,approved,1,0,
24b79073b1712f15,513484923021,5c9ad80f0b08,Bihar,756,2024-03-20T19:39:19,2024-03-20T19:42:09,approved,1,0,
4a25f818dfcdc230,1c30ffd0220b,381fc398f6e1,Telangana,5762,2024-03-20T19:39:30,2024-03-20T19:40:59,declined,0,1,P10
6b487b7f0eac1e8b,1c30ffd0220b,7409bcc24c89,Bihar,8204,2024-03-20T19:39:51,2024-03-20T20:03:24,declined,0,1,P10
2718bd1d425d4aff,2569a0f51294,1d75d352c49a,Uttar Pradesh,1649,2024-03-20T19:40:20,2024-03-20T19:54:34,approved,1,0,
7728a22b46364494,5be02b242add,5cb2b30e0924,Karnataka,1563,2024-03-20T19:41:33,2024-03-20T20:11:33,expired,1,0,
666fd1f1d128fac9,5be02b242add,719793d22706,Karnataka,1462,2024-03-20T19:42:13,2024-03-20T19:55:59,approved,1,0,
0f8903293c524a6f,45d11774ab5d,64fa449a9d55,Bihar,193,2024-03-20T19:42:32,2024-03-20T20:12:32,expired,0,0,
1ccf12b1107a1f2c,4818964bb9e3,260cf8c5b678,Maharashtra,372,2024-03-20T19:43:11,2024-03-20T20:13:11,expired,1,0,
6febff993534f793,2baf4e7593de,09c6ec945b36,Karnataka,540,2024-03-20T19:43:38,2024-03-20T19:59:20,approved,1,0,
60140c9f063a0102,1c30ffd0220b,49be981dee55,Telangana,10328,2024-03-20T19:44:21,2024-03-20T20:14:21,expired,0,1,P10
68678be86a5a2d0f,1318e3fa6d29,6654b7e4258c,West Bengal,381,2024-03-20T19:46:13,2024-03-20T19:51:48,approved,1,0,
313ff0e2d15f8e10,7b99521e8d62,05c7e8812f8c,Uttar Pradesh,1610,2024-03-20T19:47:12,2024-03-20T20:17:12,expired,1,0,
57a926229d702acb,7786fa4ecb51,14d5da824cbf,Haryana,201,2024-03-20T19:51:46,2024-03-20T19:58:42,approved,1,0,
418552760cc2ab2e,45d11774ab5d,252cca6f6e85,Rajasthan,313,2024-03-20T19:52:28,2024-03-20T20:22:28,expired,0,0,
14c84c634dc8663e,694d71c69d67,1c29d96ead83,Gujarat,2228,2024-03-20T19:54:37,2024-03-20T19:56:36,approved,1,0,
3523b1209b673780,1c30ffd0220b,5c84a124237f,Kerala,2814,2024-03-20T19:55:19,2024-03-20T20:18:22,declined,0,1,P10
1d137819099b84d6,3a6d68f3644e,6b667e42e869,Kerala,1455,2024-03-20T19:55:27,2024-03-20T20:03:19,approved,1,0,
5f844a8825abb6eb,1c30ffd0220b,4dc15c5e68bc,Tamil Nadu,25000,2024-03-20T19:56:59,2024-03-20T20:26:59,expired,0,1,P10
70e5b3cbbfe6c266,5e5c092ab53d,27bcabe35848,Maharashtra,1718,2024-03-20T19:57:13,2024-03-20T20:14:09,approved,1,0,
0082dacb4a8559a4,1c30ffd0220b,7eda537d6567,Karnataka,10185,2024-03-20T19:57:19,2024-03-20T20:19:52,declined,0,1,P10
7513222a02e293e7,1c30ffd0220b,7f19dcb4c2c9,Gujarat,14842,2024-03-20T19:59:27,2024-03-20T20:29:27,expired,0,1,P10
29fbe0b058a99bd6,6f17ea22aaac,4036b5a85a76,Uttar Pradesh,6684,2024-03-20T20:01:01,2024-03-20T20:07:31,approved,1,0,
44c1b35a59564be2,0cce3dbda79d,765d492b3873,Uttar Pradesh,666,2024-03-20T20:03:19,2024-03-20T20:07:53,approved,0,0,
470f8c1e1aaf0b93,6e836fcd1e4d,50639847ff3e,West Bengal,1577,2024-03-20T20:04:03,2024-03-20T20:07:51,approved,0,0,
3fb4d3a4315ee12e,6ab35d61cd9f,5699f178dbe3,Rajasthan,234,2024-03-20T20:04:29,2024-03-20T20:22:41,approved,1,0,
2a213609366010c1,1c30ffd0220b,13a34447c910,Kerala,7538,2024-03-20T20:04:55,2024-03-20T20:08:59,declined,0,1,P10
23f48c9e32f61079,4c6b531ee064,73584b3f22d1,Rajasthan,1247,2024-03-20T20:05:44,2024-03-20T20:23:38,approved,1,0,
34c30e3c626275fb,49217212965b,5960ae764e77,Tamil Nadu,794,2024-03-20T20:07:28,2024-03-20T20:13:38,approved,1,0,
21cb1dc4a3e62091,1c30ffd0220b,38ee02027be6,Kerala,9094,2024-03-20T20:07:41,2024-03-20T20:25:20,declined,0,1,P10
6fda37eb97d5395f,09805b931ea6,37a0be912fe1,Delhi,3973,2024-03-20T20:08:08,2024-03-20T20:17:21,declined,1,0,
41988c219d490a2d,34994a8b60cd,4a62064b7e6f,Gujarat,264,2024-03-20T20:09:12,2024-03-20T20:18:32,approved,0,0,
534c2f0267981501,634690700829,117340521ee0,Gujarat,274,2024-03-20T20:09:37,2024-03-20T20:26:11,approved,1,0,
28cc08c099e46310,49217212965b,538f7d52f21a,Haryana,559,2024-03-20T20:10:21,2024-03-20T20:27:41,approved,1,0,
10110eca967a8401,634690700829,5a00b99e5775,Delhi,371,2024-03-20T20:10:50,2024-03-20T20:15:08,approved,1,0,
7116318916554c51,6e836fcd1e4d,08fcd0851963,Tamil Nadu,2667,2024-03-20T20:12:29,2024-03-20T20:42:29,expired,0,0,
060e5cfbdca58703,09805b931ea6,5e8e3c501620,Rajasthan,3024,2024-03-20T20:12:37,2024-03-20T20:21:41,approved,1,0,
6f2847acc81efeab,34994a8b60cd,6f1e9517e936,Karnataka,896,2024-03-20T20:13:39,2024-03-20T20:43:39,expired,0,0,
0d19a0294be80928,1318e3fa6d29,79274c16240d,Uttar Pradesh,197,2024-03-20T20:16:33,2024-03-20T20:28:30,approved,1,0,
30d4054f17fad124,1c30ffd0220b,11cf47135053,Kerala,15894,2024-03-20T20:16:48,2024-03-20T20:34:34,declined,0,1,P10
2e58cdab6f7cd25b,1c30ffd0220b,7a86ee7940b9,Bihar,5266,2024-03-20T20:17:22,2024-03-20T20:28:51,declined,0,1,P10
3e8eb01cab9cae24,6e73719779d9,22cee8c03fb1,Rajasthan,781,2024-03-20T20:17:40,2024-03-20T20:47:40,expired,0,0,
13f3c0d7b65b3cfd,1c30ffd0220b,59f75ab66450,West Bengal,10190,2024-03-20T20:18:15,2024-03-20T20:48:15,expired,0,1,P10
0d48800a34ab4be6,11d601015742,04f7537c43e4,Haryana,1890,2024-03-20T20:19:12,2024-03-20T20:35:25,approved,1,0,
46aea63a1a38f282,1c30ffd0220b,2101418dac3b,Bihar,3799,2024-03-20T20:20:03,2024-03-20T20:23:40,declined,0,1,P10
37860cd01db4b518,1c30ffd0220b,619fd59af5c3,Rajasthan,21081,2024-03-20T20:20:44,2024-03-20T20:27:35,declined,0,1,P10
78fdb612f512e7e0,4c6b531ee064,52a8af7fd83c,Gujarat,641,2024-03-20T20:21:03,2024-03-20T20:25:13,approved,1,0,
3e33f6663c871340,4a83bc732574,1a2e487d4236,Uttar Pradesh,1536,2024-03-20T20:22:49,2024-03-20T20:38:49,approved,1,0,
2765d317e0c72ff9,1c30ffd0220b,066912bd69b5,Bihar,12223,2024-03-20T20:24:05,2024-03-20T20:24:25,declined,0,1,P10
59725e53595d4a30,1c30ffd0220b,7677f0e296d4,Karnataka,3110,2024-03-20T20:24:34,2024-03-20T20:35:14,declined,0,1,P10
390b26878820a579,20332b92b91c,5d4a0cd167b2,Gujarat,1250,2024-03-20T20:24:46,2024-03-20T20:40:44,approved,0,0,
616dcdefdebeac50,39dc63eef666,454cfc9cd3b9,Haryana,608,2024-03-20T20:24:53,2024-03-20T20:32:58,approved,1,0,
1999fca6db5a4269,7d81c905f4c1,7dac84e856b5,Uttar Pradesh,2874,2024-03-20T20:25:33,2024-03-20T20:44:03,approved,1,0,
49b2a6bf6f7140e9,09f6cd55cca3,69c58c7bfa54,Delhi,1576,2024-03-20T20:30:43,2024-03-20T20:41:59,approved,1,0,
5d2de6c8063a752c,1c30ffd0220b,4fbbd8e99724,Gujarat,6399,2024-03-20T20:33:37,2024-03-20T20:45:34,declined,0,1,P10
2856f6487cd93962,22ea49616c97,42a113b5a397,Gujarat,682,2024-03-20T20:34:49,2024-03-20T20:43:02,approved,1,0,
5f950a7fd383eb88,6646fee30506,443038a27b04,Gujarat,1490,2024-03-20T20:34:54,2024-03-20T20:35:56,approved,1,0,
6fd79e2aa2cc31dc,7d493d48b208,0f4bec3be135,Maharashtra,416,2024-03-20T20:36:06,2024-03-20T20:46:07,approved,1,0,
4da4db42eb20558a,4818964bb9e3,20867e43a704,West Bengal,1260,2024-03-20T20:36:22,2024-03-20T20:46:09,approved,1,0,
3f42b118ae3b8ee5,5e5c092ab53d,19d490d85341,Kerala,1372,2024-03-20T20:39:15,2024-03-20T20:58:48,approved,1,0,
2441e9d8d5e9ab0e,5be02b242add,7df3158bf3ff,Telangana,1561,2024-03-20T20:40:45,2024-03-20T20:45:05,approved,1,0,
5bb9aca7c4ec8506,1c30ffd0220b,661e1bcda672,Haryana,4517,2024-03-20T20:41:36,2024-03-20T21:11:36,expired,0,1,P10
6da451ce0c3a2db4,6f17ea22aaac,6d62dc8e59be,Kerala,1006,2024-03-20T20:42:57,2024-03-20T20:48:33,approved,1,0,
7571bfa67046f868,6ab35d61cd9f,6f4dfa56ef35,Kerala,396,2024-03-20T20:43:09,2024-03-20T21:00:46,approved,1,0,
6ea5d4b9a12c687d,0d9a63adaba5,42207ffd8c1b,Gujarat,968,2024-03-20T20:46:09,2024-03-20T20:56:11,approved,1,0,
4d36581f858a5cb3,6d33a7293228,5bf2667951a1,Uttar Pradesh,660,2024-03-20T20:46:42,2024-03-20T20:48:19,approved,1,0,
4046de2987b35654,7b8a68c1ae9c,3fe52cab5ceb,Maharashtra,2433,2024-03-20T20:46:48,2024-03-20T20:59:49,approved,1,0,
3af69d3f0e34d1da,11d601015742,55586aad1b29,Kerala,1032,2024-03-20T20:47:38,2024-03-20T20:53:19,approved,1,0,
303a8553b765411f,2baf4e7593de,0e3749a34cea,Maharashtra,820,2024-03-20T20:48:42,2024-03-20T21:02:55,approved,1,0,
199fd16a3d5374a5,7d81c905f4c1,5aa66548c1e6,Maharashtra,582,2024-03-20T20:51:42,2024-03-20T20:59:23,approved,1,0,
4bbe506b10b1c8f7,2569a0f51294,526781d1faac,Rajasthan,588,2024-03-20T20:51:50,2024-03-20T20:54:36,approved,1,0,
371e5cd89499341b,1c30ffd0220b,5b4ae71b17e4,Karnataka,6410,2024-03-20T20:52:13,2024-03-20T20:54:55,declined,0,1,P10
32f4e1e879f773d9,67a0390930e5,48a757495582,Bihar,594,2024-03-20T20:54:43,2024-03-20T21:02:16,approved,1,0,
36648dc647ba1fb9,1c30ffd0220b,0dcd2512204e,Telangana,4308,2024-03-20T20:54:46,2024-03-20T21:04:16,declined,0,1,P10
0fac73e7d5a29d14,1c30ffd0220b,41ac2a1d7773,Rajasthan,2444,2024-03-20T20:56:46,2024-03-20T21:15:38,declined,0,1,P10
6ad23487d38296a3,1c30ffd0220b,75a6dd60cf4c,Haryana,3337,2024-03-20T20:58:20,2024-03-20T21:28:20,expired,0,1,P10
39de25fbee89bb3e,7786fa4ecb51,79bdcd6d5843,Karnataka,1448,2024-03-20T21:02:02,2024-03-20T21:11:46,approved,1,0,
01d2f498f3db2c05,7d81c905f4c1,5a58d79be797,Karnataka,2059,2024-03-20T21:02:45,2024-03-20T21:11:24,approved,1,0,
0daeb8da8947d2c2,0d4a1f2e8b76,2d4d2d764614,Delhi,709,2024-03-20T21:05:07,2024-03-20T21:18:57,approved,1,0,
2fa1fe6a2f967e86,5ded2d78f299,3c2d4818d438,Maharashtra,5753,2024-03-20T21:05:29,2024-03-20T21:22:25,approved,1,0,
5591df6058403f53,1c30ffd0220b,2f640fb3b4a4,Rajasthan,10480,2024-03-20T21:06:04,2024-03-20T21:36:04,expired,0,1,P10
5e1c6402c9b1d087,11d601015742,216a5f3a97bf,Telangana,877,2024-03-20T21:06:44,2024-03-20T21:13:29,approved,1,0,
19aa2fbe585eb2ef,5be02b242add,79ec21a60769,Telangana,3243,2024-03-20T21:10:06,2024-03-20T21:23:36,approved,1,0,
6d19f8d251af914c,0511fee882e4,6a2c0aae1d64,Maharashtra,1261,2024-03-20T21:10:34,2024-03-20T21:24:04,approved,1,0,
58a187379607730f,6a706675422c,2c2bc56d61cf,Bihar,1175,2024-03-20T21:11:07,2024-03-20T21:24:08,approved,0,0,
027de1707a86f54a,48a5f4e76a41,4a3130569ec0,Delhi,671,2024-03-20T21:12:51,2024-03-20T21:23:44,approved,0,0,
2f4fe8a63d0111ca,19a849472d1b,58737043bfd6,Bihar,770,2024-03-20T21:17:07,2024-03-20T21:27:06,approved,1,0,
135f731418fcf558,48a5f4e76a41,4c3ac598995b,Uttar Pradesh,1890,2024-03-20T21:17:09,2024-03-20T21:27:23,approved,0,0,
1f7db3d8281f9d8d,1c30ffd0220b,171d77a9e528,Tamil Nadu,6276,2024-03-20T21:18:30,2024-03-20T21:43:01,declined,0,1,P10
6469468bba36ea0e,2baf4e7593de,6db7f384045e,Karnataka,667,2024-03-20T21:19:05,2024-03-20T21:36:39,approved,1,0,
217ed3de2e5b3f3d,513484923021,00c1adcfe047,Kerala,396,2024-03-20T21:19:37,2024-03-20T21:37:40,approved,1,0,
4c509baebd2b7be7,1c30ffd0220b,72a118db2a1d,Uttar Pradesh,11264,2024-03-20T21:19:44,2024-03-20T21:22:24,approved,0,1,P10
5141d326e113d173,1c30ffd0220b,7b23555108b5,Telangana,25000,2024-03-20T21:21:37,2024-03-20T21:51:37,expired,0,1,P10
190564640c06e695,6f5fa5bed003,36eedf0ad9e9,Bihar,523,2024-03-20T21:23:37,2024-03-20T21:37:24,approved,1,0,
4af162bb68fefe09,1c30ffd0220b,6dfcdf6e6b23,Rajasthan,5242,2024-03-20T21:24:59,2024-03-20T21:33:40,approved,0,1,P10
469e498c47c7b5c7,0d4a1f2e8b76,29889ce94fa7,Kerala,425,2024-03-20T21:26:32,2024-03-20T21:37:16,approved,1,0,
4683a94efc57d20f,48e58d7747c6,72adb62e8329,Maharashtra,1934,2024-03-20T21:26:35,2024-03-20T21:27:23,approved,1,0,
322f6e18c8867f9d,513484923021,460256cc12fc,Gujarat,427,2024-03-20T21:27:10,2024-03-20T21:44:47,approved,1,0,
758ba5ce20eaa734,1c30ffd0220b,32953f32db94,Bihar,18001,2024-03-20T21:28:32,2024-03-20T21:56:29,declined,0,1,P10
08644263aa1e1aa6,1c30ffd0220b,2bf15694db53,Karnataka,25000,2024-03-20T21:31:42,2024-03-20T21:45:01,declined,0,1,P10
73dda42221697c69,1c30ffd0220b,4d570846fc4f,Kerala,25000,2024-03-20T21:31:52,2024-03-20T22:01:52,expired,0,1,P10
52ad45e647689247,4a83bc732574,3b6635075bcf,Telangana,1036,2024-03-20T21:31:54,2024-03-20T21:40:09,approved,1,0,
212bed08a5e01f59,663473dc643e,247475774d65,Maharashtra,657,2024-03-20T21:32:57,2024-03-20T21:51:48,approved,1,0,
1716d1dc02713708,0cce3dbda79d,68b8844228e7,Maharashtra,301,2024-03-20T21:33:15,2024-03-20T21:44:16,approved,0,0,
329807bb1ddde66b,0511fee882e4,461d8974a9a0,West Bengal,1323,2024-03-20T21:34:37,2024-03-20T21:36:48,approved,1,0,
54be37b2f963805a,1c30ffd0220b,7814533c8848,Rajasthan,13055,2024-03-20T21:35:27,2024-03-20T22:00:48,declined,0,1,P10
38d3ac4d2193b6b1,1c30ffd0220b,4d5c6fc96c99,Tamil Nadu,10829,2024-03-20T21:36:25,2024-03-20T21:37:09,declined,0,1,P10
1a81a8c8db34079b,1c30ffd0220b,2f6659e3debf,West Bengal,9576,2024-03-20T21:36:41,2024-03-20T21:41:42,declined,0,1,P10
32d533ef3e59ca87,7b8a68c1ae9c,6f40cd6a3f85,Bihar,1491,2024-03-20T21:39:19,2024-03-20T21:46:05,approved,1,0,
76425d775fb2dea0,6f17ea22aaac,2648542b21bf,Karnataka,1362,2024-03-20T21:39:30,2024-03-20T21:50:01,approved,1,0,
3528a6c3736e0d42,1c30ffd0220b,40136eb89829,Uttar Pradesh,5138,2024-03-20T21:39:49,2024-03-20T22:09:49,expired,0,1,P10
0c386571f28527ef,1c30ffd0220b,7b2260c10d4d,Tamil Nadu,7655,2024-03-20T21:40:23,2024-03-20T22:07:24,declined,0,1,P10
67727ba7cd2e8f5f,7d493d48b208,3207df3640a6,Kerala,429,2024-03-20T21:41:01,2024-03-20T22:11:01,expired,1,0,
07cc4e94a576f86f,2baf4e7593de,32b954e3e9ae,Delhi,844,2024-03-20T21:42:59,2024-03-20T21:54:29,approved,1,0,
24bd4035b5aa47ee,7786fa4ecb51,23b7687a2a1a,West Bengal,471,2024-03-20T21:43:01,2024-03-20T21:51:05,approved,1,0,
154aa5713ca33bc5,0511fee882e4,6c2be7956320,Telangana,2119,2024-03-20T21:43:16,2024-03-20T21:53:58,approved,1,0,
328451a2f2ae2edc,6a706675422c,625be0e254f6,Gujarat,13501,2024-03-20T21:45:20,2024-03-20T22:00:18,approved,0,0,
2ca45be86b967abc,34994a8b60cd,56fc5a33f137,Haryana,5874,2024-03-20T21:45:23,2024-03-20T22:15:23,expired,0,0,
2953f7545b2671bd,0176a1a01f10,51e813544cb6,Telangana,1124,2024-03-20T21:45:38,2024-03-20T22:03:21,approved,1,0,
2a1578a8bf754f6d,107ff2ac18f1,459d31d064bd,Haryana,1874,2024-03-20T21:46:28,2024-03-20T21:55:45,approved,1,0,
5d2e17bfeba30d92,1c30ffd0220b,2ab2cb7c1690,Delhi,5139,2024-03-20T21:47:04,2024-03-20T22:17:04,expired,0,1,P10
38652065fea782f7,7b99521e8d62,4e3a04166cb3,Delhi,926,2024-03-20T21:47:48,2024-03-20T21:50:45,approved,1,0,
323516aa81785e64,1c30ffd0220b,1a8ac65886f7,Rajasthan,4755,2024-03-20T21:49:17,2024-03-20T22:19:17,expired,0,1,P10
2e15dd39e689f519,7b99521e8d62,644563c6e0a3,Delhi,997,2024-03-20T21:51:24,2024-03-20T22:19:50,declined,1,0,
6956a98349428cff,1c30ffd0220b,54eeb282d041,Gujarat,9974,2024-03-20T21:52:16,2024-03-20T21:56:25,declined,0,1,P10
5c526fec38910333,1c30ffd0220b,4679683f2ec7,Telangana,25000,2024-03-20T21:52:43,2024-03-20T22:03:50,declined,0,1,P10
27b1b9a0ae1c36a9,1c30ffd0220b,57be8717c72a,Telangana,8703,2024-03-20T21:53:07,2024-03-20T21:54:45,declined,0,1,P10
240f4bbbb671dbb9,4818964bb9e3,69ec1b8755eb,Kerala,504,2024-03-20T21:53:46,2024-03-20T21:59:32,approved,1,0,
43ad79cfb102facd,0d9a63adaba5,454bc0df0d24,Telangana,2339,2024-03-20T21:54:40,2024-03-20T22:04:21,approved,1,0,
1cf7063a0439795e,20332b92b91c,652aa832ed39,Uttar Pradesh,142,2024-03-20T21:55:16,2024-03-20T21:57:05,declined,0,0,
6b301f731b46e330,30595689af87,2611c906f8ed,Delhi,842,2024-03-20T21:57:28,2024-03-20T22:06:24,approved,1,0,
7a282771fadec9d6,1e30aaf5adb8,7ade4eaf92d3,Karnataka,998,2024-03-20T21:57:51,2024-03-20T22:09:13,approved,1,0,
716a5943d2813b4d,1e30aaf5adb8,58194b354a9f,Tamil Nadu,1342,2024-03-20T21:57:53,2024-03-20T22:02:37,approved,1,0,
5abd56f50c5c4cca,1c30ffd0220b,6f62672863a9,Kerala,9008,2024-03-20T21:59:08,2024-03-20T22:29:08,expired,0,1,P10
5661e7e901f1f3b3,20332b92b91c,2c722909fd7b,Gujarat,368,2024-03-20T21:59:55,2024-03-20T22:02:55,approved,0,0,
392e9cc298c53ef5,1c30ffd0220b,1ca167538370,West Bengal,8763,2024-03-20T22:02:37,2024-03-20T22:19:45,declined,0,1,P10
73a1b6360ce9cc86,1c30ffd0220b,469d9e129933,Haryana,11327,2024-03-20T22:05:54,2024-03-20T22:18:44,declined,0,1,P10
4d58a523fa8e3ef2,513484923021,66f26c811958,Uttar Pradesh,280,2024-03-20T22:07:48,2024-03-20T22:19:12,approved,1,0,
282b56d1aacdc542,694d71c69d67,1b52de3f9076,Telangana,2554,2024-03-20T22:10:18,2024-03-20T22:23:19,approved,1,0,
0e821bfce40700a9,1c30ffd0220b,628cdeb99d97,Bihar,5758,2024-03-20T22:10:38,2024-03-20T22:40:38,expired,0,1,P10
3c70f105914e8faf,1c30ffd0220b,108307b8f07b,Haryana,9972,2024-03-20T22:12:27,2024-03-20T22:18:11,declined,0,1,P10
448877673c9f963c,1318e3fa6d29,63d735629a29,Bihar,503,2024-03-20T22:13:12,2024-03-20T22:19:08,approved,1,0,
493e7f6e54c35e5f,694d71c69d67,61f36e00dca4,Telangana,1661,2024-03-20T22:15:13,2024-03-20T22:28:18,approved,1,0,
755f7578add65de0,694d71c69d67,4a819acd7e9c,Telangana,1441,2024-03-20T22:16:02,2024-03-20T22:23:47,approved,1,0,
7b21dfa9e4313b27,1c30ffd0220b,0717afdf5809,Rajasthan,15428,2024-03-20T22:18:50,2024-03-20T22:26:00,declined,0,1,P10
6d36b0ff97a3abe6,49217212965b,41bad8fe91ed,Maharashtra,422,2024-03-20T22:21:54,2024-03-20T22:36:37,approved,1,0,
3e520e2a6a09ccab,1c30ffd0220b,13f2144d89f0,Rajasthan,16254,2024-03-20T22:23:03,2024-03-20T22:47:10,declined,0,1,P10
4cae4157cd064cf7,1318e3fa6d29,4914b255092d,Telangana,827,2024-03-20T22:26:22,2024-03-20T22:38:00,approved,1,0,
52605eb1e1e81dd0,1c30ffd0220b,3147c1b5369e,Kerala,6077,2024-03-20T22:27:47,2024-03-20T22:57:47,expired,0,1,P10
5d2f56444c84707c,1c30ffd0220b,6aed8e7936a3,Uttar Pradesh,6011,2024-03-20T22:29:36,2024-03-20T22:50:31,declined,0,1,P10
27741378b44bba4a,1c30ffd0220b,613a72b2e6dd,Telangana,10608,2024-03-20T22:30:06,2024-03-20T22:34:16,approved,0,1,P10
2c7246ba9f9aa8f0,22ea49616c97,4139d980881b,Rajasthan,630,2024-03-20T22:34:38,2024-03-20T23:04:38,expired,1,0,
708810d4ad40f575,1c30ffd0220b,32304ceefde1,Uttar Pradesh,9258,2024-03-20T22:36:20,2024-03-20T23:04:18,declined,0,1,P10
68f1bb1d5b2011d3,1c30ffd0220b,77d4c45ca311,Telangana,7590,2024-03-20T22:37:51,2024-03-20T23:06:27,declined,0,1,P10
48582654ce451366,1c30ffd0220b,71d36fc91a10,Maharashtra,4985,2024-03-20T22:41:16,2024-03-20T22:44:13,declined,0,1,P10
4effbfce76e113e0,0d9a63adaba5,5c6e1f107a8b,Maharashtra,1304,2024-03-20T22:42:00,2024-03-20T22:47:05,approved,1,0,
298728ba20e99483,1c30ffd0220b,0568cc1eb8f0,Delhi,5884,2024-03-20T22:42:01,2024-03-20T23:05:03,declined,0,1,P10
19632654ad53a9cd,2baf4e7593de,0a70206daa38,Delhi,256,2024-03-20T22:42:06,2024-03-20T22:47:10,approved,1,0,
13355eab9772f486,1c30ffd0220b,7a4de50eff35,Maharashtra,4097,2024-03-20T22:43:41,2024-03-20T23:13:41,expired,0,1,P10
642e5bb4f5fb0bc9,1c30ffd0220b,5a03125a3402,Delhi,7895,2024-03-20T22:44:41,2024-03-20T23:14:41,expired,0,1,P10
3899c3346c7c66ac,6e836fcd1e4d,7f14ea5cb62a,Uttar Pradesh,267,2024-03-20T22:45:16,2024-03-20T23:08:16,declined,0,0,
183fc5420bcff747,35ed52508031,4d1067388ea0,Karnataka,602,2024-03-20T22:45:30,2024-03-20T23:03:02,approved,1,0,
3144e434f0b7f88e,51e266317647,583da41b70a4,Gujarat,599,2024-03-20T22:52:59,2024-03-20T22:57:03,approved,1,0,
09efd1ece49271d8,48f26f133a7b,3c2db20ae20e,Rajasthan,595,2024-03-20T22:53:11,2024-03-20T23:08:11,approved,1,0,
3e387273b40fcda6,673acd5d1161,5d14ff183414,Karnataka,1008,2024-03-20T22:53:19,2024-03-20T22:58:36,declined,1,0,
75d14257c1911f0f,6a7bccb8c392,7d047ecd1a10,Haryana,838,2024-03-20T22:53:59,2024-03-20T23:10:01,approved,1,0,
7d42dc9e2deb615c,0fc3186df001,15d7216affce,Bihar,900,2024-03-20T22:55:39,2024-03-20T23:10:05,declined,1,0,
796fb23d660599a5,2b7ae5050a4d,76a544cf7c47,Kerala,346,2024-03-20T22:58:14,2024-03-20T23:09:46,approved,1,0,
2e9edc771c44a4a8,1c30ffd0220b,3c61f06d9ea6,Haryana,5988,2024-03-20T23:09:21,2024-03-20T23:39:21,expired,0,1,P10
7189b6df6844983c,7b8a68c1ae9c,7bf2be9e60ec,Bihar,1150,2024-03-20T23:10:50,2024-03-20T23:30:14,approved,1,0,
4e61ec54b3a1f560,1c30ffd0220b,5b2d4519e438,Kerala,2773,2024-03-20T23:19:32,2024-03-20T23:49:32,expired,0,1,P10
47d60699fe13314b,0176a1a01f10,34330ac74847,Telangana,1295,2024-03-20T23:22:29,2024-03-20T23:40:07,approved,1,0,
3b3ae30eb2fab11c,1c30ffd0220b,5c9ad80f0b08,Bihar,12180,2024-03-20T23:22:30,2024-03-20T23:32:17,declined,0,1,P10
52bf3535ac29a26d,1c30ffd0220b,55f81af0b623,Delhi,15973,2024-03-20T23:22:46,2024-03-20T23:38:23,declined,0,1,P10
1c8068404783f401,1c30ffd0220b,7f6f5665a027,Tamil Nadu,15524,2024-03-20T23:24:39,2024-03-20T23:47:46,declined,0,1,P10
37abbe74fd851453,1c30ffd0220b,40ab6f1f30b2,Telangana,10990,2024-03-20T23:25:45,2024-03-20T23:45:37,declined,0,1,P10
1c2c10f279accc25,673acd5d1161,7c57f902b1f1,West Bengal,2229,2024-03-20T23:28:50,2024-03-20T23:57:03,declined,1,0,
62becd068729376b,1e30aaf5adb8,0f9a82e2887e,Delhi,503,2024-03-20T23:29:35,2024-03-20T23:41:36,approved,1,0,
34638e1b7e011a5b,673acd5d1161,2bc2056780ef,Karnataka,1248,2024-03-20T23:29:46,2024-03-20T23:38:35,approved,1,0,
52e5c87df6a43576,1c30ffd0220b,04eb8d8fdb13,West Bengal,13920,2024-03-20T23:35:27,2024-03-20T23:43:37,declined,0,1,P10
6377f0da672bfa0f,6f5fa5bed003,72adb62e8329,Maharashtra,2197,2024-03-20T23:35:33,2024-03-20T23:43:54,approved,1,0,
3a68a9cdd7d5d9e1,1c30ffd0220b,1871e98b1f6c,Uttar Pradesh,11340,2024-03-20T23:36:56,2024-03-21T00:06:56,expired,0,1,P10
3f5e3ef3dd4a1559,6a706675422c,006c09b4c0c5,Karnataka,2792,2024-03-20T23:40:29,2024-03-20T23:49:14,approved,0,0,
6abb569617895662,0511fee882e4,151451a15c0b,Haryana,1189,2024-03-20T23:42:07,2024-03-20T23:47:25,approved,1,0,
4b80c080d2d1e12a,1c30ffd0220b,66b5537bd994,Bihar,3419,2024-03-20T23:42:31,2024-03-21T00:02:09,declined,0,1,P10
5543cd310adb35ae,673acd5d1161,05e4f1bb28a1,Rajasthan,3650,2024-03-20T23:45:05,2024-03-20T23:47:59,approved,1,0,
11b0a2a1b4b2b89c,1318e3fa6d29,59279cc056d7,Karnataka,428,2024-03-20T23:45:29,2024-03-20T23:57:06,approved,1,0,
2729c51e620bcd89,1c30ffd0220b,2828769a9d2f,Bihar,9257,2024-03-20T23:45:50,2024-03-21T00:15:50,expired,0,1,P10
02fcd366ae1ef0de,1c30ffd0220b,7e8570946597,Kerala,14529,2024-03-20T23:46:05,2024-03-21T00:10:35,declined,0,1,P10
7c95555f84b778c4,1c30ffd0220b,6ed1d421e766,Bihar,7141,2024-03-20T23:47:18,2024-03-21T00:06:39,declined,0,1,P10
33c2c0f739d857c5,216f11aafe2f,0c34d84c628a,Bihar,1116,2024-03-20T23:47:55,2024-03-21T00:07:54,approved,0,0,
5ab0f0ee447ddf2f,1c30ffd0220b,71b807ef0536,Tamil Nadu,11660,2024-03-20T23:48:33,2024-03-21T00:18:33,expired,0,1,P10
3349fed2c475caed,2b1781ab1f24,4a6101472d42,Kerala,614,2024-03-20T23:50:47,2024-03-21T00:17:14,declined,0,0,
167e287aedbb438a,1c30ffd0220b,758dc7402587,Telangana,6671,2024-03-20T23:54:57,2024-03-21T00:24:57,expired,0,1,P10
789e0714de092896,1c30ffd0220b,7d6efa1b657e,Telangana,12492,2024-03-20T23:59:45,2024-03-21T00:29:45,expired,0,1,P10
