account_id,vpa,state,bank,role,kind,is_mule
500320d4f8f2,u14ibkk5@icici,Tamil Nadu,Kotak,clean,individual,0
66065efc90d3,33kmkzj9@paytm,West Bengal,Kotak,clean,individual,0
46d90050ca90,32zwm9qh@axl,Maharashtra,Canara,clean,individual,0
059fe4478eae,wfs8q373@upi,Gujarat,Kotak,clean,individual,0
3f998c79a215,9adg8y5h@apl,Kerala,Kotak,clean,individual,0
6a3f0106cf0b,atj85gs7@axl,Rajasthan,PNB,clean,individual,0
5ef259b40563,it0sw5yn@upi,Delhi,SBI,clean,individual,0
319deb3a5480,cifn3onu@icici,Gujarat,PNB,clean,individual,0
4d727bbb3841,ty8fupmi@ybl,Gujarat,Canara,clean,individual,0
7be1ca21b3fb,dayakr5d@upi,West Bengal,HDFC,clean,individual,0
6c2b65356c3d,v68ukfug@apl,Bihar,ICICI,clean,individual,0
171c5822064b,t8xvucn9@okaxis,Maharashtra,ICICI,clean,individual,0
04df0fa8db4f,uq1trlq1@ybl,Tamil Nadu,BOB,clean,individual,0
03e284b8e6e0,no8dx0pc@paytm,Gujarat,Canara,clean,individual,0
2c0f185ad754,ky5m6st1@axl,Haryana,Union,clean,individual,0
777a4961b4d0,fu103xe4@okaxis,Haryana,Canara,clean,individual,0
01d3a36a7c36,r28sd0ii@ibl,Maharashtra,Union,clean,individual,0
16f6c6d68d96,nl85u9me@oksbi,Karnataka,Union,clean,individual,0
38e4a9771c07,fs8s6610@upi,Delhi,Canara,clean,individual,0
706875b3f90e,pz7dcipf@paytm,Delhi,Union,clean,individual,0
2020be49df75,yylzew78@oksbi,Kerala,PNB,clean,individual,0
19f90325dd94,oqhk634v@ibl,Rajasthan,PNB,clean,individual,0
3d564f8cf452,qxnle81q@oksbi,Uttar Pradesh,Axis,clean,individual,0
1789b0100b8e,wyoa1z36@apl,Uttarakhand,HDFC,clean,individual,0
74e8cfe5f58f,056s36kb@ibl,Tamil Nadu,Axis,clean,individual,0
205ab95aa125,a8g8uibl@upi,Karnataka,HDFC,clean,individual,0
56c490d08eb2,qlu74tx3@okaxis,Uttar Pradesh,HDFC,clean,individual,0
187af7c31e55,vnbi2q86@axl,Tamil Nadu,SBI,clean,individual,0
2b5936af4a11,fekwe2kl@upi,Haryana,Axis,clean,individual,0
10879791a709,215rhvun@upi,Telangana,PNB,clean,individual,0
0c51c742e59b,bw63y2nl@ybl,Rajasthan,ICICI,clean,individual,0
724c1cb53ba4,5marxxhf@upi,Uttar Pradesh,Union,clean,individual,0
308d8ba272a9,5q9xvdvn@axl,Karnataka,HDFC,clean,individual,0
6a4f8b9dd716,xlnxtkhz@oksbi,Maharashtra,ICICI,clean,individual,0
3a8cecdeed43,m11u5kfc@ibl,Rajasthan,Union,clean,individual,0
110cea4e403c,exc060j4@oksbi,Rajasthan,Canara,clean,individual,0
4f59a6e4be20,apg55nlz@paytm,Karnataka,PNB,clean,individual,0
63637c0408f9,04ymn0ci@paytm,Bihar,BOB,clean,individual,0
186d62e16864,0th0w6ue@axl,Maharashtra,SBI,clean,individual,0
527faf3e39af,2o9w724d@apl,Delhi,Axis,clean,individual,0
5213cba5a7fa,51v1lzhq@ibl,Kerala,Axis,clean,individual,0
044475c63cfc,pptdn8ta@apl,Uttarakhand,Axis,clean,individual,0
6a526eff8416,nn2eb179@ibl,Karnataka,Axis,victim,individual,0
69a4327a74c2,zjepdy9d@ibl,Maharashtra,HDFC,clean,individual,0
49980ec7c477,714gq61h@axl,Rajasthan,HDFC,clean,individual,0
3c9874bc2120,cdlolqzi@paytm,Rajasthan,SBI,clean,individual,0
7f6802c7784c,j6xico0i@paytm,Karnataka,Axis,clean,individual,0
406d54277e43,bggu4vr7@ibl,Maharashtra,BOB,clean,individual,0
2207dc3d6d59,2k3szwrt@icici,Gujarat,Union,clean,individual,0
6fcccc5f9758,2jemet98@icici,Telangana,ICICI,clean,individual,0
7c25ee6e56cd,0sprt62b@apl,Kerala,Axis,clean,individual,0
087fbca07dfb,v6q45d12@axl,Bihar,BOB,clean,individual,0
5a969829eab2,zy90mklg@ybl,Rajasthan,Canara,clean,individual,0
75b0bab63271,f8l47vfk@paytm,Telangana,SBI,clean,individual,0
7b93229a95d1,p2dkv2qz@axl,Uttar Pradesh,Canara,clean,individual,0
377ca4e81bf2,8ayi4zmq@apl,Gujarat,HDFC,clean,individual,0
469e1ad00587,ec002ax8@apl,West Bengal,Kotak,clean,individual,0
5c3787c30709,o708d8uo@upi,Tamil Nadu,Union,clean,individual,0
0511cbab509e,ewct1c2v@oksbi,Maharashtra,SBI,clean,individual,0
7078f162a469,h0q417zd@paytm,Gujarat,Canara,clean,individual,0
3b9fdd4913b6,b3nyxxpo@ybl,Delhi,ICICI,clean,individual,0
5f44f7f7956b,opqc15sc@okaxis,Maharashtra,Canara,clean,individual,0
30c361dd666a,d28q1z6b@apl,Gujarat,Canara,clean,individual,0
4a2e587da4a2,43x1yjvn@okaxis,Karnataka,HDFC,clean,individual,0
25754b512bf5,ipu9smlq@icici,Kerala,ICICI,clean,individual,0
7954bd9b6301,u4nmjl5l@paytm,Bihar,BOB,clean,individual,0
09619d0410b9,iltrch9p@oksbi,Uttarakhand,Kotak,clean,individual,0
3ca148d69460,3yq3nxtk@ibl,West Bengal,ICICI,clean,individual,0
5a6f88e7422c,scg0v3rq@oksbi,Tamil Nadu,HDFC,clean,individual,0
1f824a71ca2f,ynnjw6jk@paytm,Maharashtra,Kotak,clean,individual,0
50c50a3af14c,c8mk4lij@okaxis,Tamil Nadu,PNB,clean,individual,0
62cb88417c3b,p3hfebl2@apl,Kerala,Kotak,clean,individual,0
762ae637e235,vw21o1bm@ibl,Telangana,Union,clean,individual,0
3e9fa6d08957,pnpixre3@ibl,Kerala,HDFC,clean,individual,0
24443417f8c1,haagof8r@axl,Tamil Nadu,HDFC,clean,individual,0
14daa49114d2,q12sgqwf@okaxis,Uttarakhand,Axis,clean,individual,0
688e64013c3c,v7h6vylb@ybl,Uttar Pradesh,Union,clean,individual,0
62d7a4a9adce,vd8b5fej@oksbi,Kerala,SBI,clean,individual,0
6a5c7a6f6d50,79nw1x2y@okaxis,Delhi,HDFC,clean,individual,0
4dce6590f296,8nsjao0j@apl,Delhi,Axis,clean,individual,0
6cfd55165cdf,dmtcpetg@oksbi,Telangana,Union,clean,individual,0
76c897854725,qp60yn4g@okaxis,Kerala,SBI,clean,individual,0
64bb58b58bb4,cfc2by2h@oksbi,Telangana,BOB,clean,individual,0
225f73ce60af,7pel3se6@paytm,Kerala,SBI,clean,individual,0
4668f949c931,sdhj013v@icici,Kerala,PNB,clean,individual,0
3a33f2a1af0e,w7kz17wh@apl,Maharashtra,Axis,clean,individual,0
5cca36423e9b,fneal8uz@oksbi,Maharashtra,Union,clean,individual,0
23abe57e3e90,0b4pqnkv@oksbi,West Bengal,SBI,clean,individual,0
1c18c242eaaf,ggzc2qqh@okaxis,Rajasthan,Union,clean,individual,0
22f129a2cf83,7tsscoe4@axl,Uttarakhand,Kotak,clean,individual,0
66fd752166a5,4vq585aa@paytm,West Bengal,ICICI,clean,individual,0
61490ea5486f,nnjk3pq9@paytm,Rajasthan,Union,clean,individual,0
28f22d5e7cf4,0oafgccu@oksbi,Bihar,PNB,clean,individual,0
52d4a6454310,uwuy11vc@axl,Bihar,Kotak,clean,individual,0
195cc8d1384d,1rgftw53@upi,Karnataka,Canara,clean,individual,0
5de975c06beb,toj1nzto@apl,Maharashtra,PNB,clean,individual,0
0db2ff1092c9,y7vdnizg@upi,Haryana,HDFC,clean,individual,0
05aac32b5a19,6zgrqr77@ybl,Uttarakhand,HDFC,clean,individual,0
3e56f9ba1414,v0rpzf5m@upi,Bihar,BOB,clean,individual,0
0ee45f536863,1jl52jar@axl,Delhi,HDFC,clean,individual,0
3a560917bdbd,isrfrfhk@icici,Tamil Nadu,Canara,clean,individual,0
10a747faf950,himov0kn@ybl,Telangana,ICICI,clean,individual,0
60a9c2e56750,hop15oh5@paytm,Haryana,Axis,clean,individual,0
5e340e9687b6,lqf8pkv2@icici,Uttar Pradesh,HDFC,clean,individual,0
5b2eb33cb589,4em9hzhe@ibl,Haryana,Union,clean,individual,0
0bdc41ff5aa9,db77bo7m@upi,Haryana,SBI,clean,individual,0
48c79d18beee,4up04yw9@upi,Maharashtra,Union,clean,individual,0
349eb1eb2f5f,3z6c9rjh@paytm,Telangana,Union,clean,individual,0
790df48a3fb1,o7xo0nh1@ybl,West Bengal,Axis,clean,individual,0
316c58e11b3e,q0ffc31b@upi,West Bengal,BOB,clean,individual,0
66b2ed97afe2,siskpks1@apl,Kerala,Kotak,clean,individual,0
51725470a7dc,ljd9zf1l@oksbi,West Bengal,PNB,clean,individual,0
045c9ef8544d,6u7jxm4v@apl,Delhi,BOB,clean,individual,0
5a7146769d3b,fu8lh0j1@ibl,Maharashtra,Union,clean,individual,0
24af24714c9f,b9r82b2s@axl,Delhi,ICICI,clean,individual,0
2aff13912497,z7anbztf@ybl,Rajasthan,HDFC,clean,individual,0
2aa8a7766bc8,sbi79p6h@upi,Rajasthan,Union,clean,individual,0
1f5cb9a4cc21,ax6gw7d5@oksbi,Gujarat,SBI,clean,individual,0
1c0e7369eb4d,deywhdjf@apl,Haryana,Axis,clean,individual,0
2a9fa4aa42fc,mx2syety@upi,Tamil Nadu,SBI,clean,individual,0
2151b58dfe21,08037xvs@ibl,Tamil Nadu,HDFC,clean,individual,0
088eaccca730,6ny3382j@paytm,Uttar Pradesh,HDFC,clean,individual,0
0484c874d7ef,l94i759o@icici,Kerala,Axis,clean,individual,0
010ba7acae44,s3hizzsv@axl,Haryana,Union,clean,individual,0
288b8e7dff0c,57psedhb@okaxis,Bihar,BOB,clean,individual,0
06f9a030dd5b,uesxp78n@icici,Telangana,HDFC,clean,individual,0
136b957ed30a,y46w805u@ibl,Maharashtra,Axis,clean,individual,0
01cb7085b50e,39glqr9o@paytm,Telangana,SBI,clean,individual,0
36e241e9323d,lctj0a1t@apl,Kerala,Canara,clean,individual,0
25ddfb147fb0,s7gs6i88@paytm,Rajasthan,Kotak,clean,individual,0
6e07eb935421,u2uk1zwm@upi,Delhi,HDFC,clean,individual,0
06f41d544c09,7ytrn7m3@ybl,West Bengal,ICICI,clean,individual,0
4fc2f43b360d,uyc8p9e6@upi,Uttarakhand,Canara,clean,individual,0
7c2e11fe9582,gw5j5cwn@paytm,Delhi,HDFC,clean,individual,0
427df0878657,uemee267@apl,Karnataka,Union,clean,individual,0
21beb76aa288,a8g5ujpe@okaxis,Rajasthan,HDFC,clean,individual,0
55113ebffb2c,1o7qz68i@okaxis,Rajasthan,Axis,clean,individual,0
727c8fb9cf53,l1sl5vy3@ybl,Haryana,HDFC,clean,individual,0
7ed052060177,zkp8uayf@oksbi,Maharashtra,Union,clean,individual,0
3c693adbc537,ddlud33t@axl,Gujarat,PNB,clean,individual,0
11a1888c3ba0,cwlp65qo@axl,West Bengal,BOB,clean,individual,0
48226ebedb12,et03j39s@apl,Uttarakhand,Axis,clean,individual,0
351bb8fa670e,tg3xuz9s@okaxis,Haryana,PNB,clean,individual,0
3b819b079746,q874l2z6@okaxis,Uttar Pradesh,Union,clean,individual,0
7956bb8774ee,d9ovpc6r@oksbi,Tamil Nadu,HDFC,clean,individual,0
17bcf902e256,txk5vg3x@icici,Haryana,ICICI,clean,individual,0
48eb99a058a2,3nc8oep5@apl,Uttar Pradesh,ICICI,clean,individual,0
639ac723a198,kk69cjem@apl,Delhi,Kotak,clean,individual,0
12e014269a94,akyt00e4@upi,Tamil Nadu,Union,clean,individual,0
7de8c3111e80,vb11dk5j@upi,Delhi,Canara,clean,individual,0
64c0479bdf5a,qcdz5hkj@icici,Kerala,PNB,clean,individual,0
505dbf1bb476,v6argqn5@axl,Telangana,Kotak,clean,individual,0
4188e875b22b,bx1k0ddq@okaxis,Haryana,Canara,clean,individual,0
06d22d124591,vpnsuovd@icici,West Bengal,Axis,clean,individual,0
343c7924b8ca,55gz1qy3@ybl,West Bengal,SBI,clean,individual,0
2428f120c39c,8k39km4d@upi,Delhi,Kotak,clean,individual,0
0b23db886aea,kcq825kk@ibl,Karnataka,ICICI,clean,individual,0
3d6bbe4c5679,5rr1i5oc@upi,Delhi,Union,clean,individual,0
6684de6346b1,xr2r298d@icici,West Bengal,Axis,clean,individual,0
330d7df915a2,67usle7a@ybl,Tamil Nadu,HDFC,clean,individual,0
0abc48b45e05,bk36r657@oksbi,Telangana,PNB,clean,individual,0
319d0de821ef,am1tcozz@icici,Uttar Pradesh,Union,clean,individual,0
5ba5842b39ea,748m9dn0@upi,Karnataka,BOB,clean,individual,0
7f74469e65d4,nbs482kn@icici,Uttarakhand,Union,clean,individual,0
2e9468151f86,1ec6kgja@apl,Haryana,SBI,clean,individual,0
55ff22fcaead,vbb8dsrn@ybl,Maharashtra,Kotak,clean,individual,0
5e40588e0e0f,3wybtig6@axl,Karnataka,Union,clean,individual,0
0667fc81cf80,t1gsootz@apl,Telangana,Union,clean,individual,0
5e4126dbb7f8,4ckz19pa@okaxis,Uttarakhand,HDFC,clean,individual,0
3adfc302b4e5,gwwo9ryx@okaxis,Uttar Pradesh,BOB,clean,individual,0
3bbdd9cfbd9f,1ndr6kli@icici,Karnataka,Axis,clean,individual,0
25899630c833,pp4em5wg@icici,Haryana,Axis,clean,individual,0
4700ecce17f9,zx281ea8@axl,Uttar Pradesh,ICICI,clean,individual,0
514babe70df7,2yl2zjjn@paytm,Telangana,BOB,clean,individual,0
19be70d8431e,72d3lxil@ybl,Uttar Pradesh,PNB,clean,individual,0
54cd1d922352,dfwiqri3@apl,Karnataka,Kotak,clean,individual,0
5f689c0a8ea5,idet0wi7@upi,Haryana,SBI,clean,individual,0
62cbaa7287a8,cvzqnnln@paytm,Kerala,Kotak,clean,individual,0
58e4d3b1d2df,ly8neylm@upi,Delhi,SBI,clean,individual,0
4809c889b06e,qcr4henj@ybl,Bihar,PNB,clean,individual,0
725eeac1e588,adlwxej6@oksbi,Karnataka,ICICI,clean,individual,0
3f510311bf91,nhl8jmzm@icici,West Bengal,Axis,clean,individual,0
65364bc162c0,kunpkkr3@okaxis,Rajasthan,Union,clean,individual,0
256d994a7668,ea9hwi5z@icici,Uttarakhand,BOB,victim,individual,0
528695b278d2,xn1wb79k@oksbi,Gujarat,Canara,clean,individual,0
592e598116f4,a72eijxp@apl,Maharashtra,Kotak,clean,individual,0
18243bb22ec5,y01gudeq@apl,Telangana,HDFC,clean,individual,0
689b849c4cba,234dxtg6@axl,Uttarakhand,BOB,clean,individual,0
5f99530496b5,v3skxyks@upi,Kerala,HDFC,clean,individual,0
13e65fb36ada,l2n9pq4q@apl,Kerala,BOB,clean,individual,0
7df5388b4c69,fssdaob8@axl,Karnataka,Canara,clean,individual,0
6ec68be3dcdc,102vpumo@paytm,Rajasthan,HDFC,clean,individual,0
275bb6493755,k9nmoi67@okaxis,Karnataka,SBI,clean,individual,0
6d394eaaea63,81p3hqd1@ybl,West Bengal,Axis,clean,individual,0
341d702bff42,ttw9azqf@icici,Delhi,Union,clean,individual,0
050497115671,f5mzg4d0@upi,Telangana,Kotak,clean,individual,0
017e98d93cca,yjq2yr5t@ybl,Gujarat,ICICI,clean,individual,0
7eb9ccdc0d6e,yqcprpih@ybl,West Bengal,HDFC,clean,individual,0
1fc235d4d01e,s0y4czil@icici,Gujarat,Kotak,clean,individual,0
258e5fc68dba,pa1tc9jm@paytm,West Bengal,BOB,clean,individual,0
52adc847c417,4degll2k@axl,Rajasthan,Union,clean,individual,0
57704cf20914,9fkh2e7m@upi,Gujarat,Axis,clean,individual,0
2d7484736eb1,m5jm5g5a@ybl,Karnataka,PNB,clean,individual,0
4ff263f66c45,48cune2t@upi,West Bengal,SBI,clean,individual,0
336262ca6eee,kysqdg58@paytm,West Bengal,HDFC,clean,individual,0
447538e952f1,z8ixcygz@ibl,West Bengal,Axis,clean,individual,0
292d628cc196,w3nahdw3@ibl,West Bengal,Kotak,clean,individual,0
223773d37150,p5h74q3x@oksbi,Haryana,SBI,clean,individual,0
719f18d491dc,9xi492w5@axl,West Bengal,BOB,clean,individual,0
3b072969843b,4wrvmw10@axl,Telangana,HDFC,clean,individual,0
150beffac55e,zqu8w7i8@ibl,Rajasthan,SBI,clean,individual,0
229c2d61f0bc,ycap3oji@ybl,Gujarat,ICICI,clean,individual,0
295da255b97b,aajid6d4@ybl,Uttar Pradesh,Axis,clean,individual,0
1c7ebb3342ca,u01ws4fv@ibl,Uttar Pradesh,Axis,clean,individual,0
2a624aacb6ac,1o9qekqn@oksbi,Kerala,BOB,clean,individual,0
4f3c682c13e4,n0hf22sr@paytm,Maharashtra,BOB,clean,individual,0
60460e7530da,43jy1z5f@upi,Rajasthan,Axis,clean,individual,0
2100c30d485f,joo0anxr@apl,Haryana,BOB,clean,individual,0
107e8cb4aaca,e4ub2g9j@paytm,West Bengal,Axis,clean,individual,0
44f9c11307d7,gkx9t8y2@oksbi,Delhi,BOB,clean,individual,0
5e08912aae59,qcd8wu1j@okaxis,Gujarat,PNB,clean,individual,0
424646c8a2d6,sgjtnp2z@okaxis,Delhi,SBI,clean,individual,0
39e20335b457,0a99wkkt@apl,Kerala,Axis,clean,individual,0
73502a4ef164,b4gfpyn0@ibl,Bihar,PNB,clean,individual,0
6418726a200a,zyeazics@icici,Rajasthan,ICICI,clean,individual,0
39819327595a,nca6j3k4@icici,Haryana,ICICI,clean,individual,0
0607cddac23b,bxgfx49h@apl,Rajasthan,Canara,clean,individual,0
70dc5ec6bd4c,fa0c4xjh@ybl,Kerala,PNB,clean,individual,0
3fdfebbe2740,i2zqgrmr@ibl,Gujarat,SBI,clean,individual,0
149882995974,o6j7ic2e@ibl,West Bengal,HDFC,clean,individual,0
436186434d5c,ki0n4s2y@apl,Bihar,Kotak,clean,individual,0
3709fdb0e98e,4xoriw8m@ybl,Rajasthan,HDFC,clean,individual,0
54bbcc35d915,ekj74o5v@oksbi,Karnataka,Union,clean,individual,0
0d2f38b4df91,6y5t8g65@axl,Bihar,ICICI,clean,individual,0
0413cb0a98b1,kcj8cajl@ibl,Maharashtra,Kotak,clean,individual,0
3fe1ca34fd9c,ah6myfnl@axl,Gujarat,Canara,clean,individual,0
29c8d25c7600,77ewemo6@apl,Bihar,Canara,clean,individual,0
0b0b9d1c6eba,mbx6izuz@oksbi,Karnataka,Union,victim,individual,0
2bca6a3e8d49,xbhml9gh@apl,Gujarat,Kotak,clean,individual,0
00dc02979a50,8l3wd67a@axl,Maharashtra,HDFC,clean,individual,0
4bd1fdda61e2,hymlunci@icici,Telangana,Axis,clean,individual,0
73c37a4b86af,g3mry1rb@oksbi,Kerala,Axis,clean,individual,0
7b8a38bd4b64,ju38skh3@ybl,Karnataka,SBI,clean,individual,0
67418af66d2c,0a9vzd9o@oksbi,Haryana,Kotak,clean,individual,0
1b66c87090f2,spxze23a@apl,Bihar,Axis,clean,individual,0
2566d1124689,iv6z02le@paytm,Bihar,Canara,clean,individual,0
2dbc494d5c8f,p2hq26bn@oksbi,Rajasthan,Canara,clean,individual,0
2a666bfcdf5f,xavvt4do@icici,Telangana,Union,clean,individual,0
04cbf6b8005c,xtee43cp@paytm,Rajasthan,SBI,clean,individual,0
44de7b9d434c,3733yr6d@oksbi,Gujarat,Canara,clean,individual,0
6fc25184aacc,lo3mrati@paytm,Kerala,Axis,clean,individual,0
61fdbf403ae3,d4uwkymh@apl,Delhi,Kotak,clean,individual,0
4c5ad566db56,9uq69jis@ybl,Uttar Pradesh,BOB,clean,individual,0
7b231089226b,dyim1p3c@upi,Kerala,Union,clean,individual,0
0b616cf4383c,c0v7zxhv@ibl,Gujarat,Axis,clean,individual,0
470395b09ad0,u93i0975@ybl,Karnataka,BOB,clean,individual,0
3b57ca5b2742,0k2qv3kb@upi,Telangana,ICICI,clean,individual,0
6cfe05dbf044,r83bieky@paytm,Karnataka,PNB,clean,individual,0
70a62230cc22,xjl0ywon@upi,Uttarakhand,ICICI,clean,individual,0
3d563f6e9983,6geyf915@oksbi,Rajasthan,PNB,clean,individual,0
3fa006a9b63a,e1j0zflj@ibl,Uttarakhand,Axis,clean,individual,0
6f5f1cf6ec13,6pnwq4gn@paytm,Telangana,ICICI,clean,individual,0
14bac40f47dd,1c2q4z2x@ybl,Bihar,Axis,clean,individual,0
511ec6fe4128,52qp2fkf@paytm,Kerala,Union,clean,individual,0
4ca577e6f261,p2mlf32a@axl,Telangana,Canara,clean,individual,0
20f0dbf3944d,gxawk0u5@apl,Kerala,BOB,clean,individual,0
310f86a79ebe,o4qe1cui@icici,West Bengal,Axis,clean,individual,0
5d4b061f3a9a,7rspyrw0@okaxis,Maharashtra,SBI,clean,individual,0
19b7d00ecc9d,qwf2vbq6@paytm,Kerala,SBI,clean,individual,0
4c1931719cca,7e3fwjyd@ibl,Haryana,PNB,clean,individual,0
2da1c6126801,zexrwjd1@paytm,Karnataka,Axis,clean,individual,0
7f9d07747086,aws1hnh8@okaxis,Uttar Pradesh,Canara,clean,individual,0
04fe07da4f2e,l96upmji@ibl,Maharashtra,Union,clean,individual,0
6d031a2e1b53,lj2jyuae@ybl,Uttarakhand,BOB,clean,individual,0
562a77d19087,y5khapue@upi,Uttar Pradesh,HDFC,clean,individual,0
16f943e51928,dis1xp0a@upi,Kerala,HDFC,clean,individual,0
596846f816cf,kjrqyesd@axl,Uttar Pradesh,Canara,clean,individual,0
2f72cc3b57a7,0ihssjuh@icici,Tamil Nadu,SBI,clean,individual,0
745119bf2a00,mmd053fx@paytm,Telangana,BOB,clean,individual,0
703e8c176e78,wwrgah4y@axl,Haryana,SBI,clean,individual,0
5f76bea3b418,fepslyhm@ybl,West Bengal,BOB,clean,individual,0
515e05d19ecb,95cnet4q@apl,Telangana,Canara,clean,individual,0
49feb50a9e40,jtj0ilar@ybl,West Bengal,Canara,clean,individual,0
1baccb53c30e,xgdmgf4t@apl,West Bengal,BOB,clean,individual,0
38dc7dfbe0eb,7qf5ysjw@axl,Kerala,HDFC,clean,individual,0
50355daa6587,fgm3j8zc@oksbi,Kerala,PNB,clean,individual,0
213f357bffcb,wnzr57lz@paytm,Rajasthan,Axis,clean,individual,0
6b902d56827a,mt936nxs@axl,Rajasthan,Kotak,clean,individual,0
5dd5c6113d89,b9j2efbi@icici,Delhi,SBI,clean,individual,0
130da38f777a,1lmw971k@paytm,Maharashtra,Axis,clean,individual,0
0c59bc0dfa86,hwn1v6ln@ybl,Bihar,Canara,clean,individual,0
784e13b41dd8,klfv4dzb@apl,Haryana,Canara,clean,individual,0
44b168b4ce0e,7nk5t6bf@apl,Uttarakhand,Union,clean,individual,0
1788a2c6a118,j6uyk0ig@ybl,Karnataka,ICICI,clean,individual,0
631581040d63,6rxv2bmk@upi,Haryana,SBI,clean,individual,0
6cd6ded83ca8,9i1pqlg4@paytm,Tamil Nadu,Union,clean,individual,0
7049d0aa8f67,oco659ys@axl,Maharashtra,Union,clean,individual,0
591f7de33973,t6m4iokg@ybl,Delhi,ICICI,clean,individual,0
7a002b42ff5f,00m2eohv@ybl,Maharashtra,HDFC,clean,individual,0
5a9a08cf3498,yurn8w5j@upi,Rajasthan,BOB,clean,individual,0
232c32d8382c,jxy6okc9@okaxis,Karnataka,SBI,clean,individual,0
0e23f5cbbbd3,tn1pcyn0@ibl,Delhi,Canara,clean,individual,0
0a8b47c19d87,w47y7z79@ibl,Tamil Nadu,SBI,clean,individual,0
5f5ac4e6ae4e,xozycbdt@apl,Uttarakhand,PNB,clean,individual,0
219f4e247994,et1d30em@upi,Uttarakhand,Canara,clean,individual,0
3f3a9bab886b,dq2tuwix@icici,Karnataka,BOB,clean,individual,0
2b0d41e0352c,pn87dkk9@ybl,Tamil Nadu,Canara,clean,individual,0
254ca03335c4,0twmbji8@ybl,Uttarakhand,BOB,clean,individual,0
1c51a57d3c36,2l2ik7vs@upi,Uttar Pradesh,PNB,clean,individual,0
691b7c0c1dfc,zlc3qzg9@ybl,Uttar Pradesh,Union,clean,individual,0
5033f6f26fa6,mez1ctwg@paytm,Bihar,Canara,clean,individual,0
76ac8f55c394,8ptqkux4@ibl,West Bengal,PNB,clean,individual,0
0874e597ce4b,xzkmkzh2@oksbi,Uttarakhand,Union,clean,individual,0
6c61e30c0265,w67q6sbs@oksbi,Rajasthan,Axis,clean,individual,0
20480f74de28,h50aqg51@apl,Maharashtra,BOB,clean,individual,0
7bd61ca0cddc,jfquewj9@icici,West Bengal,Canara,clean,individual,0
08f1ca6a7a5d,gn6zqkpe@axl,Tamil Nadu,HDFC,clean,individual,0
6e1fc16f32b2,kyyh0ph4@okaxis,Bihar,Union,clean,individual,0
7e3e6db0e90a,h1o7f9gk@icici,Uttar Pradesh,Kotak,clean,individual,0
3b87dbf7241f,oukma519@apl,Bihar,Canara,clean,individual,0
139f78b217c1,0v973qyh@icici,Delhi,PNB,clean,individual,0
6f1d1945ba78,8fovjn55@axl,Telangana,Canara,clean,individual,0
3213b9068b1d,2ir5j7un@upi,Haryana,ICICI,clean,individual,0
3955138c89fe,nwhmjdjy@oksbi,Gujarat,Kotak,clean,individual,0
0cdd3e758144,kggpdxze@icici,Gujarat,Canara,clean,individual,0
4670821d6f9a,u62ye13x@paytm,Uttar Pradesh,BOB,clean,individual,0
147a1a380e2d,ozv2h3ih@icici,Uttarakhand,SBI,clean,individual,0
55978feff9d5,uvo6775j@axl,Kerala,Axis,clean,individual,0
439c47414a29,v1p61ff0@okaxis,Rajasthan,BOB,clean,individual,0
755dd9f35a71,brjrbg2l@okaxis,Rajasthan,Kotak,clean,individual,0
18ed36f83909,woy3dxzz@oksbi,Telangana,Axis,clean,individual,0
70a281cda6fe,cbxc7szi@upi,Uttarakhand,Axis,clean,individual,0
2d84a78fe569,yisp4sab@paytm,Gujarat,SBI,clean,individual,0
512c42792bf1,kywzxdwh@oksbi,Uttarakhand,Axis,clean,individual,0
6c0eb906e47c,qgkag8f4@upi,Delhi,Canara,clean,individual,0
4c10b64fc249,3mibpwy9@ibl,West Bengal,BOB,clean,individual,0
219577be0be1,h25pl9jw@okaxis,Rajasthan,PNB,clean,individual,0
0e709c8286da,al7kwr6r@ybl,Gujarat,Union,clean,individual,0
704bd740b27d,fptz0izy@ybl,Rajasthan,Union,clean,individual,0
214a219e98b4,tghi4eh5@ybl,Telangana,ICICI,clean,individual,0
42744112e5d0,657458v5@oksbi,Gujarat,ICICI,clean,individual,0
7a57031807a7,fmwejd3n@ibl,Maharashtra,Axis,clean,individual,0
1c1f207d584b,awawjlsg@apl,Haryana,Axis,clean,individual,0
5e024e70e246,1iu8gmvd@oksbi,Kerala,Kotak,clean,individual,0
3acb1b4ec693,07u3qob3@ybl,Haryana,HDFC,clean,individual,0
4693e6bb7d83,14r6ddj9@upi,Maharashtra,Axis,clean,individual,0
361ef259018c,sgcdybgy@axl,Kerala,Kotak,clean,individual,0
77b46a4c6199,q0341z8n@ybl,West Bengal,Axis,clean,individual,0
798ce2508538,08rgecc6@apl,Gujarat,Union,clean,individual,0
77d7e1fb3003,sz8ooti7@oksbi,Uttarakhand,Kotak,clean,individual,0
3bc58b0cd443,ub0buf3v@upi,Uttarakhand,ICICI,clean,individual,0
4e8f8add195c,rvahin9q@oksbi,Haryana,Union,clean,individual,0
3f02e76aa599,tazhslip@apl,Gujarat,BOB,clean,individual,0
3cb0e73de023,tgju8eax@apl,Haryana,Kotak,clean,individual,0
5a7c71c4e321,znvsx65l@paytm,Karnataka,Canara,clean,individual,0
70d739113951,b8ezv34p@upi,Rajasthan,HDFC,clean,individual,0
33ef0b4a4e67,qav8rqqe@paytm,Haryana,Canara,clean,individual,0
6872e05d1567,91gqstvd@axl,Maharashtra,Union,clean,individual,0
74878f927ac4,2v9evs7c@okaxis,Karnataka,BOB,clean,individual,0
269555ed7cc3,emzncfe9@upi,Bihar,BOB,clean,individual,0
5aef98cf587e,qxotf0bc@oksbi,Maharashtra,BOB,clean,individual,0
18a58c561da2,0zjzpc4l@upi,Telangana,Kotak,clean,individual,0
23030645d358,dxvpg5ny@axl,Bihar,Canara,clean,individual,0
732ff7d27c8f,xlze48d1@paytm,Bihar,PNB,clean,individual,0
07657346798c,cz47tn4q@oksbi,Haryana,Canara,clean,individual,0
6acc0a390571,obm6jchg@okaxis,Maharashtra,HDFC,clean,individual,0
69fb6cdea0f0,0dnbgan7@icici,Tamil Nadu,ICICI,clean,individual,0
26e41e3bdff3,ytigyfaq@axl,Kerala,PNB,clean,individual,0
1e27ea121807,vxlwnlfm@oksbi,West Bengal,Canara,clean,individual,0
44e7455c9e74,6mx6u6r8@apl,Uttar Pradesh,Kotak,clean,individual,0
5cecc8897cd2,4ld5yot4@oksbi,Bihar,HDFC,clean,individual,0
0d09e0d65bd5,uvxykb5e@paytm,Haryana,SBI,clean,individual,0
08b37195db8b,mvm3cdia@oksbi,Uttar Pradesh,BOB,clean,individual,0
38874cf4a88d,of7n8l2q@ybl,Tamil Nadu,HDFC,clean,individual,0
4b2bd5024c35,lcuseowo@okaxis,Telangana,Axis,clean,individual,0
1e82b7b61898,jktcqxzq@upi,Delhi,Union,clean,individual,0
2b78a65f6ca6,anixa2wo@ybl,Gujarat,Kotak,clean,individual,0
0e2e13743136,widniowf@icici,Karnataka,Union,clean,individual,0
215e2c39aeaa,ws3pine1@ibl,Rajasthan,Axis,clean,individual,0
4f8bf96833e3,utyq7d8i@icici,Delhi,Canara,clean,individual,0
0d682efb045b,a26kjv5b@paytm,Maharashtra,Kotak,clean,individual,0
08fc1864b28a,o6i451ly@okaxis,Bihar,Canara,clean,individual,0
47a3330634cf,hhavyh0i@axl,Uttar Pradesh,Kotak,clean,individual,0
2271e75b1747,rrw2b3je@oksbi,Rajasthan,Canara,clean,individual,0
0691c605e0f1,ahjzv3ac@apl,Haryana,PNB,clean,individual,0
1bc5f6777c47,z6kb2ecv@paytm,Rajasthan,Kotak,clean,individual,0
72c3519717e5,xtjbcprn@axl,Bihar,SBI,clean,individual,0
33d8e065ddd6,yo16de3e@apl,Tamil Nadu,Axis,clean,individual,0
5aec1c6c04ca,yfwppb4d@oksbi,Gujarat,BOB,clean,individual,0
1a11e8f98ccc,3e9k3166@apl,Kerala,PNB,clean,individual,0
4a79de559735,0q1mtinc@icici,Kerala,BOB,clean,individual,0
46be6c62c9f7,1d35bt7q@upi,Kerala,PNB,clean,individual,0
34d05a16ab01,ha8asswk@ibl,Gujarat,Union,clean,individual,0
059a5ea0b984,tby1dn05@paytm,Telangana,BOB,clean,individual,0
5e6d3fa32afe,jee97r1h@icici,Kerala,PNB,clean,individual,0
729ae5e88d5e,n9cpzmrg@axl,Telangana,SBI,clean,individual,0
6eb875d49614,sa2reect@apl,Karnataka,PNB,clean,individual,0
178198b47412,51xvl7hx@icici,Uttar Pradesh,SBI,clean,individual,0
2087087b1903,ivqneeku@ybl,Rajasthan,ICICI,clean,individual,0
3eaada68d3eb,zgattewi@okaxis,West Bengal,Union,clean,individual,0
19e2d62acf6f,ezo6o7fi@okaxis,Haryana,Canara,clean,individual,0
56ec176f6d86,o3vnu3cn@upi,Rajasthan,ICICI,clean,individual,0
31b2629fa427,d9nwo01g@ibl,Telangana,SBI,clean,individual,0
0f6407cb7a10,5vpfomsx@okaxis,Maharashtra,Kotak,clean,individual,0
36452b2e4cb3,6jrf7p3d@apl,Gujarat,Canara,clean,individual,0
64652eb910c9,rfoz2bm7@axl,Tamil Nadu,BOB,clean,individual,0
055721056ada,21useyr9@ybl,Uttar Pradesh,Kotak,clean,individual,0
6c4d87baff29,tmakjtv9@icici,Rajasthan,PNB,clean,individual,0
2450819a25ce,1ouidtkm@axl,Karnataka,PNB,clean,individual,0
5881c8ef38f4,z7eu6e2q@oksbi,Bihar,Kotak,clean,individual,0
50a890191b35,0dv41f2r@ybl,Gujarat,ICICI,clean,individual,0
478afbeeaeec,6e9jmm0c@oksbi,Haryana,BOB,clean,individual,0
602905ed4953,2rzhjwb6@apl,Kerala,ICICI,clean,individual,0
17adfc2f2d20,ahaibzdh@icici,Rajasthan,Axis,clean,individual,0
5886b53b11b4,3pe05qot@axl,Telangana,ICICI,clean,individual,0
4bf1850883cb,ajjl57nq@ybl,Maharashtra,PNB,clean,individual,0
44eb9eca04d3,rmew5ku9@axl,Uttarakhand,Axis,clean,individual,0
7530116886ec,sbi66tsl@ibl,Uttar Pradesh,PNB,clean,individual,0
5d7834a6bfc3,3bobfoqa@ybl,Karnataka,Union,clean,individual,0
381f2a672962,xj5gnq58@upi,Rajasthan,PNB,clean,individual,0
3646a2774222,iiwjq5fh@icici,Gujarat,Kotak,clean,individual,0
2a3d7d5b7e3d,056chwif@axl,Haryana,ICICI,clean,individual,0
2a514146cec7,alb9t3o4@upi,Maharashtra,SBI,clean,individual,0
60546b53fec1,hwioh6i2@ibl,Gujarat,Axis,clean,individual,0
405f7248dd91,abpgie8j@apl,Maharashtra,HDFC,clean,individual,0
2fc9b5cabe00,7bxd9k2l@upi,Uttar Pradesh,Axis,clean,individual,0
339f3e889a4b,i3m2wrz5@ibl,Uttar Pradesh,ICICI,clean,individual,0
22674a09bfd8,yyi56h2r@icici,Delhi,Canara,clean,individual,0
67079112f3c0,k1cffxqb@okaxis,Bihar,Axis,victim,individual,0
151d4abd2e6a,5r3ybvuf@okaxis,Kerala,PNB,clean,individual,0
717479ca5523,ihmtau3a@axl,Karnataka,Canara,clean,individual,0
16c92e99ae72,mhy08tqz@upi,Haryana,BOB,clean,individual,0
5623829b720b,tak5xfbg@ibl,West Bengal,ICICI,clean,individual,0
60b6a447ddc4,v78cwp4y@paytm,Kerala,SBI,clean,individual,0
018cd3612d0d,tpxp6lpg@apl,West Bengal,ICICI,clean,individual,0
7245bbc56d37,ju8v41nk@apl,Delhi,PNB,victim,individual,0
3ba3a62e861a,t32hz6rb@icici,Tamil Nadu,SBI,clean,individual,0
26921b8eaa0c,rcrjq46z@icici,Maharashtra,Axis,clean,individual,0
24d06dd3e528,lhaooz0a@paytm,Uttarakhand,Union,clean,individual,0
3191d69da532,0atjkn30@upi,Rajasthan,ICICI,clean,individual,0
67621bf030f3,heiojrj8@icici,Kerala,BOB,clean,individual,0
7d0798cb6615,qr3ndnoc@ibl,Gujarat,Canara,clean,individual,0
46bc293133f9,gdcpud6r@axl,Rajasthan,Axis,clean,individual,0
15700a6a22c7,lrfy4udf@apl,Kerala,Axis,clean,individual,0
5d3b6f11fb38,keq1k8ku@ibl,Uttar Pradesh,HDFC,clean,individual,0
16556d9587ef,l03lhhed@okaxis,Karnataka,PNB,clean,individual,0
2eba7bd64b04,h266vv31@apl,Bihar,ICICI,clean,individual,0
4996abed471d,bd27ii0w@oksbi,Uttar Pradesh,PNB,clean,individual,0
56e829978afd,h5zpay9g@ibl,Karnataka,HDFC,clean,individual,0
74132cef9be6,zashwx0y@upi,Uttarakhand,Axis,clean,individual,0
6ce5ba07f01f,v692d2c4@apl,Bihar,Canara,clean,individual,0
402dff6b553e,9b0r88w7@ybl,Gujarat,SBI,clean,individual,0
3b69bf90127b,z59nes7s@icici,Karnataka,Kotak,clean,individual,0
4307e0e85942,ax59gb4u@oksbi,Uttar Pradesh,Kotak,clean,individual,0
5a7f7eba57e3,48q8w8ta@ibl,Uttar Pradesh,Union,clean,individual,0
70a0f776566d,y5el3jj5@ybl,Uttar Pradesh,SBI,clean,individual,0
52952b450f28,j0f3uar7@paytm,Haryana,SBI,clean,individual,0
6263bdc01ff6,7zi86mp9@paytm,Haryana,BOB,clean,individual,0
581d8a2cbd26,nwwst1ho@upi,Telangana,Canara,clean,individual,0
6c493cc4c0b7,6qg5b971@icici,Rajasthan,ICICI,clean,individual,0
509231b06eac,oolz9mj3@okaxis,Haryana,BOB,clean,individual,0
5815ebae2d50,eeg4m2r5@icici,Rajasthan,BOB,clean,individual,0
00a9b35610ea,b9fubvjm@ybl,Uttarakhand,Union,clean,individual,0
4bda35429a16,u11fh7ep@upi,Tamil Nadu,Canara,clean,individual,0
258384e5dbb5,1f1v31xe@paytm,West Bengal,Union,clean,individual,0
0daa26e8750c,t4jph594@ybl,Rajasthan,Axis,clean,individual,0
4f2fb674c4e0,tav56ido@oksbi,Haryana,BOB,clean,individual,0
75175644c0b8,8b0c4khw@icici,Rajasthan,SBI,clean,individual,0
54301a3826c8,rhtek71e@oksbi,Haryana,Union,clean,individual,0
2a24922cf5a6,fs98dn58@oksbi,Telangana,Union,clean,individual,0
600b0552b0d4,6ssfjosa@oksbi,Uttar Pradesh,PNB,clean,individual,0
22caccd8f126,v67tecld@ybl,Telangana,Axis,clean,individual,0
336a73ccea1d,4l9ie2tk@ibl,Kerala,PNB,clean,individual,0
230c3f258eb1,rudelzpe@oksbi,Delhi,Canara,clean,individual,0
2d532a8c9dfb,qqf3uho3@apl,Bihar,PNB,clean,individual,0
15ab5938126d,jylkikcg@upi,Maharashtra,Union,clean,individual,0
70cd58e69104,jpw9kx48@okaxis,Uttar Pradesh,Kotak,clean,individual,0
59bc6513abaf,z5jbcs7g@icici,Karnataka,PNB,clean,individual,0
13f78dac4d02,fqnonhvd@upi,Uttar Pradesh,Axis,clean,individual,0
08133148d0e1,2lk2thvo@okaxis,Karnataka,Canara,clean,individual,0
320568ae70db,r154x5cg@oksbi,Maharashtra,BOB,clean,individual,0
7bd9420b9b8e,qvw4lq9s@ibl,Tamil Nadu,PNB,clean,individual,0
566310c11407,c34nvju9@ybl,Delhi,PNB,clean,individual,0
11b36465959f,kt4pu7ns@upi,Uttar Pradesh,Union,clean,individual,0
4a066d656971,1591frbg@ibl,Rajasthan,Axis,clean,individual,0
7b3ef974d00f,33ekwp3e@ybl,Haryana,PNB,clean,individual,0
2218ba969299,ln9c42dk@icici,Gujarat,BOB,clean,individual,0
2a5a2fb2636d,e2jvunka@apl,West Bengal,Union,clean,individual,0
49c7db3899ef,q8yh5mns@icici,Uttar Pradesh,Axis,clean,individual,0
38613d0b13bd,moqgkuoa@okaxis,West Bengal,ICICI,clean,individual,0
4ce3822c40d8,loszc31x@ibl,Kerala,BOB,clean,individual,0
0d56e2b47d31,70pzoe4f@upi,Kerala,Union,clean,individual,0
706305c72e17,os91pcnt@paytm,Bihar,ICICI,clean,individual,0
0ef30f3724ee,ihm1k2pf@axl,Telangana,Kotak,victim,individual,0
4b6cc37e8066,pcx8ymy8@paytm,Kerala,HDFC,clean,individual,0
54acf178fa5d,xec6pweb@oksbi,Uttarakhand,HDFC,clean,individual,0
280e73ebea12,llkmsrxy@okaxis,Tamil Nadu,Kotak,clean,individual,0
3724a33b74fa,9nauc1dg@icici,Delhi,Axis,clean,individual,0
6c565ccb90cd,bdyn1ljq@ybl,Rajasthan,PNB,clean,individual,0
7692ebd2773c,dqnvz5j2@apl,Uttar Pradesh,Axis,clean,individual,0
3d343bde79a6,phk50u8p@okaxis,Uttarakhand,HDFC,clean,individual,0
1455775004ca,6ya5wnjh@oksbi,Tamil Nadu,Kotak,clean,individual,0
4d5736a4af0f,qzz8sgti@paytm,Delhi,HDFC,clean,individual,0
285e95e48235,otz56a7j@axl,Karnataka,Axis,clean,individual,0
7122ad00a922,og084i3y@paytm,Rajasthan,PNB,clean,individual,0
554e942ca297,6lc2bfhm@upi,Delhi,Axis,clean,individual,0
0a8fbe4bf0c6,fu0os12q@apl,Haryana,Kotak,clean,individual,0
3f49dbde56ee,15hkkgmz@okaxis,Karnataka,HDFC,clean,individual,0
3c923120ba30,r5qtzdul@okaxis,Telangana,HDFC,clean,individual,0
3d85961ecfd3,f0f4zxpg@apl,Gujarat,Kotak,clean,individual,0
40826bde59be,wpgrmmi3@upi,Telangana,BOB,clean,individual,0
2c1062a2a204,hw44u5mn@upi,Bihar,Canara,clean,individual,0
1f16ee61fb6b,7z6owfjv@oksbi,Maharashtra,SBI,clean,individual,0
45b360ada39f,nwfoctt4@icici,Bihar,SBI,clean,individual,0
5230ea550556,2tuerxzm@apl,Uttar Pradesh,BOB,clean,individual,0
0996ccc9776c,jcjsfkh5@paytm,Delhi,Axis,clean,individual,0
69a37244c734,qtszh4cv@icici,Tamil Nadu,Canara,clean,individual,0
04216ae86c1a,qycothfx@axl,Maharashtra,SBI,clean,individual,0
5467e5e8a18c,7jyv4lej@ybl,Telangana,Canara,clean,individual,0
5622c43796dc,ashydb2w@paytm,Delhi,Kotak,clean,individual,0
4aaa46cc4848,xw9s6lcs@axl,Bihar,PNB,clean,individual,0
3d14b087701c,u3bjcq27@icici,Tamil Nadu,SBI,clean,individual,0
031431b6c4b3,supe2u0x@paytm,Tamil Nadu,Kotak,clean,individual,0
20544c7c9bb3,5wmjm8ou@ybl,Haryana,Axis,clean,individual,0
21ec1265606d,lfzmezy9@axl,Maharashtra,SBI,clean,individual,0
4eb057e5fbfc,5ta15ai9@ybl,Uttarakhand,PNB,clean,individual,0
5a71fe23d2e4,rs0lblwh@apl,Uttar Pradesh,BOB,clean,individual,0
0ad6e5861e64,7am9c7v7@icici,Delhi,ICICI,clean,individual,0
5d12016fe507,6jf7a00x@paytm,Maharashtra,Kotak,clean,individual,0
0cffb59f6e2d,jw3fdrt3@ibl,Delhi,BOB,clean,individual,0
495ca51b3af2,80vdmn1u@oksbi,Haryana,SBI,clean,individual,0
180cde784b5e,niilfrmp@oksbi,Rajasthan,Kotak,clean,individual,0
7276fbfa4784,bf3u9y4f@ybl,West Bengal,Kotak,clean,individual,0
2e99e8ec7061,hs3qiytg@upi,Telangana,ICICI,clean,individual,0
76f7a50c91c8,vl8ybro0@icici,Karnataka,HDFC,clean,individual,0
5e36f0067882,fv4cixi8@axl,Uttarakhand,Axis,clean,individual,0
0e0e194c09ab,11ij7uc4@axl,Delhi,ICICI,victim,individual,0
7d0c579eb3d1,155it0h4@ibl,Rajasthan,ICICI,clean,individual,0
119ecc2d79ff,nujba52v@apl,Gujarat,Kotak,clean,individual,0
3c240d118c4d,ftv3qnvs@paytm,Tamil Nadu,PNB,clean,individual,0
1977edc5b23f,ga03oaqj@oksbi,Delhi,BOB,clean,individual,0
736383002aab,r3e5fur8@oksbi,Karnataka,Kotak,clean,individual,0
580c0d6b282a,6xeattg6@ybl,Bihar,SBI,clean,individual,0
7dd5cdd3fd08,uzklqpsd@axl,Kerala,Kotak,clean,individual,0
06268d24e315,4if5sh4k@oksbi,Karnataka,BOB,clean,individual,0
4cec1c285a7b,kobmv80f@ybl,Bihar,Axis,clean,individual,0
08bcf3f8afec,onrkq53a@ybl,Uttar Pradesh,Axis,clean,individual,0
35606f3806f2,02idjzbh@icici,West Bengal,SBI,clean,individual,0
118cd19bcaba,5qcstkif@icici,Uttarakhand,HDFC,clean,individual,0
25dd7e67efef,efki82gq@paytm,Maharashtra,Kotak,clean,individual,0
40101407fbd7,rbkto2xb@apl,Delhi,PNB,victim,individual,0
33ca295eb0f2,phw0zy6o@upi,Bihar,Union,clean,individual,0
551a2751be7e,tfuckjze@upi,Uttar Pradesh,ICICI,clean,individual,0
4e581129cf61,ylq5jm7p@ybl,Rajasthan,ICICI,clean,individual,0
4951910f5484,64mrxnvc@icici,Telangana,Kotak,clean,individual,0
23ff00e49de0,vlufk84g@apl,Delhi,BOB,clean,individual,0
71f164151c64,1launjeh@apl,Maharashtra,BOB,clean,individual,0
1e994b5cf3e2,dhydjwbj@okaxis,Delhi,HDFC,clean,individual,0
583c95e7479f,juager35@upi,Telangana,SBI,clean,individual,0
3824b36b9941,sda64gmv@apl,Gujarat,Axis,clean,individual,0
6b4dc064dad4,0rgtb2mb@icici,Kerala,Canara,clean,individual,0
4b5ec80e8560,r8tjyu0x@oksbi,Gujarat,Axis,clean,individual,0
2623b5251648,mng8ya28@axl,Tamil Nadu,ICICI,clean,individual,0
1a5ef819812d,cu484b7t@okaxis,Uttar Pradesh,SBI,clean,individual,0
501ae5a14bf7,ddp3oau0@okaxis,West Bengal,Union,clean,individual,0
6fff7f4e421b,6xriimpz@ybl,Telangana,Axis,clean,individual,0
344acbdbe923,7r16ecb8@okaxis,West Bengal,SBI,clean,individual,0
7c0b8a829ce3,hupbn153@ibl,Uttarakhand,HDFC,clean,individual,0
2440917a0132,w45rjvj5@okaxis,West Bengal,PNB,clean,individual,0
43ff60857fcc,jnkeivmu@apl,Gujarat,HDFC,clean,individual,0
7f7f888dd406,3jee2o6n@ybl,Uttar Pradesh,PNB,clean,individual,0
1fba1c55fb55,6nlfoleg@icici,Karnataka,Axis,clean,individual,0
59b61e34b1e2,vzti8qxy@ibl,Maharashtra,SBI,clean,individual,0
6af8ca9bb124,sxqcg3fp@paytm,Uttarakhand,Kotak,clean,individual,0
52692ffe4538,xz7m0rny@ibl,Uttarakhand,Union,clean,individual,0
4054a5bdb140,y55wk9ou@axl,Tamil Nadu,HDFC,clean,individual,0
74f84eac5d45,2dvs42bo@ybl,Uttarakhand,SBI,clean,individual,0
6854f3b4550c,ojkje00q@paytm,Uttarakhand,PNB,clean,individual,0
1e834341945a,99sculh5@axl,Haryana,SBI,clean,individual,0
1d00ddc47169,5qdepjuv@oksbi,Gujarat,Axis,clean,individual,0
2edf60277bd7,ncc2aa59@ibl,Haryana,Canara,clean,individual,0
648f767f345b,9be6lmgs@ybl,Maharashtra,Union,clean,individual,0
7482b830f2cf,djk433ml@axl,Karnataka,Kotak,clean,individual,0
3458cc25cb92,ehcdp1m2@icici,Bihar,HDFC,clean,individual,0
53ea1b544e9b,oxr3g3w4@ybl,Telangana,Union,clean,individual,0
0fb37fe7b928,j7e42abv@ibl,Bihar,Canara,clean,individual,0
625d7c52cc28,6n1bk3fk@upi,Uttarakhand,Canara,clean,individual,0
04749937b65e,ajyjuwta@upi,Kerala,HDFC,clean,individual,0
0824dbfcd2ff,gt0i8g5q@apl,Gujarat,Canara,clean,individual,0
76a923d50453,jjbprsi5@okaxis,Gujarat,SBI,clean,individual,0
0a4020f53921,kedx9cr5@icici,Uttarakhand,SBI,clean,individual,0
58837fdf024c,jieoupqr@oksbi,Karnataka,ICICI,clean,individual,0
0b12544b3e2a,dh8ph7gm@axl,Kerala,HDFC,clean,individual,0
4ab281c6fe4e,7ii0xnnt@paytm,Tamil Nadu,Axis,clean,individual,0
0a60201ac4d0,0y48ilok@axl,Karnataka,HDFC,clean,individual,0
299c89b3e36c,lpjlki4v@paytm,Rajasthan,Canara,clean,individual,0
065e9b8f9311,l8bbkczs@upi,Telangana,Union,clean,individual,0
4deb318466df,gvghtlqn@axl,Bihar,SBI,clean,individual,0
1dd6acecd90b,mbl428xl@apl,Uttarakhand,Axis,clean,individual,0
795932aa20ef,ija1ceqi@ybl,Tamil Nadu,Union,clean,individual,0
50c9dc718334,9wppa50z@okaxis,Gujarat,BOB,clean,individual,0
127addd1ed30,ktmocb7r@oksbi,Maharashtra,Kotak,clean,individual,0
087709af424d,xxjca9df@ybl,Telangana,Kotak,clean,individual,0
2b1a883dca09,0bipl2y6@axl,Karnataka,Canara,clean,individual,0
24e0620ee28c,mo2y0ia4@upi,Rajasthan,ICICI,clean,individual,0
28324405aecd,gw78q7w1@icici,Haryana,Axis,clean,individual,0
791b5dc6a96d,pa0d2ypn@icici,Uttarakhand,Canara,clean,individual,0
57c38863e37c,tsvezbnr@paytm,Uttar Pradesh,Canara,clean,individual,0
76f102fe8ca5,xc64eqb8@icici,Rajasthan,Kotak,clean,individual,0
6cd698411aa0,n4zn5du0@icici,Bihar,Axis,clean,individual,0
307b3c9b9db8,zoczrt40@upi,Uttarakhand,Union,clean,individual,0
750b5479a590,u342a2az@upi,Uttarakhand,ICICI,clean,individual,0
6fbcef7b15b0,10cixw66@ybl,Haryana,PNB,clean,individual,0
3dabc2c722ea,nqmwrl8f@axl,West Bengal,ICICI,clean,individual,0
578ada12ed1e,pnn4j225@axl,Karnataka,SBI,clean,individual,0
7d9292e5bb0b,7pwgduvn@apl,Karnataka,BOB,clean,individual,0
6dad9e5d8598,oe33kaqi@axl,Telangana,Union,clean,individual,0
3896695cd115,1tyd4d2k@axl,Kerala,ICICI,clean,individual,0
2d7faea5d21a,kuw1y3mk@icici,Karnataka,BOB,clean,individual,0
57f5a6227e95,0xcrani8@oksbi,Uttarakhand,HDFC,clean,individual,0
0678ba7da0e8,3mcduhcp@okaxis,Haryana,Union,clean,individual,0
33d8bca13e08,5pj0y1oe@upi,Haryana,BOB,clean,individual,0
54538d27d481,adrk8bys@ibl,Delhi,Kotak,clean,individual,0
071a5d7c9003,jyg7h3ng@icici,Maharashtra,Axis,clean,individual,0
5ac874151c9e,iosflgz1@ibl,Gujarat,BOB,clean,individual,0
7e57fe741089,knjjpxuz@ibl,Rajasthan,Axis,clean,individual,0
245b0d54f18d,fd59mi2l@okaxis,Tamil Nadu,SBI,clean,individual,0
69ff74e68976,69tqogv7@okaxis,Telangana,Union,clean,individual,0
1be761fc9b49,wjdxgpds@upi,West Bengal,BOB,clean,individual,0
08b4302763b6,w480jemk@oksbi,Kerala,PNB,clean,individual,0
7df0c0d5b44b,9lumxard@oksbi,Tamil Nadu,PNB,clean,individual,0
7dffed0a3110,lltfhyb1@axl,Gujarat,HDFC,clean,individual,0
114c01e0befa,7i9h87ag@upi,Uttarakhand,Kotak,clean,individual,0
486799ffd7c3,l9mr7p6p@ibl,Bihar,BOB,clean,individual,0
11dd15ae2ed7,ocoxc060@okaxis,Uttarakhand,BOB,clean,individual,0
16ae558fcd75,o0pa77qe@upi,Delhi,Union,clean,individual,0
6e673e8fb9d4,iv7i90fp@ibl,Rajasthan,Kotak,clean,individual,0
7868a7d05438,i92r64f3@axl,Rajasthan,PNB,clean,individual,0
4d4142c513ec,sluicpzx@paytm,Rajasthan,HDFC,clean,individual,0
2c6480fe2441,zq1g9gh9@okaxis,Gujarat,ICICI,clean,individual,0
7cc099e64729,s6a1plhy@ybl,Kerala,HDFC,clean,individual,0
3671ef8f2443,wpq53xu8@okaxis,Rajasthan,Union,clean,individual,0
190262c6569a,x9j4ivkw@axl,Bihar,SBI,clean,individual,0
6984dd5b721b,pk4upuxj@ybl,Maharashtra,SBI,victim,individual,0
0dc1903ae057,tmm6oc2g@icici,Uttarakhand,Kotak,clean,individual,0
1c34af586a31,pki093j3@axl,Rajasthan,Kotak,clean,individual,0
77b8335f58e5,07mk5qbw@ybl,Delhi,Axis,clean,individual,0
59161ed9245f,y7a90rvn@upi,Maharashtra,Kotak,clean,individual,0
76d681693474,w6mg9zk7@axl,Maharashtra,Axis,clean,individual,0
22f361db9f21,1qpezukr@icici,Kerala,SBI,clean,individual,0
2246a4479476,pnxkga1h@oksbi,Telangana,Union,clean,individual,0
304bcb714d9a,y8pim2fv@oksbi,Haryana,Union,clean,individual,0
3a424a095867,xho5dzlz@apl,Uttarakhand,PNB,clean,individual,0
5d92507c51d6,i4xjl5x1@oksbi,Maharashtra,Axis,clean,individual,0
55ca4b2ee0b4,emxgre1y@ybl,Haryana,Canara,clean,individual,0
2c26012eca40,ai8je2c9@apl,Tamil Nadu,Union,clean,individual,0
630bfe97c268,wo0su6m1@ibl,Tamil Nadu,PNB,clean,individual,0
63aa97d1c730,q6y9869f@axl,Bihar,PNB,clean,individual,0
275ecbc4198c,pg9xa1g4@upi,Haryana,HDFC,clean,individual,0
2ad0089f174c,k5ta8m1o@okaxis,Karnataka,HDFC,clean,individual,0
6be0c2d9ce77,612kho7v@apl,Haryana,Canara,clean,individual,0
35b93139eaee,iia9i03j@apl,West Bengal,Kotak,clean,individual,0
346d9fefa061,m1zrmckw@axl,Bihar,Canara,clean,individual,0
7fa090bb5690,c7l89r8s@ibl,Delhi,BOB,clean,individual,0
4e6b49b44a8f,c27wmi6r@axl,Rajasthan,HDFC,clean,individual,0
45800f8b94ab,wveob8bq@upi,Telangana,Axis,clean,individual,0
6afbd94ca80d,4e5nmptt@ybl,Haryana,Axis,clean,individual,0
27048cae20d9,vrlatcdj@upi,Tamil Nadu,Kotak,clean,individual,0
529e2492c338,ju60ker1@upi,Uttar Pradesh,ICICI,clean,individual,0
33253216509c,yf7r3w9y@paytm,Bihar,Canara,clean,individual,0
6f8df521739a,86r3ydwe@icici,Gujarat,HDFC,clean,individual,0
5389c9150bc5,tl5b20d9@okaxis,Bihar,Canara,clean,individual,0
60a82aab9539,nweers79@axl,Tamil Nadu,PNB,clean,individual,0
3de9c90cc2b2,3r4schxj@axl,Kerala,ICICI,clean,individual,0
5a357c32ac0d,7holmke8@icici,Telangana,Union,clean,individual,0
3e2f80d2e600,po87ww45@ibl,Karnataka,PNB,clean,individual,0
1612011975c0,uvxej4vs@apl,West Bengal,Union,clean,individual,0
7416707e578e,c65nc8y8@okaxis,Uttar Pradesh,Kotak,clean,individual,0
4fe958812ee2,h7wgb4ye@axl,Tamil Nadu,ICICI,clean,individual,0
24705ef4c80b,kmudnf2h@icici,Rajasthan,PNB,clean,individual,0
539741cd363f,3k79ggab@ybl,Uttarakhand,BOB,clean,individual,0
2af155dde0a0,gwe6pqm3@ybl,Tamil Nadu,PNB,clean,individual,0
39bbca23eeef,q28ona45@ibl,Gujarat,HDFC,clean,individual,0
24fa50e766d0,dfbnlkgd@ibl,Uttar Pradesh,BOB,clean,individual,0
1444c8ac0ca7,pg7knfpv@apl,Haryana,HDFC,clean,individual,0
3c39634e57b4,3t2xwf2b@okaxis,Maharashtra,BOB,clean,individual,0
42e7ebd14e5b,l09cy4qb@ibl,Gujarat,Kotak,clean,individual,0
696655912a35,vfygm0b3@oksbi,Karnataka,PNB,clean,individual,0
0a9b0a8e3a81,hbsizlkc@ibl,Bihar,BOB,clean,individual,0
73d502788624,8v3pm8k2@apl,Tamil Nadu,SBI,clean,individual,0
00b19cf308cd,zmy2cp2d@paytm,West Bengal,Kotak,clean,individual,0
0a59350bcd7a,gqo4jam4@icici,Karnataka,Canara,clean,individual,0
5a5b261d6bce,d00zetvi@paytm,Maharashtra,PNB,clean,individual,0
2364f8167be6,paqmyc6e@upi,Delhi,HDFC,clean,individual,0
28e1227f3395,ubjhmw14@icici,Uttarakhand,PNB,clean,individual,0
59e261e7619b,01cqwzcv@axl,Gujarat,HDFC,clean,individual,0
03246a184b91,qg2utcu9@axl,Tamil Nadu,SBI,clean,individual,0
6bfe13d3f57c,ywapblcv@apl,Maharashtra,Kotak,clean,individual,0
72c0b6344c84,2vsh4i49@upi,Bihar,ICICI,clean,individual,0
65c2c0c7d614,pgjbhu0g@icici,Haryana,Union,clean,individual,0
2db8a154c539,tlbcc9kl@okaxis,Haryana,SBI,clean,individual,0
7ade707fcf16,i648vk1v@ybl,Haryana,SBI,clean,individual,0
2dbacf925ab2,w6lz2vkb@paytm,Bihar,ICICI,clean,individual,0
4ed5abe8d871,xni6wdyj@apl,Haryana,SBI,clean,individual,0
5d391af403e1,zw4gn7vd@ybl,Maharashtra,ICICI,clean,individual,0
4b5cc34ca6b4,4l2nxyel@oksbi,Gujarat,Canara,clean,individual,0
67d2a5e18433,gs5zgltc@upi,Gujarat,Axis,clean,individual,0
5d798dcea2ed,7z41y5ka@oksbi,West Bengal,HDFC,clean,individual,0
33cd9c0cb940,ckl5g1yr@ibl,Bihar,Kotak,clean,individual,0
79d858e8707c,ywwryk1p@apl,Gujarat,Canara,clean,individual,0
2b83ad697a80,1ib7x67p@okaxis,Gujarat,PNB,clean,individual,0
7cd5f39019ea,e28aw2sv@apl,Uttarakhand,Canara,clean,individual,0
6c2675438b3e,wsw83s12@axl,West Bengal,Axis,clean,individual,0
08bd1bc21d19,3ud7pan3@icici,Uttar Pradesh,Union,clean,individual,0
113969262741,tsv4tni1@icici,Tamil Nadu,ICICI,clean,individual,0
2a97bdce9a22,qzkup9r5@paytm,Kerala,BOB,clean,individual,0
69d4b9c3b76c,0yrjyuyp@oksbi,Telangana,BOB,clean,individual,0
1d55272ce938,l0cstio4@ybl,Bihar,ICICI,clean,individual,0
7c47b92bb8b2,icduczne@icici,Gujarat,Canara,clean,individual,0
4572c0f9faa8,h5ilf8fk@upi,Delhi,SBI,clean,individual,0
43610309c32d,e1syzatp@upi,Telangana,Axis,clean,individual,0
137063701710,se845bde@axl,Gujarat,SBI,clean,individual,0
2b6233a26cfd,771qyzon@oksbi,Haryana,BOB,clean,individual,0
1a67e360052e,lww5uo6w@ibl,Uttar Pradesh,Canara,clean,individual,0
78cf5f06c164,4etf8dtm@ibl,Rajasthan,Canara,clean,individual,0
397847a58236,fpyid62p@upi,Kerala,HDFC,clean,individual,0
5964e22d18cd,isduyjkp@apl,Uttarakhand,BOB,clean,individual,0
6ca06e5538e6,5n5qf190@ybl,Gujarat,Union,clean,individual,0
6555b4638304,y2w8hfnx@paytm,Tamil Nadu,Kotak,clean,individual,0
07ded3a64c1d,xoazo25y@oksbi,Karnataka,Union,clean,individual,0
3c549eaa09ad,q7lfmvi7@oksbi,Bihar,Axis,clean,individual,0
1b27c79e2762,uxkdl6l4@ibl,Maharashtra,SBI,clean,individual,0
6017b8cd4458,7u2ngx9u@okaxis,West Bengal,HDFC,clean,individual,0
4937a49f4e46,1rvy585s@apl,Rajasthan,ICICI,clean,individual,0
3e4947867f04,j00xj3dd@axl,Karnataka,Union,clean,individual,0
5db7a4bf94c2,xmbdlhmn@ybl,Uttarakhand,SBI,clean,individual,0
1a1ad333c6e5,yf7a1nf0@icici,Uttar Pradesh,Union,clean,individual,0
3be13f0775d9,vwbjgd8h@axl,Rajasthan,PNB,clean,individual,0
4e8070f4ff6d,a3uib2yx@paytm,Telangana,Kotak,clean,individual,0
15ef6ca45361,kh8s25fu@ibl,Delhi,ICICI,clean,individual,0
150a4ae06daa,60sliudl@ybl,Bihar,BOB,clean,individual,0
11de8de75962,v0kmq7k3@paytm,Uttarakhand,ICICI,clean,individual,0
290b1480af2c,k8chjk4o@axl,Karnataka,BOB,clean,individual,0
3423f474710a,imt0nxy3@apl,Gujarat,ICICI,clean,individual,0
1eabe2b637b9,3o53ba7t@paytm,Kerala,HDFC,clean,individual,0
6f18a8aa4f14,hm214s8v@ibl,Delhi,HDFC,clean,individual,0
0ac11bc3748b,h6sx2f8d@ybl,Rajasthan,SBI,clean,individual,0
004f37dae02b,wrgxktdu@icici,Karnataka,Kotak,clean,individual,0
4ef6ab7d1527,jndxk096@paytm,Telangana,Axis,clean,individual,0
33999d3c670c,ig3en1n3@paytm,Maharashtra,PNB,clean,individual,0
2d38224e1c1f,b0fef49i@upi,Telangana,HDFC,clean,individual,0
7425a9ccec6d,t1riomex@oksbi,Telangana,Union,clean,individual,0
783ea95ecb91,27ja9zna@upi,Gujarat,Kotak,clean,individual,0
37ac5926d4fa,odm7aldn@apl,Maharashtra,HDFC,clean,individual,0
0783c1fc80c3,e9nqkfzx@okaxis,Kerala,SBI,clean,individual,0
7f7ca2603b71,tmtl9pse@paytm,Haryana,Canara,clean,individual,0
7aa20c6bca1c,on9ovahi@apl,Uttarakhand,Axis,clean,individual,0
6da1dca054d0,rcuf3urb@apl,West Bengal,Kotak,clean,individual,0
2d1fefe39cf6,4ch9c8y3@okaxis,West Bengal,ICICI,clean,individual,0
33831aa2f29c,qchg2m5z@paytm,Telangana,Canara,clean,individual,0
255488035374,x9sy28h0@paytm,Rajasthan,SBI,clean,individual,0
07a8eb4bfef1,r33ug8yq@ibl,Delhi,BOB,clean,individual,0
7a549603a063,sbe0drg5@axl,Karnataka,Axis,clean,individual,0
75a8bf6f01a6,kl6cseyv@icici,Uttarakhand,PNB,clean,individual,0
0b303884307f,ea4eja4n@apl,Uttar Pradesh,PNB,clean,individual,0
344f8ba36f99,5d6k7w9v@ybl,Uttarakhand,PNB,clean,individual,0
50b545fc9f37,4gv72tcb@ibl,Kerala,PNB,clean,individual,0
19f638f65ff2,01hhplkr@ibl,Tamil Nadu,Canara,clean,individual,0
2b96bb64c554,q63kwaqs@icici,Telangana,BOB,clean,individual,0
1517947eb97b,5qaxjvhw@axl,Tamil Nadu,PNB,clean,individual,0
546f89e25b61,mln6bwu1@okaxis,West Bengal,Kotak,clean,individual,0
74fcafa2846c,hpgaxud8@apl,Karnataka,BOB,clean,individual,0
310d0742dba2,prrcncmm@axl,Tamil Nadu,Axis,clean,individual,0
2ecb3115eeaf,g1s3gv1p@axl,Haryana,PNB,clean,individual,0
580e3a8ef5ce,m46v9gry@ibl,Uttar Pradesh,ICICI,clean,individual,0
3c49229ca864,u90lvdct@oksbi,Bihar,Union,clean,individual,0
338484979943,1etubvk1@paytm,Bihar,HDFC,clean,individual,0
2805f130ce44,qumwpt87@paytm,Delhi,BOB,clean,individual,0
5de53e1236f4,aiet4cvf@apl,Rajasthan,Union,clean,individual,0
11bc4d08d7d3,y54prble@apl,Maharashtra,BOB,clean,individual,0
7f4485b1eed1,y12qvifr@paytm,Tamil Nadu,Union,clean,individual,0
0ded50c51aac,e2zai0l0@apl,Karnataka,Axis,clean,individual,0
2c9d60a3b6cb,etftzvdb@axl,Gujarat,PNB,clean,individual,0
535b8cb30327,21lsreix@ibl,Kerala,SBI,clean,individual,0
197471dc68c3,kpxot1r2@icici,Delhi,BOB,clean,individual,0
3bf443b072a2,x5sdwl8s@axl,Gujarat,SBI,clean,individual,0
51ed31abc917,awr4izie@upi,Gujarat,Axis,clean,individual,0
54911fd91724,ho0nmjvo@ibl,Tamil Nadu,Union,clean,individual,0
781a0df22f98,9u8zhirb@oksbi,Tamil Nadu,PNB,clean,individual,0
019169e21ddd,zm2zbpz9@okaxis,Gujarat,Axis,clean,individual,0
3df319bb7672,t5qymnle@ibl,West Bengal,PNB,clean,individual,0
7220040f2046,95m8q5o0@ibl,Maharashtra,HDFC,clean,individual,0
4477ac53c207,2zty5ywa@okaxis,Maharashtra,ICICI,clean,individual,0
20cc842fe934,mio9mia8@axl,Telangana,Union,clean,individual,0
4eceda63b389,4qb6dvtz@apl,Rajasthan,BOB,clean,individual,0
53d87f81f69d,91s173ep@ybl,Telangana,SBI,clean,individual,0
08f3b22feecc,d1qv70pu@upi,Kerala,Kotak,clean,individual,0
15bb29cc6d36,20oey21d@upi,Tamil Nadu,PNB,clean,individual,0
23f850049296,44ep81zs@paytm,West Bengal,Union,clean,individual,0
11ea97942c3a,vagrtjya@apl,West Bengal,HDFC,clean,individual,0
2ab797b4de80,axbpxjki@ybl,Bihar,BOB,clean,individual,0
7edcfc7e192e,rohvza6n@ibl,Tamil Nadu,Canara,clean,individual,0
4b3092133156,580pj7rg@paytm,Gujarat,SBI,clean,individual,0
1f608e7d83b1,pj1xdarq@paytm,Uttar Pradesh,HDFC,clean,individual,0
522f9b4a51c1,2uzuq0c7@apl,Bihar,HDFC,clean,individual,0
21a2f656c257,sw251q2u@axl,Uttar Pradesh,PNB,clean,individual,0
72e10e17d144,awt42xh1@ibl,Bihar,ICICI,clean,individual,0
60236c8f49fd,oprr5v91@icici,Uttar Pradesh,BOB,clean,individual,0
6c978827c873,pvhima41@paytm,Rajasthan,BOB,clean,individual,0
4a405b6a2ab8,0ezztjxj@oksbi,Uttar Pradesh,Kotak,clean,individual,0
5077103594a6,mjce3x1e@upi,Uttarakhand,HDFC,clean,individual,0
62cfaf2751a8,gj6uidf8@apl,Rajasthan,BOB,clean,individual,0
2cbbd8eb4b7f,0xqk3ofu@ybl,Telangana,ICICI,clean,individual,0
744d25dfd3e9,fl934kqe@axl,Uttar Pradesh,SBI,clean,individual,0
48020f06dfcd,vkg67bc5@oksbi,Karnataka,Kotak,clean,individual,0
248fc59cabf2,ym722id7@oksbi,West Bengal,Kotak,clean,individual,0
5bc0bf74d04e,z534c8jh@apl,Maharashtra,Kotak,clean,individual,0
41e259e3ecfc,3kaqhwyl@apl,Bihar,Axis,clean,individual,0
757509434c69,iskoeo0m@ibl,Uttarakhand,HDFC,clean,individual,0
1d9d41ef1df6,p57xx1dw@okaxis,West Bengal,Kotak,clean,individual,0
01c7bbe9eeee,56gditdl@ibl,Maharashtra,Kotak,clean,individual,0
06da70c345eb,jwn6zl38@upi,West Bengal,Axis,clean,individual,0
11ebd278a8eb,vy52ierb@upi,Haryana,BOB,clean,individual,0
0c0e2e11ea78,v9ccwytd@apl,West Bengal,SBI,clean,individual,0
744c91e603ad,g9s1xlm9@icici,Delhi,PNB,clean,individual,0
54a6be796dda,z84hxohu@okaxis,Uttarakhand,HDFC,clean,individual,0
37675adddb40,tn2op2bc@oksbi,Karnataka,SBI,clean,individual,0
10aed2888847,0g3xugc8@ibl,Gujarat,Kotak,clean,individual,0
7a206812cb09,wz9v3ljv@okaxis,Tamil Nadu,Kotak,clean,individual,0
67eb01d0e632,osxbzqfm@axl,Telangana,ICICI,clean,individual,0
7b3915a76e8c,jwd8e36r@paytm,Maharashtra,Kotak,clean,individual,0
4b3e775e559b,wang7zsy@ibl,Rajasthan,PNB,clean,individual,0
3a18894b66ba,mryasfxg@ybl,Bihar,ICICI,clean,individual,0
2ca6a28c45e0,mbhnws8f@icici,Karnataka,HDFC,clean,individual,0
3c4bdd543763,qzwifgoj@paytm,Karnataka,SBI,clean,individual,0
23c6d6ead958,zdjjnykv@okaxis,West Bengal,BOB,clean,individual,0
16405734c625,wmldpep6@icici,Tamil Nadu,PNB,clean,individual,0
6e880b4196f3,jdhkjh43@ibl,Karnataka,Union,clean,individual,0
0f588d34df4b,a18u4s5p@oksbi,Telangana,SBI,clean,individual,0
33b1001a0321,90uc84it@ibl,Delhi,Union,clean,individual,0
4125df3cee24,uw82z4bz@oksbi,Tamil Nadu,SBI,clean,individual,0
056decc84eeb,47aj1hwx@ybl,Maharashtra,BOB,clean,individual,0
4a2e6138e86c,i5bvwqn8@icici,Maharashtra,PNB,clean,individual,0
723a06871277,gj33hh39@okaxis,Bihar,PNB,clean,individual,0
4db9038d7869,6sexjeb6@ibl,Uttarakhand,Canara,clean,individual,0
1cd4d94f44e8,h31tsgly@apl,Kerala,HDFC,clean,individual,0
5ab07c90275c,fdwuuvy8@oksbi,Telangana,ICICI,clean,individual,0
77cd0fe63f72,q36bnumf@icici,Karnataka,Axis,clean,individual,0
1fa66825d0c4,8z8wkivr@icici,Telangana,ICICI,clean,individual,0
2dcbbe6de37b,446ric81@paytm,Uttarakhand,PNB,clean,individual,0
22d193684357,e0nva5xq@paytm,Tamil Nadu,Canara,clean,individual,0
48b1e9377b8f,69vmbekz@ybl,Maharashtra,PNB,clean,individual,0
6d674de55c93,n3xlgb8o@icici,Maharashtra,HDFC,clean,individual,0
1e925caf99a0,key4vt35@icici,Haryana,ICICI,clean,individual,0
7812c7883c1c,2u890sab@ybl,Karnataka,ICICI,clean,individual,0
5920561ba2d7,l2ycatia@paytm,Maharashtra,PNB,clean,individual,0
3749ee44c9ce,eli12zmi@icici,Bihar,Canara,clean,individual,0
1e011e6a479d,b72ku8yo@icici,West Bengal,Axis,clean,individual,0
17397eefd29d,du1eebc0@upi,Bihar,HDFC,clean,individual,0
3027215fe38c,7a3c94m7@icici,Karnataka,BOB,clean,individual,0
12d951cb1e62,taxo1ss2@ybl,Kerala,BOB,clean,individual,0
54e3e2179ff3,x5wyqvve@paytm,Telangana,Union,clean,individual,0
0e7624d22615,40qanzln@icici,West Bengal,ICICI,clean,individual,0
5e1ae3aef17b,s2w4hvcw@apl,Maharashtra,Union,clean,individual,0
09ed690fd9c7,anxxsj7y@ibl,Gujarat,SBI,clean,individual,0
23741a0b0147,2qwfdb9e@upi,Haryana,Union,clean,individual,0
16cbdf0735f1,th5crptq@paytm,Delhi,ICICI,clean,individual,0
190af77b529d,qxj8k229@apl,Haryana,BOB,clean,individual,0
75fe60003e5a,bho9rsiu@icici,Telangana,Canara,clean,individual,0
4755cdf2c962,nazom6ya@apl,Delhi,PNB,clean,individual,0
098f78599233,ymfz3zgs@icici,Rajasthan,Axis,clean,individual,0
68760f80b7bb,fu6h3iog@icici,Delhi,PNB,clean,individual,0
1b8c82028d10,d4sya3fb@paytm,Bihar,Union,clean,individual,0
405c773fb78d,77gtn1gp@apl,Haryana,Union,clean,individual,0
7739d48ee1ab,o1eu6ho6@apl,West Bengal,SBI,clean,individual,0
301cd1ebbf7c,b94mhmv1@ybl,Delhi,Union,clean,individual,0
013e6f594234,wuu1pyps@oksbi,Gujarat,SBI,clean,individual,0
24ada23d82cb,h9jzxdtw@upi,Uttar Pradesh,Kotak,clean,individual,0
790bfb066f23,oj6u98qj@ibl,Rajasthan,SBI,clean,individual,0
55b243c92611,x90dnt7t@upi,Kerala,Axis,clean,individual,0
51c81591b9d9,i7yw4s4m@icici,Gujarat,PNB,clean,individual,0
4f62d38d4fff,k1vzhzbh@axl,Bihar,ICICI,clean,individual,0
582b5b3ce113,l7ttq67o@ibl,Bihar,HDFC,clean,individual,0
0a4a12c9b0ed,ymfv9jbf@apl,Bihar,HDFC,clean,individual,0
4521b18b81c5,h54jhzo7@axl,Tamil Nadu,ICICI,clean,individual,0
0abca8d6870f,z84ifg5z@okaxis,Delhi,ICICI,clean,individual,0
7b96adbedc82,kh1lq689@ybl,Gujarat,Axis,clean,individual,0
4c8e740e41cf,rxak219t@okaxis,Bihar,Axis,clean,individual,0
7a976573142a,1n54grcx@okaxis,Telangana,SBI,clean,individual,0
2f171c868721,ylr174tg@axl,Uttarakhand,Axis,clean,individual,0
55ab6e735b2c,4vcxngft@oksbi,Haryana,ICICI,clean,individual,0
3e7f13bc8924,hyp8bgsf@paytm,Tamil Nadu,Union,clean,individual,0
54fbb580e53f,knw6l38d@oksbi,Uttar Pradesh,Axis,clean,individual,0
53397d34bf8c,6sj5vptk@oksbi,Maharashtra,Canara,clean,individual,0
37331afa2e2d,h2900dob@ibl,Uttarakhand,HDFC,clean,individual,0
12f5f46aa548,x7r9g474@oksbi,West Bengal,Union,clean,individual,0
5b9efc3107e1,sy2ybkur@paytm,Tamil Nadu,Kotak,clean,individual,0
78c64ba88d00,bh1advwb@apl,Haryana,Axis,clean,individual,0
305fc4864886,yayqzjep@paytm,Delhi,SBI,clean,individual,0
703b0607d45a,pl1d29sv@oksbi,Maharashtra,Canara,clean,individual,0
0eeaae7af4ec,1w7dahdy@paytm,Haryana,Union,clean,individual,0
44003c8be8f4,oruiqbwd@apl,Haryana,Canara,clean,individual,0
47d13fbe31d6,phgfa3pi@axl,Gujarat,BOB,clean,individual,0
12c80bb9aa74,5vixw53l@axl,Uttar Pradesh,BOB,clean,individual,0
424a94edf5bd,6gie30ob@icici,Bihar,ICICI,clean,individual,0
5c2b6b0cf160,gxwf1ik4@axl,Rajasthan,BOB,clean,individual,0
4a47beea1a5e,1nw8knqi@paytm,Delhi,Axis,clean,individual,0
7685630871b1,7dom02ua@axl,West Bengal,Canara,clean,individual,0
59e52074a914,7xc9jxoh@icici,Uttar Pradesh,Axis,clean,individual,0
362a02f77cbc,1mm72phy@ybl,Uttar Pradesh,Canara,clean,individual,0
7c62b22438ae,n2o0ntbx@icici,Rajasthan,ICICI,clean,individual,0
1a45ecb9fbee,lxv99noi@okaxis,Haryana,HDFC,clean,individual,0
01e8dc818f61,yv68ke7f@ybl,Uttar Pradesh,BOB,clean,individual,0
05d7da5f42a6,k2f7pl1l@axl,Tamil Nadu,Union,clean,individual,0
4bd806a2e35b,ccsxnt4i@ibl,Maharashtra,Canara,clean,individual,0
24dabfb7f6ab,momi1oqt@axl,Gujarat,Kotak,clean,individual,0
252db86144d0,dx34nib9@icici,Uttar Pradesh,HDFC,clean,individual,0
20239b3d793b,npbnh9lk@paytm,Kerala,Axis,clean,individual,0
05d02b503008,baublkow@paytm,Karnataka,Union,clean,individual,0
7e60854a3a14,59bfg4sp@icici,Delhi,Union,clean,individual,0
5e4fc8347fb3,idgsvrth@ybl,Delhi,BOB,clean,individual,0
7c5a54334fb9,ujkxgxir@oksbi,Uttarakhand,Axis,clean,individual,0
7a8dbbc5ae30,lrhfahyh@oksbi,Delhi,Kotak,victim,individual,0
23904082a3d5,kran5tbv@okaxis,Haryana,Union,clean,individual,0
158095c2143e,wrcw1nfh@ybl,Uttar Pradesh,Kotak,clean,individual,0
2c6c1b6ec7aa,vj4hsenz@upi,Haryana,Kotak,clean,individual,0
0ca414769323,5ee06py2@icici,West Bengal,Canara,clean,individual,0
3c25674b504f,3d143ksn@icici,Maharashtra,BOB,clean,individual,0
7760692b2b51,m7q1d7pm@oksbi,Delhi,BOB,clean,individual,0
5612835642e6,61kq8sy1@ybl,Bihar,ICICI,clean,individual,0
4749a255bb4b,xqoyqd9j@apl,Haryana,SBI,clean,individual,0
0e463e9441cb,b3y7qv4n@ibl,Bihar,SBI,clean,individual,0
67f9c9ea8e39,zm3ulcll@icici,Delhi,Canara,clean,individual,0
2886274c5f95,4jdkliw4@apl,Uttar Pradesh,BOB,clean,individual,0
6ffd6753ba17,8ynv0xx0@ybl,Bihar,Union,clean,individual,0
5250562497ee,g1hg74o1@upi,Telangana,HDFC,clean,individual,0
4148978546e6,uuw8hymx@upi,Delhi,Axis,clean,individual,0
630c06ef54c6,lnm4tm94@apl,Uttarakhand,BOB,clean,individual,0
10644bbd9c86,kpuwyus2@ybl,Tamil Nadu,Union,clean,individual,0
23fecc8991b6,dcy0eddi@paytm,Haryana,SBI,clean,individual,0
65a7069a0f2e,4k5vh95k@upi,Maharashtra,ICICI,clean,individual,0
63bc818f2ab4,nwfcb7lm@oksbi,Rajasthan,BOB,clean,individual,0
571e242cdd18,gohp075b@oksbi,Tamil Nadu,Axis,clean,individual,0
689136fe66b7,aizhxw3o@paytm,Haryana,ICICI,clean,individual,0
0e578d1eede8,mhq7918k@axl,West Bengal,SBI,clean,individual,0
4d5faba3fe01,q9jxwbsd@icici,Tamil Nadu,HDFC,clean,individual,0
52ecd0f223d2,7th87zfb@ybl,Bihar,PNB,clean,individual,0
4a34e451d9fd,t9vwhop7@apl,Uttar Pradesh,Axis,clean,individual,0
1591cbf56c78,3dfdze7s@oksbi,Kerala,HDFC,clean,individual,0
5e8f9d020a00,gv3ifpwi@oksbi,Rajasthan,Kotak,clean,individual,0
391d0972736c,fu17bwtm@oksbi,Uttarakhand,Kotak,clean,individual,0
633daf39ea5c,f3j41wel@ybl,Telangana,ICICI,clean,individual,0
409c6b7d4302,slyuw9c9@icici,Rajasthan,Kotak,clean,individual,0
3d0530493428,kr5583nl@okaxis,Delhi,Axis,clean,individual,0
647d6ca9e10b,wuxphxjp@okaxis,Delhi,Union,clean,individual,0
0cb1f6cf561f,guj1fd8q@apl,Gujarat,Axis,clean,individual,0
7eeefec6112d,7mf5d892@okaxis,Maharashtra,SBI,clean,individual,0
091f859b23c0,u550audi@ybl,Maharashtra,BOB,clean,individual,0
5070935be6f8,uor88hhc@upi,Uttar Pradesh,Canara,clean,individual,0
47387596c4b9,dab4x518@oksbi,Kerala,HDFC,clean,individual,0
7cff9a951c37,4ign3iti@icici,Bihar,Kotak,clean,individual,0
6ad18993eef7,cqbnfzxw@upi,Kerala,ICICI,clean,individual,0
2549f89f01a5,s0qxo7di@axl,Kerala,PNB,clean,individual,0
385c33977190,4g399k59@apl,Delhi,Kotak,clean,individual,0
5a61e80cb11b,rjeh6yr8@paytm,Rajasthan,HDFC,clean,individual,0
548729400460,jo3broim@oksbi,Rajasthan,SBI,clean,individual,0
2e3dacaa0a61,2qyxt7x3@icici,Delhi,ICICI,clean,individual,0
15d635b1811a,ncceb5xw@ibl,Delhi,Canara,clean,individual,0
55ba80bfa470,z7ne5l7s@oksbi,Bihar,HDFC,clean,individual,0
4d0c0a3d204a,cyfsz5y2@okaxis,Gujarat,Kotak,clean,individual,0
77b7bde61d25,pqau5b93@ibl,Tamil Nadu,BOB,clean,individual,0
7c3d2ddeae1c,966awale@upi,Rajasthan,BOB,clean,individual,0
122155659ea9,tklsnjlk@icici,Haryana,BOB,clean,individual,0
0803b7ad0a15,137dzayk@oksbi,Karnataka,BOB,clean,individual,0
3084ed0e58cd,kznlp5l1@axl,Maharashtra,PNB,clean,individual,0
01a9059c06d4,hidpjh0c@oksbi,Uttarakhand,ICICI,clean,individual,0
087c26253531,supeh80a@icici,Kerala,Kotak,clean,individual,0
7317cccdbe35,g4ehcwch@apl,Bihar,BOB,clean,individual,0
50fd613fde77,wqbvhdn2@paytm,Uttarakhand,BOB,clean,individual,0
1e274d951b60,y6958y0v@axl,Karnataka,Kotak,clean,individual,0
704350d2d2a2,fpoyhclo@ibl,Uttarakhand,PNB,clean,individual,0
473433283b1c,re78hgyw@paytm,Uttarakhand,ICICI,clean,individual,0
06336dfc725a,cg8uup1o@ibl,Haryana,HDFC,clean,individual,0
47d5f3ad6f13,d0f0o75u@ibl,Delhi,BOB,clean,individual,0
225ba12cfa7b,ytec039n@ibl,Maharashtra,HDFC,clean,individual,0
7e1a630bb9b7,hmq4j5zi@ybl,Tamil Nadu,Canara,clean,individual,0
00ba3d0b1181,tmwqvapk@axl,Bihar,Axis,clean,individual,0
077ee4f71bba,16q69elc@oksbi,Telangana,BOB,clean,individual,0
3e7947baf1fd,vsuw9ly3@icici,Rajasthan,SBI,clean,individual,0
5482258b719f,12zngmfw@paytm,Kerala,HDFC,clean,individual,0
105018f9bd17,w9fbaped@axl,Delhi,Kotak,clean,individual,0
3eca716a7db8,u7zzsauf@apl,Karnataka,Union,clean,individual,0
379fbcefe074,4giq0g8n@upi,Haryana,HDFC,clean,individual,0
3c78d98cace1,92l76tpg@ibl,Haryana,Canara,clean,individual,0
4147a90c02ea,w6d0tay8@upi,Gujarat,Axis,clean,individual,0
7481bfbe5516,g1yt19hd@icici,Telangana,PNB,clean,individual,0
074b25e86d54,vax93xen@oksbi,Uttarakhand,PNB,clean,individual,0
59a919732f63,2nd54m5k@okaxis,Maharashtra,Axis,clean,individual,0
339b7112bee2,u7nt5zyv@oksbi,Karnataka,Axis,clean,individual,0
12e4ae17498b,c9w89i6s@apl,Gujarat,Axis,clean,individual,0
2c1d0e61020f,pmd1r0ke@ibl,Uttarakhand,BOB,clean,individual,0
28aac7f518d5,dzxl4772@oksbi,Tamil Nadu,Canara,clean,individual,0
2fa7de47335f,bdheww0x@paytm,Haryana,BOB,clean,individual,0
619bb7a91963,kjlcxpof@icici,Rajasthan,ICICI,clean,individual,0
1e6424d3949e,25rfhmds@ybl,Tamil Nadu,PNB,clean,individual,0
6296b12bf92c,nwfukcjh@apl,Gujarat,HDFC,clean,individual,0
7e33e897390d,httzl8lw@paytm,Haryana,Axis,clean,individual,0
1c4717b16b20,tivat72x@paytm,Haryana,Axis,clean,individual,0
41f1a991167f,yajlwu7z@okaxis,Gujarat,Canara,clean,individual,0
406dc14985cb,05iq227y@apl,Gujarat,HDFC,clean,individual,0
5a5be9f6d8e5,c7yag1yq@okaxis,Haryana,PNB,clean,individual,0
00f91e5415fc,v7tyiqee@okaxis,Karnataka,PNB,clean,individual,0
3d39b80ea0a2,pfdyrt10@ybl,Gujarat,Kotak,clean,individual,0
662a295ac67d,jwcgnsqi@ibl,Kerala,Union,clean,individual,0
1d9fcdbbb6cd,cxafkkvo@upi,Telangana,HDFC,clean,individual,0
11eceddf0b51,xse6uv90@axl,Karnataka,Union,clean,individual,0
45e47f5f7274,knq15eux@ybl,Kerala,Union,clean,individual,0
2cdc6bb35d08,7tjptz8b@paytm,Delhi,BOB,clean,individual,0
42a051641493,jvqvqvxk@ibl,Telangana,Union,clean,individual,0
03f3ec997926,ldkdsz6t@apl,Uttar Pradesh,Kotak,clean,individual,0
5bbc8896f641,ybeyqzjx@icici,Haryana,ICICI,clean,individual,0
6a1b628ff415,2z9mvlvl@upi,Gujarat,ICICI,clean,individual,0
26c8026ddc92,6v48jhjv@ybl,Delhi,ICICI,clean,individual,0
5022781e8181,bnpvg9vg@apl,Gujarat,Union,clean,individual,0
6bc04d617802,o9jz5kxt@axl,Karnataka,Kotak,clean,individual,0
271dd3ebb4c8,u414cz52@ybl,Tamil Nadu,Kotak,clean,individual,0
1bf5b8b568b7,qrojyc23@ibl,Telangana,Kotak,clean,individual,0
4de890c0f4cd,7scp4bd1@apl,Bihar,Kotak,clean,individual,0
3a5060752a38,6pnam1az@okaxis,Karnataka,Axis,clean,individual,0
16ca2de8e17d,sxghgzk1@icici,Uttarakhand,Canara,clean,individual,0
339d61accf97,vnoge69b@ibl,Uttarakhand,Axis,clean,individual,0
0ac685b773bd,8c2kbxph@oksbi,Rajasthan,Axis,clean,individual,0
30def7a96dd1,fa6j9k9x@ibl,Rajasthan,SBI,clean,individual,0
518920803881,1fucl8bb@apl,Gujarat,PNB,clean,individual,0
14e93a92569b,m7dvclo3@apl,Gujarat,Canara,clean,individual,0
0a34dbca5a16,afdd2qbo@okaxis,Karnataka,ICICI,clean,individual,0
2c09c65cb731,po51ys2e@apl,Uttarakhand,BOB,clean,individual,0
3a65313968bd,5iabcdnl@ibl,Delhi,Union,clean,individual,0
52730f290429,ovkg373s@axl,Rajasthan,BOB,clean,individual,0
3ca41e5687fe,gvnscsqd@axl,West Bengal,Kotak,clean,individual,0
7d67da1159e2,y5mbywfs@upi,Kerala,SBI,clean,individual,0
0bc66ed0d0dc,64lh8x2m@ibl,Karnataka,HDFC,clean,individual,0
030abffd4651,172552ro@paytm,West Bengal,HDFC,clean,individual,0
67b518300b55,u5gcubfp@icici,Haryana,SBI,clean,individual,0
7ca03287acbb,3gep6w99@upi,West Bengal,Union,clean,individual,0
71fb7cdac660,6nmnraat@okaxis,Bihar,Axis,clean,individual,0
0fec78d648d0,vk5ezeda@upi,Rajasthan,ICICI,clean,individual,0
4305e643e1ef,t083nerl@apl,Maharashtra,Union,clean,individual,0
6de474048ddb,7g88l3dl@ybl,Uttarakhand,HDFC,clean,individual,0
5f2527e054a3,874a5t25@ybl,West Bengal,HDFC,clean,individual,0
0f766cf6b40a,bcptw7p9@icici,Tamil Nadu,HDFC,clean,individual,0
124e3cd41260,yxb0dwl9@ybl,Tamil Nadu,PNB,clean,individual,0
1a5344ac86a9,i82qeqj9@upi,Kerala,PNB,clean,individual,0
5b4854fe9729,5mkiz1b0@axl,Delhi,Union,clean,individual,0
61363842b277,0vk3nqzo@ibl,Rajasthan,HDFC,clean,individual,0
27c2ce484691,qypwn21e@axl,West Bengal,Canara,clean,individual,0
6c22bfd057a3,an14ygbz@axl,West Bengal,HDFC,clean,individual,0
593494d3cae5,x8i6aa8l@icici,West Bengal,Kotak,clean,individual,0
54a3c21107f9,oqxv1z5h@icici,Karnataka,SBI,clean,individual,0
6c9d0f8485eb,8f3e3kgd@axl,Telangana,Axis,clean,individual,0
2ac6f63fd23e,xvywcshd@ibl,Uttarakhand,Axis,clean,individual,0
21db4298bf5d,lwgo6ux4@axl,Bihar,Axis,clean,individual,0
36d5d551b2f8,nj3oi20s@ibl,Uttarakhand,BOB,clean,individual,0
25045d3df3b7,e362cgtb@apl,Haryana,HDFC,clean,individual,0
7d70e67a93d9,ni3fkxes@ibl,Delhi,SBI,clean,individual,0
7a6267686dbe,w9lo0mqc@icici,Delhi,Kotak,clean,individual,0
01669c17add1,2jh3owe0@apl,Rajasthan,Axis,clean,individual,0
6aa884ba79d1,6cl9rika@okaxis,Bihar,Kotak,clean,individual,0
3629fc32f309,fkllegau@paytm,Karnataka,Union,clean,individual,0
15d74de675e9,ixkndx3i@okaxis,Delhi,Canara,clean,individual,0
290f2067c14d,uuyce9me@ybl,Haryana,Canara,clean,individual,0
61d0cee4deb0,x46htaou@ibl,Uttar Pradesh,HDFC,clean,individual,0
6e6cbcfd3762,bp502zlr@ybl,West Bengal,PNB,clean,individual,0
2c5e681387c5,tcpdscgc@icici,Haryana,SBI,clean,individual,0
5bc42a6fe3be,mm29nbsj@axl,Kerala,BOB,clean,individual,0
4b89d82cdc50,xn4ranuf@okaxis,Uttarakhand,BOB,clean,individual,0
437170a8ac1d,wabltqam@paytm,Kerala,SBI,clean,individual,0
2af109ea9b56,xanrpipp@icici,Delhi,PNB,clean,individual,0
7b798e1df27a,k8hht6fb@ybl,Haryana,HDFC,clean,individual,0
57ba85f4d6b1,wcnxflfg@upi,Haryana,Axis,clean,individual,0
03af7083a7e4,3gdgxqt6@ibl,Delhi,Kotak,clean,individual,0
0d812770d3ef,0a5q9gzx@upi,Telangana,Union,clean,individual,0
1085d3f08619,uzc0vmcc@ibl,Karnataka,HDFC,clean,individual,0
27f183aad998,yven3yrf@oksbi,Maharashtra,ICICI,clean,individual,0
2d3d14301e63,bi2hu89p@paytm,Uttar Pradesh,ICICI,clean,individual,0
2a7c216f5830,zhk0gebx@oksbi,Tamil Nadu,SBI,clean,individual,0
50530e35a5d7,nau8h0ft@ybl,Bihar,HDFC,clean,individual,0
168c23651ec0,ts8icksa@oksbi,Rajasthan,Union,clean,individual,0
0c42d94d2df4,6h2xhy51@axl,Tamil Nadu,Kotak,clean,individual,0
101468717e35,rnfofn7v@upi,Haryana,ICICI,clean,individual,0
3e2533bc265e,lhvwgzkw@ibl,Bihar,HDFC,clean,individual,0
6ac04f06e824,941iir5c@oksbi,Uttar Pradesh,Union,clean,individual,0
01bf32e63e77,gsb3wsd4@apl,Rajasthan,Kotak,clean,individual,0
79c63606f43b,xu7xssz8@apl,Uttar Pradesh,Axis,clean,individual,0
436c391bfa6b,0r468aqu@axl,Uttar Pradesh,PNB,clean,individual,0
0a660acbf310,oc13nddy@axl,Delhi,BOB,clean,individual,0
6ac898e98633,ijtwqq4o@upi,Gujarat,ICICI,clean,individual,0
7fc26c5c8131,ysn9wfw1@okaxis,Bihar,PNB,clean,individual,0
540db19c254a,agcx8pr5@oksbi,Uttar Pradesh,Union,clean,individual,0
67b88bed79a8,35c516b0@icici,Bihar,BOB,clean,individual,0
36306fdaf7d4,2eowe7ba@ybl,Bihar,Kotak,clean,individual,0
32ce8b72f01d,lm2enh92@ybl,Telangana,PNB,clean,individual,0
4134b7504650,oapldrpc@axl,Uttar Pradesh,BOB,clean,individual,0
740130c8d1f2,4jsl9yc3@apl,Uttar Pradesh,ICICI,clean,individual,0
744bb184a717,k6pblvyp@paytm,Karnataka,BOB,clean,individual,0
5eeaf6760f9f,ogvskas8@paytm,Rajasthan,Union,clean,individual,0
705f92946343,oskkqufe@axl,Bihar,BOB,clean,individual,0
012a9119e4fa,oo8tlwn4@icici,Haryana,Canara,clean,individual,0
2e2570147c90,7oun26ht@upi,Bihar,HDFC,clean,individual,0
6f4eef901a30,93oqt6y9@axl,Karnataka,Canara,clean,individual,0
280ea7a03096,jnc1gak4@paytm,Rajasthan,Union,clean,individual,0
200af40b35f8,fxs86o8h@upi,West Bengal,SBI,clean,individual,0
7d3ab765c324,qdsxwxrx@ibl,Rajasthan,Axis,clean,individual,0
278587226b24,a9xjdbju@ibl,Kerala,SBI,clean,individual,0
3c9638483922,srfh22ge@paytm,Uttarakhand,PNB,clean,individual,0
144203ae7213,xtnaq1yx@ybl,Haryana,HDFC,clean,individual,0
596a13668178,t4undb91@okaxis,Telangana,Union,clean,individual,0
76182ae5db12,945sc2a0@okaxis,Kerala,Axis,clean,individual,0
345374daefa6,w2w2v7yy@oksbi,Haryana,PNB,clean,individual,0
03531f591360,d157ntdc@ibl,Tamil Nadu,ICICI,clean,individual,0
6e8dadd76144,84m70137@axl,Telangana,PNB,clean,individual,0
1ef2e19fdc92,hk71h5wr@oksbi,Uttarakhand,Kotak,clean,individual,0
37c7e49d77ab,ihuk3e3l@ibl,Uttarakhand,SBI,clean,individual,0
01f02768d542,8d0scufp@axl,Rajasthan,HDFC,clean,individual,0
743bb47bce16,p9ys7e5v@oksbi,Gujarat,SBI,clean,individual,0
68c53592184b,cx8jxgud@ibl,Rajasthan,Union,clean,individual,0
5e0f90ef0780,mzb46moe@apl,Bihar,ICICI,clean,individual,0
22c38bf413b6,babgle5r@upi,Bihar,PNB,clean,individual,0
0256257287bd,jejnmnap@ibl,Kerala,Union,clean,individual,0
3b4c2e5beba4,25mrfcmn@axl,Uttarakhand,Axis,clean,individual,0
690870557c30,pjcgqebq@upi,Rajasthan,Axis,clean,individual,0
7a2bc1328961,k82mg99r@ybl,Kerala,Union,clean,individual,0
3364af07f676,4bvhrnw7@paytm,Bihar,Kotak,clean,individual,0
47ee883fefb5,c5dcwbs7@icici,Rajasthan,Union,clean,individual,0
146fe29b7547,03e1ju9s@apl,Delhi,Union,clean,individual,0
4855a4380619,o8m4p7p1@axl,Kerala,ICICI,clean,individual,0
383eea013fc0,qot4gtcd@icici,Kerala,ICICI,clean,individual,0
383cebe2d4e2,f3mc3m63@apl,Kerala,BOB,clean,individual,0
72473b20711d,lgh6ff6j@apl,Uttarakhand,SBI,clean,individual,0
7b751fc26002,f9a7wz7l@paytm,Telangana,Kotak,clean,individual,0
4b1bdd023f36,furyq8ac@icici,Telangana,PNB,clean,individual,0
088e1284edc2,a76blzv6@oksbi,Uttarakhand,Union,clean,individual,0
18a67e9faad9,9nahfceo@paytm,Maharashtra,PNB,clean,individual,0
715ea88b5c2a,a3aowsrb@apl,Haryana,Axis,clean,individual,0
11f1f1c736e7,7o25ylqi@icici,Maharashtra,PNB,clean,individual,0
1e871e778595,jgnn8xhd@icici,Karnataka,Axis,clean,individual,0
3ddd1de69163,p2r8itdl@upi,Uttar Pradesh,SBI,clean,individual,0
0551728bfec2,y68lz03n@ibl,Telangana,Union,clean,individual,0
26848f70ee39,7m7m0cj4@okaxis,Haryana,SBI,clean,individual,0
46825ffb534b,hengsjik@paytm,Uttarakhand,ICICI,clean,individual,0
69815bc0eb5a,ibt67grt@icici,Rajasthan,ICICI,clean,individual,0
76ea75d9da11,lhhgc86n@ibl,Delhi,Union,clean,individual,0
3a69989bc2c8,8do4g92z@apl,Karnataka,Kotak,clean,individual,0
668df254af0f,9k8fdeet@ybl,Bihar,PNB,clean,individual,0
33b1b334da5e,mrd5rdkw@apl,Maharashtra,Axis,clean,individual,0
2bddbb34e911,suauu3pf@apl,Rajasthan,HDFC,clean,individual,0
7de73eecef43,0hdxzedj@oksbi,West Bengal,SBI,clean,individual,0
6ea77e685beb,1vxxa16l@apl,Maharashtra,Union,clean,individual,0
1aeddca594d4,r00am4kz@okaxis,Uttarakhand,PNB,clean,individual,0
63765133b58c,f9fpex4w@okaxis,Tamil Nadu,ICICI,clean,individual,0
2f2218476db8,heaf7x96@icici,Uttar Pradesh,SBI,clean,individual,0
243bff40390d,8nnkmnj1@axl,Delhi,ICICI,clean,individual,0
354b6c7abb85,i9ylnyyl@oksbi,Uttarakhand,SBI,clean,individual,0
02bfb00edc0c,nlmmj0ks@ybl,Tamil Nadu,BOB,clean,individual,0
461b2520312f,5urnzqdr@icici,Haryana,Kotak,clean,individual,0
1382b870fe4c,msmxukut@apl,West Bengal,PNB,clean,individual,0
0aabca8a3560,dn1eivc1@paytm,Tamil Nadu,Axis,clean,individual,0
0f4c80468d6b,tquocks2@oksbi,Tamil Nadu,HDFC,clean,individual,0
55669dcaf38a,m7d6l4vo@axl,Haryana,Kotak,clean,individual,0
634c4e0c7b38,cb5obcu3@ybl,Haryana,ICICI,clean,individual,0
48483eed8bf0,dyrsjimt@oksbi,Gujarat,HDFC,clean,individual,0
5ad0f4a9e947,b36v74nx@upi,Uttar Pradesh,PNB,clean,individual,0
06b4a0b1edff,gjspyw6s@oksbi,Telangana,ICICI,clean,individual,0
0c01845518f8,51g9717m@apl,Kerala,Canara,clean,individual,0
621894a412bd,30m6yhm0@apl,Maharashtra,Axis,clean,individual,0
2b7fe66aa710,q3xc6z4p@ybl,Maharashtra,HDFC,clean,individual,0
05ba492e866b,qmb99hg8@icici,Rajasthan,BOB,clean,individual,0
4dc6226f5c02,1tiu5f5o@upi,Tamil Nadu,PNB,clean,individual,0
1d49789e6256,dv5lzbk8@upi,Uttarakhand,Axis,clean,individual,0
441badbc588a,nw84un0v@axl,Rajasthan,SBI,clean,individual,0
4a79d8e85ee7,g3o73fu1@axl,Telangana,Kotak,clean,individual,0
646386fd72df,5zuiqt7b@paytm,Haryana,SBI,clean,individual,0
44897290e3b8,9e3rjqhc@axl,Kerala,BOB,clean,individual,0
24b22fce9f8a,kkbsbri7@apl,Telangana,Union,clean,individual,0
60ac853fa5e0,63u3h4t0@icici,Telangana,BOB,clean,individual,0
3852232a6a40,rrtlj58w@upi,Bihar,Canara,clean,individual,0
04252fea15d9,a2bqmjwr@icici,Delhi,Canara,clean,individual,0
28baafb02586,pr66jn5q@ybl,Kerala,BOB,clean,individual,0
2c1514899621,qmfcqf99@ybl,Gujarat,ICICI,clean,individual,0
4285168e8316,8oqp9urd@oksbi,Tamil Nadu,HDFC,clean,individual,0
0933adee511b,0yhnp5ch@okaxis,Bihar,PNB,clean,individual,0
228fff2c582f,gwj8oh28@ybl,Uttar Pradesh,ICICI,clean,individual,0
06cd2993f5a4,qewsz5dl@oksbi,Karnataka,Canara,clean,individual,0
784756876bdc,jy53ewfu@apl,West Bengal,PNB,clean,individual,0
290e171500b9,7fm5cul8@axl,Delhi,Axis,clean,individual,0
6dd17e67db37,ukd2whko@upi,West Bengal,Union,clean,individual,0
4e15459bf383,cm1aybta@axl,Maharashtra,Union,clean,individual,0
29269d3844c4,jr0p1q1g@axl,Kerala,BOB,clean,individual,0
3ac1d4b83b14,tcga341f@axl,Haryana,SBI,clean,individual,0
07ab7b3f6942,odzy9ctp@icici,Gujarat,Kotak,clean,individual,0
2179f6280850,3xn6y3b7@paytm,West Bengal,BOB,clean,individual,0
434005719e36,qinqcfou@upi,West Bengal,Canara,clean,individual,0
78b30270ba0a,93r3238v@oksbi,Bihar,HDFC,clean,individual,0
00fd90a21765,6c97xzfv@icici,West Bengal,SBI,clean,individual,0
44d53c49d609,qksikddn@paytm,Karnataka,Kotak,clean,individual,0
2927018f2e06,ww705m02@axl,Haryana,SBI,clean,individual,0
7c73600d046f,etjydg2q@ibl,Karnataka,ICICI,clean,individual,0
3ff9e9f1bb12,7h8eul1g@axl,Tamil Nadu,BOB,clean,individual,0
38c95f2e4274,wbww3dun@paytm,Haryana,Canara,clean,individual,0
6938afc67895,6q7hf07b@apl,Uttarakhand,Union,clean,individual,0
7df992296fd5,3l276l3l@icici,Delhi,Canara,clean,individual,0
3a60cda692e5,fkqy6177@icici,Uttarakhand,BOB,clean,individual,0
5f8d872f46d0,m6yejf7e@ybl,Gujarat,Axis,clean,individual,0
5a143e4d3f73,c1y5uey2@apl,Delhi,Canara,clean,individual,0
3d4d29ebf121,yjdsxdg8@paytm,Bihar,BOB,clean,individual,0
016311ad109d,cjsxrcmn@upi,Uttar Pradesh,Axis,clean,individual,0
33f74475a664,gvuc04ir@okaxis,Kerala,Union,clean,individual,0
7155d9c9d973,xzo89n50@okaxis,Uttar Pradesh,Axis,clean,individual,0
686ff301ea20,ze3uru7u@icici,Rajasthan,Union,clean,individual,0
33308957890d,5t4fil5d@apl,Maharashtra,Canara,clean,individual,0
518d2646f55b,3zcrrg9d@upi,Telangana,Canara,clean,individual,0
115d4dcbad6c,e38i93us@upi,Rajasthan,SBI,clean,individual,0
0f2c8020f693,ruouz103@apl,Rajasthan,Canara,clean,individual,0
459e8bfc747e,al3l88s5@paytm,West Bengal,SBI,clean,individual,0
41a230e1afcd,n7h53c0f@okaxis,Kerala,HDFC,clean,individual,0
1546f6b0dd25,20vu5vmq@okaxis,Maharashtra,SBI,clean,individual,0
424eea737594,0srs16k1@axl,Kerala,Kotak,clean,individual,0
5cc63c86c4df,8chhyesb@upi,Uttar Pradesh,HDFC,clean,individual,0
6204b38f1413,wp0ku9i9@apl,Karnataka,Canara,clean,individual,0
37eb57f7ef47,t1sjydnn@oksbi,Delhi,Canara,clean,individual,0
54350a0618a4,8fany7y3@paytm,Maharashtra,Kotak,clean,individual,0
00aab5fa244c,vy76hymy@oksbi,Tamil Nadu,HDFC,clean,individual,0
577b2b6988de,na3hexaz@oksbi,Tamil Nadu,Union,clean,individual,0
51c24d6da660,t3xx22mu@axl,West Bengal,Axis,clean,individual,0
07be1153cc3f,bmuw9npr@apl,Delhi,PNB,clean,individual,0
25ed80456d43,zviy2lin@ybl,Uttarakhand,SBI,clean,individual,0
4c9e64cca00f,duflepw5@apl,Bihar,ICICI,clean,individual,0
795ec5edae27,bo0k75gk@okaxis,Rajasthan,Canara,clean,individual,0
427a7fa1d335,d4b9hxac@axl,Haryana,ICICI,clean,individual,0
141014211bff,gjhlfhw0@icici,Telangana,ICICI,clean,individual,0
2fe05985b0af,hkwrj6de@okaxis,West Bengal,BOB,clean,individual,0
62fbc24f5b19,h336oh7w@okaxis,West Bengal,Kotak,clean,individual,0
0da837441c71,7op6wvd3@okaxis,Haryana,Canara,clean,individual,0
284e0e93d15f,d31gurov@paytm,Uttarakhand,SBI,clean,individual,0
1076a3a4f446,mfuiv3a1@axl,Rajasthan,Canara,clean,individual,0
75fcdcafac48,uyw4pi77@okaxis,Maharashtra,ICICI,clean,individual,0
624e27039cac,czm2wg1v@axl,West Bengal,Union,clean,individual,0
32dde9156a05,68llsg9q@apl,Haryana,BOB,clean,individual,0
3bc083941064,27rqyeu2@ibl,Maharashtra,Kotak,clean,individual,0
4e581e084e28,oxa4xweb@upi,Maharashtra,PNB,clean,individual,0
421ad26b7f4a,etw8umgq@okaxis,Karnataka,HDFC,clean,individual,0
069f44c453e2,numj7cem@upi,Haryana,PNB,clean,individual,0
54a17ded2e31,xcv0oa3k@ybl,Haryana,Canara,clean,individual,0
7729d059cf09,udpukzhm@ybl,Maharashtra,BOB,clean,individual,0
672c8a67b479,iry3zxeo@axl,Bihar,HDFC,clean,individual,0
27fa430a8638,p9mxo9rx@ybl,Tamil Nadu,PNB,clean,individual,0
4a90754778a3,3ikbuzzn@apl,Delhi,ICICI,clean,individual,0
2c9a5aa11f38,jvrwxfii@oksbi,Uttarakhand,Kotak,clean,individual,0
5924587734ce,2ccsiqg9@paytm,Delhi,Kotak,clean,individual,0
5269c0ad98b1,bhnkb8vk@ibl,Gujarat,Union,clean,individual,0
18c0d3c55e03,96rsiq0o@icici,Rajasthan,HDFC,clean,individual,0
2d602a19c3da,g1p4gl7e@paytm,Bihar,ICICI,clean,individual,0
23069cefd560,odibdzed@upi,Uttarakhand,Axis,clean,individual,0
7509524377ae,8324v88d@oksbi,Delhi,PNB,clean,individual,0
4ede197e92f8,7vl0m3x4@okaxis,Tamil Nadu,Axis,clean,individual,0
298655778290,1xfanmoy@apl,Gujarat,PNB,clean,individual,0
68289b622807,hki0kix4@okaxis,Kerala,BOB,clean,individual,0
0711be0f4642,y5epo5oy@oksbi,Haryana,Kotak,clean,individual,0
43264955259d,g8d2c0sh@paytm,Maharashtra,Union,clean,individual,0
0be5e3b60477,apc5jkng@ibl,Delhi,Axis,clean,individual,0
2048f32cc51a,ggma4600@ibl,Uttarakhand,BOB,clean,individual,0
784560ff552f,j9ohks20@ybl,Rajasthan,PNB,clean,individual,0
6f1631530547,w77pwa1m@okaxis,Telangana,BOB,clean,individual,0
5ccdc389b763,uyl0n4do@axl,Telangana,Kotak,clean,individual,0
1dd884ddd53b,9rq3yigs@icici,Gujarat,HDFC,clean,individual,0
11aaa6cba339,dkpgtw0e@icici,Delhi,SBI,clean,individual,0
7c9e97c97ad9,y2xlh0py@oksbi,Tamil Nadu,Canara,clean,individual,0
0599dee6142e,5zh1vogo@upi,Karnataka,BOB,clean,individual,0
4bfc954d0b6b,pn5yiq56@paytm,Karnataka,Canara,clean,individual,0
01b7ecfa0a9e,5dd7zld6@axl,Haryana,ICICI,clean,individual,0
08ffe7786a58,nus4t2ud@okaxis,Karnataka,Canara,clean,individual,0
6c4057e4cba7,zo5ta01e@upi,Uttar Pradesh,Axis,clean,individual,0
30ee044b09cf,rrostfta@oksbi,West Bengal,SBI,clean,individual,0
0c961a5a90e3,gtfd5oky@upi,Uttar Pradesh,SBI,clean,individual,0
54a29077caad,51h1rptr@upi,Haryana,Union,clean,individual,0
40b56b666c8c,immrqvbr@apl,Uttar Pradesh,HDFC,clean,individual,0
21209aa4af12,dz7om9v2@oksbi,Bihar,HDFC,clean,individual,0
1d707e4157bf,yxndhjqn@axl,Gujarat,Kotak,clean,individual,0
1547eee0e8c7,x8er4f30@ybl,Delhi,PNB,clean,individual,0
4d86ccc41513,3vaixzv6@axl,Tamil Nadu,HDFC,clean,individual,0
4aef01089475,c14czf68@paytm,Rajasthan,BOB,clean,individual,0
27f7d78bb027,jjicfo8t@ibl,Tamil Nadu,BOB,clean,individual,0
5bee18625824,kk7iwwd9@okaxis,Gujarat,HDFC,clean,individual,0
410ad870c167,h7mo07im@paytm,Tamil Nadu,PNB,clean,individual,0
14610778f1c7,i8v5n5qu@ybl,West Bengal,SBI,clean,individual,0
1ebb2ee63eed,dct0pggt@ybl,Maharashtra,PNB,clean,individual,0
1210adf9802d,lis2yxjs@paytm,Maharashtra,ICICI,clean,individual,0
0144b165a472,q2rfdyu5@okaxis,West Bengal,SBI,victim,individual,0
12d68ae7b3b3,n6sc8uck@ybl,Gujarat,BOB,clean,individual,0
509bd5bb15c5,7xqj9d5d@okaxis,Gujarat,Kotak,clean,individual,0
3aab04eb2c33,r8ii5hid@okaxis,Bihar,Canara,clean,individual,0
518a415b9065,6guant6e@upi,Maharashtra,Canara,clean,individual,0
58e662ece570,2yc143py@apl,Kerala,Canara,clean,individual,0
1914838e6cea,jfr6avvk@axl,Uttar Pradesh,Union,clean,individual,0
782295eeb3c3,2g5sgzkx@ybl,Kerala,Axis,clean,individual,0
7254af1a7b7c,be5cntis@axl,Bihar,PNB,clean,individual,0
5567daf19f14,8d11m5jm@apl,Haryana,HDFC,clean,individual,0
4a38ed5d18bf,gwtphunt@paytm,Bihar,PNB,clean,individual,0
1a3d50a0ec79,6ha97iud@oksbi,Telangana,PNB,clean,individual,0
391d73f80e82,ufd0odud@icici,West Bengal,Canara,clean,individual,0
492bbbdc28a9,9emw0ujr@upi,Rajasthan,Canara,clean,individual,0
63bc742faba1,q7ls6tuo@icici,Bihar,SBI,clean,individual,0
765f9f0ffdbd,o0xulewk@axl,West Bengal,SBI,clean,individual,0
3e6d9440e823,ua9amm06@icici,Delhi,Union,clean,individual,0
178226aaf368,es6xoiuf@axl,Delhi,BOB,clean,individual,0
3595f32b7017,6vzoae7i@ibl,Maharashtra,HDFC,clean,individual,0
480add34df41,ueakqb7d@ybl,Gujarat,Union,clean,individual,0
416a48924031,uppcp072@oksbi,Maharashtra,PNB,clean,individual,0
3e72eafa8bf8,rve94wvm@paytm,Gujarat,PNB,clean,individual,0
2f1ec8482bef,4ypa7nfd@axl,Tamil Nadu,Kotak,clean,individual,0
1d085b66a3ec,nceh14ts@icici,Kerala,PNB,clean,individual,0
1487f902a8ec,f6qca8hx@okaxis,Kerala,Canara,clean,individual,0
6ecc43fdcb1a,ciseb4hz@apl,Telangana,Canara,clean,individual,0
7659c40f1677,pf78r9gn@paytm,Rajasthan,HDFC,clean,individual,0
0efb73c601dc,1jmf8jzz@okaxis,Uttar Pradesh,PNB,clean,individual,0
6df2e0755264,a37zh60o@upi,Uttar Pradesh,BOB,clean,individual,0
73a17997326c,94i4oxoo@upi,Delhi,ICICI,clean,individual,0
5f58948b12b5,f7uizhd4@ybl,Uttar Pradesh,HDFC,clean,individual,0
0a3e0c2ae67d,eegnexbj@ybl,Haryana,HDFC,clean,individual,0
3203c559f47f,6g299my5@paytm,Telangana,SBI,clean,individual,0
5226af7a0d45,gyime5hv@icici,Kerala,SBI,clean,individual,0
03e9b225ce0e,i9lx4kl2@oksbi,Bihar,Canara,clean,individual,0
30a6bfb07214,jud7ge1b@axl,Tamil Nadu,PNB,clean,individual,0
3d094778fe49,52s28b3x@paytm,West Bengal,HDFC,clean,individual,0
312e28ebf8df,qmszu4p3@okaxis,Maharashtra,BOB,clean,individual,0
55d31a688371,go2o60me@ybl,Uttarakhand,Axis,clean,individual,0
297a1b3bcab3,7ybs7ww5@upi,Delhi,HDFC,clean,individual,0
68326b9b3e86,59waqcnp@apl,Uttar Pradesh,PNB,clean,individual,0
2f546dd56f74,otde80qr@apl,Bihar,Axis,clean,individual,0
0e8e9e8d8c08,6qzghy3a@apl,Telangana,Union,clean,individual,0
2cf80a5901d3,yvjyt8pm@ybl,Telangana,ICICI,clean,individual,0
135916c95b85,2u7v4ly9@ybl,Tamil Nadu,Union,clean,individual,0
39ed0eb990bc,4c2fwb8u@paytm,Kerala,Union,clean,individual,0
68bd25187936,kwpm2m3e@apl,West Bengal,Kotak,clean,individual,0
145a0d8ff4f5,v0o2svf6@ybl,Delhi,HDFC,clean,individual,0
73ccab7008b8,4cfh9kkz@paytm,Haryana,Axis,clean,individual,0
6c95119e5009,sroqrdwq@ybl,Haryana,Union,clean,individual,0
2009fbde5c4f,bqtx1xmr@ibl,Gujarat,Axis,clean,individual,0
6a49a82501a0,voc28v7e@ybl,Kerala,BOB,clean,individual,0
03bf3b7bf737,67l20xfm@upi,Gujarat,Canara,clean,individual,0
0876330173a3,7d4ak3as@paytm,Tamil Nadu,Kotak,clean,individual,0
411631053f59,x6915rsr@axl,Tamil Nadu,BOB,clean,individual,0
22e215752029,yk0p3cqe@axl,West Bengal,HDFC,clean,individual,0
65a7edd6b297,4rtwleho@okaxis,Haryana,BOB,clean,individual,0
766f5b767fca,ckm0fr2n@okaxis,Uttarakhand,BOB,clean,individual,0
79222a939fcb,an43474m@upi,Gujarat,PNB,clean,individual,0
0629390198d8,6w7jyyrt@okaxis,Uttar Pradesh,Union,clean,individual,0
2acaef8e3627,4lbl233s@apl,Karnataka,BOB,clean,individual,0
47c11b075716,j2behujd@oksbi,Rajasthan,PNB,clean,individual,0
5114c9b2a08f,snojx3p2@apl,Maharashtra,SBI,clean,individual,0
2ddc24ab5bc3,f0xoh0t1@okaxis,Tamil Nadu,BOB,clean,individual,0
66f465ae991d,wsdodwp7@apl,Rajasthan,HDFC,clean,individual,0
7f9a0abf1f95,3aj0dpog@apl,Uttar Pradesh,HDFC,clean,individual,0
4f842846600e,ztglcag2@okaxis,Karnataka,Axis,clean,individual,0
08f0e57b50b9,hgmchhip@apl,Uttar Pradesh,Canara,clean,individual,0
1358a0091e99,cao39f2m@axl,Bihar,Union,clean,individual,0
1c4af46ddd1d,5p7nt1cu@okaxis,Uttar Pradesh,PNB,clean,individual,0
78517f967550,j4wn1e6c@ibl,Rajasthan,ICICI,clean,individual,0
7c7787d96a81,b5glz9up@ybl,Uttarakhand,BOB,victim,individual,0
422e5e4012a2,6qrnedck@icici,Gujarat,PNB,clean,individual,0
0ac60eb6efb7,3is4dmaa@ybl,Uttar Pradesh,Axis,clean,individual,0
5e578b632c5a,9udlkw1c@paytm,Haryana,HDFC,clean,individual,0
2bdfa2974909,6zv1u05y@ybl,Rajasthan,HDFC,clean,individual,0
21c5f7d42b8e,789254x5@axl,Tamil Nadu,PNB,clean,individual,0
277767adfe68,0iqdvms3@apl,Karnataka,Kotak,clean,individual,0
1e254a60438e,bj5cj08i@paytm,Karnataka,BOB,clean,individual,0
557ad2a0039a,y4f64qck@axl,Bihar,Union,clean,individual,0
2e8ae6c29167,zvodpl3w@apl,Uttar Pradesh,Kotak,clean,individual,0
743923f15af2,s5tcfcq4@upi,Rajasthan,SBI,clean,individual,0
0f6bb99013af,jmlx5egw@oksbi,Maharashtra,Canara,clean,individual,0
17ad54b5c83b,k0y4u71b@ibl,Kerala,SBI,clean,individual,0
2a7a539b36a9,viijvifn@ibl,Maharashtra,Canara,clean,individual,0
50551647e3a2,yney78mn@okaxis,Tamil Nadu,ICICI,clean,individual,0
63f3c90947ba,je1kh4vi@okaxis,Delhi,Kotak,clean,individual,0
2ff3a3b802d9,m0nzkpab@paytm,Uttarakhand,HDFC,clean,individual,0
308c58d6b501,d99n01em@icici,Delhi,SBI,clean,individual,0
04b251b8c2a9,z75xo55x@axl,Karnataka,SBI,clean,individual,0
6211ec898a3b,wozjqzd4@axl,Telangana,HDFC,clean,individual,0
1a3432b0cc31,jmnodh6f@okaxis,Gujarat,Union,clean,individual,0
3ef421d54d13,a0e3e04a@axl,Haryana,Union,clean,individual,0
6721330ec303,kokv5wv9@paytm,Kerala,ICICI,clean,individual,0
79b6b2aae6d8,6swuwa9o@okaxis,Uttar Pradesh,BOB,clean,individual,0
0a3f7daa2c55,gsm0qg83@paytm,Delhi,Kotak,clean,individual,0
04f4016714d5,ei3f961n@oksbi,Uttar Pradesh,Union,clean,individual,0
13fca65adcd4,1y1mll1p@axl,Haryana,Axis,clean,individual,0
0b3028ec0eb7,qdvctm89@paytm,Uttarakhand,Canara,clean,individual,0
6007053a837f,8pjqfemd@upi,Karnataka,Union,clean,individual,0
0a81ba9a9d1a,effj99oo@ybl,Tamil Nadu,PNB,clean,individual,0
5b8ef64b0692,xi8l10uw@ybl,Uttar Pradesh,SBI,clean,individual,0
7f8ade840ab5,7gnf74am@okaxis,Telangana,BOB,clean,individual,0
099907c72438,e7ataa4e@ybl,Gujarat,PNB,clean,individual,0
549785cd1cae,a7md2w0c@axl,Haryana,HDFC,clean,individual,0
2bf827455baa,vsy3fov6@ybl,Maharashtra,BOB,clean,individual,0
6664c862738c,x9n55rv9@upi,Delhi,ICICI,clean,individual,0
707d37b655a6,390udugg@okaxis,Uttar Pradesh,Union,clean,individual,0
6ae2f62f25cd,fogd2mwo@oksbi,West Bengal,PNB,clean,individual,0
5903350b851b,hym2l6u3@okaxis,Karnataka,HDFC,clean,individual,0
7992ed56abf3,5y68ifb2@paytm,Tamil Nadu,HDFC,clean,individual,0
10c2184d6faa,c91sn9cs@axl,West Bengal,PNB,clean,individual,0
0aab51ceaf5f,a6ygut68@upi,Haryana,ICICI,clean,individual,0
6ed662ec320a,nc53vnh4@upi,Uttarakhand,SBI,clean,individual,0
0e894829e7bf,6mlu4ge1@axl,Karnataka,Union,clean,individual,0
422239a6cd4c,ivu6fd04@okaxis,Kerala,PNB,clean,individual,0
6fbf39c05bad,ovfjyw0x@oksbi,Delhi,BOB,clean,individual,0
2daf3036499f,0j6f4qfq@okaxis,Gujarat,Axis,clean,individual,0
31497dca1295,6w8pxx8v@paytm,Uttar Pradesh,PNB,clean,individual,0
2a0dfd086c3a,djd7amk1@icici,Uttar Pradesh,SBI,clean,individual,0
1a2088c7845b,2brhckyi@ybl,Delhi,PNB,clean,individual,0
5bc7e5c77342,ze3esxm0@icici,Haryana,Kotak,clean,individual,0
0c87b807134f,l2460vrf@oksbi,Maharashtra,BOB,clean,individual,0
6d9d771f30f1,pzb1s94n@ybl,Gujarat,PNB,clean,individual,0
1478eace069c,baj866ly@axl,Delhi,Axis,clean,individual,0
60cd61ba99b6,zhrhhkve@ibl,Haryana,SBI,clean,individual,0
65ec4cf8805f,7i5f2u4n@upi,Uttarakhand,HDFC,clean,individual,0
261f6b4b051f,7g0bx8bo@axl,Delhi,BOB,clean,individual,0
6dbc379f5a2f,dpbchb09@ybl,Rajasthan,SBI,clean,individual,0
0f2c592256bc,n1g25uhk@okaxis,Uttarakhand,Union,clean,individual,0
07d535fb79b1,wmzbu9o9@paytm,Gujarat,ICICI,clean,individual,0
4b05c1aaee8e,19j3qrz9@apl,Uttar Pradesh,BOB,clean,individual,0
52c69d34cbfc,ud9228ig@ybl,Delhi,Union,clean,individual,0
5e73a835b666,jrw8zbrf@axl,Kerala,PNB,clean,individual,0
58f5a6ab54d2,98mafmay@ibl,Uttarakhand,HDFC,clean,individual,0
416741c53266,39d7gt2f@paytm,Kerala,HDFC,clean,individual,0
54b8a57da15c,au7nlf49@okaxis,Uttarakhand,PNB,clean,individual,0
2d786a05e83b,aiefebbn@upi,Rajasthan,Canara,clean,individual,0
6beacef041cc,qptcr0bd@upi,Bihar,HDFC,clean,individual,0
0a91f5f984b4,sfpwdkbk@axl,Gujarat,Axis,clean,individual,0
20fe9dff309f,82jmlskf@axl,Haryana,Union,clean,individual,0
325bdc0deac8,jdorx3cd@icici,Bihar,Kotak,clean,individual,0
3fe8092ad920,ok7ch9qd@apl,Karnataka,Kotak,clean,individual,0
784bbf330409,q9zwsw0y@upi,Telangana,Axis,clean,individual,0
1bfd7b3e3662,phlef36p@okaxis,Kerala,Union,clean,individual,0
3901ed3d7e28,o2dst7r3@axl,Haryana,PNB,clean,individual,0
1092e9b04e43,t9fltw8e@paytm,Uttarakhand,Axis,clean,individual,0
0e6a8bb3444a,3gaqoqe7@okaxis,Gujarat,Axis,clean,individual,0
055e062df78a,50zaq7c7@okaxis,Uttar Pradesh,Kotak,clean,individual,0
7a567ddb8c9c,cd71zwgm@icici,Gujarat,ICICI,clean,individual,0
54e337c24c56,lpkn6vp6@paytm,Tamil Nadu,ICICI,clean,individual,0
0b1b5c67fae9,ejmp5rq4@apl,Kerala,HDFC,clean,individual,0
207fa3b2cfae,14cl6vml@upi,Haryana,PNB,clean,individual,0
3e7ae9cc2381,63krseyd@icici,West Bengal,Axis,clean,individual,0
235847398aa9,uo3eybfm@axl,Rajasthan,SBI,victim,individual,0
6be8b05e6aa5,ve09l6qg@upi,Uttar Pradesh,Canara,clean,individual,0
12833d1b745d,qyh0yqu7@icici,Uttar Pradesh,ICICI,clean,individual,0
3d887dac2793,qnfvx21y@ibl,Karnataka,ICICI,clean,individual,0
5033b6eea06e,jv5om6q5@ybl,Haryana,Kotak,clean,individual,0
26f2b7445eaf,dv5gvcoz@paytm,Rajasthan,Union,clean,individual,0
4079771e28c2,9tcc860t@ibl,Kerala,Axis,clean,individual,0
190a4bf22d9d,60274x1o@oksbi,Haryana,Union,clean,individual,0
5e313187098f,ncjovykp@axl,Rajasthan,Kotak,clean,individual,0
76d968c65003,xu9ssgem@paytm,Haryana,Union,clean,individual,0
6291e124a723,yth422p0@axl,Uttar Pradesh,SBI,clean,individual,0
2d1225e58a7a,v7uhg9hy@upi,Maharashtra,Kotak,clean,individual,0
76dc11a7de51,ax0ao1dp@paytm,Rajasthan,PNB,clean,individual,0
2380bfd5bcc1,31dalk36@ibl,Rajasthan,Kotak,clean,individual,0
181968f2aac7,21xzo7y2@oksbi,Maharashtra,Union,clean,individual,0
0a14d293f7a7,4zkp45l3@icici,Uttar Pradesh,Axis,clean,individual,0
38391c2dd1a0,m0lgasj6@apl,West Bengal,Kotak,clean,individual,0
2a4df5a37aee,sg9clf7w@paytm,Bihar,Canara,clean,individual,0
2c291599bd32,yyefcwct@upi,West Bengal,PNB,clean,individual,0
13d76a033f9f,rfxsyxhb@oksbi,Telangana,BOB,clean,individual,0
56b426ddf49d,thxxcpcy@axl,West Bengal,HDFC,clean,individual,0
2e7246e7a036,9br41xkn@ybl,Telangana,ICICI,clean,individual,0
698565738910,sii9re3t@okaxis,Rajasthan,Axis,clean,individual,0
7b3d7e4d101f,22pyztvp@oksbi,Uttar Pradesh,BOB,clean,individual,0
126b9252b7f0,3rhk3ylb@paytm,Telangana,Kotak,clean,individual,0
7a7a3bcbb472,8gn5mq0n@apl,Bihar,SBI,clean,individual,0
01fbeee561f3,dm3rtwjr@axl,Rajasthan,HDFC,clean,individual,0
369b31f034c3,0oqaeqxq@paytm,Bihar,SBI,clean,individual,0
4413c5e8570c,nqkxi399@ibl,Uttar Pradesh,PNB,clean,individual,0
6a801753ba98,8zlg277s@oksbi,West Bengal,ICICI,clean,individual,0
020fb73e26b7,601eydg4@icici,West Bengal,ICICI,clean,individual,0
297d1274efc3,w71j0rv4@upi,West Bengal,Axis,clean,individual,0
2f8796b8ab34,ia0gl7g8@axl,Maharashtra,ICICI,clean,individual,0
1f7a2870af22,aipeznqg@paytm,Uttar Pradesh,Canara,clean,individual,0
2da56d8cd087,dpqr6xi7@axl,Maharashtra,SBI,clean,individual,0
79c1faa47bcb,tywhn1o2@okaxis,Uttar Pradesh,Canara,clean,individual,0
2077162a7314,1binsaoi@ibl,Telangana,ICICI,clean,individual,0
714637f2bb32,krcr7ejd@okaxis,Gujarat,Kotak,clean,individual,0
2123402544b2,mjixw19d@oksbi,Haryana,Axis,clean,individual,0
5945e01ba223,2erx1mea@icici,Kerala,Kotak,clean,individual,0
06cc96055822,5yw530u7@apl,Karnataka,Canara,clean,individual,0
15ffa21b13c8,buwrmssm@paytm,Bihar,Canara,clean,individual,0
4e2a2b718370,vtj2kr9c@ibl,Maharashtra,Kotak,clean,individual,0
5d9b30a4167b,i1rn0fvi@oksbi,Delhi,BOB,clean,individual,0
34058c6511d4,snoihtvw@upi,Delhi,Canara,clean,individual,0
47a81cc3dc58,7rxg4iv1@apl,Bihar,Kotak,clean,individual,0
1e251c391bed,5r4a4pcn@oksbi,Uttarakhand,PNB,clean,individual,0
190a138e58e0,ph1twz60@upi,Delhi,HDFC,clean,individual,0
42abf96864eb,vwxbya6n@ibl,Tamil Nadu,SBI,clean,individual,0
441497747ce3,f6jl8yrz@paytm,Telangana,HDFC,clean,individual,0
3592f006280d,apgfqkgv@upi,Tamil Nadu,PNB,clean,individual,0
3c32dd888220,2hmuc4f4@okaxis,Karnataka,Canara,clean,individual,0
5bd6a982185a,lfng3u6c@upi,Karnataka,ICICI,clean,individual,0
7b37cdee68b7,zmzee77y@ybl,Tamil Nadu,HDFC,clean,individual,0
76515d9af99a,g4ysudsl@apl,Haryana,Axis,clean,individual,0
5020a4a6d8cb,fu2svwhg@axl,Kerala,BOB,clean,individual,0
48b2c47bf5d0,zw55o3iv@ibl,Bihar,Union,clean,individual,0
5d83d948248c,ug74afbs@okaxis,Uttar Pradesh,PNB,clean,individual,0
57d5bcc6d0df,7bsc6gju@ybl,Uttar Pradesh,SBI,clean,individual,0
6aca7b37cab2,1qllnoog@ybl,Gujarat,PNB,clean,individual,0
444b227bbfdc,q29xw3uz@axl,Bihar,SBI,clean,individual,0
4b0e5d1afc0a,mxs7ecdg@ibl,Kerala,Canara,clean,individual,0
6a07d1ae4127,t5thgts3@okaxis,Karnataka,HDFC,clean,individual,0
751a7497a835,tw0ilu0l@oksbi,Uttar Pradesh,HDFC,clean,individual,0
4d338e7c36ed,bj7uu52x@ibl,Haryana,Kotak,clean,individual,0
29709b31bd57,o89iuw4c@ibl,Delhi,Canara,clean,individual,0
11e0f67355f4,90ss9mo1@axl,Uttarakhand,PNB,clean,individual,0
6663f78f43fc,2x8muvl2@axl,Uttarakhand,Canara,clean,individual,0
3a576839ce88,wyepxso7@apl,Gujarat,Kotak,clean,individual,0
330c75142e30,j48j6w5d@ybl,Bihar,BOB,clean,individual,0
407ee84f2f80,fainxfov@icici,Gujarat,HDFC,clean,individual,0
18802ed58bac,ty1ucg5r@paytm,Tamil Nadu,Union,clean,individual,0
2a1a57522b79,y7o6bwa7@oksbi,Haryana,ICICI,clean,individual,0
79aca74e8173,tnejjcce@oksbi,Rajasthan,BOB,clean,individual,0
647b5e13fe0d,c1y6wpdu@apl,Haryana,Canara,clean,individual,0
0e232b0c0029,h38vxzob@okaxis,Maharashtra,Union,clean,individual,0
6e76aa6edabe,6rt9mjgh@axl,West Bengal,BOB,clean,individual,0
08c3a34cf542,qavdioob@icici,West Bengal,ICICI,victim,individual,0
21170510f8bd,y9crdjrp@ybl,Kerala,BOB,clean,individual,0
721b27584720,i2rug932@paytm,Haryana,Canara,clean,individual,0
6d2edae3ec64,4o64d82e@apl,Delhi,Axis,clean,individual,0
37f9d10edfd8,vlkz7t77@paytm,Telangana,Union,clean,individual,0
5e61ec4593cc,iantoabp@oksbi,Kerala,Union,clean,individual,0
7d0afe8e015a,e42hox96@icici,Kerala,Kotak,clean,individual,0
5f3dc9179a90,w8j7vmjy@ibl,Karnataka,HDFC,clean,individual,0
64327c2bd96e,gu8wclnx@ibl,Gujarat,Union,clean,individual,0
43057052cc16,dcyg89bs@upi,Haryana,BOB,victim,individual,0
3d680976bf76,izvtto4x@ibl,Delhi,Axis,clean,individual,0
2ded0710abda,dof0sbwo@ibl,Haryana,HDFC,clean,individual,0
29513c8350d1,beh1jy12@upi,Telangana,HDFC,clean,individual,0
6df1c19898d1,thupo10v@upi,Rajasthan,BOB,clean,individual,0
7c16401ed33c,2upjdsx8@axl,Bihar,Axis,clean,individual,0
56156e9c4ff9,esd8nqde@upi,Telangana,Kotak,clean,individual,0
3154e5280b84,zmtifkza@upi,Rajasthan,SBI,clean,individual,0
35354f110872,xyl0hqb9@ibl,Gujarat,Kotak,clean,individual,0
2a4cd48613ab,dbca2yno@okaxis,Uttarakhand,PNB,clean,individual,0
2e43de951fb9,4v1yeb3i@okaxis,Delhi,ICICI,clean,individual,0
3bf7316a0462,34g3ybff@axl,Kerala,PNB,clean,individual,0
3949ecd46ab1,czs2mgi0@upi,Uttar Pradesh,SBI,clean,individual,0
051cd2ac764c,1g1f5ibu@oksbi,Telangana,ICICI,clean,individual,0
51eaea963929,x27t1re1@oksbi,Maharashtra,SBI,clean,individual,0
5b1b7fc07d7a,yqbd75k0@apl,Uttar Pradesh,Union,clean,individual,0
2e5da4a10c13,z4a1ob62@ybl,Uttarakhand,HDFC,clean,individual,0
4364f88612dc,skl1fhuk@upi,Telangana,ICICI,clean,individual,0
6736647683f5,h8v7jdig@apl,Telangana,BOB,clean,individual,0
6886939cec0a,3h4mqp73@ibl,Karnataka,BOB,clean,individual,0
0ebfa19f4a78,k1z83wli@paytm,Uttarakhand,Canara,clean,individual,0
0299b90b9e10,616pz1t1@axl,Maharashtra,Canara,clean,individual,0
785631f72569,838rtdsg@apl,Karnataka,Union,clean,individual,0
20ceb6699b33,t4tp9txr@ybl,Haryana,Union,clean,individual,0
5a2803c747f3,uka9uevg@ybl,Haryana,HDFC,clean,individual,0
08a6fe435f97,x1ti554c@ybl,Kerala,HDFC,clean,individual,0
7a8e57c7d883,iw45sej3@okaxis,Telangana,HDFC,clean,individual,0
4dd80dc2cf04,zp02611y@apl,Rajasthan,PNB,clean,individual,0
13ece1d94bc9,p9qqfqzo@okaxis,Rajasthan,BOB,clean,individual,0
1878aa823126,qdj6dy1l@okaxis,Tamil Nadu,ICICI,clean,individual,0
63d8d5f1060f,mwfc7xh8@ybl,Delhi,HDFC,clean,individual,0
025f1a340265,214rc20d@paytm,Rajasthan,Union,clean,individual,0
294f1a84da67,ex0903xp@okaxis,Rajasthan,PNB,clean,individual,0
3711333cb458,5y86k4b4@paytm,Karnataka,Kotak,clean,individual,0
30eac1615868,afvsuu3h@upi,Rajasthan,HDFC,clean,individual,0
3ca50bae7d76,x3dc89rs@icici,Telangana,SBI,clean,individual,0
78b4d359cff9,p3m5w7cg@axl,Bihar,SBI,clean,individual,0
5bb3892ab2ee,sfefc9uh@icici,West Bengal,HDFC,clean,individual,0
3ec288bbd56a,fiitznmj@ibl,Haryana,Canara,clean,individual,0
2c042bb3f0c9,p820elbw@paytm,Rajasthan,PNB,clean,individual,0
7a3aec2ff288,hzbetzrs@ibl,Gujarat,Kotak,clean,individual,0
22ce4c128ddc,ir6s7fd8@axl,Telangana,PNB,clean,individual,0
63648e1f2057,vzl5xjzl@ibl,Gujarat,ICICI,clean,individual,0
177005128f51,hwi9njo7@oksbi,Gujarat,Kotak,clean,individual,0
0c0e16a7febc,644p6t20@apl,Rajasthan,ICICI,clean,individual,0
7e11c366f856,b3uo87vw@ibl,Rajasthan,Union,clean,individual,0
34fe96611b3b,fxmauxkk@ybl,West Bengal,Axis,clean,individual,0
611206f8f8e2,z11n8tuk@apl,Karnataka,Kotak,clean,individual,0
41b1b7bd73cf,292128ng@oksbi,Tamil Nadu,ICICI,clean,individual,0
3bef61d5baed,l5j9e0xu@okaxis,Telangana,PNB,clean,individual,0
24586ae1dda4,uuiqoui5@ibl,Telangana,BOB,clean,individual,0
19ee072305ce,4bt6b6sn@apl,Haryana,Axis,clean,individual,0
205e79843832,iyh8668i@ibl,West Bengal,Kotak,clean,individual,0
364dd4015d2c,x9mco8bx@ibl,West Bengal,ICICI,clean,individual,0
6d81a55752a8,pdovd1om@axl,West Bengal,Canara,clean,individual,0
1217b88d0831,sz8gzb75@okaxis,Tamil Nadu,Union,clean,individual,0
4cac4af5d46b,61kho06z@upi,Maharashtra,HDFC,clean,individual,0
47f909195377,96efbrra@axl,Telangana,Axis,clean,individual,0
4e96251c1667,zafaqpdj@apl,Maharashtra,SBI,clean,individual,0
76471194958b,utcnlo85@axl,Rajasthan,Kotak,clean,individual,0
68841aeb287f,nlcoimpw@okaxis,Bihar,HDFC,clean,individual,0
5a17cbe3143b,4xhs1xj6@ibl,Rajasthan,PNB,clean,individual,0
5760c1c097ea,wx9s3bf8@ibl,Karnataka,Axis,clean,individual,0
760b29d7cfe1,3in910jt@icici,Maharashtra,Kotak,victim,individual,0
2a4bd799de06,b358swsm@upi,Uttar Pradesh,Kotak,clean,individual,0
1e6fd73e12e8,p0w6nree@oksbi,Bihar,HDFC,clean,individual,0
14117e07e68d,az5274v3@oksbi,West Bengal,SBI,clean,individual,0
5e0d7863384e,bel0r87g@upi,Delhi,PNB,clean,individual,0
4ebc1ef0c406,pu6kkdxa@oksbi,Maharashtra,HDFC,clean,individual,0
7ab5894773eb,u8x4zu6u@apl,Tamil Nadu,Kotak,clean,individual,0
57690c84d115,1d3sqonh@apl,Uttarakhand,Kotak,clean,individual,0
4d9b72d80d9b,ghsgs249@axl,Bihar,Canara,clean,individual,0
6470bdd388e7,tslx7ak4@ibl,Maharashtra,Axis,clean,individual,0
6252fdb1c4f8,mb5wx4k3@apl,Haryana,Kotak,clean,individual,0
6ca87d994ea1,x0v2tups@paytm,Gujarat,BOB,clean,individual,0
13559ff2df13,wzshkm24@upi,Gujarat,SBI,clean,individual,0
3303cc4148ce,4zon97na@okaxis,Uttarakhand,HDFC,clean,individual,0
64a195812ff3,j2ir45ow@apl,Bihar,ICICI,clean,individual,0
1cf6cb6d9a26,sm644sva@oksbi,Tamil Nadu,SBI,clean,individual,0
67f488742e5f,lpnsf2pi@ibl,Tamil Nadu,Kotak,clean,individual,0
7e875954a67f,d49gb1yx@paytm,Uttar Pradesh,Kotak,clean,individual,0
00063da2ac59,qwh4y353@apl,Tamil Nadu,Axis,clean,individual,0
4302c8aa7354,5v6wcfoq@paytm,Gujarat,PNB,clean,individual,0
781a63782681,lvgrje0y@ybl,Rajasthan,Union,clean,individual,0
0d5ab96f42f3,ee8a3zx9@okaxis,Delhi,Union,clean,individual,0
3cb3584905be,hv6db5js@axl,Rajasthan,HDFC,clean,individual,0
64f64411e155,4221n1b6@oksbi,Delhi,PNB,clean,individual,0
2880d683e327,9lczzebq@paytm,Uttarakhand,BOB,clean,individual,0
093e0dae6ba9,6q81a23o@ybl,Maharashtra,BOB,clean,individual,0
7e746093b052,606d9v9m@upi,Delhi,SBI,clean,individual,0
18c22f24befe,1mexorc9@ybl,Rajasthan,BOB,clean,individual,0
5a232ac35cae,kx2y7mvk@paytm,Maharashtra,SBI,clean,individual,0
1111ef2b1ba7,vuo4sy1o@oksbi,Uttarakhand,ICICI,clean,individual,0
3da4c95e37f0,iy3f96k7@ybl,Karnataka,Union,clean,individual,0
2c3fbcdc3193,rhhpt52p@oksbi,Tamil Nadu,Canara,clean,individual,0
5fc7fcdd90db,254va2b8@apl,Haryana,Union,clean,individual,0
254cbf5fba3c,ulz7zcoz@apl,Telangana,ICICI,clean,individual,0
106411ce5dde,y7nphtwa@okaxis,Bihar,PNB,clean,individual,0
4e417e4137a1,mpe1vqy8@icici,Kerala,BOB,clean,individual,0
4e380edc3c45,ljrngwoe@oksbi,Telangana,SBI,clean,individual,0
049d48cb4931,gkn6u9on@ybl,Bihar,Canara,clean,individual,0
05054797fdda,oaz2jn98@ibl,Kerala,ICICI,clean,individual,0
5975d91e5f99,ot69nvy1@ybl,Kerala,PNB,clean,individual,0
52abfc16889d,0xjlt1hc@paytm,West Bengal,SBI,clean,individual,0
50807854c608,898g1z20@apl,Uttarakhand,Kotak,clean,individual,0
65118a276ee9,k5fa1bsq@paytm,Rajasthan,Kotak,clean,individual,0
30dd1a49d6bf,psvj88w3@oksbi,Kerala,PNB,clean,individual,0
2f6004240ec7,vcszeae4@upi,Tamil Nadu,Axis,clean,individual,0
2cbe6eaf6f5f,2xr3gehm@apl,Kerala,Union,clean,individual,0
11ff7692a14f,a9mya7pn@okaxis,Rajasthan,SBI,clean,individual,0
5f457bd86885,zkk7n8fl@ybl,Uttarakhand,Axis,clean,individual,0
6db007ffa936,ouu3nd2n@icici,Kerala,PNB,clean,individual,0
73b9a0740e19,zttpapks@okaxis,Maharashtra,ICICI,clean,individual,0
34d418565ca5,7rhjdoqh@oksbi,Gujarat,Axis,clean,individual,0
03e944bd20f3,zffc2nkk@ybl,Uttar Pradesh,Canara,clean,individual,0
48544d92dff2,yns55z0k@okaxis,Telangana,Canara,clean,individual,0
0f6d422ac2b1,uj2207a8@paytm,Telangana,Axis,clean,individual,0
5e8ffc1f17bd,7i841g5x@oksbi,Telangana,Union,clean,individual,0
161a10e7c4c7,wcn4yy0n@paytm,Uttarakhand,Kotak,clean,individual,0
0f35d153b773,6t46bm9f@axl,Gujarat,Union,clean,individual,0
01787a5ec46d,2l9ptjzm@paytm,Rajasthan,HDFC,clean,individual,0
556a75a406f6,0qzhd65o@paytm,Rajasthan,SBI,clean,individual,0
4df36cdc96a5,gheelrck@upi,Uttar Pradesh,Kotak,clean,individual,0
6d47c159b03f,vof9rmmc@axl,Uttarakhand,SBI,clean,individual,0
5b685b24fbc5,d15as6ym@oksbi,Gujarat,Union,clean,individual,0
1ac03b654489,7y0rsnfd@oksbi,Uttarakhand,ICICI,clean,individual,0
6facb8f82e13,ish2kyz8@apl,Kerala,SBI,clean,individual,0
69b3679ed195,nwr6797h@oksbi,Bihar,PNB,clean,individual,0
4b36e707b2b6,5e8o0zny@oksbi,Karnataka,Union,clean,individual,0
1d89ded9d9e7,xp9zu3wd@paytm,Telangana,Union,clean,individual,0
33791218f4c2,eg6t28uu@ibl,Haryana,HDFC,clean,individual,0
4bccbd5b772e,47t7sl0z@ybl,West Bengal,ICICI,clean,individual,0
56ac90119ba4,t3jho8i1@axl,Tamil Nadu,Axis,clean,individual,0
04edfa914f71,u9gtyko6@icici,Uttar Pradesh,BOB,clean,individual,0
3af298d113f1,wgy8t9mn@axl,Haryana,Union,clean,individual,0
0bb1171cd0f6,mdu5vw1o@upi,Bihar,ICICI,clean,individual,0
3647c745b9e7,7ut4vx49@axl,Karnataka,ICICI,clean,individual,0
6d57d625f07d,9hap0ctm@okaxis,Tamil Nadu,Axis,clean,individual,0
568ea96dee6c,3hs3oy3i@oksbi,Karnataka,ICICI,clean,individual,0
6362fc975043,2zbcwby7@ibl,Bihar,SBI,clean,individual,0
3eecada5c6f6,hokkc7j6@icici,Bihar,Axis,clean,individual,0
1a5ff0c2926b,7xv4kjm1@upi,Tamil Nadu,PNB,clean,individual,0
51c1cf26fdf3,ekqbrnb3@axl,Uttarakhand,BOB,clean,individual,0
6535e4dd47d1,0kez6u9w@apl,Rajasthan,Axis,clean,individual,0
74fc33d933b9,kzlytt9e@apl,Bihar,SBI,clean,individual,0
2352ed9496ec,m8qt6txa@ybl,Karnataka,Kotak,clean,individual,0
1ef981658b31,38ycvw1o@upi,Telangana,ICICI,clean,individual,0
4af3c8c0f883,ucq8gwh9@icici,Haryana,SBI,clean,individual,0
0a91643bddac,bdig6e91@apl,Tamil Nadu,PNB,clean,individual,0
383319f61c0e,rwvdr0ql@apl,Karnataka,PNB,clean,individual,0
6de9379ed55d,nsnz38ud@okaxis,Kerala,SBI,clean,individual,0
57435b6f8b58,6s2i1wlc@paytm,Telangana,Canara,clean,individual,0
6be51ad5cfb6,w4knozsy@icici,Uttar Pradesh,HDFC,clean,individual,0
64f7bd502f29,44vdmnzn@okaxis,Uttar Pradesh,HDFC,clean,individual,0
672a52f633e7,lhz1aqdu@axl,Haryana,Axis,clean,individual,0
4197a5a0840d,mz6s4krc@axl,Karnataka,BOB,clean,individual,0
332d9fef5137,budtsqwv@icici,Uttarakhand,Union,clean,individual,0
53ef01494191,iz2pg2l4@ibl,Maharashtra,Union,clean,individual,0
281a2d4d7dba,tppivksg@okaxis,Karnataka,PNB,clean,individual,0
409ecac42625,8yt22q8x@axl,Telangana,SBI,clean,individual,0
3a3eea782cb4,00y2p6gk@icici,Uttar Pradesh,Canara,clean,individual,0
310d7c7aada1,24d16jq3@icici,Kerala,Kotak,clean,individual,0
0e2501a80c1a,40nk7vi8@okaxis,Tamil Nadu,ICICI,clean,individual,0
4b10b38171d4,6ywye19q@icici,Gujarat,Kotak,clean,individual,0
3e429cb95ab7,jlj0u9g3@okaxis,Uttar Pradesh,ICICI,clean,individual,0
444fd979c589,vbhpzd5m@paytm,Rajasthan,Axis,clean,individual,0
5bbb010026b5,wpmsnjgz@oksbi,Rajasthan,PNB,clean,individual,0
55c620610fcd,et2bsxj4@paytm,Haryana,Union,clean,individual,0
304516f3b231,a2wf2fae@icici,Uttarakhand,Axis,clean,individual,0
7bb05549ad3d,eo18qq2d@okaxis,Maharashtra,Union,clean,individual,0
6111aec3237a,tr7rjn9s@upi,West Bengal,BOB,clean,individual,0
318028b9346d,5muse4m1@upi,Uttarakhand,Kotak,clean,individual,0
260919e1bdbb,or8fz2ih@axl,Rajasthan,Canara,clean,individual,0
5e53afcd43ac,0y7u9ofz@okaxis,Gujarat,BOB,clean,individual,0
72a8347d265f,g3ej22w3@oksbi,Karnataka,ICICI,clean,individual,0
12ae7e3fdcb5,4hvy88nk@apl,Telangana,Axis,clean,individual,0
0ecc49246896,sjgd3ds8@axl,Maharashtra,Canara,clean,individual,0
269b23f52e63,2cb0it84@ibl,Uttar Pradesh,Kotak,clean,individual,0
3e0831f97585,gheffmzw@upi,Delhi,Axis,clean,individual,0
0ffc62362cc5,5pb0joj1@icici,Kerala,Axis,clean,individual,0
5fc2cc5668c3,vlq8btes@apl,Telangana,SBI,clean,individual,0
181761dfc022,v7l9l1zn@axl,Maharashtra,BOB,clean,individual,0
08120adae665,obzbwi7t@oksbi,West Bengal,Axis,clean,individual,0
5e112bc2d0f3,cif90ms5@paytm,Gujarat,Canara,clean,individual,0
6a1c6d7b4e50,6ebrx9mi@oksbi,Haryana,BOB,clean,individual,0
34abdef00b41,e42223il@ybl,Bihar,Canara,clean,individual,0
28630655979b,sb31z87j@ybl,Bihar,SBI,clean,individual,0
71e5c54bbfe1,slyels7h@okaxis,Tamil Nadu,Kotak,clean,individual,0
11b64551a943,8khd392x@icici,Uttar Pradesh,Kotak,clean,individual,0
64b4db365ab7,v4cfwrxx@upi,Telangana,BOB,clean,individual,0
5160718a25e1,2m02poef@oksbi,Tamil Nadu,Kotak,clean,individual,0
79e213e58b35,23njiv36@ybl,Gujarat,Axis,clean,individual,0
27ad115b59ba,hay4wihv@apl,Bihar,Canara,clean,individual,0
3b1fbfaf2c05,dvd2eq0u@okaxis,Rajasthan,Axis,clean,individual,0
0a2fdacb2eff,7xcfjey6@ibl,Bihar,PNB,clean,individual,0
64288d5cd428,w3gv3so9@axl,Kerala,Union,clean,individual,0
3f5eb8da1108,g0na8rlb@ibl,Haryana,Kotak,clean,individual,0
1c7918845892,0k3nzyzy@apl,Tamil Nadu,Canara,clean,individual,0
487e8e2a9923,uynnvm20@axl,Kerala,Canara,clean,individual,0
441b7cd7feb0,804f3azf@oksbi,Tamil Nadu,PNB,clean,individual,0
32ab730aa812,pv493c0t@ibl,West Bengal,HDFC,clean,individual,0
68f48a545969,mbjogj8t@icici,Gujarat,HDFC,clean,individual,0
4f865d717f55,qz64r2np@axl,Haryana,SBI,clean,individual,0
628d89d5fd53,6k07el2b@paytm,Karnataka,HDFC,clean,individual,0
347ca33164c5,826q4yij@ibl,Delhi,Union,clean,individual,0
30cc002bef39,ufkox6q6@ybl,Maharashtra,SBI,clean,individual,0
121eaa0f0c8c,xo26jfvy@ibl,Tamil Nadu,ICICI,clean,individual,0
51fe04675819,vhjlk18p@apl,Delhi,BOB,clean,individual,0
4fd439647db3,j8cnh227@ibl,Uttar Pradesh,Axis,clean,individual,0
7f28d5dcd5ae,mfpjctv6@axl,Tamil Nadu,Canara,clean,individual,0
0244fd0da207,tsq0yhjp@paytm,Tamil Nadu,Canara,clean,individual,0
0f1aba209836,nkf3r680@apl,Telangana,ICICI,clean,individual,0
5e21f928fd89,l7my98jy@axl,Delhi,HDFC,clean,individual,0
74c18e0e9a51,d7dzg5sw@ybl,Karnataka,SBI,clean,individual,0
7d59f9662f0f,oit0sup0@oksbi,Tamil Nadu,ICICI,clean,individual,0
1a0fd4cfed87,xbx0r6wh@paytm,Tamil Nadu,Canara,clean,individual,0
0dd360037fc8,n6jqur0f@axl,Tamil Nadu,BOB,clean,individual,0
69fbc328a7b9,moyfigiq@apl,Rajasthan,HDFC,clean,individual,0
1547954e1b8a,39cau05j@okaxis,Uttarakhand,BOB,clean,individual,0
50fe00f51392,bghspblo@apl,Tamil Nadu,SBI,clean,individual,0
2c44b1ada951,8i6cpcsx@axl,Karnataka,Kotak,clean,individual,0
323b440c4f74,ek6fuz6r@paytm,Bihar,Axis,clean,individual,0
72bc4189b481,tiakmy41@paytm,Bihar,PNB,clean,individual,0
2e73198831df,llhkxb4y@upi,Kerala,ICICI,clean,individual,0
4b8082c19a6e,7fkagr1o@oksbi,Maharashtra,PNB,clean,individual,0
377c39815f4b,u5csrlmg@ibl,Telangana,SBI,victim,individual,0
55001b81fcde,gdv4zj0m@upi,Kerala,HDFC,clean,individual,0
51f66f8d515b,3rxfjzsy@oksbi,Kerala,Axis,clean,individual,0
5b0e20ba969f,v0jse85r@ybl,Karnataka,HDFC,clean,individual,0
63d7447e5bbe,0fpnyfvb@paytm,Uttarakhand,ICICI,clean,individual,0
74f53b015f36,gzj6ucd0@paytm,Uttarakhand,Kotak,clean,individual,0
4ccf470bdb05,qo36lhbx@upi,Gujarat,Kotak,clean,individual,0
42a489a82c02,10fkjut2@upi,Uttar Pradesh,Axis,clean,individual,0
66d2b3743ad8,z7b7obdx@upi,Haryana,Union,clean,individual,0
5e81f13f5859,busbj20y@ibl,Karnataka,HDFC,clean,individual,0
2cc8ee05b8f9,8owftog1@ybl,Uttar Pradesh,BOB,clean,individual,0
69bdcededa68,zym043nt@paytm,Delhi,Canara,clean,individual,0
508d6342f96b,baqwuswo@axl,Telangana,SBI,clean,individual,0
68ab9bc2f23c,ndhuyp3u@okaxis,Telangana,HDFC,clean,individual,0
5f498dc499cb,pynaeer8@okaxis,Delhi,Kotak,clean,individual,0
065c71a97a92,j1lrfow2@ibl,Maharashtra,Union,clean,individual,0
1db6c6775c25,bmkkq1ws@paytm,Karnataka,HDFC,clean,individual,0
467643fac8fd,4mn633w9@ybl,Kerala,Canara,clean,individual,0
4873f24f23b7,5b5bveaj@axl,West Bengal,Union,clean,individual,0
64e909708602,i4pwp7ib@paytm,Tamil Nadu,ICICI,clean,individual,0
295aef09e757,bwfldzzm@icici,Haryana,Union,clean,individual,0
49f6266c7600,f6qvenmr@ibl,Uttar Pradesh,BOB,clean,individual,0
63432fddc21b,h60n0xc8@icici,West Bengal,Canara,clean,individual,0
53ec094928d5,sa41ok1w@ibl,Karnataka,Kotak,clean,individual,0
48d216d003dc,ivowv74j@icici,Gujarat,ICICI,clean,individual,0
3a6bccb82c8f,5lsq9jyz@apl,Gujarat,SBI,clean,individual,0
3288450cb53e,ngx2l7j1@paytm,Rajasthan,SBI,clean,individual,0
0f7d64f185c0,j1pu64yv@icici,Delhi,SBI,clean,individual,0
665c8da0442f,8uxfthg7@okaxis,Gujarat,HDFC,clean,individual,0
7cec35ca7783,16c6bzpf@axl,Karnataka,Canara,clean,individual,0
4b93a6117951,cicfgfde@paytm,Tamil Nadu,SBI,clean,individual,0
2bb76d7edb4a,sgjg2fk3@ibl,Karnataka,ICICI,clean,individual,0
1fdfe9d8dd74,qnfi0whf@icici,Haryana,HDFC,clean,individual,0
3f2ad3712cbb,52hyk16w@paytm,Uttar Pradesh,BOB,clean,individual,0
67f7fcc99ad7,lqwn7c65@ybl,Rajasthan,Union,clean,individual,0
6abed36cd8ef,c74df2am@axl,Maharashtra,Union,clean,individual,0
3f21367b68fa,fdifu8w7@okaxis,Rajasthan,Canara,clean,individual,0
5b6284f1dda0,mbm749ix@ibl,Haryana,Kotak,clean,individual,0
563d9a16faa1,3366shqn@apl,Uttarakhand,HDFC,clean,individual,0
5f97a8220ee0,sy33441l@axl,West Bengal,Axis,clean,individual,0
42183ce71f27,q01t1blh@ybl,Gujarat,Union,clean,individual,0
73ca7d473cda,1onb8tnt@ibl,Haryana,Union,clean,individual,0
0d89365a7102,m16wv4zt@upi,Gujarat,Canara,clean,individual,0
4fcefffce3e9,m5s2y0sl@apl,Maharashtra,Kotak,clean,individual,0
6341a7796ea6,mmlkf5ju@apl,Bihar,BOB,clean,individual,0
77cd96526ef3,u768kn9m@oksbi,Uttar Pradesh,BOB,clean,individual,0
4f5be3e1ad2e,3dqbfaqt@upi,Delhi,BOB,clean,individual,0
04e6c8440f9b,dcub1y6y@paytm,Uttarakhand,BOB,clean,individual,0
1e6e497d8d65,1u1lgote@paytm,Uttar Pradesh,PNB,clean,individual,0
5f0d164d9792,5ij0hw92@okaxis,Maharashtra,HDFC,clean,individual,0
682a7e5f7d15,6consbuq@paytm,Gujarat,Union,clean,individual,0
4739fcdafd6a,lcmgjqw8@okaxis,Rajasthan,ICICI,victim,individual,0
790d38174678,4owkl3fx@ibl,Haryana,SBI,clean,individual,0
6996e212a27e,jpehj74z@okaxis,Kerala,HDFC,victim,individual,0
10a6df4e9211,gxie6fa4@apl,Telangana,Union,clean,individual,0
6aa537856d65,y3wlq2za@okaxis,Gujarat,BOB,clean,individual,0
595a631f53e0,yaexqr9v@apl,Uttar Pradesh,Kotak,clean,individual,0
10df22a7a9b2,qnk6slbz@icici,Telangana,HDFC,clean,individual,0
7f1381d393de,nnmufhka@okaxis,West Bengal,ICICI,clean,individual,0
16bca2d45405,cft1ys8n@oksbi,Rajasthan,Canara,clean,individual,0
4b45c006446a,end9707y@ybl,Rajasthan,HDFC,clean,individual,0
44ea1fb3d142,8rbvusgt@icici,Delhi,Union,clean,individual,0
48438d853ed4,he73zpg1@paytm,Gujarat,PNB,clean,individual,0
0f8fc2d836e0,2eyim7ol@ibl,West Bengal,Kotak,clean,individual,0
728c78f12ec6,2liqsovp@oksbi,West Bengal,Canara,clean,individual,0
5bc9d82acb7f,zk7gmnp6@paytm,Maharashtra,Union,clean,individual,0
05432672325c,xytt7oct@ibl,Rajasthan,Union,clean,individual,0
768b0f934c18,qnql6lax@icici,West Bengal,Kotak,clean,individual,0
11c78014dce5,rjrrntr8@okaxis,Uttar Pradesh,BOB,clean,individual,0
5348d8383049,qqfpn1gg@ibl,Uttarakhand,ICICI,clean,individual,0
04e4f1c0942f,zgst4pmd@ibl,Bihar,BOB,clean,individual,0
57b53f0450d4,1t0cho0g@okaxis,Telangana,HDFC,clean,individual,0
25807ae069e0,mon5n9m7@okaxis,West Bengal,HDFC,clean,individual,0
4d65787401d5,uu1m2uhg@okaxis,Kerala,PNB,clean,individual,0
7a5e6157f607,w5ccht3k@paytm,Haryana,ICICI,clean,individual,0
0c457ef3a21c,g41w05m8@apl,Kerala,HDFC,clean,individual,0
39a574ea9f9b,9f4iknyh@ybl,West Bengal,Canara,clean,individual,0
4c5472b5c54f,pw3rohc8@upi,Rajasthan,HDFC,clean,individual,0
1ba5f87d5411,ico85ivv@oksbi,Karnataka,Axis,clean,individual,0
7a16782dd7aa,93jxnzug@oksbi,Haryana,PNB,clean,individual,0
74185f501b02,ijc814jb@paytm,Karnataka,PNB,clean,individual,0
6af14a018fd0,xeenrns1@axl,Bihar,Kotak,clean,individual,0
04fb182b6dcb,xs9eksov@ibl,West Bengal,HDFC,clean,individual,0
0202002f2d21,uybcsgf6@okaxis,Kerala,Canara,clean,individual,0
6b9c1bc0b878,wyvts23c@ybl,Tamil Nadu,Canara,clean,individual,0
5c75726ae931,5sjq8ghb@oksbi,West Bengal,Union,clean,individual,0
613f4459c1b3,q7z86oyi@ibl,Delhi,Union,clean,individual,0
2b13aa244906,nr6ttsm8@ibl,Telangana,Canara,clean,individual,0
5192544ee19b,y3hcvdek@apl,Uttarakhand,PNB,clean,individual,0
58876256d0ce,sg9b4epb@paytm,West Bengal,SBI,clean,individual,0
0a0efb69e4f8,4l3sta48@okaxis,West Bengal,Kotak,clean,individual,0
51deb642cb85,fnzb9fpd@ybl,Gujarat,HDFC,clean,individual,0
3436995bf521,wrswysyb@ybl,Tamil Nadu,SBI,clean,individual,0
57a8cc4058e7,bettozyv@icici,Gujarat,PNB,clean,individual,0
1a4df6220460,lh8ybuna@ibl,Maharashtra,Axis,clean,individual,0
3056104ded88,imzwrjoc@ybl,Gujarat,HDFC,clean,individual,0
709b7aebfbce,ijv7phj2@icici,Kerala,SBI,clean,individual,0
2ac0479c686f,nljwkaq7@okaxis,Haryana,SBI,clean,individual,0
32767d5a30d7,41fe5hxw@axl,Uttar Pradesh,HDFC,clean,individual,0
27cd3526b90d,biynulxi@axl,Gujarat,Canara,clean,individual,0
19aeeba224d0,1hyaf2y6@upi,Karnataka,HDFC,clean,individual,0
0a572d90516d,18q8rp6y@oksbi,Uttarakhand,Kotak,clean,individual,0
0ce999c39ed9,ptl5qnxa@upi,Telangana,Axis,clean,individual,0
082beab3b8da,rjiq42ps@ibl,Uttar Pradesh,Kotak,clean,individual,0
499b6f53a802,c08umbuv@paytm,Delhi,Canara,clean,individual,0
127f3e8abc03,sowd19c6@apl,Haryana,Kotak,clean,individual,0
5072a3537908,odo0u0bq@axl,Telangana,Kotak,clean,individual,0
4b1fc315351a,uqsl022u@icici,Kerala,Union,clean,individual,0
03031bc08374,35m9y2n8@apl,Bihar,Union,clean,individual,0
0f695533ea00,e36gtjsz@axl,Gujarat,PNB,clean,individual,0
6988eb3a73de,usbre2be@icici,Kerala,Union,clean,individual,0
54540c51e28a,d46qm072@oksbi,Karnataka,Union,clean,individual,0
72fdb7f9fcce,otkcpwey@okaxis,Gujarat,Union,clean,individual,0
3f3b81b816da,pohm4tzv@okaxis,Maharashtra,Union,clean,individual,0
4aa900cd8e25,7t2mhsrd@oksbi,Delhi,PNB,clean,individual,0
5489b756175e,mg9503a8@ibl,West Bengal,Kotak,clean,individual,0
452252fdd50f,o007wc6w@axl,Telangana,PNB,clean,individual,0
7a3533f9e74a,obh0st0t@icici,Rajasthan,Union,clean,individual,0
76c81cbe1251,lqxk45d0@upi,Rajasthan,Union,clean,individual,0
755189f193bc,1bjpafi2@upi,Rajasthan,Axis,clean,individual,0
192d0a0cd26a,fb0udxu8@ybl,Uttarakhand,Canara,clean,individual,0
1a533d04c831,fzkstj2p@upi,Maharashtra,SBI,clean,individual,0
3c6fb88d4c90,4tjez8ss@ybl,Uttar Pradesh,BOB,clean,individual,0
20520dc3ebe9,16w3616c@axl,West Bengal,HDFC,clean,individual,0
7119429b42ab,1ka3ld42@icici,Uttarakhand,BOB,clean,individual,0
6d9faaca873b,64g2ercq@oksbi,West Bengal,ICICI,clean,individual,0
7edb2e0a176c,cddqs2wo@upi,West Bengal,SBI,clean,individual,0
7554184c5529,5b3pq6a2@oksbi,Kerala,Union,clean,individual,0
178847fe7262,08xpj64k@paytm,Tamil Nadu,HDFC,clean,individual,0
28e6159fceef,6hyv4wlo@apl,Delhi,Canara,clean,individual,0
56ec9c27ad98,t64u47yz@axl,Haryana,ICICI,clean,individual,0
263d281e57a9,f7a0xb8z@upi,Uttarakhand,Union,clean,individual,0
692cfd599f08,yoohy887@upi,Haryana,BOB,clean,individual,0
5fe7ee8e9abd,mx3ou1a9@oksbi,Tamil Nadu,ICICI,clean,individual,0
2a0d8d97bda8,rajsj78w@axl,Maharashtra,Union,clean,individual,0
702ef74d8ee0,86e7zrlv@axl,Uttarakhand,Axis,clean,individual,0
1f77450cd9c5,p4mxireu@axl,Uttar Pradesh,PNB,clean,individual,0
34492958520b,prw3k8pr@oksbi,Gujarat,Union,clean,individual,0
426eb4c4af13,eeg1q7ni@okaxis,Delhi,Union,clean,individual,0
382707ecc777,r52e35h6@upi,Gujarat,HDFC,clean,individual,0
17e3e064b969,yumr3bmr@upi,Maharashtra,Kotak,clean,individual,0
6e7e143a3791,gjio1598@axl,Rajasthan,HDFC,clean,individual,0
547860e40f7e,cp5g6ee9@paytm,Gujarat,ICICI,clean,individual,0
3b6f6877799b,fgf002wx@apl,Uttar Pradesh,Canara,clean,individual,0
707446d00d44,xzp949gg@oksbi,Gujarat,PNB,clean,individual,0
3bf118e13359,r3o02ss2@upi,Haryana,BOB,clean,individual,0
5036496707a7,xns09nn8@oksbi,Bihar,BOB,clean,individual,0
7d8a68fefbac,s9rc71da@paytm,Bihar,Axis,clean,individual,0
31d1d0f97055,3vu76bef@okaxis,Uttar Pradesh,HDFC,clean,individual,0
5c6e4c1ff436,t33qlthw@upi,Maharashtra,SBI,clean,individual,0
4c0f335b38f1,nr44ic7a@oksbi,Bihar,Canara,clean,individual,0
04b71ab7adbd,4evifnoc@upi,Kerala,PNB,clean,individual,0
19cc59033214,dcvi5lzh@oksbi,Kerala,SBI,clean,individual,0
325aeabf2972,dbkbnq5c@axl,Maharashtra,HDFC,clean,individual,0
0cab8ed8759b,bdr3jn59@upi,Kerala,Kotak,clean,individual,0
0824192d6e85,ttgq7e9a@upi,Uttarakhand,PNB,clean,individual,0
619ce77b6680,l73ia6ba@oksbi,Delhi,Canara,clean,individual,0
61192cfee51c,wcml70hn@oksbi,Uttarakhand,PNB,clean,individual,0
7e769545942d,qgber9cj@ibl,Rajasthan,SBI,clean,individual,0
36d6cde7ccd2,c00tw1pk@ibl,Haryana,Axis,clean,individual,0
3b69c3f02e82,bf85sgdn@oksbi,West Bengal,Union,victim,individual,0
64148be24c86,fp3qawam@paytm,Haryana,Kotak,clean,individual,0
3ab5fb21657d,w1j3l2g3@okaxis,Uttarakhand,PNB,clean,individual,0
60e8bc306e0c,63suzash@paytm,Uttarakhand,ICICI,clean,individual,0
15ef949da356,cnma0mj9@apl,Tamil Nadu,Kotak,clean,individual,0
1841eef9d6a2,9o9wja9b@oksbi,Uttarakhand,Axis,clean,individual,0
7da460e69c86,93w45owe@apl,Uttarakhand,Union,clean,individual,0
2f356638948d,fq6bkptn@apl,Karnataka,ICICI,clean,individual,0
48d94a94ea81,x9wpbmlm@apl,Delhi,Union,clean,individual,0
345338b6df0c,lv0z07xm@ibl,Uttar Pradesh,BOB,clean,individual,0
1b9c7110fe8d,46ljq8lw@oksbi,Rajasthan,HDFC,clean,individual,0
554a59cc9d49,0ivm9v33@paytm,Rajasthan,Union,clean,individual,0
73455967bcb6,o43j3ffs@upi,Uttarakhand,Kotak,clean,individual,0
27a4c0647c34,zx10078q@ibl,Gujarat,BOB,clean,individual,0
5547c1cba3a1,i8crywg9@ybl,West Bengal,Union,clean,individual,0
4a71262aa27b,xuybf2cs@icici,Kerala,BOB,clean,individual,0
102dd19c4d95,gxuv91h7@ibl,Telangana,HDFC,clean,individual,0
56bf2b3d9ddf,cfzpydy7@axl,Haryana,HDFC,clean,individual,0
172258b03269,mg9sij29@ybl,Uttarakhand,Axis,clean,individual,0
6f18630ee225,2cthwjbw@oksbi,Rajasthan,Canara,clean,individual,0
20ec24a7fd74,zqcsqeo4@upi,Gujarat,ICICI,clean,individual,0
15a84c0da356,hy1wn8vf@okaxis,Delhi,Union,clean,individual,0
41e559cac1dd,h7f379q1@apl,Maharashtra,BOB,clean,individual,0
65276af566b9,q7qyesp4@upi,Kerala,HDFC,clean,individual,0
4c888e4e4958,vrcyg0ap@upi,Maharashtra,Kotak,clean,individual,0
4593badfd46a,9abg112d@apl,Tamil Nadu,Kotak,clean,individual,0
3b5bb1f8d6a0,r77vuxl4@okaxis,Kerala,HDFC,clean,individual,0
603d9a3cc43a,gwmo4v11@ybl,Telangana,Kotak,clean,individual,0
5a10d37a3acd,8zlimfn8@apl,Haryana,Kotak,clean,individual,0
34b22f9733d6,p0xxjmrl@icici,Uttar Pradesh,Kotak,clean,individual,0
02a62e718840,df8xxn2x@upi,Telangana,BOB,clean,individual,0
3fa0dfea6ba9,2a1fr09l@oksbi,Uttarakhand,Kotak,clean,individual,0
2d908a28ae3d,illcwere@ibl,Kerala,Kotak,clean,individual,0
487f9e6e48b9,u4gtkiew@icici,Kerala,HDFC,clean,individual,0
50e0ee7d799f,vc53osau@upi,Rajasthan,Axis,clean,individual,0
31a372feb35f,l956n14k@axl,Uttar Pradesh,Axis,clean,individual,0
4c5d76f65b9b,kr9la7ky@icici,Haryana,ICICI,clean,individual,0
1a79bf0942e7,i4vyk4jy@paytm,Kerala,PNB,clean,individual,0
6027245916f8,wg9rn7il@upi,Delhi,ICICI,clean,individual,0
5fd92d606e2d,q0odjawd@icici,Telangana,Axis,clean,individual,0
3ff418deaee8,45bbtnmd@ibl,Gujarat,HDFC,clean,individual,0
0e0b01871731,vgjnhsmy@icici,Uttar Pradesh,Canara,clean,individual,0
269d90cefbbc,wd4qvahy@okaxis,Delhi,SBI,clean,individual,0
13327b6654b8,o9nmit93@apl,Karnataka,Kotak,clean,individual,0
2ce23caaba41,az15z9hu@paytm,Uttarakhand,HDFC,clean,individual,0
1a44fe0b72ce,6c4b2j09@paytm,West Bengal,Canara,clean,individual,0
3ed76ded7a94,ppp3lcba@axl,Tamil Nadu,BOB,clean,individual,0
1db39bc98997,e6acjjvh@apl,Karnataka,Kotak,clean,individual,0
769cfecab6e0,u5ib2vvh@ibl,Rajasthan,SBI,clean,individual,0
683a6a9a6be4,0jfq1jyd@paytm,Uttarakhand,Axis,clean,individual,0
402c8d462ea1,6e5vv4pd@icici,Rajasthan,SBI,clean,individual,0
1fd1608f7eba,38pl936i@icici,Haryana,Axis,clean,individual,0
713af3282498,rv6xk0hm@okaxis,Kerala,PNB,clean,individual,0
6f5995fd947f,e28nj3w2@icici,Gujarat,BOB,clean,individual,0
729e8d5b2580,mt1gjwtx@oksbi,Kerala,Union,clean,individual,0
2c92b153cfad,gxl02lno@axl,Haryana,PNB,clean,individual,0
78560b7472b7,m1wqghyf@icici,Telangana,Axis,clean,individual,0
6cc46ac2ba9c,yrmeeptt@ybl,Delhi,ICICI,clean,individual,0
73fc3cf7de49,vl517av0@oksbi,Uttarakhand,SBI,clean,individual,0
1b355009344b,rz6ezk9q@ibl,Tamil Nadu,Axis,clean,individual,0
64197ceed026,wrlew78h@okaxis,Rajasthan,PNB,clean,individual,0
64228cec6c41,vmqft7cs@apl,Tamil Nadu,ICICI,clean,individual,0
0f32e99c5b60,4kne0gao@upi,Kerala,BOB,clean,individual,0
170341af877b,jitlo3gy@axl,Haryana,SBI,clean,individual,0
30f1f63bcc2b,w06tv6my@oksbi,Uttar Pradesh,ICICI,clean,individual,0
017a7bd6766d,cy25519g@axl,Uttarakhand,Kotak,clean,individual,0
57f84690ef96,c9g9ez3i@upi,Delhi,Kotak,clean,individual,0
6819a03b3e50,yk2j19xj@ibl,Kerala,BOB,clean,individual,0
3c09955b5613,0d2ralyr@oksbi,Bihar,SBI,clean,individual,0
70bb0099bfb4,17cqzk0u@apl,Rajasthan,ICICI,clean,individual,0
2fda41ebed25,dj6syo8c@upi,Tamil Nadu,ICICI,clean,individual,0
3a2508208c6a,h11olc2h@axl,Karnataka,Union,clean,individual,0
59d6b64b5bac,ty1cfvrb@upi,Uttar Pradesh,SBI,clean,individual,0
30568ef24004,xwstf8nq@apl,Tamil Nadu,SBI,clean,individual,0
77c162a7ea80,zno3l3rz@ibl,Gujarat,Union,clean,individual,0
1a0648145081,n6y18iwm@ybl,Kerala,HDFC,clean,individual,0
05baa023d56e,8u5tsvhn@axl,Haryana,Union,clean,individual,0
1e3f75ff60be,p8nyg6uk@paytm,West Bengal,SBI,clean,individual,0
265376bf10a1,zm2g0crn@ybl,Tamil Nadu,Canara,clean,individual,0
5cb4522da5f9,ch1loiuc@axl,Maharashtra,SBI,clean,individual,0
0302bfeba738,y8hmmorv@ybl,Tamil Nadu,PNB,clean,individual,0
54141dba25e5,vyxnxadd@paytm,Bihar,HDFC,clean,individual,0
270490e25f41,vngflkib@ibl,Bihar,SBI,clean,individual,0
2aa44edba229,ob15y0lz@paytm,Haryana,Axis,clean,individual,0
60a2ef4938d7,y77oxh55@oksbi,Tamil Nadu,BOB,clean,individual,0
7eb068dd1c38,9blyeuqr@apl,Rajasthan,HDFC,clean,individual,0
57e3e7cac1b2,1tr2drkx@apl,Kerala,Canara,clean,individual,0
681257047513,ur8hk2dt@ybl,Delhi,HDFC,clean,individual,0
5bd313ee04b3,p16bi2uo@okaxis,Maharashtra,HDFC,clean,individual,0
608b75b79f26,vho4di8n@okaxis,Maharashtra,Kotak,clean,individual,0
4c7b5a0d438a,r7pokp44@icici,Rajasthan,Union,clean,individual,0
66e6a9d696b8,yqb9ukjr@icici,Uttarakhand,SBI,clean,individual,0
332f14cf7d98,9cvlrn8d@ibl,Rajasthan,HDFC,clean,individual,0
3b31b44b9dbd,mm6kjm1d@oksbi,Haryana,Union,clean,individual,0
762dbb5f89f2,ldg4zyx2@apl,West Bengal,HDFC,clean,individual,0
2d98ada63850,85dt75mt@ibl,Rajasthan,Axis,clean,individual,0
10c20414a1a5,bw3irdc4@icici,Uttar Pradesh,Union,clean,individual,0
7afae363e7b6,w6s4bw51@axl,Delhi,Axis,clean,individual,0
4b7bec57940c,6xcz1ja0@paytm,Rajasthan,SBI,clean,individual,0
456f83713641,ruvi6xbp@apl,Kerala,BOB,clean,individual,0
377d0b483a87,xww1tfgu@ybl,Rajasthan,SBI,clean,individual,0
69a57d3e65e6,jfcl3wbs@axl,Rajasthan,Kotak,clean,individual,0
00bf3c4e0402,ue2x11ln@ybl,Uttar Pradesh,PNB,clean,individual,0
6dc990619911,u2eyoe4o@oksbi,Tamil Nadu,Canara,clean,individual,0
0b66cdd378be,uqw3sq6s@paytm,Rajasthan,PNB,clean,individual,0
033c41156e3c,gie6i5g6@ibl,Tamil Nadu,Canara,clean,individual,0
4f8e13b4c1ea,26naz6f2@ibl,West Bengal,PNB,clean,individual,0
2c77b43d4eaa,7odb0ok6@oksbi,Uttar Pradesh,Canara,clean,individual,0
6f7fcaace95c,nm0srox5@axl,West Bengal,ICICI,clean,individual,0
00bab5f3acf6,jcmk7i57@okaxis,Bihar,ICICI,clean,individual,0
5c861b195cfd,mcxbnu12@upi,Uttar Pradesh,HDFC,clean,individual,0
0a3194f9190f,76z3z0sp@ibl,Telangana,Axis,clean,individual,0
1f16d10a0361,i1a61uyc@ibl,Rajasthan,ICICI,clean,individual,0
537a0e123d29,naudf36e@oksbi,Karnataka,Canara,clean,individual,0
742258226367,wffo0sok@ybl,Tamil Nadu,PNB,clean,individual,0
4d60af30de3b,8hdus238@ibl,Delhi,Union,clean,individual,0
19f537498435,f1igw5qj@okaxis,Karnataka,ICICI,clean,individual,0
026af4ea9a54,w1v608sc@axl,Haryana,HDFC,clean,individual,0
669034e5faef,k4ye6tvd@paytm,Maharashtra,Union,clean,individual,0
46bf43744e69,mliiko8l@ybl,Karnataka,Axis,clean,individual,0
6c6874593fa2,tugf6jr9@axl,Delhi,SBI,clean,individual,0
76fbde2fa318,kw1tinov@axl,Rajasthan,ICICI,clean,individual,0
7b63f659479c,us810d5w@paytm,Delhi,HDFC,clean,individual,0
15c426920c84,gmn8x8cr@paytm,Kerala,HDFC,clean,individual,0
690eba09fd71,5avxnmy6@axl,Gujarat,SBI,clean,individual,0
3d545b159f85,2mo7zrbf@axl,Rajasthan,PNB,clean,individual,0
5dba751d64fa,zzvsqz0s@ybl,Haryana,HDFC,clean,individual,0
4908ea2b3518,39shme5m@ibl,Karnataka,BOB,clean,individual,0
4631bec55660,ub9k47ou@ybl,Maharashtra,HDFC,clean,individual,0
3f2ffa318465,zkgfb86y@upi,Delhi,Union,clean,individual,0
3fa54d28741a,kb2uf2x7@apl,Kerala,HDFC,victim,individual,0
1e7a3c67a89b,jxyhtl7n@apl,Rajasthan,Kotak,clean,individual,0
62e9e7181870,d17mrzcf@apl,Tamil Nadu,Axis,clean,individual,0
61aff60f8901,s35aqmxq@axl,Gujarat,Canara,clean,individual,0
5377fc3338a8,wgauqvsv@apl,Gujarat,HDFC,clean,individual,0
769584cdc37d,gnyiatts@paytm,Rajasthan,SBI,clean,individual,0
1bc302e53b83,rw252wfl@ybl,Haryana,Axis,clean,individual,0
6923ef416a10,tnfzpzjx@oksbi,Delhi,SBI,clean,individual,0
62ba46a53474,olzz9qvc@upi,Uttarakhand,HDFC,clean,individual,0
46e21909cc4e,38uwkjc1@upi,Tamil Nadu,ICICI,clean,individual,0
5f0a66390ae7,fnz6geuj@paytm,Rajasthan,Axis,clean,individual,0
6f155a3b080d,pfah2zfc@oksbi,Telangana,HDFC,clean,individual,0
37a7e49d0842,grp0ffgt@ibl,Maharashtra,Axis,clean,individual,0
2763adf634c9,hvz2d8jf@icici,Tamil Nadu,Axis,clean,individual,0
02aaf35320e4,oavnsz17@okaxis,Haryana,BOB,clean,individual,0
4be6bf1c35bd,7si2l7xi@upi,Kerala,Canara,clean,individual,0
0fc6e20e49ef,rwkd2sh5@ybl,Tamil Nadu,ICICI,clean,individual,0
5c04e85b16db,49h72pmz@upi,Uttar Pradesh,HDFC,clean,individual,0
6177ab105373,i789dcx3@okaxis,Telangana,SBI,clean,individual,0
65b5b599dfac,dtc4hfrd@axl,Uttar Pradesh,Kotak,clean,individual,0
060be59b3973,w8ufr3h8@okaxis,Gujarat,Kotak,clean,individual,0
513967ae498e,48yqkfzi@okaxis,West Bengal,Axis,clean,individual,0
007e9b96bb57,2gcylsho@apl,Delhi,Kotak,clean,individual,0
2a0fe3bfe718,lq0e0rtn@icici,Telangana,Union,clean,individual,0
77035bf3db97,p0nds9qu@icici,Tamil Nadu,ICICI,clean,individual,0
52c80a9537bb,eynhqy3p@axl,Uttarakhand,BOB,clean,individual,0
3063cb0deac7,1xqdpycy@upi,Rajasthan,Axis,clean,individual,0
2bd3eeaf5823,i9p4w5ql@axl,Telangana,PNB,clean,individual,0
65c3ae0bb74e,b2zh4mib@ybl,Gujarat,PNB,clean,individual,0
2974693842b8,p7h83aoa@ybl,Uttarakhand,Kotak,clean,individual,0
2ef3b5d16126,pz8oi2vw@oksbi,Bihar,ICICI,clean,individual,0
04ec2c04991a,m21khzvk@ibl,Maharashtra,Canara,clean,individual,0
31504530fe37,36dzlva6@axl,Uttarakhand,HDFC,clean,individual,0
7477f7baf9b9,ao08knkf@okaxis,Gujarat,SBI,clean,individual,0
6c14fbdbdb4a,iwffcdka@axl,West Bengal,Axis,clean,individual,0
5c292d434c9e,pfs5uafg@okaxis,Maharashtra,Canara,clean,individual,0
7e7cbe0d45e7,blk46tdb@ibl,Maharashtra,ICICI,clean,individual,0
0fc1b637d9be,xr8ssdqz@axl,Haryana,Kotak,clean,individual,0
6b355007477e,r4dfihlu@okaxis,Uttar Pradesh,PNB,clean,individual,0
65b2546e4787,fh1jm1m9@paytm,Rajasthan,PNB,clean,individual,0
627b4106330e,iw9jdz6o@ibl,Bihar,SBI,clean,individual,0
09b5b42f0f0f,06nalyha@apl,Karnataka,Canara,clean,individual,0
38ee4bfe92d2,vlb3y91q@ibl,Gujarat,Kotak,clean,individual,0
248a4e0bc810,gzo3g7mo@ybl,Rajasthan,ICICI,clean,individual,0
53f31c401ef5,ahrzbi98@paytm,Telangana,BOB,clean,individual,0
799557dd4cb0,b3hyqv4x@okaxis,Rajasthan,Kotak,clean,individual,0
53667f7951b5,z6mznvwm@okaxis,Bihar,Canara,clean,individual,0
00adbfe2256d,c3yqfw4g@okaxis,Kerala,Axis,clean,individual,0
5b9139d58d4f,8frp4btl@apl,Delhi,Axis,clean,individual,0
37e0303bd920,cqbwhdb1@paytm,Bihar,PNB,clean,individual,0
0059a5cedbc4,j5bbbv3l@icici,Karnataka,SBI,clean,individual,0
27dbd603f36f,5h60jt50@icici,Kerala,SBI,clean,individual,0
711acd4930c1,vabsq4v4@axl,Haryana,SBI,clean,individual,0
0d3c32b7c8ef,s2k2wujb@upi,Telangana,ICICI,clean,individual,0
3b8b9321224b,l3qboqzl@oksbi,Uttar Pradesh,PNB,clean,individual,0
5b3bd93e6422,zkf954lu@apl,Haryana,SBI,clean,individual,0
4c6a89026e84,4yyc155y@icici,Uttar Pradesh,BOB,clean,individual,0
65b9fc40baed,r3xiouap@paytm,Uttarakhand,Canara,clean,individual,0
521874427c42,qbbgvwrl@ibl,Telangana,HDFC,clean,individual,0
016f33144d50,5fmz3zkm@paytm,Gujarat,HDFC,clean,individual,0
238a3ba1726f,typg0xc9@okaxis,Delhi,HDFC,clean,individual,0
57420ff445e1,kax44z7o@ibl,Delhi,ICICI,clean,individual,0
10ed8bc779c4,e9i17wsf@oksbi,Telangana,SBI,clean,individual,0
2e2c5db0e7b4,ehadcgpl@ibl,Uttarakhand,SBI,clean,individual,0
607151758f27,67w238ax@okaxis,West Bengal,Union,clean,individual,0
2ab16a27d3e6,ooz2l607@icici,Karnataka,Canara,clean,individual,0
40efd5abe2d0,e5gi5vhv@okaxis,Delhi,PNB,clean,individual,0
3a8585a14499,kg238fb3@axl,Tamil Nadu,Kotak,clean,individual,0
5290ea773185,92toaort@paytm,Bihar,PNB,clean,individual,0
3652db5ded97,pk97f1v3@upi,Haryana,Union,clean,individual,0
2c8df1a62c45,5jvnucrk@oksbi,Gujarat,ICICI,clean,individual,0
34f8a9282450,kejzmsyv@upi,Bihar,Union,clean,individual,0
118943e5d2a1,oc8i2a8r@apl,Tamil Nadu,BOB,clean,individual,0
52b837900ec2,crdnwjpu@axl,Haryana,PNB,clean,individual,0
434591884d6e,rjoq21p0@axl,Tamil Nadu,PNB,clean,individual,0
23bbb16ebf40,ajc8am7c@ibl,West Bengal,ICICI,clean,individual,0
6e613f79affa,ibtob0wf@paytm,Telangana,Canara,clean,individual,0
0177b41ff31c,mldchfqh@apl,Rajasthan,SBI,clean,individual,0
7bcf038b2321,ighgrtud@axl,Maharashtra,HDFC,clean,individual,0
6ff600bc902f,8o05djjk@ybl,Maharashtra,PNB,clean,individual,0
009d1e7d7ecb,09ld49it@oksbi,West Bengal,Axis,clean,individual,0
3274a766e80f,erzo9bln@ybl,Tamil Nadu,Union,clean,individual,0
3df1ab7ca581,i15x0tef@apl,Uttarakhand,ICICI,clean,individual,0
4dc376ca53bf,ijiiw30y@icici,Rajasthan,BOB,clean,individual,0
5187d2d36be3,cki6buib@okaxis,West Bengal,ICICI,clean,individual,0
1419c71e4ace,ms3c6s52@icici,Karnataka,HDFC,clean,individual,0
49019e962d88,70ayrc9j@oksbi,Maharashtra,SBI,clean,individual,0
22d133c923ed,c3lcf02y@ybl,Delhi,ICICI,clean,individual,0
57829a13731f,ox0cu7so@icici,Uttarakhand,BOB,clean,individual,0
6a5b7797d28f,ppjd9mcw@axl,Kerala,Axis,clean,individual,0
3dbb003eb387,xm09cqdf@axl,Rajasthan,Union,clean,individual,0
446e39e2147b,hoqqd003@icici,Maharashtra,BOB,clean,individual,0
77641fbd8fa0,0h2mp217@upi,Telangana,Canara,clean,individual,0
614b9a4064d5,3c3dp6fr@upi,Karnataka,ICICI,clean,individual,0
44f447a39339,fhptis7g@apl,Delhi,Canara,clean,individual,0
7415ac0a79ba,igt1i6fm@oksbi,Karnataka,Kotak,clean,individual,0
4aea5b1ece35,z0nrh94o@upi,West Bengal,PNB,clean,individual,0
349ad9b3bb73,22tsez63@icici,Rajasthan,HDFC,clean,individual,0
2a49e743d774,ld2o3ctt@oksbi,West Bengal,PNB,clean,individual,0
66fa772491c8,7dy28veg@paytm,Delhi,HDFC,clean,individual,0
2073f510797a,ua9rjk6c@ybl,West Bengal,BOB,clean,individual,0
19aa7d4a5756,h8pctcdo@icici,Kerala,PNB,clean,individual,0
25b70f52817f,7x1rspld@oksbi,Rajasthan,Kotak,clean,individual,0
082f9dba2ad8,b6546zhr@axl,Tamil Nadu,HDFC,clean,individual,0
18900a78f71f,iuct96rr@oksbi,Kerala,Kotak,clean,individual,0
17af2af5c6c6,qwgwrzdr@apl,Karnataka,Axis,clean,individual,0
648a5b64e2f6,2rn5x0oh@paytm,Karnataka,BOB,clean,individual,0
7d5c2590b4b3,vaz4y89c@okaxis,Haryana,SBI,clean,individual,0
0ca4c8973608,shivvwu6@axl,Gujarat,SBI,clean,individual,0
741f3a385a44,j19y2cxb@paytm,Tamil Nadu,SBI,clean,individual,0
69364301d04b,ucr0i9g0@okaxis,Maharashtra,SBI,clean,individual,0
2bb5c32e68a0,mry1ztkf@okaxis,Uttarakhand,ICICI,clean,individual,0
210764733139,12fzf897@upi,Bihar,PNB,clean,individual,0
2f44f0d82f0b,2x8njgmo@ybl,Kerala,Union,clean,individual,0
65eac1fd16e4,1qmkvmqp@paytm,Bihar,HDFC,clean,individual,0
49d001923157,lczvbqma@axl,Gujarat,HDFC,clean,individual,0
39aa3f834d1e,hh6rf8qd@axl,Telangana,Kotak,clean,individual,0
076c74429162,avt5wlj9@apl,Uttarakhand,HDFC,clean,individual,0
19a8deb3b442,78llmkgp@okaxis,Telangana,ICICI,clean,individual,0
23e932c89973,6c4f0rg0@okaxis,Uttarakhand,HDFC,clean,individual,0
7329984e0304,nb1hvomw@paytm,Uttarakhand,Canara,clean,individual,0
7764fc7f8fd4,6q076s0z@paytm,West Bengal,Canara,clean,individual,0
5065e1585933,kb51ya52@icici,Uttarakhand,Kotak,clean,individual,0
6d94142bfd9b,ge8c7qar@oksbi,West Bengal,Canara,clean,individual,0
437d01612873,8sfmenqd@paytm,Delhi,Kotak,clean,individual,0
315fe50d7757,3i6hw49o@axl,Bihar,HDFC,clean,individual,0
59a708e83a19,9fkwibzi@apl,Bihar,PNB,clean,individual,0
5bd927dbe252,knty45hl@ibl,Bihar,Canara,clean,individual,0
2c1cc32cee27,4spyqsv3@paytm,Kerala,BOB,clean,individual,0
7596808d5a7d,2wyauvka@oksbi,Uttar Pradesh,BOB,clean,individual,0
12b4752e9253,3n56jtnj@okaxis,Gujarat,Kotak,clean,individual,0
239ee547cd21,czidky6e@oksbi,Uttarakhand,PNB,clean,individual,0
7ee92c781b21,2o82z1ow@apl,Rajasthan,Canara,clean,individual,0
07c3e8422579,fx6gg0yo@ybl,Kerala,Canara,clean,individual,0
62941b02f360,w98xm5q9@oksbi,Karnataka,Canara,clean,individual,0
5f1e5c00c042,bwi5yux1@okaxis,Uttar Pradesh,SBI,clean,individual,0
7e398f223431,yde2i5en@upi,Uttarakhand,SBI,clean,individual,0
59b1aeb7b42b,cy0gjtop@apl,Rajasthan,Axis,clean,individual,0
7f3971d4d5be,5p0zlcim@apl,Tamil Nadu,SBI,clean,individual,0
16a063aef935,mhl6ccfg@okaxis,Uttarakhand,PNB,clean,individual,0
21fa1cdd2595,r8to4r5r@ybl,Bihar,Axis,clean,individual,0
3bc7ca8ff8d7,gitmmknr@ibl,Maharashtra,BOB,clean,individual,0
6c0f598993cd,gbm2c0dn@okaxis,Telangana,BOB,clean,individual,0
11c56d1bf48b,8xjttgzt@icici,Haryana,BOB,clean,individual,0
0a49b1075036,z8qbak45@apl,West Bengal,BOB,clean,individual,0
6254bdbe740b,awfn5uwf@upi,Kerala,SBI,clean,individual,0
7c7f53aa4944,2ej3nmdb@paytm,West Bengal,PNB,clean,individual,0
4a84b1573146,4i5xp3um@okaxis,Uttarakhand,Union,clean,individual,0
452d9887127c,p8mvg4qh@axl,Maharashtra,ICICI,clean,individual,0
569f95c1d63e,0ym1gipa@icici,Bihar,Kotak,clean,individual,0
282743a8a6db,905d4z7p@okaxis,Haryana,Kotak,clean,individual,0
6248f538a9c4,26tqbfm1@ibl,Uttarakhand,Kotak,clean,individual,0
1b76fee36b28,61z1d1j0@ibl,Kerala,ICICI,clean,individual,0
07d3087a0e8f,b483s2q4@axl,Kerala,Axis,clean,individual,0
1ca99e4e3537,9a9tdgci@apl,Bihar,HDFC,clean,individual,0
4640068c6f83,yi79p6dp@paytm,Bihar,SBI,clean,individual,0
6d16248d9692,lkcj2h8g@paytm,Delhi,HDFC,clean,individual,0
45ea0b0f0b3a,gn0wtmpl@okaxis,Delhi,ICICI,clean,individual,0
358621030b0d,ktzk9j5q@paytm,Gujarat,BOB,clean,individual,0
465a1e9b23f6,mbzk0fs8@axl,Tamil Nadu,SBI,clean,individual,0
4a2ba36c1d7d,60t88f6x@paytm,Uttarakhand,HDFC,clean,individual,0
202362ccd137,oy3nih2p@apl,Tamil Nadu,Kotak,clean,individual,0
422124d72b8d,qemcbs5d@paytm,Telangana,HDFC,clean,individual,0
79206799f370,ekj7lcg4@okaxis,Gujarat,HDFC,clean,individual,0
6b97118c19a8,0dx4cq3b@paytm,Rajasthan,HDFC,victim,individual,0
4040278b21d6,xo0b9csv@icici,Rajasthan,Kotak,clean,individual,0
1eace1f9f467,e24eqhge@oksbi,Tamil Nadu,Canara,clean,individual,0
3efe6eb11381,m3ru3fg2@icici,Haryana,BOB,clean,individual,0
06889b77808e,wdlw1urj@oksbi,Uttar Pradesh,Union,clean,individual,0
64e414dc4e6e,meikc3wn@ybl,Rajasthan,PNB,clean,individual,0
5593e4663d6d,t1yozwws@axl,Rajasthan,Canara,clean,individual,0
42cdb67f231e,r1fqw9a8@okaxis,Maharashtra,Canara,clean,individual,0
6d9426832688,8078g9xo@ybl,Uttar Pradesh,Kotak,clean,individual,0
50a7cfe42d5a,fq5xelfc@upi,Kerala,PNB,clean,individual,0
4f88d7bf49b0,kb9vupeh@paytm,Uttarakhand,PNB,clean,individual,0
53cbf5b26199,0hf5a65z@paytm,Rajasthan,Kotak,clean,individual,0
25c202421bea,vwgpw3dg@ybl,Karnataka,SBI,clean,individual,0
194caf523afd,4907bgsa@oksbi,Delhi,Union,clean,individual,0
436c63d77449,uxr23ksa@ybl,Delhi,Union,clean,individual,0
1b16cbec0583,q00r9o8c@oksbi,Rajasthan,Axis,clean,individual,0
5f92fe1a266e,630xylb5@icici,West Bengal,PNB,clean,individual,0
67e80f8d4c98,info8vgi@apl,Rajasthan,Kotak,clean,individual,0
6f86be6fafb9,8d4q45mo@oksbi,Maharashtra,PNB,clean,individual,0
059f29b1b643,r04o4f3r@ybl,Haryana,PNB,clean,individual,0
3a0e4607c3f7,mm7kq7vy@paytm,Uttar Pradesh,Union,clean,individual,0
25e3d6b56744,sc6443dq@axl,Tamil Nadu,BOB,clean,individual,0
53b9394e7e77,c7lus4jc@okaxis,West Bengal,HDFC,clean,individual,0
34af7b698389,ihuye3qi@oksbi,Bihar,BOB,clean,individual,0
1fc304cbdbae,1je7md9g@apl,Haryana,BOB,clean,individual,0
60008ad6d683,ncf8vlfs@oksbi,Karnataka,Axis,clean,individual,0
4fcce818e975,lc7o9ya3@oksbi,Delhi,ICICI,clean,individual,0
767b5f75e059,l91l1hx6@paytm,Maharashtra,HDFC,clean,individual,0
48a3c0282c87,08rsyrh8@paytm,Haryana,Axis,clean,individual,0
779e9155c157,k1gepvnm@upi,Gujarat,PNB,clean,individual,0
33cda932c22c,zwns9alj@icici,Kerala,HDFC,clean,individual,0
2e506d8cecaa,zybnznn4@paytm,Karnataka,Canara,clean,individual,0
542d0762ff16,sk2w93hg@upi,Gujarat,ICICI,clean,individual,0
0f384c2cafa7,h3oqoh4w@ybl,Telangana,ICICI,clean,individual,0
06e9c4e23ddc,gtbl0yfg@axl,Karnataka,Kotak,clean,individual,0
068a5d454638,03b97t63@ybl,Bihar,Union,clean,individual,0
47104462996b,u4oqvqnm@icici,Delhi,BOB,clean,individual,0
5788d2b5f1b3,b2yfwtli@apl,Gujarat,Axis,clean,individual,0
5251fe5ac1e6,6j8xdga4@paytm,Uttarakhand,PNB,clean,individual,0
2137b3c0b052,t7fl0a8m@ibl,Tamil Nadu,SBI,clean,individual,0
37876b76ff67,nhhhyorm@axl,Telangana,ICICI,clean,individual,0
0dda8abcea4c,ugri8bh7@oksbi,Rajasthan,ICICI,clean,individual,0
0acb8ea1fdb1,gl2k4v8f@okaxis,Haryana,Canara,clean,individual,0
66ded7f3817d,uw3wovlz@axl,Telangana,Axis,clean,individual,0
258ee0c34890,nv7irs1l@icici,Karnataka,BOB,clean,individual,0
69695a052b8e,b4kz1eok@okaxis,Karnataka,ICICI,clean,individual,0
2a3985c870fa,9ej3pptg@ibl,Gujarat,Union,clean,individual,0
5ff9975e00f6,rhr11r39@ibl,Haryana,Axis,clean,individual,0
59e574232f50,vxjjzloc@ibl,Uttar Pradesh,PNB,clean,individual,0
0b1b5898734e,khgqn68k@icici,West Bengal,Canara,clean,individual,0
66786d6c85bd,gg3rv297@upi,Delhi,ICICI,clean,individual,0
2c7feeb9198a,es1p22og@ybl,Gujarat,Union,clean,individual,0
709d6c6b08da,00k9kjce@paytm,Uttarakhand,ICICI,clean,individual,0
22199f67d745,3fdqf885@axl,Uttar Pradesh,HDFC,clean,individual,0
539288cf7932,sthssy9a@paytm,Bihar,PNB,clean,individual,0
3d115af8ffd4,vrjgwugk@apl,Haryana,SBI,clean,individual,0
31724d872cd8,aawzj5gn@axl,Telangana,Kotak,clean,individual,0
0e80e668f88e,xls7yil9@paytm,Karnataka,PNB,clean,individual,0
4f809cf8f2de,dp9p9plb@axl,Kerala,Axis,clean,individual,0
570c982be64c,7d3aj0o8@oksbi,Telangana,Axis,clean,individual,0
11db237425d2,ufbq81y6@ibl,Uttar Pradesh,HDFC,clean,individual,0
1a04293b8775,n8j4xu1w@ibl,Tamil Nadu,Kotak,clean,individual,0
6105de9f639e,ed1ul7q4@ibl,Telangana,BOB,clean,individual,0
7df6a700b626,4l5geqp9@upi,Uttarakhand,Canara,clean,individual,0
6a538f8a7f8e,tmkzujrp@axl,Haryana,BOB,clean,individual,0
6c9b7be154a2,kpdynvy3@oksbi,Haryana,Union,clean,individual,0
4c8dd625214f,wif4xe0a@oksbi,Telangana,Union,clean,individual,0
19cf316cca33,bn37qfth@ibl,Uttarakhand,Axis,clean,individual,0
5343753f91d0,m7spk7dh@apl,Uttar Pradesh,Canara,clean,individual,0
7ba20c106218,18wq7hrs@icici,Tamil Nadu,Union,clean,individual,0
25dd4b2cd5da,9l036bvy@icici,Tamil Nadu,ICICI,clean,individual,0
639cb26a76ee,cauv66ga@okaxis,Kerala,BOB,clean,individual,0
4ec6c2460513,0ghsd4fs@upi,Uttar Pradesh,SBI,clean,individual,0
2ed47ca618ce,zpm8jvcc@axl,Maharashtra,Axis,clean,individual,0
5b1f857d18fc,kvt0rzqr@ybl,Bihar,HDFC,clean,individual,0
5f1f66473470,fjslabcn@icici,Tamil Nadu,BOB,clean,individual,0
04dd99649c6e,6do4sr04@apl,Delhi,BOB,clean,individual,0
10c08274f81e,1qk0wmf0@oksbi,Rajasthan,Canara,clean,individual,0
09a73d7bad56,lk0h53n5@ibl,Uttarakhand,Canara,clean,individual,0
50ea6e702815,p5xjwy7x@upi,Uttar Pradesh,SBI,clean,individual,0
6023a1faccf2,c21myh4s@upi,Maharashtra,Union,clean,individual,0
45a335521907,vpap2be5@paytm,Bihar,Axis,clean,individual,0
7d7b9054279b,06tj0ss5@apl,Haryana,PNB,clean,individual,0
405e2838dda3,v5t45gzs@axl,Uttarakhand,PNB,clean,individual,0
0c5b332941c9,zpp63r07@okaxis,West Bengal,HDFC,clean,individual,0
58a2414d1e7b,07p8uo9y@axl,Delhi,ICICI,clean,individual,0
25c85b2959c8,xmjnpucb@okaxis,Gujarat,HDFC,clean,individual,0
0205dd334bac,c4crx510@ybl,Tamil Nadu,SBI,clean,individual,0
03c2a8897ab7,8rvfg91w@apl,Haryana,ICICI,clean,individual,0
4aa73705c149,dyphrjbp@ibl,Delhi,ICICI,clean,individual,0
38976bf77d24,4d7vb91j@ybl,West Bengal,Kotak,clean,individual,0
62d858fd38b6,rusgbua4@okaxis,Uttar Pradesh,HDFC,clean,individual,0
28ebc5193460,d22kbxnv@axl,Rajasthan,ICICI,clean,individual,0
14a07496b7bc,jzrez8pa@ybl,Tamil Nadu,HDFC,clean,individual,0
12dbba62be05,7z78qor8@apl,Karnataka,HDFC,clean,individual,0
4cfd4be34fce,mpb16r91@oksbi,Gujarat,ICICI,clean,individual,0
50d5c92e0bc5,5sq5txqe@icici,Kerala,Axis,victim,individual,0
776feabf075d,5ycc25hc@oksbi,Kerala,Axis,clean,individual,0
0a9e65be5015,k4pm8y7e@apl,Kerala,HDFC,clean,individual,0
0d5d7868e1f5,f2nxatxy@upi,Kerala,ICICI,clean,individual,0
378b602fefd9,wd18t7jq@oksbi,Uttarakhand,Canara,clean,individual,0
7a8b9bf262cb,sj46uhu4@upi,Haryana,Canara,clean,individual,0
0fc68411aff3,2z69gm6y@oksbi,Kerala,PNB,victim,individual,0
0101b286b09a,v0ghr4f5@icici,West Bengal,BOB,clean,individual,0
6e4eb7cea22a,s6ix2d8c@upi,Rajasthan,BOB,clean,individual,0
5b875390ceb1,kr4omcd4@axl,Haryana,ICICI,clean,individual,0
32c685497b19,aji7hbn1@icici,Haryana,PNB,clean,individual,0
18e98a59d80e,wk1z0k22@icici,Delhi,PNB,clean,individual,0
79438f5a1568,tvs1tfd9@ibl,West Bengal,PNB,clean,individual,0
57bf805a2be3,sgjn1r3i@okaxis,Gujarat,Axis,clean,individual,0
70ebba32ff2e,o3f6fnbl@ybl,Maharashtra,SBI,clean,individual,0
6e40560bfec2,h9j1xvk2@oksbi,Rajasthan,Union,clean,individual,0
7eb20b7c8a0b,d2lnmmg3@ybl,West Bengal,PNB,clean,individual,0
29ad2d55456d,hpnh3cio@ybl,Tamil Nadu,HDFC,clean,individual,0
0db4dd7f756a,x9nxdpjf@paytm,Uttarakhand,Union,clean,individual,0
2198acd22bb9,wm4j878x@upi,Uttarakhand,Kotak,clean,individual,0
35b0a4b057db,2ky3wmgx@upi,Bihar,Axis,clean,individual,0
2893401ce548,2k72hmzt@upi,Bihar,PNB,clean,individual,0
27d42f1e7a6c,o1jojfuo@ybl,Tamil Nadu,HDFC,clean,individual,0
1e7040b008e3,gdtwf3dv@ybl,Rajasthan,Canara,clean,individual,0
0a29bd69bc55,y79s951a@apl,Rajasthan,BOB,clean,individual,0
4e4f30a05b93,tbfflayo@ibl,Haryana,Union,clean,individual,0
14d2607e5a7f,g0l5b2y3@icici,Gujarat,PNB,clean,individual,0
45ebc93defd3,n1tgtjlz@ibl,Haryana,SBI,clean,individual,0
2dd42360a1a1,v97hia8k@icici,West Bengal,ICICI,clean,individual,0
2b3cd8248f82,ukhhjrj6@icici,Telangana,Kotak,clean,individual,0
2d0bb7cae5a0,xn8234t8@ybl,Maharashtra,SBI,clean,individual,0
16c914c96839,bq5hkh4n@oksbi,Gujarat,SBI,clean,individual,0
22c0d7c324df,o94wy2vs@upi,Bihar,BOB,clean,individual,0
7e8269023d18,4kz03p6s@apl,Uttarakhand,SBI,clean,individual,0
3810cbb204d3,pyjo95am@ibl,Gujarat,BOB,clean,individual,0
569d8c9835b4,tam4ulm4@apl,Uttar Pradesh,PNB,clean,individual,0
0dc20f7259ac,97pw7cat@upi,Maharashtra,HDFC,clean,individual,0
152078fe8192,p717ujk0@ybl,Delhi,BOB,clean,individual,0
1eed61143f63,l5gfw948@paytm,Karnataka,HDFC,clean,individual,0
25488fe5f90f,sl4qjec2@okaxis,Uttar Pradesh,HDFC,clean,individual,0
5acd61f4537a,fvvd1jd1@paytm,Uttarakhand,Union,clean,individual,0
49c6212fb6c0,t7vzvhhy@apl,Kerala,HDFC,clean,individual,0
44227e9548cf,w40oy8mq@icici,Uttarakhand,Axis,clean,individual,0
065202d680ac,sivk22cs@paytm,Uttar Pradesh,BOB,clean,individual,0
1bcf5ea8c1e4,2kj0sk56@icici,Uttarakhand,SBI,clean,individual,0
7d273c78f621,tqazyy3p@icici,Telangana,HDFC,clean,individual,0
04702ac6c551,so4inyes@upi,Delhi,Canara,clean,individual,0
6e0b4d574c08,7ic4xlau@ibl,West Bengal,Union,clean,individual,0
31fc788badbe,sxmew001@okaxis,Tamil Nadu,Canara,clean,individual,0
0d30b83327b7,8brsqg9v@ibl,Kerala,Canara,clean,individual,0
708021732ede,caxjjbsc@icici,Uttarakhand,HDFC,clean,individual,0
21fb34ba2310,atfltc62@axl,Uttarakhand,HDFC,clean,individual,0
6a88d67b24fb,bidh0n92@axl,Bihar,PNB,clean,individual,0
33dca27e4f54,tqqoizzj@upi,Uttarakhand,Axis,clean,individual,0
5a3e0a42f5c8,jgoo1wm0@ibl,Tamil Nadu,Kotak,clean,individual,0
6393762eb86c,d1hroqys@paytm,Rajasthan,Canara,clean,individual,0
1a676ddd9790,0lt4sl90@icici,Gujarat,Canara,clean,individual,0
5055717ff117,glez4g6m@okaxis,Gujarat,Axis,clean,individual,0
4d4603e3d09a,2vvje2xk@apl,Haryana,PNB,clean,individual,0
22ca61aefa2e,7izpin8m@paytm,Telangana,Kotak,clean,individual,0
2ce20eac7289,sdn7k5y1@ybl,Bihar,Union,clean,individual,0
4ee871535ef0,5l8r2wt5@paytm,Bihar,PNB,clean,individual,0
5d07d53994ad,pmrc2obd@ibl,Kerala,Canara,clean,individual,0
666f9de55afa,5sy7pcu1@axl,Karnataka,Union,clean,individual,0
23d37b685543,jndq1otf@upi,Maharashtra,ICICI,clean,individual,0
498dbd7109e6,5q902h1x@paytm,Delhi,PNB,clean,individual,0
1298e0b714e0,mxgy1oe3@ybl,Maharashtra,Canara,clean,individual,0
07b722fcfe5d,f1t8udx1@ibl,Uttarakhand,Canara,clean,individual,0
7d12f65c79ef,mi24lstg@ibl,Bihar,BOB,clean,individual,0
2facc7737c6a,4i0im4vj@okaxis,Telangana,Canara,clean,individual,0
1d2b3ce8b9ce,dczvdcfm@oksbi,Rajasthan,Union,clean,individual,0
2bec8f48d4c6,tle9j27x@ibl,Bihar,Canara,clean,individual,0
5eaba5e731bc,e2se8mjm@ibl,Maharashtra,ICICI,clean,individual,0
271f6be1ef58,ignt2y0m@apl,West Bengal,Kotak,clean,individual,0
410c1369c359,m5qn4zx5@ybl,Delhi,Canara,clean,individual,0
6fec160e5190,n41pk6zm@ibl,Delhi,Canara,clean,individual,0
3c9bede42432,l2pmuda4@ybl,Karnataka,ICICI,clean,individual,0
18a1152ceb09,hx9ccb91@oksbi,Kerala,Axis,clean,individual,0
652297a19918,xedyzqhd@icici,Bihar,PNB,clean,individual,0
590553a32306,ozigkioc@axl,Delhi,Canara,clean,individual,0
53b46a35aea7,tlpmonhq@oksbi,Gujarat,Union,clean,individual,0
605a30575ade,ma5ifiuv@ibl,Uttar Pradesh,Canara,clean,individual,0
413f2eedb7ba,i3xykeg4@apl,Tamil Nadu,ICICI,clean,individual,0
7fce866734d8,6vvwowrv@axl,Tamil Nadu,Canara,clean,individual,0
34e3aa1a54f5,ql72hlv3@axl,Telangana,PNB,clean,individual,0
17294386b38f,sjodcdfk@okaxis,Rajasthan,BOB,clean,individual,0
2effec834b83,9pspgi0m@ibl,West Bengal,Axis,clean,individual,0
4dc6d8c90898,st83ytnk@ybl,Uttarakhand,Axis,clean,individual,0
2341c982e4ac,xhmvrjkg@okaxis,Tamil Nadu,PNB,clean,individual,0
0ff6ce35f64c,rxjvfva8@ibl,Rajasthan,BOB,clean,individual,0
35eb498ad276,ky5voup4@apl,Karnataka,Union,clean,individual,0
009f0722ef9d,lc5gsz4a@upi,Bihar,SBI,clean,individual,0
0b0f85911bbd,88ifo7my@upi,Karnataka,Axis,clean,individual,0
6c64a803e69a,ktyz8i2v@icici,Maharashtra,Axis,clean,individual,0
384d21af586a,ahdkcfu8@upi,Uttar Pradesh,Union,clean,individual,0
11ca620718e3,8zqh6vaf@upi,West Bengal,Kotak,clean,individual,0
06fe0e7c7b1e,7kykpbe3@apl,Maharashtra,Kotak,clean,individual,0
11c2ed817b2f,6c85r447@oksbi,Uttarakhand,HDFC,clean,individual,0
5e623ad632a8,t4hts93p@upi,Gujarat,SBI,clean,individual,0
7f2e9635218e,1ii730ky@ibl,Telangana,PNB,clean,individual,0
25d0751b5dd7,1wiomd8l@axl,Gujarat,Kotak,clean,individual,0
58f38546ec64,fmp8l666@ibl,West Bengal,SBI,clean,individual,0
29b764f5d8bd,cr95fb92@paytm,Rajasthan,Axis,clean,individual,0
17a73782585d,9r9m7cs1@icici,West Bengal,Canara,clean,individual,0
49ff7d3a6802,fajy50av@icici,Rajasthan,PNB,clean,individual,0
1e31e001aed0,rtc3jrhu@upi,Tamil Nadu,Kotak,clean,individual,0
4939b5d1d53e,4wmdynyt@axl,Delhi,Axis,clean,individual,0
06a0a832582f,pvs681mc@apl,Rajasthan,SBI,clean,individual,0
57ce4b84527e,kw5wdz9s@icici,West Bengal,Kotak,clean,individual,0
2046ed39ce9d,e68imytz@oksbi,Haryana,ICICI,clean,individual,0
657e981c9dcb,wwr5uam6@okaxis,Karnataka,HDFC,clean,individual,0
0ecf6398ffb1,abtdcb6k@okaxis,Gujarat,Union,clean,individual,0
5b0a34e7fd86,hhc3jund@ybl,Telangana,Canara,clean,individual,0
4be5f115fb7a,elnwaa7i@axl,Haryana,SBI,clean,individual,0
23f30fd60edb,19rb295w@ybl,Gujarat,Union,clean,individual,0
550a8d6760b2,oykv2elu@axl,Tamil Nadu,Axis,clean,individual,0
575b9ed1a29d,ytcpw28v@axl,Uttar Pradesh,SBI,clean,individual,0
6e094bffe84a,g3soxdjo@oksbi,Telangana,Kotak,clean,individual,0
388282619dcf,d5yzmgg7@paytm,Delhi,ICICI,clean,individual,0
6e9dd721296f,qydf90ey@paytm,Haryana,Union,clean,individual,0
2858d2be099a,kf75havs@oksbi,Bihar,Canara,clean,individual,0
57356498800a,241vzffx@apl,Uttarakhand,Canara,clean,individual,0
5667f4c218b4,0othnnao@ybl,Uttarakhand,SBI,victim,individual,0
168b4c410a17,02z9l0u4@ybl,Uttarakhand,HDFC,clean,individual,0
21e47b2e6d1d,gg5j9sjo@apl,Maharashtra,ICICI,clean,individual,0
7fc3510e1b83,si544jf1@paytm,Delhi,Axis,clean,individual,0
6887b5544734,lws62dbe@ibl,West Bengal,Canara,clean,individual,0
554e3813bad6,xcgjd4mf@apl,Tamil Nadu,ICICI,clean,individual,0
5cdc6413e1a7,5k3ujqe4@ybl,Uttarakhand,Kotak,clean,individual,0
1bcc62219060,ig425one@ibl,Uttar Pradesh,Kotak,clean,individual,0
79f4106fc179,vy8b7ofg@ybl,Karnataka,Kotak,clean,individual,0
24db63a99ac8,hpwitwmj@ibl,Uttar Pradesh,Kotak,clean,individual,0
73044d8cee13,c6967ucs@axl,Maharashtra,Axis,clean,individual,0
4a74de72b43c,0lchglyb@paytm,Tamil Nadu,BOB,clean,individual,0
0ec02e1f2c1a,e5ab29zc@paytm,Rajasthan,Axis,clean,individual,0
27bd720779b3,txbj16aw@icici,Uttar Pradesh,Union,clean,individual,0
6afa966f68c4,xwb39o1p@upi,Uttarakhand,Union,clean,individual,0
300b065a7d1c,a62v7f5q@ibl,Uttarakhand,Union,clean,individual,0
1fccc72ef533,nudypwgi@ibl,Haryana,HDFC,clean,individual,0
5f32211863fd,f76158jm@paytm,Delhi,Kotak,clean,individual,0
7750fbaf5727,1ceo0lvj@axl,Uttarakhand,ICICI,clean,individual,0
120176015d76,ny5nqehw@paytm,Rajasthan,SBI,clean,individual,0
3d6be2a2bab3,xnv7arb0@oksbi,Kerala,HDFC,clean,individual,0
2c7107b645c5,gvsiy2jl@apl,Telangana,Kotak,clean,individual,0
65ae2dcbe360,f7zy7cqm@paytm,Gujarat,HDFC,clean,individual,0
6ef6ae603a25,5t6soeyt@apl,Maharashtra,Axis,clean,individual,0
47f10f989f9a,hy136ti5@oksbi,West Bengal,SBI,clean,individual,0
4c4e66fcee17,bq07kfxo@ibl,Karnataka,PNB,clean,individual,0
4d02e940e360,2b0qo0aq@apl,Telangana,Canara,clean,individual,0
56b43a3cf22f,114oyv9z@upi,Karnataka,Union,clean,individual,0
5e5e24839d24,zav08p45@ybl,Haryana,Axis,clean,individual,0
46266fcc09d7,3pxfqcog@icici,West Bengal,SBI,clean,individual,0
6f1407e2506c,be51ladx@ibl,Telangana,BOB,clean,individual,0
484c962ca4a5,4kvg0n4z@ybl,Rajasthan,Union,clean,individual,0
69a1ad8da14e,dvcsjvti@axl,Bihar,PNB,clean,individual,0
48888226ce7c,zdnrtdwm@upi,Karnataka,Axis,clean,individual,0
4c2887123309,r09n0qiv@oksbi,Maharashtra,HDFC,clean,individual,0
707c1385374e,t6stesuj@okaxis,Telangana,Axis,clean,individual,0
5bc71625b3b5,1spgpy7q@okaxis,Haryana,Kotak,clean,individual,0
2d99edeb5d76,1ltjz3c7@oksbi,Bihar,Canara,clean,individual,0
02be24c962e2,47i4af6e@apl,Kerala,PNB,clean,individual,0
4ea07311a5e5,cayx3glf@ybl,Uttarakhand,HDFC,clean,individual,0
692db718ba77,pdkyrva7@ibl,Uttarakhand,Kotak,clean,individual,0
7374c2afc2ff,5q84jadx@icici,Telangana,ICICI,clean,individual,0
127534b05720,p3clu4h8@ibl,West Bengal,BOB,clean,individual,0
26374670e931,ixpwoikc@okaxis,Tamil Nadu,ICICI,clean,individual,0
6dd6e893b4d7,9pee0kly@ybl,Bihar,Canara,clean,individual,0
086ab301f578,1ychugo5@paytm,Delhi,ICICI,clean,individual,0
0b78b1718921,wmdcghpb@icici,Haryana,SBI,clean,individual,0
7827d5ff9c77,goe12xh0@apl,West Bengal,Union,clean,individual,0
3b4fcfd33172,uxxvsibt@icici,West Bengal,ICICI,clean,individual,0
2fba46d67392,olx0omuu@upi,Gujarat,Canara,clean,individual,0
39a0eeb1af46,ef90zzza@upi,Uttar Pradesh,PNB,clean,individual,0
746078276c42,cqff09jd@ybl,West Bengal,PNB,clean,individual,0
666129799383,22pz5n6h@ybl,Kerala,SBI,clean,individual,0
02f6c7f9dccc,3p7yavtl@icici,Rajasthan,Kotak,victim,individual,0
5f3bad358f63,x0fwlwmj@icici,Delhi,Axis,clean,individual,0
6c1375ff60b9,1w5bzdto@apl,Maharashtra,BOB,clean,individual,0
46886fd01c60,g5j3nhin@ibl,Haryana,Kotak,clean,individual,0
15bf5e420dfa,upgb8mxk@icici,Kerala,ICICI,clean,individual,0
70f86cadaba9,7cx1m7c7@icici,Karnataka,PNB,clean,individual,0
556cb5a82cbc,u90pnq5m@upi,Maharashtra,Axis,clean,individual,0
40238d793b07,prpzvl1a@ybl,Uttar Pradesh,ICICI,clean,individual,0
6e8c341895c8,qv1ikb36@oksbi,Gujarat,HDFC,clean,individual,0
52c6a7b17d82,323ts4qy@apl,Gujarat,Union,clean,individual,0
071ddeaa2c40,vpjqsl67@ybl,Bihar,ICICI,clean,individual,0
0b941b5df56f,v5ltkhv3@apl,Kerala,Union,clean,individual,0
65b6694fb63c,wvh5c070@ybl,Uttar Pradesh,Canara,clean,individual,0
77d957ff5300,1eryxhbp@upi,Kerala,ICICI,clean,individual,0
5fbdd535df57,00sh0wgu@ibl,Bihar,HDFC,clean,individual,0
1884ecd9b3cb,kf873c37@upi,Uttarakhand,Canara,clean,individual,0
435de330026e,t7l43mp3@axl,Uttar Pradesh,Kotak,clean,individual,0
7cf997f818a3,sx0ic9dc@ibl,Tamil Nadu,SBI,victim,individual,0
7d9dc8cda41a,msc6lp1h@axl,Karnataka,SBI,clean,individual,0
3544a9d10ed8,hgxf0l4n@upi,Delhi,HDFC,clean,individual,0
4e7eff0a0f37,xlg2evem@apl,Maharashtra,HDFC,clean,individual,0
3c9ec615c84c,hjd0a23t@apl,Uttar Pradesh,PNB,clean,individual,0
6624059963e7,wzj22091@apl,Haryana,Canara,clean,individual,0
17a6a7ccf038,u78i4jzw@paytm,West Bengal,SBI,clean,individual,0
1edc37dfd1f8,4ach26xf@apl,Kerala,ICICI,clean,individual,0
195f7e350d4d,l2akula2@paytm,Uttarakhand,Union,victim,individual,0
217f45245715,giz9n52i@apl,Bihar,Axis,clean,individual,0
3f9094cc899e,aode3s1c@oksbi,Tamil Nadu,ICICI,clean,individual,0
11810b4089b3,8d5lc7um@paytm,Gujarat,PNB,clean,individual,0
53cca1dbda13,36kxufwu@ibl,Tamil Nadu,BOB,clean,individual,0
73978d9e58a9,jpmqck6z@ybl,Uttar Pradesh,PNB,clean,individual,0
3b20627c0319,mb8az36g@oksbi,Gujarat,Kotak,clean,individual,0
28b4401b71a3,6k352896@axl,Delhi,PNB,clean,individual,0
1a9dca579e99,ztupjv0f@upi,Bihar,SBI,clean,individual,0
770c4312aab4,n5xdk6z9@okaxis,Uttarakhand,Union,victim,individual,0
2e32ee341dbb,mbs3gs6v@paytm,Uttar Pradesh,SBI,clean,individual,0
4f687f4ac82e,9czuqz7w@apl,Uttar Pradesh,BOB,victim,individual,0
758874eb42c9,egwvamzf@apl,Telangana,PNB,clean,individual,0
6a93ff49c3a5,bya2tfj9@ibl,Maharashtra,Kotak,clean,individual,0
35429054ebb3,1x2fxr97@ibl,Kerala,Union,clean,individual,0
300841680508,0vofcxk8@oksbi,Tamil Nadu,Canara,clean,individual,0
6d049434441c,mrscwybs@ibl,Uttarakhand,Canara,clean,individual,0
05d875eae2b5,reee6pbj@okaxis,Haryana,HDFC,clean,individual,0
47bf16666677,z92xf40n@oksbi,Kerala,SBI,clean,individual,0
0322188ca999,o1tdw5la@ybl,Rajasthan,PNB,clean,individual,0
6ace69aa432a,mowjiio0@ibl,Delhi,SBI,clean,individual,0
4e4216c94e5e,95jtyema@apl,Haryana,PNB,clean,individual,0
642e7582d4e0,crzsbjeh@ybl,Uttarakhand,Kotak,clean,individual,0
49971ea5b26f,ycd4v64g@upi,West Bengal,Canara,clean,individual,0
1013fc8c804f,0kyzn8bu@upi,Telangana,SBI,clean,individual,0
211a6e7f50c6,97vgs925@icici,Kerala,Union,clean,individual,0
63ee29877163,qbvnrurr@paytm,Bihar,PNB,clean,individual,0
3d9a7cf303c8,6nm82be9@icici,Maharashtra,Kotak,clean,individual,0
7ca9cc230123,dkvkwkfd@oksbi,Uttarakhand,HDFC,clean,individual,0
41dc04b927da,scr9qxa7@oksbi,Uttar Pradesh,HDFC,clean,individual,0
262851740818,09lng6f0@okaxis,Bihar,HDFC,clean,individual,0
788d6c35e3c3,3h2umao1@ybl,Karnataka,HDFC,clean,individual,0
56dbc88202fd,vxnmywzw@oksbi,Maharashtra,Union,clean,individual,0
5b3930d4bd5d,6jwaxqml@upi,Maharashtra,HDFC,clean,individual,0
7e6cc598a243,e1c0d47q@paytm,Telangana,HDFC,victim,individual,0
41f4a2fdc771,byqacw1a@okaxis,Bihar,ICICI,clean,individual,0
668e0c6f0747,lqsxkb8l@paytm,Bihar,HDFC,clean,individual,0
10a7af4705e8,yo79xda8@okaxis,Maharashtra,Axis,clean,individual,0
16d8bb03b483,jkiy4it6@paytm,Telangana,HDFC,clean,individual,0
6c86830de45d,aqbc8yl4@apl,Uttar Pradesh,SBI,clean,individual,0
6790ef87614c,qj2ifejv@paytm,Gujarat,Canara,clean,individual,0
2f48dc73ccf4,6ondjgcp@upi,Gujarat,ICICI,clean,individual,0
7464776c0cef,hwf5sgy6@apl,Uttarakhand,BOB,clean,individual,0
1c0f9c9dfb7f,g9qsed39@oksbi,Uttar Pradesh,ICICI,clean,individual,0
7512ed0630ad,lm5uctkk@okaxis,Uttar Pradesh,Axis,clean,individual,0
55d6b09893f9,hwinmsj5@axl,Kerala,BOB,clean,individual,0
0e4229409656,s32dyrns@icici,West Bengal,Canara,clean,individual,0
758e5fcc5d6d,ar01tr74@oksbi,Uttarakhand,BOB,clean,individual,0
28bdd81149bc,xkgbmr6z@icici,Gujarat,Kotak,clean,individual,0
5f2dd809a68c,0rop9ks7@axl,Uttarakhand,Axis,clean,individual,0
1c9b958873d4,oq9akzgt@upi,Uttarakhand,HDFC,clean,individual,0
58503d52d1d4,8ndw4s0b@axl,Tamil Nadu,Kotak,clean,individual,0
4b9f15568df0,4pbuikgc@icici,Haryana,Kotak,clean,individual,0
41b1909eb31b,frr26vix@icici,Kerala,Canara,clean,individual,0
45bf810d360a,e46rc8ff@apl,Karnataka,BOB,clean,individual,0
6b88e6f367df,g2qfyxho@okaxis,Maharashtra,PNB,clean,individual,0
036aea407211,avipyhqc@ybl,Bihar,BOB,clean,individual,0
46da1baa3361,26ar9dmb@paytm,Rajasthan,SBI,clean,individual,0
291c014d2d1e,5mzpkvpe@apl,Haryana,HDFC,clean,individual,0
10e59677484c,8d2omrj0@oksbi,Gujarat,HDFC,clean,individual,0
73e4c5b76bc4,zhg9dl81@apl,Rajasthan,Kotak,clean,individual,0
5620fcd85e86,pz01hyei@okaxis,Delhi,BOB,clean,individual,0
5b5ded3cb766,sbjt206b@ybl,Karnataka,Axis,clean,individual,0
18f24116f1c1,qqgfzr2a@icici,Maharashtra,SBI,clean,individual,0
11811e992eef,2yhy4ae9@ybl,Kerala,Union,clean,individual,0
0dfde989f26a,bwxboskk@ibl,Kerala,ICICI,clean,individual,0
6787b8a39440,ea1938yn@ibl,Uttar Pradesh,SBI,clean,individual,0
492695ff0ea1,dzim7rem@paytm,Karnataka,PNB,clean,individual,0
1c906b41131a,usrcu1ur@axl,Maharashtra,PNB,clean,individual,0
4772f1892293,m7paa6dz@okaxis,Telangana,Union,clean,individual,0
16098290cf31,aq1ll5q1@paytm,Uttar Pradesh,BOB,clean,individual,0
2f3fe392d15c,fcurfh43@icici,Rajasthan,BOB,clean,individual,0
4c2d01282629,wmbpaust@paytm,Karnataka,Kotak,clean,individual,0
67942fa1c15e,vqctogo2@icici,Kerala,ICICI,clean,individual,0
6320144c8e0a,oee6xu75@okaxis,Uttarakhand,SBI,clean,individual,0
6c63c08d847e,rjlqv7nb@ibl,Bihar,Canara,clean,individual,0
67fb1b151499,uz37936f@oksbi,Karnataka,Canara,clean,individual,0
7293b2629963,qiay6oxy@upi,Telangana,ICICI,clean,individual,0
504a67f81011,wu06oygi@upi,Kerala,PNB,clean,individual,0
263b24d7e02c,jyr16ch9@ibl,Karnataka,SBI,clean,individual,0
1fd59f9fb91b,wf2xe6jw@upi,Maharashtra,ICICI,clean,individual,0
6b5e15b6fb69,1sngvgd4@upi,Haryana,ICICI,clean,individual,0
518784254721,onf7nmo2@ibl,Karnataka,HDFC,clean,individual,0
09e0b7fe041c,yy5ajkks@icici,Gujarat,Axis,clean,individual,0
511bc0af1a7d,u0f8x88c@okaxis,Tamil Nadu,HDFC,clean,individual,0
19e38de5a9ce,05eyqbpl@okaxis,Tamil Nadu,Kotak,clean,individual,0
107dfbcf20f5,q9zce2mu@apl,Maharashtra,Kotak,clean,individual,0
2ba14b256fec,yxh99a79@paytm,West Bengal,Kotak,clean,individual,0
325450c7c73f,5ww17fz6@axl,Tamil Nadu,ICICI,clean,individual,0
1bc7176f1119,774fmrdo@apl,Tamil Nadu,BOB,clean,individual,0
3416eb87dd9f,m46apx0w@icici,Gujarat,HDFC,clean,individual,0
2b703a28eab8,ho3s02s8@oksbi,Rajasthan,Canara,clean,individual,0
05078da7b394,lmyrdbvp@upi,Karnataka,Union,clean,individual,0
7f16717f9f73,camoxwia@axl,Uttarakhand,PNB,clean,individual,0
381c49b87baa,fpf0q2mb@ibl,Bihar,Axis,clean,individual,0
73a6598f47cf,sw4vvydo@ybl,West Bengal,ICICI,clean,individual,0
751d19fecef5,blvkbzro@icici,Karnataka,HDFC,clean,individual,0
4119dbd0fef2,xddvx11e@paytm,Tamil Nadu,Canara,clean,individual,0
71810e457f55,dhhectx9@upi,Bihar,BOB,clean,individual,0
4f9c0f02c8cb,qwwwax6q@icici,West Bengal,BOB,clean,individual,0
122251ccec2e,25bkk2h4@paytm,Rajasthan,HDFC,clean,individual,0
4f9269db2d8e,k5zj305s@paytm,Gujarat,BOB,clean,individual,0
487b14a04e95,td6aw2n1@icici,Delhi,Union,clean,individual,0
2716a658c70c,a6fram9i@paytm,Kerala,HDFC,clean,individual,0
2f4d0989c778,24sj91fm@oksbi,Maharashtra,SBI,clean,individual,0
2ffd65c46253,uw6j9x1g@okaxis,Delhi,Axis,clean,individual,0
181540f8117f,n0ubqery@apl,Telangana,Axis,clean,individual,0
4372b4e2ddd0,tb5qq3bn@axl,Uttar Pradesh,BOB,clean,individual,0
152121e0824e,zejrpy89@okaxis,Bihar,PNB,clean,individual,0
770b6d2c4b3a,56bfezyb@ybl,Tamil Nadu,HDFC,clean,individual,0
06653cdf221a,zyqi4id9@apl,Gujarat,PNB,clean,individual,0
564181ac60c6,jpsydijx@axl,West Bengal,ICICI,clean,individual,0
147ccefedb11,s0a6e586@apl,Haryana,SBI,clean,individual,0
6ca3dd81c11d,83km9uhi@oksbi,Uttar Pradesh,BOB,clean,individual,0
3844036da5c7,btl5ksa1@ybl,Maharashtra,Kotak,clean,individual,0
2a2dad805ef2,2p0tuypq@okaxis,Kerala,ICICI,clean,individual,0
706871a5eb84,j1k8lqmz@upi,Tamil Nadu,Kotak,clean,individual,0
56f90399c4ff,riwer27x@ibl,Uttar Pradesh,BOB,clean,individual,0
32168134a84b,v931j4be@upi,Uttarakhand,Canara,clean,individual,0
2418128f87b9,q94u72sh@apl,Gujarat,Canara,clean,individual,0
5282e999d88a,nqydyqgs@apl,Rajasthan,Union,clean,individual,0
05b4d08936a7,3bf86vdr@axl,Delhi,HDFC,clean,individual,0
6f03b9fb48ff,2228w9nc@apl,Haryana,Axis,clean,individual,0
2d6443ab0881,0gx8zaeq@apl,Telangana,Kotak,clean,individual,0
574ed9656545,oqr72uaj@ibl,Kerala,ICICI,clean,individual,0
78991a66eb9b,klt66hvt@paytm,Kerala,Kotak,clean,individual,0
6f0de43237dc,nnqhrks1@ybl,Maharashtra,PNB,clean,individual,0
6783758cf75c,4oe54auc@axl,West Bengal,Union,clean,individual,0
173761e11e82,qjir5ef2@ybl,Gujarat,Axis,clean,individual,0
0f592b909903,fblxzfgu@oksbi,West Bengal,Union,clean,individual,0
2c77db57fd91,pg66gfqh@icici,Delhi,Canara,clean,individual,0
05d194edab72,nhhmouu8@paytm,Maharashtra,HDFC,clean,individual,0
561402663838,b3js0bg9@ybl,Telangana,Kotak,clean,individual,0
6c84d8e5d42d,a3ne1k9v@ibl,Telangana,Canara,clean,individual,0
7dbdc38d852b,ul2biszw@upi,Telangana,Kotak,clean,individual,0
04116f086b7f,vqmfbgjk@icici,Uttarakhand,HDFC,clean,individual,0
20d7267c8cd8,2pfgqik2@ybl,Delhi,HDFC,clean,individual,0
7d6a1544e7c0,hotbwh9b@apl,Haryana,Canara,clean,individual,0
338994c53220,a1ovmpud@icici,Gujarat,HDFC,clean,individual,0
5d1bc2349ddc,c6serca3@icici,Rajasthan,HDFC,clean,individual,0
5e412577d5a9,rrvloc4k@oksbi,Gujarat,BOB,clean,individual,0
1bed84c428aa,oc27o4io@oksbi,West Bengal,HDFC,clean,individual,0
7af6206f73e8,jcue63ar@paytm,Kerala,Kotak,clean,individual,0
33f8790153a2,7n560itf@ybl,Gujarat,Kotak,clean,individual,0
69f07a6392ee,8g2wa1cs@apl,West Bengal,SBI,clean,individual,0
2aed77c7dff0,2boimrxz@apl,Tamil Nadu,Kotak,clean,individual,0
7687f42988f1,64w0o8lk@okaxis,Rajasthan,Axis,clean,individual,0
3757a5757b7f,oltcvce3@axl,Delhi,ICICI,clean,individual,0
382c6d831548,1xwisu9p@ibl,Delhi,HDFC,clean,individual,0
3dc05bb3ff21,56vghr42@paytm,Haryana,Canara,clean,individual,0
06f1bfeb702b,8lqcq83y@upi,Haryana,ICICI,clean,individual,0
2bc69d752b4f,vodawryj@paytm,Haryana,BOB,clean,individual,0
26a75905e302,aylilymz@upi,Haryana,PNB,clean,individual,0
1e0e9f1dd736,rwltpg0b@ybl,Delhi,SBI,clean,individual,0
5f24e81d22a4,ea6djx6v@paytm,Bihar,SBI,clean,individual,0
54fc1da6a254,fl3vsqbt@ybl,Bihar,Union,clean,individual,0
3cfdc3ea0235,fearpycc@apl,Delhi,Kotak,clean,individual,0
2050177b9a7b,8tjdsoml@upi,Karnataka,Union,clean,individual,0
0b0d5e860983,p2qwpnj1@axl,Karnataka,PNB,clean,individual,0
49748da5b8f0,aajel7m9@upi,Bihar,Canara,clean,individual,0
7395d8eb1123,2fwmn8ve@ibl,Uttarakhand,Axis,clean,individual,0
62bec1ee5f65,ufui3f39@axl,Kerala,Canara,clean,individual,0
12fdddcc972b,a9wktl64@okaxis,Uttarakhand,Canara,clean,individual,0
6cada167efb6,2sf3t8ol@okaxis,Gujarat,Canara,clean,individual,0
7edc09504a01,6a2on8ws@paytm,Maharashtra,SBI,clean,individual,0
190dac24bcc2,ef31ypwz@apl,Bihar,Kotak,clean,individual,0
648066d45d58,xy6gb8jr@okaxis,Rajasthan,Union,clean,individual,0
0e517da025a5,jgcl96df@ibl,West Bengal,Union,clean,individual,0
011df82c1c8b,22n6nxij@icici,Bihar,ICICI,clean,individual,0
21f07fde5012,1d1mtm6z@okaxis,West Bengal,HDFC,clean,individual,0
5f3d7af43a5f,0lupaubs@axl,Haryana,Axis,clean,individual,0
151b4ada1966,3jxpn493@oksbi,Maharashtra,HDFC,clean,individual,0
2c1b5de9d69f,3ukip617@upi,Uttarakhand,SBI,clean,individual,0
077107c00059,kzxk63ai@oksbi,Uttar Pradesh,Union,clean,individual,0
7f83034474cf,35t3heb1@upi,Gujarat,ICICI,clean,individual,0
5b221319896a,lh5wkpiz@ybl,Delhi,Canara,clean,individual,0
30b78b857cf5,090fbhzy@apl,Bihar,ICICI,clean,individual,0
7eaca1243beb,8emmcg10@axl,Rajasthan,SBI,clean,individual,0
2a0306a6a541,2oy21pd8@ybl,Karnataka,BOB,clean,individual,0
7856a8018f4e,0v4slsta@paytm,Haryana,SBI,clean,individual,0
6569f573126a,rivkc7w6@ybl,Kerala,Axis,clean,individual,0
17046548efcd,ntcv6sm6@ibl,Karnataka,SBI,clean,individual,0
12af9bb46723,fo0337pi@axl,Karnataka,Union,clean,individual,0
02a8bb224ec4,nblxkh5v@icici,Rajasthan,Union,clean,individual,0
4106aec54412,ecr8ub73@ibl,Haryana,SBI,clean,individual,0
6c9aab85ddb0,3g5oml7o@ybl,Uttar Pradesh,Canara,clean,individual,0
304985f2f5b9,5bhazdli@ibl,Telangana,Canara,clean,individual,0
3651536a8020,xgjid71y@upi,Rajasthan,Canara,clean,individual,0
756794c1f850,9hvgeq7k@paytm,Rajasthan,ICICI,clean,individual,0
4a216564ac1b,qm1jsw4k@paytm,Karnataka,Canara,clean,individual,0
68b771773732,0ke92obw@icici,Haryana,Union,clean,individual,0
088ceab9600c,t1tc8t78@oksbi,West Bengal,HDFC,clean,individual,0
3f70e9959202,71vrhf8o@apl,Maharashtra,Canara,clean,individual,0
439ff1bd46f5,29ej9lpf@upi,Gujarat,Canara,clean,individual,0
59f162d0321d,gf81z8y2@ybl,Uttarakhand,SBI,clean,individual,0
1fddcb068a56,e8l8wruz@icici,Telangana,Axis,clean,individual,0
200b8aca8ac8,h33jedmh@oksbi,Rajasthan,HDFC,clean,individual,0
4bbc011b8028,dx6ujpae@ybl,West Bengal,Canara,clean,individual,0
679476b2c70a,pxqhvlmt@upi,Bihar,Axis,clean,individual,0
5b9ebc0d251d,cdqt6dnm@ybl,Rajasthan,Axis,clean,individual,0
3edcbf6b7c4a,abvbuepf@ybl,Maharashtra,Union,clean,individual,0
2daec8dd2d82,wp5k6o4t@icici,Rajasthan,Kotak,clean,individual,0
3278ec71002b,edifb8bz@apl,Haryana,SBI,clean,individual,0
6a791c8ebaff,5bbypf97@ibl,Bihar,Kotak,clean,individual,0
152a299ffd3e,f4zesw09@oksbi,Kerala,Axis,clean,individual,0
37e404348233,r4sdhxs3@paytm,Uttarakhand,Union,clean,individual,0
31a1c71d1271,czg7f8a5@okaxis,West Bengal,Canara,clean,individual,0
15fc5c3b09b9,yp4arx3k@upi,Maharashtra,SBI,clean,individual,0
2761c0afb4da,1xv4jf9e@ibl,Tamil Nadu,BOB,clean,individual,0
7ca901c3cae5,scx6ll58@ybl,Telangana,Kotak,clean,individual,0
4a927cbd3701,ama9ynn8@upi,Delhi,Union,clean,individual,0
45e70bdca649,lgoxekau@paytm,Telangana,Union,clean,individual,0
0eb415022ac7,9twhwqh5@okaxis,Gujarat,HDFC,clean,individual,0
7748aa3ee276,37ntztnj@apl,Karnataka,PNB,clean,individual,0
56f8713c59ca,vlj7d2mm@okaxis,Rajasthan,Axis,clean,individual,0
26eb998eeb53,d6uqytce@okaxis,Bihar,HDFC,victim,individual,0
7ca1f5c59c1c,rlqjgemj@apl,Maharashtra,Canara,clean,individual,0
474dc6c7a633,vc9rnn49@apl,Uttarakhand,Canara,clean,individual,0
579bf17a9319,47nvj8c7@oksbi,Tamil Nadu,ICICI,clean,individual,0
3c3a3889b5f5,jvffv1hm@okaxis,Uttarakhand,ICICI,clean,individual,0
0fea5a32c253,oyg71gpx@axl,Delhi,HDFC,clean,individual,0
182931612def,5ioo9ehg@paytm,Bihar,ICICI,victim,individual,0
0560730d26fb,hptn450x@ybl,Bihar,Union,clean,individual,0
62fd19b83045,fy1jq660@okaxis,Kerala,Canara,clean,individual,0
2c862ff6d437,jwji21h2@icici,Kerala,Canara,clean,individual,0
67f87075693c,gp7s1ih5@axl,Bihar,Axis,clean,individual,0
3fba6fa9693c,11p8yn4g@apl,West Bengal,HDFC,clean,individual,0
129da37ca618,gaqea08i@icici,Uttar Pradesh,Canara,clean,individual,0
26e86430da95,v782d9l0@okaxis,Kerala,Kotak,clean,individual,0
1e225baa96f1,kdotvf1o@ybl,Haryana,ICICI,clean,individual,0
7313bf4664ce,dkfxjhv1@ibl,Uttar Pradesh,PNB,clean,individual,0
19890c627aa4,6ny9ut78@icici,Maharashtra,Union,clean,individual,0
048725bb2cb3,q2qyyiao@upi,West Bengal,PNB,clean,individual,0
503c8bb66d13,eoiixpmi@axl,Telangana,SBI,clean,individual,0
7a07360ec676,zl8o6548@paytm,Telangana,SBI,clean,individual,0
3cc1e672b846,xg1wp2fh@ibl,West Bengal,Canara,clean,individual,0
3a3e4eddad26,r490eg89@axl,Gujarat,Kotak,clean,individual,0
01bc98f0052a,8p5741x1@icici,Maharashtra,ICICI,clean,individual,0
3984e09c04c4,c31u12lc@axl,Tamil Nadu,PNB,clean,individual,0
6dedf0a8f40d,cgczcg0r@ibl,Bihar,BOB,clean,individual,0
18e80e5f8681,6mo1flga@ybl,Maharashtra,ICICI,clean,individual,0
2c64d8e40e8b,22g8phtb@apl,Rajasthan,Union,clean,individual,0
2ef7dac7220b,4hkywydj@upi,Maharashtra,Axis,clean,individual,0
0f705cb2c25b,di22qx1s@paytm,Kerala,PNB,clean,individual,0
6fa96c66fa1b,mt09t93w@upi,West Bengal,SBI,clean,individual,0
3a7339a8c6bd,a6qcip9s@oksbi,Uttar Pradesh,PNB,clean,individual,0
038e78e09732,09jnvd2y@ybl,Haryana,Union,clean,individual,0
4f1d103b9ec4,b52gvk3s@icici,Rajasthan,BOB,clean,individual,0
665630c08b23,cly7cl95@icici,West Bengal,SBI,clean,individual,0
4c4bd0b95329,abar97mk@paytm,Maharashtra,BOB,clean,individual,0
4a7d344a6b4e,i8iehzza@ybl,Rajasthan,HDFC,clean,individual,0
3489ba14c0d4,zbue6xfa@okaxis,Maharashtra,Kotak,clean,individual,0
2d46ecb585cb,srwm2vkp@ibl,Uttarakhand,HDFC,clean,individual,0
45b9cfe856e0,4msdmvuy@axl,Uttar Pradesh,Kotak,clean,individual,0
66b0f376c399,sxlunxyq@apl,Karnataka,Union,clean,individual,0
0b2c9b954443,anpvnhwo@icici,Karnataka,Axis,clean,individual,0
2994f958b314,xstbt2cm@okaxis,Delhi,Axis,clean,individual,0
772fc7f3b668,xrq35d8g@apl,Tamil Nadu,Canara,clean,individual,0
045b8d115d17,8kuvwwho@ybl,Haryana,Canara,clean,individual,0
07982ef326ca,3l0r4fkb@okaxis,Tamil Nadu,BOB,clean,individual,0
6ee09dbfdd32,hy3o4q5r@paytm,Gujarat,ICICI,clean,individual,0
6b1156f5a3a1,5pc6cmfg@ibl,Karnataka,HDFC,clean,individual,0
24435d62d434,00xvhejy@upi,Delhi,PNB,clean,individual,0
6f3bcc805280,ahslsacb@ibl,Uttar Pradesh,HDFC,clean,individual,0
75e914a616ab,95ki7pmt@axl,Tamil Nadu,ICICI,clean,individual,0
3caf0d013559,eoqxtvb8@apl,West Bengal,Axis,clean,individual,0
3cd198f02890,c5jfvgjw@okaxis,Haryana,HDFC,clean,individual,0
3be3bd5a7e00,h7av7s1d@apl,Rajasthan,SBI,clean,individual,0
598f97b66258,mmc3x91i@upi,Tamil Nadu,ICICI,clean,individual,0
56a957332388,kj793swc@ibl,Uttar Pradesh,ICICI,clean,individual,0
1ac14b455555,ndk28x52@oksbi,Rajasthan,HDFC,clean,individual,0
28701d35c73f,xe1kejia@ybl,West Bengal,BOB,clean,individual,0
3a1ff152d84c,ez1ed9i8@upi,Karnataka,BOB,clean,individual,0
4e2aa48eaadd,y1mu8xc8@icici,Uttarakhand,Kotak,clean,individual,0
466b68f6d48f,k2eg0itd@icici,Gujarat,ICICI,clean,individual,0
7bf93da3bd43,bhmd7746@ibl,Bihar,SBI,clean,individual,0
5c04a8faeb39,i3unkk3q@ibl,Tamil Nadu,Union,clean,individual,0
1328db54b5a5,gqkt3t8j@paytm,Haryana,HDFC,clean,individual,0
01e0ea7ee7e0,gew0ja06@ibl,Delhi,Kotak,clean,individual,0
4eee63b1bb90,x1ef47tx@upi,Rajasthan,HDFC,clean,individual,0
792cf21fe1de,0pnbbqm9@okaxis,Rajasthan,SBI,clean,individual,0
5fc498ac93ea,abj24z8u@okaxis,West Bengal,SBI,clean,individual,0
2f793820f4aa,9qck7p63@ibl,Delhi,Kotak,clean,individual,0
28b3d4020ff6,e21dsrcm@ybl,Uttar Pradesh,Axis,clean,individual,0
48a64f51c220,2ntock1f@ibl,Kerala,Kotak,clean,individual,0
25aeda7dcd0c,x3umf4qq@ibl,Tamil Nadu,HDFC,clean,individual,0
0e0419fda267,kg38kbcq@icici,Uttar Pradesh,Kotak,clean,individual,0
29df96ae199e,cor2yxsr@paytm,Delhi,ICICI,clean,individual,0
06de1291da9f,ysjsvu17@okaxis,Rajasthan,PNB,clean,individual,0
1a4f2376806e,r4uh20y7@apl,Delhi,SBI,clean,individual,0
0aa97e978cae,y1eh696q@okaxis,Tamil Nadu,Canara,clean,individual,0
7fd36f32b51a,v09spp5x@okaxis,Maharashtra,Canara,clean,individual,0
429b9cd4fe6a,ab6ojy8g@icici,Gujarat,Union,clean,individual,0
152a2d8f3b95,ief3v3x6@okaxis,Delhi,SBI,clean,individual,0
274a7d4de408,kwt5ucqq@axl,West Bengal,Kotak,clean,individual,0
7e5b1077f93b,b9ewc2ne@upi,Rajasthan,Kotak,clean,individual,0
36364e810e75,h4iioqvy@upi,Tamil Nadu,ICICI,clean,individual,0
3af08d29db79,fbg38eai@oksbi,Haryana,HDFC,clean,individual,0
1b533cd40287,nn2vgwi6@ybl,Bihar,BOB,clean,individual,0
54754db24a54,mvxoinau@apl,Rajasthan,Union,clean,individual,0
5972d38cfff0,v7pmm57r@ybl,West Bengal,Canara,clean,individual,0
23a37862397c,cdt8ie93@axl,Rajasthan,HDFC,clean,individual,0
0e07a6796b43,thz17isv@ybl,Delhi,Axis,clean,individual,0
37606799cdfa,8vs9neet@axl,West Bengal,Axis,clean,individual,0
0104354ac9f8,c4xo124r@paytm,Delhi,ICICI,clean,individual,0
10586a5c49f5,q5adb1qj@ibl,Rajasthan,Canara,clean,individual,0
6f77b8579be3,3dft0nh9@ybl,Kerala,HDFC,clean,individual,0
7ae6f2d89e2c,wme0pysj@apl,West Bengal,Canara,clean,individual,0
72f2326e27be,3345pd19@ibl,Kerala,PNB,clean,individual,0
230d22dc07d8,aentvj27@oksbi,Uttarakhand,HDFC,clean,individual,0
5fa0948f0a0c,37b4amzs@ybl,Rajasthan,HDFC,clean,individual,0
7da1d3748a4c,63pwcr9c@oksbi,Haryana,HDFC,clean,individual,0
71c50247cd4c,ermxl7mq@okaxis,Tamil Nadu,Union,clean,individual,0
7c65cb2fe762,9ehxk6bu@upi,Kerala,Union,clean,individual,0
456aa8599bb8,wen1xiv1@okaxis,Delhi,Axis,clean,individual,0
38ca501e44a4,n889fj27@upi,Bihar,ICICI,clean,individual,0
1994e718c493,28l0halp@ibl,Rajasthan,PNB,clean,individual,0
382b880be637,hksodfx9@ybl,Telangana,Kotak,clean,individual,0
154ce3178ed3,6cjio12d@okaxis,Maharashtra,SBI,clean,individual,0
4b8e96dd7d25,w2ts7pes@okaxis,Uttarakhand,SBI,clean,individual,0
54aeca71f266,foag51og@paytm,Telangana,Kotak,clean,individual,0
0a21b7da8e75,y3f9gi9e@ybl,Kerala,ICICI,clean,individual,0
2bd13a71d383,1hzeijmv@upi,Bihar,Axis,clean,individual,0
01efb7354e6c,uotd2a9b@ibl,West Bengal,Canara,clean,individual,0
5a8cc34c6e3c,ctrx2lic@ibl,Telangana,Union,clean,individual,0
63e95fbd2a96,ag67ujze@paytm,Tamil Nadu,Canara,clean,individual,0
61c4a781756b,yy936zc3@axl,Uttar Pradesh,PNB,clean,individual,0
0966f3d99cef,qbzqko19@axl,Karnataka,Union,clean,individual,0
72b15d916c71,mind44nl@upi,Haryana,HDFC,clean,individual,0
7dfd3f111bf1,z5kfy4al@apl,Uttar Pradesh,Kotak,clean,individual,0
3e50fa3f7daf,v0hbqzf2@apl,Telangana,SBI,clean,individual,0
1dc7e40082c8,523x5978@apl,Tamil Nadu,SBI,clean,individual,0
6c6abf47a902,q6kmgew3@okaxis,Telangana,Axis,clean,individual,0
72a2a47c3a0d,ouk6lh3c@icici,Uttar Pradesh,HDFC,clean,individual,0
2434431c5053,rhfv9qk4@okaxis,Telangana,PNB,clean,individual,0
4b23f8879aca,sfc8hxbw@okaxis,Kerala,PNB,clean,individual,0
3e429aa958d0,1ukz84va@icici,Tamil Nadu,SBI,clean,individual,0
473bed644842,b7r3jgpr@okaxis,Maharashtra,PNB,clean,individual,0
030f50110680,ukrtcola@axl,Gujarat,BOB,clean,individual,0
6eb980eb1f8f,tskcaofz@icici,Uttarakhand,Kotak,clean,individual,0
749e4276c4b8,3fa59bur@ibl,Uttar Pradesh,Axis,clean,individual,0
54cd54822945,tytktf1b@paytm,Karnataka,ICICI,clean,individual,0
3a33ed380752,o23t7j7y@ibl,Kerala,Axis,clean,individual,0
7e8ce1b24229,s1q4j00e@icici,Kerala,Canara,clean,individual,0
4c33a8fecfc8,g9dkpdt1@axl,Haryana,Union,clean,individual,0
26d5e55359aa,u3az0w9r@ibl,West Bengal,PNB,clean,individual,0
379f92f1a3d4,n813kwbb@oksbi,Kerala,SBI,clean,individual,0
5c778f985046,l7i9exy4@ybl,Kerala,Axis,clean,individual,0
2ccc6cd47325,kb50jq6l@ibl,Tamil Nadu,BOB,clean,individual,0
7be584195564,ohfqentx@upi,Tamil Nadu,Union,clean,individual,0
7926f8fae550,lexqihxw@axl,Telangana,BOB,clean,individual,0
725e3b06f97c,pm55vbjf@apl,Haryana,PNB,clean,individual,0
31fd31941ba8,p12v1yp3@oksbi,Delhi,Canara,clean,individual,0
3eb4b8ffdca0,08npno36@okaxis,Kerala,PNB,clean,individual,0
306f49b591b5,pe4bymbj@upi,Haryana,PNB,clean,individual,0
6df7c125f6b1,2uxx17l5@ybl,Delhi,Union,clean,individual,0
776988b9c53c,2g548xu2@apl,West Bengal,SBI,clean,individual,0
1700aa5ff581,ipt3srv3@apl,Kerala,ICICI,clean,individual,0
0a5e0943e802,4g100p4l@oksbi,Haryana,Axis,clean,individual,0
635e9dc3e36c,03zjnx1b@axl,Tamil Nadu,SBI,clean,individual,0
675341aa537b,5bjzx3ai@paytm,Uttar Pradesh,Union,clean,individual,0
475c3e072420,xu0qt99f@ybl,Delhi,PNB,clean,individual,0
563a3834d962,x2krkfpw@oksbi,Karnataka,Canara,clean,individual,0
5b89e56a70e1,4ez6hk26@ybl,Gujarat,SBI,clean,individual,0
310205b5f8cb,ko7abahq@apl,Uttar Pradesh,ICICI,clean,individual,0
6534d218dbcb,8zqf01m6@upi,Uttarakhand,Axis,clean,individual,0
5da3fdb373a5,kdmqrqgu@axl,Telangana,Kotak,clean,individual,0
652bb3c16f03,lfbwrg1m@ybl,Kerala,Kotak,clean,individual,0
1838300f77f8,5omw4wbc@upi,Kerala,ICICI,clean,individual,0
7a3ac23f42bd,c7g4ewed@paytm,Bihar,ICICI,clean,individual,0
5c6d4cef11f2,e3ykajdf@axl,Rajasthan,PNB,clean,individual,0
7eaaabd4c4d9,d00c8ma0@ibl,Haryana,Kotak,clean,individual,0
54fcd04a75ef,ftlc1nef@upi,Uttarakhand,ICICI,clean,individual,0
6924f22324a5,1afe1gp7@ibl,Telangana,SBI,clean,individual,0
25a39d2ccaf1,qr4odaat@icici,Bihar,Canara,clean,individual,0
63e1f6f47134,g816pn01@upi,Kerala,Axis,clean,individual,0
6b7a420a2d60,b931tah1@paytm,Delhi,ICICI,clean,individual,0
4c6a1f898942,6evci9r8@axl,Haryana,HDFC,clean,individual,0
319f0eeb2c90,d5rgqjk0@ibl,Rajasthan,Axis,clean,individual,0
105ff4ca8af7,kk7t8sa8@okaxis,Tamil Nadu,ICICI,clean,individual,0
36b3e4168016,5rku3tpt@ybl,Haryana,Axis,clean,individual,0
189ab25adde3,k8ryd209@upi,Karnataka,BOB,clean,individual,0
21e4857fd196,2gb3qkt5@paytm,Uttarakhand,ICICI,clean,individual,0
5a1fd844fbb0,2c2b01dh@okaxis,Kerala,Canara,clean,individual,0
02d7daa4dfce,z3x521ty@upi,Delhi,BOB,clean,individual,0
2ed06d8351a5,jtpuvxrp@icici,Bihar,Canara,clean,individual,0
498f5c60f95a,7j1engbn@upi,Karnataka,Union,clean,individual,0
7e8d95e23a70,hseh5dqn@icici,Karnataka,PNB,clean,individual,0
53c4b525a57c,kcnt83ia@ybl,Uttar Pradesh,Canara,clean,individual,0
1b3ce6fa4d82,s19n6l6g@ybl,Uttarakhand,BOB,clean,individual,0
42356671e827,i26ex2zf@axl,Bihar,Union,clean,individual,0
3df57906d2f2,z2u2ci5s@axl,Bihar,Canara,clean,individual,0
7493a3b85f62,4v01zna6@axl,Telangana,BOB,clean,individual,0
44affbf55b18,w360lvr0@okaxis,Telangana,ICICI,clean,individual,0
779db1f80e97,91kgp4y3@oksbi,Maharashtra,BOB,clean,individual,0
4623d81bca5a,ihm76f3v@okaxis,Karnataka,SBI,clean,individual,0
1e5577ac962c,jwvul9su@oksbi,Gujarat,BOB,clean,individual,0
63b8718bf3e0,sc4dnuvv@axl,Delhi,SBI,clean,individual,0
3c61a1399f9a,13f9cdr8@paytm,Tamil Nadu,PNB,clean,individual,0
08bcc6eddc1b,1rmp38ln@ybl,Bihar,Kotak,clean,individual,0
31b14a080284,map04lwl@icici,Gujarat,BOB,clean,individual,0
5cee79621a9d,dxh6wjpo@okaxis,Maharashtra,Kotak,clean,individual,0
6d2a0bd53ec0,zael6jjq@apl,Rajasthan,ICICI,clean,individual,0
2dc7b0c7291e,raz48nxp@icici,West Bengal,SBI,clean,individual,0
63829dd78f80,2ix9h8cm@apl,Uttarakhand,HDFC,clean,individual,0
15aedcdeac11,qbn6k1ur@upi,Uttarakhand,Union,victim,individual,0
39a33986f886,91omnc7w@oksbi,Haryana,Axis,clean,individual,0
15ed2239dce0,omko9z5b@icici,Telangana,HDFC,clean,individual,0
2f9e8b5d3391,wgadrdhr@axl,Delhi,Kotak,clean,individual,0
62bb969910c4,k8nvh90i@okaxis,Haryana,Canara,clean,individual,0
7bd0e70d7cee,01zpy23l@upi,Karnataka,BOB,clean,individual,0
569a6aba0149,ydyt7rku@apl,Kerala,Kotak,clean,individual,0
2c7418b23610,gxrbm0l3@upi,West Bengal,Kotak,clean,individual,0
6297f8fec99d,c63jolps@apl,Haryana,ICICI,clean,individual,0
70dfbb64f015,z5b29ko0@axl,Delhi,PNB,clean,individual,0
460e3ea6284b,nmar8vz7@apl,Gujarat,Axis,clean,individual,0
01ad0b8443b2,1lvjsryj@icici,Haryana,Union,clean,individual,0
2ab6e2e0d11e,noise6xy@oksbi,Maharashtra,Axis,clean,individual,0
743c0bd4758a,t7xxl1t1@okaxis,Gujarat,Canara,clean,individual,0
2c49b1c9b083,5xuavowh@upi,Bihar,SBI,clean,individual,0
695bba2bbebf,p7bk5jj1@paytm,Karnataka,ICICI,clean,individual,0
7ca743da8432,ntsmpg1g@apl,Maharashtra,Axis,clean,individual,0
5d656ae7cb75,kn0niqnq@apl,Tamil Nadu,HDFC,clean,individual,0
1932c22be190,ac8jacau@paytm,Rajasthan,Canara,clean,individual,0
6e997cb92b58,xl4xa3y5@oksbi,Kerala,SBI,clean,individual,0
4ced7d62c187,yg1vfqyi@okaxis,Karnataka,BOB,clean,individual,0
6567e924c2ab,gt364xzp@ybl,Maharashtra,PNB,clean,individual,0
45e14fa6a2d3,gq323zwe@icici,Delhi,Kotak,clean,individual,0
449b22db6c35,i2o3enyu@paytm,Karnataka,ICICI,clean,individual,0
23356cb67fae,3zbymcfs@okaxis,Tamil Nadu,PNB,clean,individual,0
43c3312f491b,ts8a2pl2@paytm,Delhi,Axis,clean,individual,0
5292fad0ae7a,nboiogyn@upi,Karnataka,PNB,clean,individual,0
10f64cc3bae1,25qff1vn@ybl,Uttarakhand,PNB,clean,individual,0
5188533d2154,s6xhwmx4@paytm,Uttarakhand,Kotak,clean,individual,0
123200605789,nnubn13x@apl,Kerala,Union,clean,individual,0
7f40d9873f6c,xr0h95eh@oksbi,Uttarakhand,ICICI,clean,individual,0
7b62bb1fb648,0tmiuf1a@ibl,Gujarat,Axis,clean,individual,0
2e24e87b7011,lupxnztj@paytm,Tamil Nadu,BOB,clean,individual,0
4e030900f6a1,v9g80x63@apl,Maharashtra,SBI,clean,individual,0
70475ecf7afe,7aimtu07@paytm,Kerala,PNB,clean,individual,0
32a89d3c9f0d,w2336hf4@apl,Uttar Pradesh,Canara,clean,individual,0
6e44f991ef62,m4fx1l9j@oksbi,Uttarakhand,Kotak,clean,individual,0
2bfe93ce39bc,x5756ymz@ibl,Kerala,ICICI,clean,individual,0
05c9dffa6695,p5h9wkwo@ybl,Gujarat,ICICI,clean,individual,0
5a2ea90aac55,cypt0bxr@icici,Bihar,Kotak,clean,individual,0
1e2dac874971,fz263qpb@ybl,Uttarakhand,Canara,clean,individual,0
757a1db55a77,3o9fdkrs@paytm,Uttarakhand,Union,clean,individual,0
3cbd70cab1e9,dbtwr6r4@oksbi,Gujarat,HDFC,clean,individual,0
70cdcbb06220,yt98voyn@upi,Kerala,BOB,clean,individual,0
2b5a8ff3d316,dtz1k3n7@apl,Telangana,Kotak,clean,individual,0
4e3cc6cdf934,ogeo5tg5@ibl,Kerala,BOB,clean,individual,0
037d3efb165e,elw93j3q@upi,Delhi,HDFC,clean,individual,0
3e00ec853691,qtz78phr@ibl,Telangana,BOB,clean,individual,0
723a0037f4b5,3mpgf0wc@ibl,Uttarakhand,ICICI,clean,individual,0
2b50ff414999,bytwq481@okaxis,Uttarakhand,Kotak,clean,individual,0
4aa848106ad4,iuvgjh0b@okaxis,Kerala,PNB,clean,individual,0
6aad9ab7efca,oqbqjx66@upi,West Bengal,SBI,clean,individual,0
578ea42b52af,xddmuceh@ybl,Maharashtra,HDFC,clean,individual,0
7dcb28c6a20c,u2zuowqm@axl,Uttar Pradesh,BOB,clean,individual,0
45f9f59d86a5,jbtve3s4@oksbi,Uttarakhand,SBI,clean,individual,0
610f635923e4,t8dsonlb@upi,Tamil Nadu,SBI,clean,individual,0
58f80443dd6f,y34gk2sq@ibl,West Bengal,Axis,clean,individual,0
5cc67b49d595,tjss048v@ibl,Telangana,BOB,clean,individual,0
0e1d981e05eb,6pq4tgj9@oksbi,Kerala,HDFC,clean,individual,0
45c9779d258f,javkrri8@apl,West Bengal,Kotak,clean,individual,0
44a2fa01cf62,t0syfa2d@axl,West Bengal,BOB,clean,individual,0
1c54bfdecc4e,ad9uph43@icici,Delhi,PNB,clean,individual,0
499c001358c5,hgxe6za9@oksbi,Karnataka,Canara,clean,individual,0
0fd67fb26f71,q8ah06ij@okaxis,Delhi,SBI,clean,individual,0
0a22ff19d10b,yb3cabru@icici,Rajasthan,Axis,clean,individual,0
387b36651c48,hcddoyrj@apl,Bihar,SBI,clean,individual,0
5d1dde928f34,6v16ar80@icici,Uttar Pradesh,PNB,clean,individual,0
48a9a058d179,waizhn8a@ibl,Gujarat,PNB,clean,individual,0
4b701976bcb3,7msg34fa@icici,Delhi,HDFC,clean,individual,0
10df3523ad14,o57w5xoo@ibl,Karnataka,HDFC,clean,individual,0
154e4689e9d9,nuxxtoni@oksbi,Bihar,BOB,clean,individual,0
17213b02d431,tsotq4je@icici,Haryana,ICICI,clean,individual,0
300cb7fbc857,6g2dbw12@apl,Haryana,HDFC,clean,individual,0
002db377f3ed,lzvpp8le@paytm,Bihar,Kotak,clean,individual,0
2780988cf7dc,894axazx@ibl,Rajasthan,SBI,clean,individual,0
238b28f795c4,7az3kgjk@icici,Delhi,Canara,clean,individual,0
46a1a29f1f3a,661cz44m@oksbi,West Bengal,Union,clean,individual,0
7c06b25f9cc8,bbwna29h@oksbi,West Bengal,SBI,clean,individual,0
14cab37993b0,ltn53cdi@icici,Rajasthan,Axis,clean,individual,0
5d69a106b743,3c5brjrh@ibl,Uttar Pradesh,BOB,clean,individual,0
7388cf4783ac,wjuujrbe@upi,Delhi,HDFC,clean,individual,0
7f9736f9f8fe,ub0pkdka@paytm,Gujarat,ICICI,clean,individual,0
10bc2fe2ed57,76q6ky7i@oksbi,Tamil Nadu,HDFC,clean,individual,0
752c3ab24ea5,u211kqf4@paytm,Gujarat,BOB,clean,individual,0
145fdc37ddd0,ryzkj2ey@ybl,West Bengal,Kotak,clean,individual,0
0dd0d23c28ae,kvqcb2sd@upi,Karnataka,Axis,clean,individual,0
787af6a1f86b,xmzgqchh@upi,Delhi,Axis,clean,individual,0
30e283468ea7,xu03tbp7@okaxis,Maharashtra,BOB,clean,individual,0
088b2872041c,sjrm141m@paytm,Gujarat,ICICI,clean,individual,0
4da381be2d3e,qfl172ag@ibl,Tamil Nadu,Union,clean,individual,0
6712a79638ad,0yo3yilo@axl,Bihar,SBI,clean,individual,0
47d9ab253394,tzsaczqq@okaxis,Rajasthan,Kotak,clean,individual,0
6abed7e50353,edbb5fgt@okaxis,Tamil Nadu,Axis,clean,individual,0
62de747a35e8,odv4rfzz@ybl,Karnataka,HDFC,clean,individual,0
0e019a39d789,ogoeu292@axl,Tamil Nadu,HDFC,clean,individual,0
3788a1ab4904,lm5cbmfk@upi,Maharashtra,PNB,clean,individual,0
0dbfb1fdd0aa,f2q2041i@axl,Maharashtra,PNB,clean,individual,0
6c216d850201,4gyxjnrg@upi,Kerala,Kotak,clean,individual,0
71d786c7b619,oc6bh957@axl,Uttarakhand,HDFC,clean,individual,0
622d7965587b,i2t6rqtr@paytm,Telangana,Union,clean,individual,0
7651a5a9d444,rj325hv3@paytm,Tamil Nadu,HDFC,clean,individual,0
4a86ac794743,vbua79sb@icici,Uttarakhand,Canara,clean,individual,0
6ad971c7c148,wwtphdvm@icici,Gujarat,ICICI,clean,individual,0
76774fa4a0d9,tx86q3ml@oksbi,Delhi,Axis,clean,individual,0
7d7eb33c4267,2a7ns1w0@oksbi,West Bengal,Axis,clean,individual,0
2d2694681c45,r8d7noh8@apl,Uttar Pradesh,HDFC,clean,individual,0
3d47ffda0ddb,h3tx8yop@okaxis,Uttarakhand,SBI,clean,individual,0
3e74af9447f7,g72m3ja7@paytm,Karnataka,Canara,clean,individual,0
3e880fbde349,ndvz5d6f@apl,Telangana,Canara,clean,individual,0
1a219c164bf0,q2vlfh9j@paytm,Haryana,PNB,clean,individual,0
3d542568f20d,zi6mavhw@icici,Bihar,Kotak,clean,individual,0
2c1857f43e95,jwlywt6b@apl,Maharashtra,SBI,clean,individual,0
3ba07da9bcf9,j52jh6ea@axl,Bihar,PNB,clean,individual,0
3070c53869f9,4gj27s9a@icici,West Bengal,Axis,clean,individual,0
616586f2d503,p8o4700z@upi,Maharashtra,Axis,clean,individual,0
201176f8be57,mk7ncpg4@ybl,Gujarat,Axis,clean,individual,0
154817286e24,xp7sg0dv@ybl,Delhi,SBI,clean,individual,0
12dee763cbb4,ygjofzc3@apl,Delhi,Canara,clean,individual,0
6937b68c3d61,dd3l1dhw@icici,Delhi,Canara,clean,individual,0
29b0c3b91941,6p2duwa9@axl,Uttar Pradesh,Union,clean,individual,0
195951d0e8fb,79kz75fe@ybl,Kerala,Kotak,victim,individual,0
3545b77fda91,r7qkhimy@paytm,Bihar,Kotak,clean,individual,0
6137ff3b20da,p140tdxe@paytm,West Bengal,SBI,clean,individual,0
318ab873b904,sgw3oms3@apl,Rajasthan,Axis,clean,individual,0
3d348e31d524,zb36b6nh@axl,Bihar,BOB,clean,individual,0
4a7e967c6464,m7p18ttn@ibl,Karnataka,BOB,clean,individual,0
659bf7d9626c,336tbedn@upi,Gujarat,Union,clean,individual,0
77779fb72fd1,bd4tawb2@paytm,Bihar,PNB,clean,individual,0
41d84fab02f6,1qmgqltj@okaxis,Maharashtra,Union,clean,individual,0
24c4e74a568d,wil91mmv@apl,Bihar,Axis,clean,individual,0
4a7a8dd92c82,yupmpbzn@paytm,Uttarakhand,ICICI,clean,individual,0
43e09ad55fb5,z3oqcqbz@ybl,West Bengal,Kotak,clean,individual,0
0a88926fb488,pd548h4w@ybl,Delhi,Canara,clean,individual,0
3f8918db7442,fwqr2him@paytm,Kerala,Axis,clean,individual,0
13432609245c,1j4sxyu8@ibl,Maharashtra,HDFC,clean,individual,0
556e1003e1c5,m4eghwsi@apl,Kerala,Union,clean,individual,0
032866ec9d9c,l252rjgu@paytm,Haryana,Union,clean,individual,0
3b8bc37b0c46,a1dckl9o@ibl,Kerala,SBI,clean,individual,0
63d891324947,to2tpj6h@oksbi,Bihar,Axis,clean,individual,0
57bff92e2538,k58ptnhe@upi,Karnataka,ICICI,clean,individual,0
68bcdeef06dc,ro6l9ksw@ibl,Rajasthan,Union,clean,individual,0
1c50315d9d68,vh45m1as@okaxis,Haryana,Canara,clean,individual,0
5093797f55a3,ya6jorzn@okaxis,Delhi,BOB,clean,individual,0
44076b2c54b6,3trrjdtb@paytm,Haryana,Axis,clean,individual,0
7ce195869c54,qvdt0ql2@upi,Kerala,SBI,clean,individual,0
7289e842fda9,4neoeti7@apl,Haryana,Union,clean,individual,0
2feedf5c768a,n1l5iw7j@apl,Gujarat,Axis,clean,individual,0
1a032bbc71fd,hp6kluxg@okaxis,Telangana,HDFC,clean,individual,0
343169b8adf7,tzy9cc13@icici,Bihar,Union,clean,individual,0
712b5fad6cd9,5lvdydpg@icici,Tamil Nadu,Union,clean,individual,0
4c0980255e61,7qieaybg@upi,Delhi,Kotak,clean,individual,0
28996c5e4d36,tnhzptlp@oksbi,Tamil Nadu,Canara,clean,individual,0
6f30191735b2,tfm71efp@upi,Rajasthan,PNB,clean,individual,0
653ff786f93c,q4jgw1wv@paytm,Gujarat,Axis,clean,individual,0
4b9dc1754033,b5zkvgf2@apl,Rajasthan,HDFC,clean,individual,0
10ff7ea88e84,d67zd71f@axl,Karnataka,BOB,clean,individual,0
218ab5add1d2,rhgmk60g@okaxis,Kerala,Kotak,victim,individual,0
13d3d4d4a29c,dyvmitnj@oksbi,Karnataka,HDFC,clean,individual,0
00b4a06cd700,f88bfa3j@upi,Haryana,BOB,clean,individual,0
4d0a7f03691f,5nunc5jk@upi,Maharashtra,BOB,clean,individual,0
248fdf506ed1,96ju3029@icici,Karnataka,Union,clean,individual,0
7fb733bfc6b7,pip8f6xs@apl,Kerala,Union,clean,individual,0
7d5a5a2addd4,h7v6gkgy@okaxis,West Bengal,Union,clean,individual,0
6820e56616d7,ncyvq047@upi,Uttar Pradesh,Kotak,clean,individual,0
44367ad99459,jyhc6efs@ybl,Delhi,ICICI,clean,individual,0
62e0ab48cb57,ek6lzsh3@oksbi,Bihar,SBI,clean,individual,0
12191c2b34b6,yj35zg34@ybl,Delhi,BOB,clean,individual,0
3e792a2e5b73,j8aqw410@okaxis,Rajasthan,BOB,clean,individual,0
5d98ad58b758,mrb8iei0@ybl,Karnataka,Canara,clean,individual,0
64f97a9e8ad9,93473fgr@oksbi,Kerala,Axis,clean,individual,0
54f072e3484c,n77ue7g0@axl,Kerala,ICICI,clean,individual,0
2d970979663a,d0a6uxii@paytm,Haryana,ICICI,clean,individual,0
0aab3fbe417d,lp4askio@ybl,Maharashtra,Union,clean,individual,0
658cd4108d16,boohjnsx@okaxis,Uttar Pradesh,BOB,clean,individual,0
6e0fa6b248f5,dkujxbtg@icici,Telangana,ICICI,clean,individual,0
58d3a4941aa1,v99ygiin@icici,Haryana,SBI,clean,individual,0
6271833162d5,dob03zg5@oksbi,West Bengal,Kotak,clean,individual,0
291c70977e67,h867xro2@ybl,Kerala,Union,clean,individual,0
418b84badb2a,r1h66qxi@okaxis,Uttarakhand,ICICI,clean,individual,0
0ebd07429baf,omd6sekh@ibl,Uttar Pradesh,SBI,clean,individual,0
2ba9d58b2371,kaiifkly@okaxis,Telangana,Kotak,clean,individual,0
5c4389eecbba,ogg6iyjd@oksbi,Delhi,ICICI,clean,individual,0
1ee5b01fc4a0,422lj2z6@okaxis,Delhi,PNB,clean,individual,0
4fc3081cf579,8xi2ygac@oksbi,West Bengal,HDFC,clean,individual,0
39ec62b353e6,stc6wr45@axl,Tamil Nadu,BOB,clean,individual,0
19f8bcc30a14,ipm2pd3c@paytm,Haryana,Union,clean,individual,0
4dc9f8c59838,n3dvo74k@ibl,Maharashtra,Union,clean,individual,0
5bcda319d911,l3cp4529@ibl,Delhi,Union,clean,individual,0
1a47621a36b4,ygo5kpqa@ibl,Karnataka,BOB,clean,individual,0
4522d9cc3276,xc9uh9d8@axl,Bihar,HDFC,clean,individual,0
741f131e313b,puayehad@ibl,Rajasthan,Kotak,clean,individual,0
6b215bc565e6,4tfcbxuw@ibl,Uttarakhand,Canara,clean,individual,0
2b005630958c,tfrkj29x@ybl,Uttarakhand,BOB,clean,individual,0
32aefa88e766,xtnlv0uw@ybl,West Bengal,Kotak,clean,individual,0
48e3105c2c3f,p2gme9f0@okaxis,Uttar Pradesh,Kotak,clean,individual,0
36dd2f0d335c,mxjxpsk9@oksbi,Tamil Nadu,ICICI,clean,individual,0
2dca265c468d,qtlso01g@okaxis,Bihar,HDFC,clean,individual,0
1c2f40c7de04,anfuniy9@icici,Kerala,HDFC,clean,individual,0
4f0450cfff97,np59to4e@upi,Karnataka,Axis,clean,individual,0
3e31570bfe56,m2avcscm@ybl,Rajasthan,BOB,clean,individual,0
27b55f8d1e66,jwdgl1lz@okaxis,Tamil Nadu,PNB,clean,individual,0
224391bcec06,owxzk6ms@icici,Tamil Nadu,Union,clean,individual,0
574c2ec52163,m6fs8m4z@oksbi,Kerala,HDFC,clean,individual,0
3d4966d9f1ae,as406ksn@axl,Uttar Pradesh,Canara,clean,individual,0
01e556e93f31,tte040q6@axl,Maharashtra,ICICI,clean,individual,0
078a7d7238f7,o5uuee8c@icici,Uttar Pradesh,Canara,clean,individual,0
2bdf51bc1a90,tzbsht95@paytm,Uttarakhand,Axis,clean,individual,0
7da2384842ac,ibtyssfj@apl,West Bengal,Union,clean,individual,0
5aaea3cdbb6c,kgcy0k5l@apl,Bihar,PNB,clean,individual,0
248d41bfce6b,qf5cezbe@okaxis,Tamil Nadu,Union,clean,individual,0
01687f6d9966,imskpjcf@paytm,Maharashtra,BOB,clean,individual,0
2b479561d44f,7p2k3n8u@paytm,Tamil Nadu,Canara,clean,individual,0
0efc79086fb6,kb3zomq3@oksbi,Bihar,Union,clean,individual,0
6f1a4f27bf88,rj1pv16l@ibl,Maharashtra,BOB,clean,individual,0
6c3bdb8e9d79,f4lppz9i@apl,Gujarat,ICICI,clean,individual,0
18b8ccaca72a,861q8z25@oksbi,Tamil Nadu,BOB,clean,individual,0
34aabca4fcf7,hrpxk1c1@okaxis,West Bengal,HDFC,clean,individual,0
7b397b1a0b19,7o6drne9@ybl,Uttar Pradesh,Axis,clean,individual,0
32763d45cdd1,rvfypn9x@icici,Tamil Nadu,Canara,clean,individual,0
2beecaeae7ce,cgcj3gfn@okaxis,Tamil Nadu,Kotak,clean,individual,0
76a641381575,4mlbhpyo@icici,Kerala,Union,clean,individual,0
0614f29f7e2a,iqmfikqs@upi,Kerala,HDFC,clean,individual,0
0afc750f299f,v4mi4tvx@ybl,Karnataka,Union,clean,individual,0
1b0466229274,1opukepj@upi,Maharashtra,SBI,clean,individual,0
2f5183d70e45,p2oenr3b@paytm,West Bengal,PNB,clean,individual,0
487472d8b30b,p5t8fbeo@ibl,Bihar,BOB,clean,individual,0
40a9caf19480,hhvn2nxu@oksbi,Rajasthan,PNB,clean,individual,0
5c165799ad56,jw9ayosm@oksbi,Karnataka,SBI,clean,individual,0
5754a53a37fb,yixzz7ty@icici,Karnataka,PNB,clean,individual,0
44b233b9d94a,9j98uwgm@ibl,Telangana,ICICI,clean,individual,0
7ee8e171a13d,mvef5ugq@okaxis,West Bengal,Axis,clean,individual,0
14fd2b2c9502,94r8da1o@apl,Haryana,Union,clean,individual,0
03164501d14c,kq14bt00@okaxis,Gujarat,PNB,clean,individual,0
1438cfb19f32,l8yq6o34@upi,Delhi,Canara,clean,individual,0
05e65907f5f9,ryjvlgiq@okaxis,Delhi,Canara,clean,individual,0
45e41e20e5f8,68ez6fjh@oksbi,Tamil Nadu,PNB,clean,individual,0
16bd25074073,4ri25mcx@apl,Gujarat,Union,clean,individual,0
3d1a6cfc12fe,nv27leay@paytm,Gujarat,Union,clean,individual,0
13320b7abf23,59tvwzra@okaxis,Karnataka,HDFC,clean,individual,0
54c5d0b9e6e3,174ghcty@apl,Uttarakhand,Kotak,clean,individual,0
3c4dcc7e5137,x2cspq6h@ibl,Rajasthan,BOB,clean,individual,0
625f4aad8ca0,2zdwwyar@apl,West Bengal,PNB,clean,individual,0
677bf5a951f2,66mpj7ah@ybl,Gujarat,Axis,clean,individual,0
1ca7aa07c2e4,8k2kianz@oksbi,Bihar,ICICI,clean,individual,0
6db93795aa3d,2adlkioy@ibl,Uttarakhand,SBI,clean,individual,0
4211ad752202,8o9gii4g@icici,Tamil Nadu,ICICI,clean,individual,0
59d2366360aa,x2o0eret@paytm,Rajasthan,BOB,clean,individual,0
0945bad86928,bhtbhflx@axl,Tamil Nadu,ICICI,clean,individual,0
79c4e8e29fc3,tc7diuz8@icici,Uttarakhand,ICICI,clean,individual,0
7441dd4b01b4,g63oibzk@oksbi,Gujarat,Union,clean,individual,0
57b80befb96d,lehqr548@upi,Karnataka,BOB,clean,individual,0
6a196011a5cd,az9umhcc@icici,West Bengal,ICICI,clean,individual,0
6f2b86fa204a,21qyy5qm@axl,West Bengal,ICICI,clean,individual,0
36724a4a7beb,55y3qede@ybl,Maharashtra,ICICI,clean,individual,0
10aaaf656efc,k4s1b5n8@paytm,Rajasthan,BOB,clean,individual,0
648499c2d186,8l552p4u@paytm,Bihar,Axis,clean,individual,0
09f9e9fab2a2,othghzlc@okaxis,Rajasthan,HDFC,clean,individual,0
665eebc25bfd,b78wbi2a@ibl,Telangana,HDFC,clean,individual,0
2c4e42e8aa53,7sehy7k0@oksbi,Maharashtra,SBI,clean,individual,0
12d2ac953ac6,n9ru08mk@upi,West Bengal,HDFC,clean,individual,0
5e301f2d8507,69xwcv8q@icici,Uttar Pradesh,BOB,clean,individual,0
30bf55a8b351,0j8g5b8a@ybl,Gujarat,HDFC,clean,individual,0
1f6e6c092fcc,qw9pk873@oksbi,Uttarakhand,Kotak,clean,individual,0
4f39c69cc786,o4gfamgs@axl,Haryana,Union,clean,individual,0
2c2672a7ac96,4kj4n6l4@paytm,Uttar Pradesh,Axis,clean,individual,0
7e3f9e066513,g4s7x5t8@apl,Uttarakhand,Kotak,clean,individual,0
4acf8d4271e7,p9qg1g1e@upi,Kerala,HDFC,clean,individual,0
2dfba7ed1a5c,amptzgks@ybl,Haryana,Kotak,clean,individual,0
71272918f05b,ywp2fh3y@icici,Rajasthan,BOB,clean,individual,0
23fb42a135ae,cr7f1nmz@axl,Delhi,Axis,clean,individual,0
1ae331f39db6,tehdvzsm@ybl,Uttarakhand,Kotak,clean,individual,0
1855c35018bc,u71wfwrf@ibl,Maharashtra,ICICI,clean,individual,0
6e194bf9a2c9,du7rxuyf@upi,Uttarakhand,Union,clean,individual,0
66646d095f48,4rj2ph4w@ibl,Kerala,ICICI,clean,individual,0
30acb5432033,x63wttz5@upi,Bihar,Canara,clean,individual,0
6104b7a5452e,9zu265cx@oksbi,Bihar,BOB,clean,individual,0
12be9453560c,e50yx66w@upi,Kerala,Axis,clean,individual,0
20125876e80e,px7ayldq@oksbi,Gujarat,HDFC,clean,individual,0
25a091e28bea,8aakzdpw@ybl,Telangana,PNB,clean,individual,0
1af1cb54f05a,93zab8p5@oksbi,Maharashtra,Axis,clean,individual,0
3d89746cbdda,in38s147@axl,Uttarakhand,PNB,clean,individual,0
5d01d520db12,5kijjryg@oksbi,Uttar Pradesh,Axis,clean,individual,0
4fa8c996c9b2,70v5w8bg@apl,Kerala,ICICI,clean,individual,0
25f9d32cf8de,y2g1shlo@ybl,Rajasthan,Union,clean,individual,0
529cbfd7c0c5,rt2u2o07@ibl,Kerala,Kotak,clean,individual,0
4b394f16f426,cwh2uv28@apl,Telangana,SBI,clean,individual,0
5e950a0f1f27,0wqpvt3l@icici,Maharashtra,Axis,clean,individual,0
286eca043539,bjnjunmk@upi,Maharashtra,ICICI,clean,individual,0
4c5d951929a1,v8zfk7qp@ibl,Delhi,SBI,clean,individual,0
4a2a02d9153a,q9vdmbuo@ybl,Uttar Pradesh,Kotak,clean,individual,0
35200b17f698,64a7iw6s@oksbi,Haryana,Canara,clean,individual,0
19da1b9acf38,6mvn5pqr@okaxis,Uttar Pradesh,Axis,clean,individual,0
4623a0f7f865,kq0u91tx@axl,Kerala,Canara,clean,individual,0
48a38d6819ad,id3kw0ad@paytm,Maharashtra,SBI,clean,individual,0
70f4a2aea778,cpjs4my6@oksbi,Kerala,HDFC,clean,individual,0
5cfb48880dcf,4h9aq7xx@okaxis,Karnataka,HDFC,clean,individual,0
247c2ec2e3c6,gs3k9ypx@oksbi,Haryana,ICICI,clean,individual,0
757c7f256de9,i751vjui@apl,Uttarakhand,HDFC,clean,individual,0
0c005a776746,6slozjiv@paytm,Uttar Pradesh,Kotak,clean,individual,0
70268da1ad54,2rbs8okd@okaxis,Gujarat,SBI,clean,individual,0
7e45ef1cd77b,zo6v5icn@icici,Uttarakhand,ICICI,clean,individual,0
6b4e7d420196,d3br6ptv@paytm,Haryana,PNB,clean,individual,0
3d59e7bb33b3,x6t393ii@apl,Haryana,Canara,clean,individual,0
7a7f2dd12a8d,jwurqp9w@apl,Maharashtra,SBI,clean,individual,0
7030bd41aa62,lb78zjb5@paytm,Bihar,Kotak,clean,individual,0
516bf64f470c,w9yqqbmk@axl,Telangana,Axis,clean,individual,0
0802e982372d,duc5dbcy@upi,Delhi,Kotak,clean,individual,0
339e4562606b,prgphzcm@axl,Telangana,Union,clean,individual,0
030627567094,5jbueuiu@oksbi,Tamil Nadu,PNB,clean,individual,0
4dd4e47ab450,h20a8o41@ybl,Bihar,Axis,clean,individual,0
07aaf3b5fa87,p91r1wux@upi,Gujarat,Canara,clean,individual,0
4399ae468ae1,1weerz4o@icici,Gujarat,BOB,clean,individual,0
5b5ae76c1073,w06q8q8m@icici,Kerala,Kotak,clean,individual,0
20aff799a0e0,utxk0ssp@ibl,West Bengal,ICICI,clean,individual,0
3fd29e51512c,830d45zk@ybl,Telangana,ICICI,clean,individual,0
75e4178e6306,4dmznzsj@ibl,Rajasthan,PNB,clean,individual,0
7a656d29cab3,itfvty47@ibl,Uttarakhand,Canara,clean,individual,0
70bfdc0833f3,k4oamwju@axl,Bihar,BOB,clean,individual,0
3a1b9e9ad186,vyzz52mr@icici,Uttarakhand,Canara,clean,individual,0
33f00c57a8ba,tm4tadh8@icici,Kerala,Union,clean,individual,0
4e3520cf00a8,hvf7n6ov@axl,Uttar Pradesh,ICICI,clean,individual,0
2d57d68ea856,rrnokz4n@upi,Maharashtra,Axis,clean,individual,0
59e48684c3bc,f0gvzn15@ybl,Rajasthan,SBI,clean,individual,0
21f7c2da6897,hs2f177f@ybl,Haryana,Axis,clean,individual,0
4a6fc2af8c93,k0gpevp6@okaxis,Uttar Pradesh,SBI,clean,individual,0
2e1a7e5c1e3d,4cy0p6oh@okaxis,Gujarat,SBI,clean,individual,0
287894da970d,62zbiuru@oksbi,Bihar,Axis,clean,individual,0
1a743c7375e7,ynz5kyr5@oksbi,Kerala,HDFC,clean,individual,0
1ad04196d2ee,a4506iix@oksbi,Telangana,Axis,clean,individual,0
21b47f2ef1e0,yzh7dp69@ybl,Gujarat,SBI,clean,individual,0
69aa0d4d7c45,ixp7wibh@paytm,Rajasthan,SBI,clean,individual,0
4326d376c05f,6c9kglad@okaxis,Delhi,BOB,clean,individual,0
4df1523c37d6,35i4rq0q@okaxis,Haryana,Union,clean,individual,0
3f9c216b08d2,43ggk64p@upi,Bihar,Canara,clean,individual,0
643e0b8b7aee,ogjocrgw@okaxis,Telangana,Union,clean,individual,0
42bc4cd64312,z446fuux@oksbi,Uttar Pradesh,BOB,clean,individual,0
6d112d242c10,8mwtuiym@axl,Telangana,SBI,clean,individual,0
4ffac90812d8,nd9f70fm@ybl,Rajasthan,SBI,clean,individual,0
5cbaaa0c7454,9udh3dzf@oksbi,Uttarakhand,Canara,clean,individual,0
6943933b57a6,7on0vv7j@axl,Maharashtra,PNB,clean,individual,0
00a45921ba9d,jlzn7m6t@axl,Uttarakhand,ICICI,clean,individual,0
1db7515507fa,cyg61q16@apl,Haryana,Kotak,clean,individual,0
10465ec8c4c5,o2ou67sq@paytm,Rajasthan,PNB,clean,individual,0
288bdd37f421,8ttd7vgt@ybl,Bihar,ICICI,clean,individual,0
1fec49519f03,br72rj81@paytm,Kerala,HDFC,clean,individual,0
085cb42505e4,t70qg7qo@upi,Tamil Nadu,PNB,clean,individual,0
38ad88204f0b,6v9cpvgj@okaxis,Telangana,PNB,clean,individual,0
7940d64eec12,oo67ywij@ybl,Maharashtra,PNB,clean,individual,0
198677debc20,c5g8gkns@ybl,Uttar Pradesh,ICICI,clean,individual,0
4def7d16602c,6wdxqz8g@oksbi,Rajasthan,BOB,clean,individual,0
5a7bf09fa8d6,3zesimrh@okaxis,Uttar Pradesh,Axis,clean,individual,0
21868db9d3ed,r2ndv9gf@oksbi,Uttarakhand,BOB,clean,individual,0
20f572733939,iy8dtt0y@oksbi,Tamil Nadu,SBI,clean,individual,0
2b40ae31d288,0l5wkgdn@icici,Delhi,HDFC,clean,individual,0
4755343914ae,8tra2ub4@okaxis,West Bengal,HDFC,clean,individual,0
2d466eea615a,1z9vaxvp@okaxis,Maharashtra,Axis,clean,individual,0
4556b0004652,iwp87xk7@ybl,Uttar Pradesh,Union,clean,individual,0
689a10d9604e,s67v4gy0@apl,Gujarat,Canara,clean,individual,0
7ab7deceddf9,7d4xbt6y@paytm,Gujarat,SBI,clean,individual,0
3338b5c0b444,dz6z7nfz@apl,Tamil Nadu,Kotak,clean,individual,0
0df450fa9f87,iakdgxsq@icici,Rajasthan,Union,clean,individual,0
6203a62e15c8,0ftdjxwp@axl,Maharashtra,SBI,clean,individual,0
2727f33c679e,dhajo1fq@axl,Delhi,BOB,clean,individual,0
1afd87cbd760,h2o1i8be@ibl,Delhi,Axis,clean,individual,0
391b930cd988,3legkami@upi,Bihar,SBI,clean,individual,0
6054906c4adc,hjdq1bem@icici,Bihar,SBI,clean,individual,0
675c882cf234,8pt930ah@okaxis,Haryana,Kotak,clean,individual,0
4fe9d9b383cb,tme9ycq3@icici,Delhi,HDFC,clean,individual,0
4a64209bafb9,9k8pvrvt@axl,Karnataka,Axis,clean,individual,0
4cb20ff48507,lh8ie1j4@oksbi,Rajasthan,BOB,clean,individual,0
11456bc612ce,xq9t5bsy@ibl,Karnataka,Kotak,clean,individual,0
7538a2b8e2c4,2f78ext1@oksbi,Karnataka,HDFC,clean,individual,0
655574a7d78b,v0jw5yt6@axl,Maharashtra,BOB,clean,individual,0
4343e779bfaa,v0sn5ynd@axl,Rajasthan,Union,clean,individual,0
6a5542414368,1i37hha0@axl,Kerala,HDFC,clean,individual,0
1d5e15a1794e,ja4ivo7g@oksbi,Haryana,SBI,clean,individual,0
252a531c4a3e,cotqcato@ibl,Telangana,BOB,clean,individual,0
3151a62f8cd9,i47fpss0@oksbi,West Bengal,PNB,clean,individual,0
7f7027904c3a,9a8l68dt@apl,Kerala,Axis,clean,individual,0
2190163210b1,occ2x8hk@oksbi,Bihar,Axis,clean,individual,0
3860c139b6ee,7yxic9hd@upi,Maharashtra,Axis,clean,individual,0
41266ec091f6,28ap7izb@axl,Delhi,Union,clean,individual,0
57854dc3b266,ovc6d2qo@okaxis,Uttarakhand,Axis,clean,individual,0
435cea3017b1,v48vikmo@okaxis,Telangana,Union,clean,individual,0
6f65f9f68c33,uo7a1vvb@axl,Rajasthan,BOB,clean,individual,0
01b69ad2a83a,11s1vkbg@oksbi,Tamil Nadu,Canara,clean,individual,0
1851038fcb50,iqd9g8eb@oksbi,Rajasthan,Axis,clean,individual,0
68450e87f8d7,1v5serx7@axl,Haryana,PNB,clean,individual,0
2c6dda5e0b99,w88irugq@paytm,West Bengal,ICICI,clean,individual,0
0964c2b55a57,kvkuedjy@oksbi,Gujarat,HDFC,clean,individual,0
2a49315fe308,lbt421vx@ybl,Rajasthan,Axis,clean,individual,0
5aedbb1fc784,vby8rslg@ibl,Bihar,BOB,clean,individual,0
08faccad5751,bygmvj7k@okaxis,Bihar,Union,clean,individual,0
229273a823ae,sto4lytn@ybl,Telangana,SBI,victim,individual,0
700e0df1f1b2,mzgkjvof@icici,Bihar,Kotak,clean,individual,0
7074787cd6bf,cvh01ejo@paytm,Karnataka,Union,clean,individual,0
3ea1912d1304,dsdfbd4t@paytm,Rajasthan,HDFC,clean,individual,0
72dd028bf67a,61y6beif@axl,Bihar,SBI,clean,individual,0
4b79d8611a63,lchmkqeo@paytm,Bihar,PNB,clean,individual,0
021c116a31b0,ljns3cdl@ybl,Karnataka,BOB,clean,individual,0
292c82dd340b,vdect68l@oksbi,Rajasthan,Canara,clean,individual,0
7ed47ca974e2,8tspzra3@ybl,Uttarakhand,Canara,clean,individual,0
49fae9fe0848,jeilglul@okaxis,Haryana,ICICI,clean,individual,0
634c29ae5305,ki3exqft@apl,Haryana,HDFC,clean,individual,0
44a90abb8eb8,84ukaiu4@apl,Kerala,Axis,clean,individual,0
4ec09a1deb8c,x7ir8ujg@ibl,Rajasthan,Axis,clean,individual,0
13a40d6b38db,q8htm9kl@paytm,Delhi,PNB,clean,individual,0
65d87644f3ef,z5c42bvm@axl,Karnataka,Canara,clean,individual,0
054c8977649e,56vzef7k@oksbi,Haryana,SBI,clean,individual,0
0fca8291441b,drvvtd6g@ybl,Kerala,ICICI,clean,individual,0
0aee20b13de7,ccn00o9t@ibl,Telangana,BOB,clean,individual,0
04c5c79372e8,xc1cfgwt@apl,Uttarakhand,Union,clean,individual,0
75b026e27e15,654qvqyw@apl,Delhi,ICICI,clean,individual,0
781a1feeb855,1duryu5u@icici,Delhi,Canara,clean,individual,0
4551a67b6264,9u00tevy@icici,Telangana,ICICI,clean,individual,0
628b22ee2309,fx19gpi3@ybl,Gujarat,SBI,clean,individual,0
14c096f7b0fb,i89c1cma@icici,Haryana,Kotak,clean,individual,0
3f913d9d312f,zar0cp02@oksbi,Kerala,ICICI,clean,individual,0
4cd98444c424,g4oumo7d@ibl,Gujarat,BOB,clean,individual,0
31112a34abe9,k9v1jtgr@icici,Karnataka,ICICI,clean,individual,0
6cbb10aa6142,uknqgiqs@ybl,Rajasthan,PNB,clean,individual,0
5a52fcff27ee,b2xnxvux@paytm,Haryana,PNB,clean,individual,0
53b9ef6d9af8,901pzznz@icici,Haryana,HDFC,clean,individual,0
025007b20238,lxh9to5e@apl,Uttarakhand,BOB,clean,individual,0
0965cbed92f7,9msbwsn4@oksbi,Karnataka,Canara,clean,individual,0
0b1f2596af53,kpeuz7bz@upi,Rajasthan,HDFC,clean,individual,0
551832f14386,rtq349vc@axl,Maharashtra,PNB,clean,individual,0
412bb5fded94,3la4iw5j@upi,Uttar Pradesh,PNB,clean,individual,0
1d68e1c23778,3gt5i7y4@axl,Kerala,Kotak,clean,individual,0
051d1c1d34cd,b03vesh1@ybl,Bihar,ICICI,clean,individual,0
22c929f60d24,rngxfqyp@oksbi,Uttar Pradesh,Canara,clean,individual,0
23409fe6da27,tnsh3jkw@paytm,Maharashtra,SBI,clean,individual,0
3e637bbb0aa5,zg46jt7c@upi,Telangana,BOB,clean,individual,0
7e7bb2905122,iz0cc1kd@upi,Telangana,SBI,clean,individual,0
587fe3dc15d9,23eoew2z@oksbi,West Bengal,ICICI,clean,individual,0
01652ddf10ba,ozs7u8yh@oksbi,Tamil Nadu,Axis,clean,individual,0
2b167d4232cc,oo3qmm13@oksbi,Kerala,ICICI,clean,individual,0
2b78d5c82b7d,enx3bqhz@okaxis,Gujarat,ICICI,clean,individual,0
415cf3780c87,z0wmpzx3@oksbi,Maharashtra,PNB,clean,individual,0
1bc33fe117f1,34chpi8t@paytm,Uttar Pradesh,Axis,clean,individual,0
6e84b472aa84,lvuvpq7l@apl,Tamil Nadu,Union,clean,individual,0
6767ea9a3050,8l9m6dx4@axl,Uttarakhand,HDFC,clean,individual,0
02ed55f3da8a,2h48eqk1@upi,Uttar Pradesh,Kotak,clean,individual,0
18cfdf334114,x0cgbqm6@ybl,Maharashtra,Union,clean,individual,0
637e468608ae,dss6azai@okaxis,Maharashtra,Union,clean,individual,0
34e8235a97a7,v60nt1cx@oksbi,Delhi,HDFC,clean,individual,0
62d8cf09211a,j7nukwfv@ybl,West Bengal,Kotak,clean,individual,0
530633a056ec,uv0kfx4c@apl,Maharashtra,PNB,clean,individual,0
23396da747b7,foraz33i@okaxis,Delhi,ICICI,clean,individual,0
08b84cfcd662,h5q7kywt@icici,Haryana,SBI,clean,individual,0
2769d447d87f,lz278lzx@ybl,Uttarakhand,PNB,clean,individual,0
301f813ba7cc,ayr4j2m4@paytm,Maharashtra,PNB,clean,individual,0
4f24d8b16284,q7t1ceqe@okaxis,Haryana,PNB,clean,individual,0
364edff1ae5a,neg4mcsu@upi,West Bengal,SBI,clean,individual,0
2e3e993e30e7,de5jdm64@okaxis,Gujarat,PNB,clean,individual,0
0fa009ebb1ea,aylnrpb0@paytm,Telangana,Axis,clean,individual,0
4b02c687d854,n3ymjz7e@oksbi,Gujarat,Kotak,clean,individual,0
209b882d1427,k2ti56f2@okaxis,Bihar,HDFC,clean,individual,0
38b173bedc3a,2ko6s2w0@ybl,West Bengal,Kotak,clean,individual,0
425b2094087f,frpb40s4@paytm,West Bengal,ICICI,clean,individual,0
7c5e2842d2c4,5x82nfvr@icici,Karnataka,HDFC,clean,individual,0
015a513d2f33,evj997ty@okaxis,Delhi,ICICI,clean,individual,0
2ac8f1a1ed32,2owvd7lv@ybl,Kerala,Axis,clean,individual,0
455011390264,ggtgj8xb@axl,Tamil Nadu,SBI,clean,individual,0
327c967057d0,oshod4j4@axl,Tamil Nadu,Axis,clean,individual,0
4dddaef15413,d5ya1tu1@ibl,Uttarakhand,Axis,clean,individual,0
2e5fa5f04439,0ivj4w5g@upi,West Bengal,SBI,clean,individual,0
7dcc34d0edc2,zwga7ba4@icici,Bihar,PNB,clean,individual,0
3cb3e1bf814a,k3a3dv53@ibl,Karnataka,SBI,clean,individual,0
40f0da8d1576,j7o2z03k@paytm,Uttar Pradesh,Kotak,clean,individual,0
05fb28ce514a,vx9qkl5j@ibl,Kerala,SBI,clean,individual,0
3646a4c0c874,3p2jbc0o@icici,Karnataka,Axis,clean,individual,0
6a9b729bbb99,hv4bpmt2@icici,Delhi,Canara,clean,individual,0
10d63a43629b,2jnvyb2o@apl,Gujarat,BOB,clean,individual,0
34a2dfc6ad83,tb5hodd0@apl,Gujarat,BOB,clean,individual,0
07a687f92fce,za5t2uu9@ibl,Telangana,PNB,clean,individual,0
7542cd13d887,fyvqce2h@ybl,Uttarakhand,SBI,clean,individual,0
16abdbe570ec,asgvbhx7@upi,Bihar,ICICI,clean,individual,0
5f42eeac2462,ngtarqwr@ybl,Kerala,SBI,clean,individual,0
43c778858b0e,mjwsbrfp@okaxis,Haryana,PNB,clean,individual,0
73afa2a9803d,e5jzvm1w@paytm,Kerala,HDFC,clean,individual,0
2e617bd6e297,7ydqdwk0@apl,Uttarakhand,Axis,clean,individual,0
3b3eadb6f273,1vf0u7go@ibl,Rajasthan,Kotak,clean,individual,0
4b1bcf8d6df6,51b1yrlp@apl,Rajasthan,Canara,clean,individual,0
1f1f91c0df29,4kldo69f@axl,Uttarakhand,Canara,clean,individual,0
7c39f6c5f6cb,bg8is2j7@icici,Kerala,PNB,clean,individual,0
16957b166c23,9b70mjd1@icici,Telangana,ICICI,clean,individual,0
6a085824e11b,on0mky1i@apl,Bihar,SBI,clean,individual,0
0407402a7e26,9ekrpyhn@axl,Rajasthan,PNB,clean,individual,0
521a9af880cf,un953bes@axl,West Bengal,HDFC,clean,individual,0
477d10ddb75c,rvkkt6l9@icici,Uttar Pradesh,Canara,clean,individual,0
01417eca81a0,2kazn9k6@paytm,Tamil Nadu,Axis,clean,individual,0
7de429c530d4,hdvir6tq@ybl,Maharashtra,Canara,clean,individual,0
3503cc0de511,2lzhwj1q@icici,Karnataka,PNB,clean,individual,0
21f4999dd98f,zz5a8dvt@upi,West Bengal,Axis,clean,individual,0
043474a2c95f,gwdlgv65@axl,Maharashtra,ICICI,clean,individual,0
36fc12875340,di7s4deu@okaxis,West Bengal,BOB,clean,individual,0
3f737502765b,p75a68ie@axl,Maharashtra,ICICI,clean,individual,0
567654e8b7ca,0n8grtwm@ibl,Maharashtra,Canara,clean,individual,0
6c22d99e6efd,islba4xf@upi,Uttarakhand,ICICI,clean,individual,0
3e3513a18fcc,fkfchdqf@upi,Kerala,SBI,clean,individual,0
348f00817381,uiqi7x6z@apl,Maharashtra,HDFC,clean,individual,0
643fe49870f0,husu83ww@oksbi,Karnataka,Union,clean,individual,0
18911b3dcd43,r6rnlas6@axl,West Bengal,PNB,clean,individual,0
4be05ca65e86,mi12w034@upi,Gujarat,Axis,clean,individual,0
7193f8bde938,1xtkpzc6@axl,Kerala,PNB,clean,individual,0
7b99a21058b5,36oqnpck@okaxis,Rajasthan,Axis,clean,individual,0
2a49cc2358b4,2ju28sx1@ibl,Karnataka,BOB,clean,individual,0
1dec73d61878,56yj3pye@paytm,West Bengal,ICICI,clean,individual,0
109f47526441,3hmtlzay@ybl,Telangana,BOB,clean,individual,0
73e5c6e6173b,tkha3ukq@icici,Uttarakhand,BOB,clean,individual,0
16bf02764256,0kw859xu@oksbi,Karnataka,SBI,clean,individual,0
6e98510514ab,rscrtr9g@ybl,Haryana,ICICI,clean,individual,0
68fc8460bd17,g76eusvt@axl,Delhi,PNB,clean,individual,0
55515782f91b,f9lh7js4@axl,Tamil Nadu,BOB,clean,individual,0
697b07190f38,dsfiwkrg@icici,Tamil Nadu,BOB,clean,individual,0
53ec1b19de21,8on9hk8p@icici,Uttar Pradesh,Axis,clean,individual,0
76603cf15cf8,zz1j261d@ibl,Kerala,ICICI,clean,individual,0
1730d0add6c6,08zx5s97@ibl,Karnataka,HDFC,clean,individual,0
2af9847e2a9d,o3i508cj@ibl,West Bengal,SBI,clean,individual,0
45befe59b105,9e3vhrx6@oksbi,Maharashtra,Kotak,clean,individual,0
7c873dd95992,x5txua3f@axl,West Bengal,PNB,clean,individual,0
6fd6c93e60c2,ymp378de@upi,Rajasthan,BOB,clean,individual,0
266af69b675d,9x8i7znw@ybl,Tamil Nadu,PNB,clean,individual,0
0dd3f21a6e57,jz18psgg@upi,Telangana,SBI,clean,individual,0
1cb6a5067877,5o8czgcq@okaxis,West Bengal,Axis,clean,individual,0
58291a10060b,0t8kncj3@ybl,Delhi,Kotak,clean,individual,0
500ea201b8d3,ayw127gu@icici,Bihar,PNB,clean,individual,0
139e1a40d724,2pzlhs5f@axl,Bihar,PNB,clean,individual,0
1f15b881f307,e4ry5j09@paytm,West Bengal,Canara,clean,individual,0
60a01a1bcef0,4bksbn4o@upi,Telangana,ICICI,clean,individual,0
27857a382e65,p7bge7un@okaxis,Haryana,HDFC,clean,individual,0
575ffa8be840,js569eyt@axl,Bihar,ICICI,clean,individual,0
1b6791617950,cg3ilvgd@paytm,Karnataka,Axis,clean,individual,0
3f70d030dde4,yrvs1tro@ibl,West Bengal,HDFC,clean,individual,0
6391e7087f76,b956fj6j@okaxis,Bihar,Union,clean,individual,0
7e68654f1ee5,5qs1lifp@apl,Gujarat,BOB,clean,individual,0
5e0d92947575,20bz5o3d@oksbi,Bihar,ICICI,clean,individual,0
4fed395585dc,x1wttfot@apl,Kerala,Union,clean,individual,0
75ecd1b9c363,ee5nlzpe@upi,Maharashtra,Kotak,clean,individual,0
432bef0e0fb7,jyxltity@upi,Haryana,BOB,clean,individual,0
3a7c71a3306a,r2wm9n8d@upi,Maharashtra,PNB,clean,individual,0
6e48dca9d82d,v5tyx8qw@apl,Karnataka,HDFC,clean,individual,0
13dfd9b0d1f0,bxkaush4@upi,Haryana,ICICI,clean,individual,0
39ef237de574,8u6a9bds@oksbi,Uttarakhand,ICICI,clean,individual,0
2a8013e72d40,kmobn16s@oksbi,Uttarakhand,PNB,clean,individual,0
7ca563e240cc,xpsu8eg4@okaxis,Uttarakhand,Union,clean,individual,0
7e4a9bd3124c,rz13p51w@upi,West Bengal,BOB,clean,individual,0
28548bb8bde0,th14bz5b@oksbi,West Bengal,PNB,clean,individual,0
1809460e7fda,81bg4rvs@apl,Delhi,PNB,clean,individual,0
645802598dd0,b1wbmrws@upi,Bihar,ICICI,clean,individual,0
34342535383e,9ldromxy@ybl,Gujarat,Axis,clean,individual,0
1363ce3a78fd,7f8jxo0j@paytm,Maharashtra,SBI,clean,individual,0
060816f35824,p9krjzbm@okaxis,Rajasthan,Canara,clean,individual,0
3037adcaff69,j4svs4br@oksbi,Delhi,ICICI,clean,individual,0
36976a7fe6e8,t743u2ao@paytm,Uttar Pradesh,Axis,clean,individual,0
2439edb8872c,mq2952wt@apl,Tamil Nadu,Union,clean,individual,0
4993366e1b6d,jhl76hfc@upi,Delhi,SBI,clean,individual,0
3b23238cf8a5,d3m41bm2@icici,Kerala,Canara,clean,individual,0
6c1db2df665b,xmqjuonk@oksbi,Gujarat,ICICI,clean,individual,0
4c5999b4b53e,wo49nd6k@okaxis,Kerala,HDFC,clean,individual,0
3205153e6b9c,zjae45hi@apl,Haryana,Kotak,clean,individual,0
7ea1782b18ee,6pb32e2f@icici,Telangana,Kotak,clean,individual,0
6cfe9e11dd3f,ucki05s1@apl,Karnataka,Canara,clean,individual,0
3c85f9da8153,m634ilj9@icici,Uttar Pradesh,BOB,clean,individual,0
60612586122f,k6ng2bj7@paytm,Karnataka,Axis,clean,individual,0
6894c2fe5855,ac7hr0wq@paytm,Haryana,Kotak,clean,individual,0
20f4b251c51a,mroq7wld@icici,Telangana,Union,clean,individual,0
01b722ed465d,ddenhauw@paytm,Delhi,ICICI,clean,individual,0
036c9d5c1b3a,096mdwrf@paytm,Uttar Pradesh,Axis,clean,individual,0
42f27d43daba,h71zk05x@oksbi,Delhi,BOB,clean,individual,0
1f663d1c8dfc,ueyhvx5b@okaxis,Rajasthan,HDFC,clean,individual,0
6c52203fb4f2,l8xas33f@oksbi,Uttarakhand,SBI,clean,individual,0
74e29a489990,h43mul4j@upi,Uttarakhand,ICICI,clean,individual,0
57517d946a16,fptl4cau@apl,West Bengal,PNB,clean,individual,0
20b15c6337ca,l6svs9pu@upi,Gujarat,Union,clean,individual,0
7aa826e289b1,w19jmnrb@paytm,Rajasthan,HDFC,clean,individual,0
20395c8668b0,tkwbj0a5@ybl,Telangana,SBI,clean,individual,0
4df7e069f477,a7ed6kvv@axl,Uttarakhand,SBI,clean,individual,0
3602e4b47b43,ip23e7v2@apl,Kerala,Axis,clean,individual,0
455cfdda9962,onwq0zc9@apl,Tamil Nadu,PNB,clean,individual,0
5c2ec2242f93,4z8hdpx5@ybl,Rajasthan,SBI,clean,individual,0
74f9901d6a1f,orew3on7@apl,Telangana,SBI,clean,individual,0
09fcbecdf27a,tosyqt66@oksbi,Tamil Nadu,Canara,clean,individual,0
53f47192bee6,px6wz7ph@upi,Delhi,ICICI,clean,individual,0
3d714fb14352,vbshr1al@paytm,Uttar Pradesh,BOB,clean,individual,0
1396d1156ae7,69pvxm7j@axl,Rajasthan,Canara,clean,individual,0
1532474216f4,i8u7j2a4@ybl,Delhi,Kotak,clean,individual,0
5f55ce045db2,7dnwe27o@ybl,Rajasthan,Kotak,clean,individual,0
5a6ce6bb1803,n77mun5i@icici,Haryana,Kotak,clean,individual,0
5e3a0a3352b3,wcpqab1h@icici,Haryana,HDFC,clean,individual,0
52bdc2a95ccc,obqt5y03@ibl,West Bengal,Axis,clean,individual,0
433610b94978,ahtdxqa2@axl,Karnataka,Axis,clean,individual,0
0c132170f02e,4l85zlqh@oksbi,Bihar,SBI,clean,individual,0
3a48ec5c82aa,ar7vu8qy@oksbi,Kerala,ICICI,clean,individual,0
2312d544e2fa,kcf3h6yn@upi,Uttar Pradesh,ICICI,clean,individual,0
6580f0aaa451,8vckoejz@ybl,Uttarakhand,HDFC,clean,individual,0
40ef04090a01,hb1j6cdz@apl,Uttar Pradesh,ICICI,clean,individual,0
5b751a7e14bd,h0595a4o@apl,Bihar,Union,clean,individual,0
4ec46638bb64,xcmsa0v4@ybl,Karnataka,Kotak,clean,individual,0
25822fadbea0,88avlb4n@paytm,Gujarat,SBI,clean,individual,0
342a3cd1ec33,71bxbiby@paytm,Delhi,BOB,clean,individual,0
58bb66b3e3c1,c24twn2x@okaxis,Bihar,BOB,clean,individual,0
0281fa1136ab,1a4uotad@axl,Gujarat,SBI,clean,individual,0
63aefb0b0145,i1s1dfx6@oksbi,Uttarakhand,Canara,clean,individual,0
6a5052aa2ae2,lindk6xy@okaxis,Tamil Nadu,PNB,clean,individual,0
5f6b45c88643,vahxhofx@ybl,Delhi,PNB,clean,individual,0
11e4d2cc0da4,dqsf6r36@upi,Haryana,BOB,clean,individual,0
49cc082cedc9,93fp2uud@icici,Kerala,Canara,clean,individual,0
56b4cafb352e,ysw7irqv@upi,Bihar,ICICI,clean,individual,0
4a1c9dee55ea,20f368a4@upi,Maharashtra,PNB,clean,individual,0
2c878d2131e0,fvl83slw@axl,Gujarat,ICICI,clean,individual,0
503ad2d663de,i8t45m98@ibl,Haryana,ICICI,clean,individual,0
5a17dc8a7a7d,ucmncmk8@oksbi,Karnataka,Kotak,clean,individual,0
783be066b60a,5gtzuy7k@oksbi,Telangana,Kotak,clean,individual,0
39e7d2f7b5e1,38qgvvqu@apl,Karnataka,HDFC,clean,individual,0
141c89f6c992,raqvdqj4@okaxis,Delhi,SBI,clean,individual,0
73ea49e530e6,8y119g2r@okaxis,Tamil Nadu,ICICI,clean,individual,0
09e42a04afc0,i05ifwd8@ibl,Tamil Nadu,Union,clean,individual,0
224f10cf6a85,l5oajvds@okaxis,Maharashtra,SBI,clean,individual,0
6dc54ba996a8,wrf2uj0m@axl,Bihar,Union,clean,individual,0
6d11388d3cb2,srotdoy3@ybl,Karnataka,PNB,clean,individual,0
1184f0f29d65,0cr87783@axl,Uttarakhand,Kotak,clean,individual,0
565fda9cc167,yw75iwzr@okaxis,Kerala,Canara,clean,individual,0
330dfa19ae7b,pp7fort2@apl,West Bengal,HDFC,clean,individual,0
4dedf8c1e7d6,02lzfack@apl,Tamil Nadu,ICICI,clean,individual,0
55b9a6c58db5,zh4463li@axl,Telangana,Kotak,clean,individual,0
7701c661f821,6fdx8f4x@ibl,Karnataka,HDFC,clean,individual,0
4490e820f50a,5xkyrtzj@oksbi,Karnataka,BOB,clean,individual,0
552d9974ed3d,8o7ekhs3@apl,West Bengal,Axis,clean,individual,0
292d6dca53e3,u3b6941m@oksbi,Maharashtra,BOB,clean,individual,0
1e6c3c71fe7c,ivpti2mx@paytm,Tamil Nadu,Kotak,clean,individual,0
01ec8b2ea303,gixm8itu@upi,Bihar,BOB,clean,individual,0
1ba7d9fb1e05,aypppt7a@apl,Kerala,Axis,clean,individual,0
5ff352636216,oh40z5qu@apl,Kerala,Kotak,clean,individual,0
38be860b8d74,x59jhc0b@ibl,Telangana,Union,clean,individual,0
5f8b3b266583,b6j2zv5e@apl,Haryana,PNB,clean,individual,0
5bc466324c49,98jp2yhs@axl,Gujarat,ICICI,clean,individual,0
7c7eecaed386,hm2quomp@paytm,West Bengal,PNB,clean,individual,0
2db6bf0bd202,p52lr7h5@oksbi,Haryana,Union,clean,individual,0
4ab177e92a72,che1w153@axl,Haryana,Union,clean,individual,0
6cac4b8118b5,iu0przz1@apl,Rajasthan,ICICI,clean,individual,0
4609f332eb98,9nxwxcew@apl,Uttarakhand,Canara,clean,individual,0
25254c3a19ef,uvmdcnf0@ibl,Karnataka,Axis,clean,individual,0
53ecb828b64d,qki0oxzx@upi,Gujarat,BOB,clean,individual,0
50d81c6f53cc,7lmyi17p@oksbi,Karnataka,BOB,clean,individual,0
52956c455ac4,3ji1xzhh@axl,Haryana,SBI,clean,individual,0
71a4201c68f1,y57hidzg@axl,Rajasthan,HDFC,clean,individual,0
0dbb66796c96,12i702wp@icici,Telangana,BOB,clean,individual,0
4a857865f1ed,si3d7m7y@upi,Telangana,ICICI,clean,individual,0
24c6e7f9f991,4552heft@apl,Gujarat,BOB,clean,individual,0
43681d4e5f6b,29sbjwjh@apl,Gujarat,Canara,clean,individual,0
2d8659b6c77f,nf0vu65t@apl,Uttar Pradesh,Kotak,clean,individual,0
4913ac4f553d,rewams0q@oksbi,Delhi,Kotak,clean,individual,0
1bdcd223f603,tk8gi6nd@icici,Uttarakhand,PNB,clean,individual,0
4aa927419710,8gyfnxvo@apl,Telangana,BOB,clean,individual,0
1b9e583bfb44,g3omeikx@ibl,Kerala,Union,clean,individual,0
21189a2f1abe,koxafv6l@ybl,Haryana,Axis,clean,individual,0
284104766697,npqh7o9y@paytm,Kerala,Canara,clean,individual,0
1cfc8b7d1a2d,auzl707u@paytm,Gujarat,ICICI,clean,individual,0
7f9f8b5c5de1,uiirw7wb@oksbi,Kerala,Axis,clean,individual,0
337ed082b09b,ba9bwkk7@upi,Delhi,Union,clean,individual,0
41464611e60e,60oi0jxg@ybl,Telangana,Axis,clean,individual,0
441bd6a08a46,iblllzlp@axl,Uttarakhand,Kotak,clean,individual,0
57eb1dce71d8,jh1qug9e@upi,Telangana,Kotak,clean,individual,0
139286108b5f,sguob8bd@upi,Haryana,PNB,clean,individual,0
10bbc12e8adb,yzv08266@ibl,Telangana,Union,clean,individual,0
123b499e6d61,rpg6zqxb@apl,Haryana,Axis,clean,individual,0
5ac7d50b228d,lqmrzpma@axl,Rajasthan,Union,clean,individual,0
1c260b3b7b1c,u83neeov@icici,Rajasthan,PNB,clean,individual,0
00aecc6f3a4d,k3gvnx02@ibl,Haryana,Kotak,clean,individual,0
1a41adec98db,wp2xsjrx@paytm,Karnataka,Canara,clean,individual,0
04cc01e8b1fb,vb4sv4rx@icici,Bihar,BOB,clean,individual,0
742d764e1161,r518onl8@ibl,Haryana,Canara,clean,individual,0
17f2ae3f20a1,jy4yczza@okaxis,Delhi,Canara,clean,individual,0
039ce5529539,mkbxgcj9@axl,Bihar,ICICI,clean,individual,0
39d5c77306c4,nq0brxet@oksbi,Kerala,PNB,clean,individual,0
6fdb5b8ef9ab,yxjoh4id@ybl,Tamil Nadu,BOB,clean,individual,0
0dc6626e0180,0e7byb7p@upi,West Bengal,Union,clean,individual,0
780eb83b813e,7ckb7zg9@okaxis,Haryana,SBI,clean,individual,0
7df529e97eb6,fceyi9d0@apl,Maharashtra,Canara,clean,individual,0
1bb24ffca002,mo00uykl@apl,Haryana,Axis,clean,individual,0
6eed4fd16a1c,k0kpe4pv@upi,Telangana,Axis,clean,individual,0
6a60fb8bf4e4,pf9w1c05@upi,Maharashtra,Axis,clean,individual,0
206cbbcafadd,o34zkgin@axl,Rajasthan,Kotak,clean,individual,0
5e3744e072ac,nceznbpx@paytm,Rajasthan,Axis,clean,individual,0
48fa04ac1636,w25ply0t@apl,Uttarakhand,Kotak,clean,individual,0
70243d838779,xqx82o10@icici,Tamil Nadu,BOB,clean,individual,0
17ec55caf99e,3dc4vua9@paytm,Uttarakhand,Kotak,clean,individual,0
7aff1c3caa68,7xqvn6pt@okaxis,Gujarat,PNB,clean,individual,0
6dfaad0122ea,ckijfvnl@upi,Delhi,Canara,clean,individual,0
3624251f7ce8,za7plelj@icici,Karnataka,ICICI,clean,individual,0
22722db6f15b,6rg5km56@oksbi,Telangana,HDFC,clean,individual,0
1bcae012a0a8,5w804gvo@axl,Maharashtra,PNB,victim,individual,0
021c64f82f64,11bzjfnz@apl,Tamil Nadu,Canara,clean,individual,0
4fdd18e8534a,pybskt20@apl,Gujarat,ICICI,clean,individual,0
60445923072b,cjt9ai1m@upi,Tamil Nadu,Union,clean,individual,0
1e181a2bd2d4,klcuziaq@ybl,Telangana,PNB,clean,individual,0
3e24d73c7b6d,voly19cf@paytm,Telangana,HDFC,clean,individual,0
1ae237255c7f,vjul7r7i@axl,Gujarat,Union,clean,individual,0
1aab3701a377,z54b2yl5@apl,Telangana,BOB,clean,individual,0
55a4207deccd,vd7hh9vq@paytm,Tamil Nadu,BOB,clean,individual,0
051ad671f766,y5v2ryco@icici,Gujarat,HDFC,clean,individual,0
4ff73fe329df,mpx74kqb@oksbi,Telangana,Union,clean,individual,0
24886ded14fc,x7nrtth4@ibl,Rajasthan,HDFC,clean,individual,0
5afd7a6cb905,6hdh8fai@axl,Delhi,BOB,clean,individual,0
409f216db48d,7u03vsfx@ybl,Uttar Pradesh,SBI,clean,individual,0
7d73190c21ec,vvaez8tn@ibl,Uttar Pradesh,Canara,clean,individual,0
64c6487f63bc,oayiyh86@paytm,Haryana,Axis,clean,individual,0
32fdc647e702,doaupc08@axl,Telangana,Kotak,clean,individual,0
5c5188e57747,3o44b9pc@oksbi,Uttarakhand,Kotak,clean,individual,0
304641f1703a,6xe9d5tw@apl,Rajasthan,Axis,clean,individual,0
5e532c130645,smv7nfrq@oksbi,Uttar Pradesh,Kotak,clean,individual,0
75a7e49d26a2,jf6kp93e@oksbi,Karnataka,Union,clean,individual,0
4790633e574a,ptjjine0@ibl,Maharashtra,BOB,clean,individual,0
3d07b2f2022a,d2xe0aow@apl,Bihar,Canara,clean,individual,0
3d303306bdbc,f4x31f16@axl,Karnataka,SBI,clean,individual,0
23514479558b,mpnf8p7f@icici,Tamil Nadu,BOB,clean,individual,0
54bff15f6769,cvrx5o8v@apl,Rajasthan,BOB,clean,individual,0
396a7a038da2,41v8nvaj@ybl,Uttarakhand,ICICI,clean,individual,0
136efda8e1b5,tttj1a1b@paytm,Rajasthan,BOB,clean,individual,0
2a34081a617c,9e4fl048@axl,Tamil Nadu,SBI,clean,individual,0
0cb65bc27e82,8rtpogqv@apl,Tamil Nadu,SBI,clean,individual,0
768ac62fb4de,pmiq2uea@upi,Telangana,Canara,clean,individual,0
22eccc300111,z82yfvi0@paytm,West Bengal,Axis,clean,individual,0
5722d424dbd4,om6wbtsi@axl,Rajasthan,SBI,clean,individual,0
5d979f3878e1,pxyp2fge@oksbi,Karnataka,SBI,clean,individual,0
4a0ab94f8bb1,vgqte4dw@okaxis,Rajasthan,BOB,clean,individual,0
343d2b11bcbb,gcrb4nv1@okaxis,Kerala,Union,clean,individual,0
7051853ad893,gmyfivqm@upi,Maharashtra,PNB,clean,individual,0
6406728e6f57,4ga2uv9n@icici,Delhi,Canara,clean,individual,0
442e7759dd79,q4pfh828@ibl,Haryana,Canara,clean,individual,0
4059055b22c8,95ns3fdb@upi,Telangana,BOB,clean,individual,0
7766dde08e1e,ujwyeh1t@oksbi,Delhi,Axis,clean,individual,0
34f4dbb757ff,komade56@okaxis,Karnataka,Canara,clean,individual,0
4d7cb050490a,efzzfm08@icici,Rajasthan,PNB,clean,individual,0
14ea231f7964,a3w5j0mv@ibl,Uttarakhand,Axis,clean,individual,0
147097a38aa9,tb7emi2y@apl,Telangana,Canara,clean,individual,0
05a236dbaa8c,abck69hh@paytm,Uttar Pradesh,HDFC,clean,individual,0
4bff94fdf945,qxyj5n80@ibl,Rajasthan,Axis,clean,individual,0
0cf621fdc95d,gsw5qk8q@paytm,Kerala,Kotak,clean,individual,0
22fbb62c8ef4,jyzlheuz@icici,Telangana,HDFC,clean,individual,0
78b73b6d541f,a99cy2md@axl,Karnataka,Canara,clean,individual,0
323f95ce8534,1mcxbu3e@oksbi,Tamil Nadu,BOB,clean,individual,0
3e04ee4dc073,r7ngywx9@paytm,Maharashtra,Kotak,clean,individual,0
3e67ec4c4fbd,jij7s4k2@ybl,Maharashtra,SBI,clean,individual,0
141bdf0bf580,khk6ppt3@paytm,Karnataka,Canara,clean,individual,0
3281e195f08f,csmq5vje@upi,Tamil Nadu,Axis,clean,individual,0
493db4acc242,5ma5x74s@ybl,Rajasthan,Union,clean,individual,0
66ad24350159,zc2l94h4@paytm,Karnataka,ICICI,clean,individual,0
7252b3a24cc1,ryt8efre@ybl,Maharashtra,Canara,clean,individual,0
390ac9544aa9,0i22q7t7@icici,Rajasthan,BOB,clean,individual,0
572e93c7f9d1,bftzi7ay@apl,Uttarakhand,Kotak,clean,individual,0
4ff1995d523c,yhhu372p@ybl,Delhi,Union,clean,individual,0
49c77e31d581,l0liqwn3@axl,Telangana,HDFC,clean,individual,0
2375b50f46a3,plrfrmlk@okaxis,Uttar Pradesh,Union,clean,individual,0
1910a2322311,7zumchre@oksbi,Karnataka,ICICI,clean,individual,0
5b29731acedd,x7l1qtij@axl,West Bengal,BOB,clean,individual,0
089f03680b3a,0j7aqcsc@ybl,Rajasthan,SBI,clean,individual,0
1efe7c266374,pep9e7vx@axl,Telangana,Canara,clean,individual,0
1fb0bf53500b,927rlhmy@icici,Karnataka,BOB,clean,individual,0
25d6e152fc3c,wcphvq8z@okaxis,Karnataka,Union,clean,individual,0
7eab22e8b2fc,n56lrvzj@ibl,Rajasthan,PNB,clean,individual,0
325625941b09,axdmseat@icici,West Bengal,Union,clean,individual,0
0663b2373015,d3dqkptb@upi,West Bengal,Union,clean,individual,0
52876603d188,hgroacn9@upi,Haryana,Union,clean,individual,0
0282de98c4a3,4cgthj8p@okaxis,Karnataka,BOB,clean,individual,0
211d4785bb99,o347lqrw@apl,Tamil Nadu,Union,clean,individual,0
656b362909de,ak7a562s@icici,West Bengal,BOB,clean,individual,0
2a1bf328274d,u11am88k@upi,Gujarat,Axis,clean,individual,0
652543de90cd,h28fw9ro@axl,West Bengal,Kotak,clean,individual,0
70eb4fc7dfa9,r4e3botf@paytm,West Bengal,ICICI,clean,individual,0
3a55233046a0,cv6nw3s5@paytm,Telangana,Union,clean,individual,0
00ecd6035ebd,jr1rejgr@upi,Karnataka,SBI,clean,individual,0
52a843aac40d,5o1wk9fn@icici,Tamil Nadu,BOB,clean,individual,0
31317b6fc8d3,tj5iphru@upi,Haryana,Canara,clean,individual,0
14ad6ceb5fb1,mm5enlq0@ibl,Uttar Pradesh,Axis,clean,individual,0
45400bca2e14,96mj97py@upi,Bihar,PNB,clean,individual,0
731504938607,8x9u5hjr@ybl,Maharashtra,Axis,clean,individual,0
63ded0768abc,wghi7obl@ybl,Bihar,PNB,clean,individual,0
16254395ac6d,ks7igai6@oksbi,Telangana,PNB,clean,individual,0
1cd907093083,1yfgzn59@okaxis,Telangana,SBI,clean,individual,0
6b36b2a82142,fyonla5m@ybl,Haryana,PNB,clean,individual,0
24edbdafcd71,gupnps6r@apl,Bihar,Union,clean,individual,0
4da188b747d0,c9klq7lm@oksbi,Gujarat,HDFC,clean,individual,0
6381058c3602,j35jtskd@apl,Telangana,HDFC,clean,individual,0
2c20729a295d,3m2l8mm0@icici,Uttar Pradesh,Union,clean,individual,0
2097bf2c90a7,0dmvq75w@ibl,Kerala,Kotak,clean,individual,0
7672fbf35609,z4w5dl6t@apl,Rajasthan,SBI,clean,individual,0
721b9e9bce9d,8uzkhhbn@ibl,Uttar Pradesh,Axis,clean,individual,0
356dc1a437db,fzf0ohbb@okaxis,West Bengal,Canara,clean,individual,0
0a97c7f20918,hng92zht@axl,Karnataka,Kotak,clean,individual,0
7ab2143db51c,a6gssxh1@oksbi,Kerala,BOB,clean,individual,0
631e52449d6c,g84c1rty@axl,Telangana,Kotak,clean,individual,0
3f419f932def,1nby6v7i@okaxis,Karnataka,Axis,clean,individual,0
743d7033bfff,ovb44ymv@oksbi,Haryana,Kotak,clean,individual,0
74d73162a16c,6xy6h647@ybl,Gujarat,Union,clean,individual,0
00b5ec41f8fa,dehgr16r@oksbi,Karnataka,Axis,clean,individual,0
147ae744eb37,08fvujyy@okaxis,Karnataka,SBI,clean,individual,0
195b302c399d,2p1wwi0b@oksbi,Uttar Pradesh,BOB,clean,individual,0
5a0c5ac8aa95,m23n780g@ibl,Karnataka,HDFC,clean,individual,0
426030c77fda,s48if2uj@apl,Haryana,HDFC,clean,individual,0
071eddfcb37a,9kw1adm9@icici,Bihar,Canara,clean,individual,0
10d7f2d51964,h8w4uw3w@upi,West Bengal,Axis,clean,individual,0
47cf90dfe1e9,aj2ys7bb@icici,Karnataka,HDFC,clean,individual,0
51fdfff6ff22,qt3jztht@upi,Uttar Pradesh,Kotak,clean,individual,0
48b41626af98,xj1p0qh9@icici,Delhi,ICICI,clean,individual,0
72494893fd26,vf263ra5@oksbi,Uttar Pradesh,Canara,clean,individual,0
61b9f04a6461,0l6zl1pg@axl,Bihar,Axis,clean,individual,0
6109bda6e1ed,4uiz3nh3@apl,Rajasthan,Canara,clean,individual,0
34c7c4b36cf1,c24gmodd@icici,Tamil Nadu,ICICI,clean,individual,0
5f212c9ce613,sp6knzw2@apl,Uttarakhand,PNB,clean,individual,0
0d3d768c63de,trgmnu78@ibl,Bihar,PNB,clean,individual,0
2164eb21e374,a181v258@icici,Rajasthan,Canara,clean,individual,0
79ac812a9277,g3ok73qc@upi,West Bengal,PNB,clean,individual,0
2d11899167cd,qqdlrnfs@paytm,Maharashtra,Axis,clean,individual,0
18a8a596f9f6,921bmbfe@upi,Tamil Nadu,Canara,clean,individual,0
7a1de4ccf98d,2mcd7i4z@axl,Delhi,PNB,clean,individual,0
7e0ef2436198,3sawoqqj@paytm,Karnataka,Kotak,clean,individual,0
191e78c92fa8,9fxq9my1@oksbi,Kerala,HDFC,clean,individual,0
2e01aba37820,ed3q9gu5@paytm,Kerala,HDFC,clean,individual,0
082d5fe1648a,oumr3r6h@ybl,Rajasthan,Axis,clean,individual,0
0dc502c542db,mjxtd1m3@ybl,Uttar Pradesh,Union,clean,individual,0
54e99a6c70e5,xxhi70at@upi,Bihar,HDFC,clean,individual,0
2731353c8056,d3tqqy2n@ibl,Gujarat,Union,clean,individual,0
268a2f20d593,wc8ppmbk@axl,Uttarakhand,SBI,clean,individual,0
251d194e0fc1,rbc9l2fk@oksbi,Karnataka,HDFC,clean,individual,0
2be6de27f42e,apb5d0yw@ibl,Uttarakhand,Canara,clean,individual,0
62978400a749,1cunvi6i@ibl,Bihar,Union,clean,individual,0
783b2ad4c734,u2o0kr8c@okaxis,Delhi,SBI,clean,individual,0
3dc688a17bf7,kirs753m@apl,Maharashtra,SBI,clean,individual,0
4eea54493d3a,c4n4g33n@axl,Karnataka,Kotak,clean,individual,0
0f05fb30a620,64i3chy1@apl,Tamil Nadu,Canara,clean,individual,0
62cc48c9f25f,dy6ky5av@icici,Karnataka,Canara,clean,individual,0
0361aab9fe2d,ld8wkw2h@paytm,West Bengal,HDFC,clean,individual,0
3be9241b6d86,c7ps3z91@axl,Bihar,Union,clean,individual,0
70a4b28f5b98,mhhprd32@upi,Rajasthan,PNB,clean,individual,0
08707c9f4153,q8s11qsx@apl,Bihar,Kotak,clean,individual,0
0cabfe2ffd0d,0qyfu4sf@okaxis,Delhi,SBI,clean,individual,0
66c1bf4ad36c,3scti7em@axl,Tamil Nadu,Canara,clean,individual,0
2052a16b27ff,itke3oar@icici,West Bengal,Axis,clean,individual,0
3c3b781150fc,1cmp4ghe@okaxis,Karnataka,BOB,clean,individual,0
6b471618497c,jurmj5v1@paytm,Gujarat,ICICI,clean,individual,0
20238f4a0032,64x2isy4@apl,Uttar Pradesh,HDFC,clean,individual,0
1e7a21007b66,7l61gxo9@axl,Kerala,Axis,clean,individual,0
0888f779dd29,xp0enl9w@axl,Haryana,SBI,clean,individual,0
09d3ea064a5d,ojh8l55k@axl,West Bengal,Axis,clean,individual,0
7d1ca42ae8d7,y4f9j8pg@paytm,Uttar Pradesh,SBI,clean,individual,0
4cff84770a69,6vydh61k@paytm,Bihar,SBI,clean,individual,0
5759816d193c,ushmkbvm@oksbi,Maharashtra,ICICI,clean,individual,0
63dd666a4294,b6wzp4gl@ybl,Karnataka,Union,clean,individual,0
36828ec7a8fd,tz4q327z@okaxis,Rajasthan,Canara,clean,individual,0
2c570e3e9951,o6d5y58g@apl,West Bengal,Axis,clean,individual,0
465b1bd4af90,w3gakhx9@ybl,West Bengal,PNB,clean,individual,0
6b44bf27db6f,nlngxmpr@apl,Kerala,SBI,clean,individual,0
5898bdcffcef,ag6heza6@apl,West Bengal,Kotak,clean,individual,0
4b7eb1d61a7f,ze7n1fq0@axl,Delhi,SBI,clean,individual,0
5954d086ecbd,ll6qie0p@upi,Tamil Nadu,HDFC,clean,individual,0
2ef0672f35a3,29eyxznw@ybl,Kerala,Union,clean,individual,0
1ba2c54b0541,jk9y87j6@upi,Gujarat,Union,clean,individual,0
03d640dee86c,ms3o0n1j@oksbi,Gujarat,ICICI,clean,individual,0
2ed7f5523041,wny7gkod@ybl,Gujarat,SBI,clean,individual,0
055ad6d47998,a2yhv5jy@okaxis,Gujarat,ICICI,clean,individual,0
09c9a5137ce7,suzmjra0@okaxis,Tamil Nadu,HDFC,clean,individual,0
38c5f4a0abbb,ay5g26jc@axl,Tamil Nadu,Kotak,clean,individual,0
52d959f97e84,qk059fib@ibl,Tamil Nadu,PNB,clean,individual,0
3a52b5686073,vxmfd4gw@icici,Tamil Nadu,BOB,clean,individual,0
552a21f4beca,eycdemoz@icici,Uttarakhand,Union,clean,individual,0
6d2740bb2c27,06g0up05@axl,Kerala,SBI,clean,individual,0
1807caf6cae7,51dl3c0w@ybl,Uttar Pradesh,HDFC,clean,individual,0
7d9ae4afc087,dwx2m3ck@ibl,Uttarakhand,PNB,clean,individual,0
6b8a48bed275,dr9maiba@paytm,Haryana,Canara,clean,individual,0
3026b68265e7,e1zf8ak1@oksbi,Karnataka,Axis,clean,individual,0
67c12908d97b,a7chaxuu@paytm,Tamil Nadu,BOB,clean,individual,0
4c9db5234505,ggz2l5ay@icici,Kerala,Union,clean,individual,0
2f8eae3e7d8d,owy4aily@upi,Delhi,SBI,clean,individual,0
2be4ac970851,snfi26sx@upi,Telangana,BOB,clean,individual,0
4725a77b77f9,am8l1ocs@paytm,Uttarakhand,Union,clean,individual,0
5f92967eea60,7q7w4w7s@okaxis,Delhi,Kotak,clean,individual,0
598a288d89f0,octuaqab@apl,Uttar Pradesh,Kotak,clean,individual,0
51a3b32d1498,esje61vl@oksbi,Haryana,HDFC,clean,individual,0
14a9fa06e65a,ixufsvne@oksbi,Telangana,Kotak,clean,individual,0
6ba26f9c2ec6,xb7cqsne@apl,Telangana,PNB,clean,individual,0
063fac6825fe,7pko9kdd@axl,Haryana,BOB,clean,individual,0
139b8b3dac01,0mm90fhr@icici,Haryana,BOB,clean,individual,0
5a9bc5a90f5f,nzb4tlv2@apl,Delhi,Union,clean,individual,0
770f6be0cae4,t3uleyjn@upi,Bihar,HDFC,clean,individual,0
130d16dd982e,jew8nnc6@okaxis,Gujarat,BOB,clean,individual,0
4102c13f3e10,j00d9ygk@ibl,Kerala,Kotak,clean,individual,0
1f3db0c824d6,cun2660l@apl,West Bengal,ICICI,clean,individual,0
01483a65bfc2,yners1z9@okaxis,Gujarat,Union,clean,individual,0
2f70c6d61f0c,6jgdaeou@axl,Delhi,HDFC,clean,individual,0
66f423019a71,1shdmhoy@ybl,Tamil Nadu,Kotak,clean,individual,0
7a4ff14dcb5a,jklvuu8u@upi,Uttarakhand,ICICI,clean,individual,0
1e9302dd237f,q9e6fynl@axl,Telangana,ICICI,clean,individual,0
134a0ffafdff,6vhqruce@paytm,Tamil Nadu,SBI,clean,individual,0
2b92dd3b0573,f5907fky@upi,Delhi,SBI,clean,individual,0
4fbf224a4ae8,ihy1whkn@apl,Uttar Pradesh,Canara,clean,individual,0
3b7ad861f93b,kjqsboo4@axl,Haryana,Canara,clean,individual,0
1e636c47f686,bluhj2dl@axl,Delhi,PNB,clean,individual,0
1da857b3d0b1,wsusdi2o@ibl,Gujarat,Axis,clean,individual,0
1fab0232ef48,8hjdy6ia@paytm,Karnataka,Union,clean,individual,0
058f58f9bb44,jpl0qom8@upi,Telangana,Axis,clean,individual,0
1332557067ac,2qmmisu2@ybl,Delhi,PNB,clean,individual,0
19f7df6ab59c,xyi48et1@ibl,West Bengal,Canara,clean,individual,0
13c302ebf61b,7voc71p0@apl,Bihar,Kotak,clean,individual,0
43eadf1619bb,yygrz277@axl,Delhi,Axis,clean,individual,0
255cfe4e855b,tcabg5aj@icici,Maharashtra,Canara,clean,individual,0
76c4ea0044f2,1ksbsb7s@upi,Gujarat,Kotak,clean,individual,0
409f2766758f,w3m5qaew@upi,Kerala,BOB,clean,individual,0
7b13ad1f64ce,kq7bj2be@oksbi,Delhi,HDFC,clean,individual,0
293f9220d563,8gmtf8bo@okaxis,Gujarat,BOB,clean,individual,0
23927f2362d3,b7rpwcky@axl,Haryana,Canara,clean,individual,0
5a2b7af3b95a,b3ruoir9@okaxis,Gujarat,Union,clean,individual,0
205664f00b94,bfttypq5@icici,Bihar,Canara,clean,individual,0
2c3dc4318170,51yly9bp@upi,Delhi,Canara,clean,individual,0
10fc96fe9736,dysx3f52@ybl,West Bengal,SBI,clean,individual,0
2e7f8dac354b,4oyfrdc0@ibl,West Bengal,Canara,clean,individual,0
760acebb3bb1,wge6n01i@ybl,Bihar,Union,clean,individual,0
764d7b04a90e,j9iuxhyz@ibl,Rajasthan,Canara,clean,individual,0
7348e8c4547a,ybcnkpww@okaxis,Haryana,Axis,clean,individual,0
2198269ab3e8,bawp862l@oksbi,Uttarakhand,PNB,clean,individual,0
6cd0b7c2eac9,dyxpto0x@okaxis,Karnataka,Axis,clean,individual,0
20cca2668cd4,o5xsitm9@oksbi,Delhi,BOB,clean,individual,0
67137fe9c05d,vi77x5ot@icici,Uttar Pradesh,Union,victim,individual,0
1be9e52540cb,1sfavply@ibl,Uttarakhand,HDFC,clean,individual,0
4241b94f84d3,72w0jkll@ybl,Kerala,PNB,clean,individual,0
1075dbac4768,v2e2f1rg@upi,Tamil Nadu,BOB,clean,individual,0
25f0f34ac95f,y6wyx5ko@icici,Delhi,Union,clean,individual,0
3692f1a1cbbb,1jkshon5@oksbi,Kerala,Union,clean,individual,0
55da65d1f4a2,6sy5ej67@upi,Bihar,Canara,clean,individual,0
24cd0d9a8955,9hneuflp@axl,Rajasthan,HDFC,clean,individual,0
1b49046b8d63,0lpsiga3@oksbi,Gujarat,PNB,clean,individual,0
2a80dd18cee7,h5aymjqv@axl,Gujarat,BOB,clean,individual,0
60f4aa4bcab4,hm92blf2@okaxis,Delhi,BOB,clean,individual,0
113effd00439,toxakkha@icici,Maharashtra,ICICI,clean,individual,0
698cf762f9e8,y0pbn6s0@oksbi,Gujarat,SBI,clean,individual,0
651e5685adb0,nubs8jtq@okaxis,Maharashtra,Canara,clean,individual,0
3f44643e7a0a,hbk7xam7@paytm,Uttarakhand,SBI,clean,individual,0
2e490c284edc,fz1rygug@okaxis,Uttar Pradesh,BOB,clean,individual,0
20204f248b01,k51kbyp1@oksbi,Delhi,Axis,clean,individual,0
266d34917614,9q81vfyt@axl,Telangana,Union,clean,individual,0
7a47154d0a93,q9g4yqz7@ibl,Delhi,Kotak,clean,individual,0
310b8c800f7e,z4srg69x@okaxis,Telangana,Axis,clean,individual,0
02d06d260f6b,3mdt6lc2@ibl,Rajasthan,ICICI,clean,individual,0
758c7a33c036,34tjj1ds@apl,Uttarakhand,ICICI,clean,individual,0
5eb1cde2847b,xuecej54@upi,Maharashtra,HDFC,clean,individual,0
37a7a0ec91b4,xwszp0b5@icici,Gujarat,Kotak,clean,individual,0
76e975f4b2d1,iyks1uuh@apl,Karnataka,Canara,clean,individual,0
3ed5ed45a84c,mlrzdn08@ybl,Karnataka,HDFC,clean,individual,0
3a195e205664,nfpylau2@oksbi,West Bengal,ICICI,clean,individual,0
09c8e79916b9,rdsygx0v@icici,Delhi,BOB,clean,individual,0
774c05e45e1f,2j72f9vd@apl,Uttarakhand,BOB,clean,individual,0
452e306c5004,g9iakcdw@oksbi,Gujarat,ICICI,clean,individual,0
0ada752768a5,zi2jzo5v@okaxis,Uttarakhand,ICICI,clean,individual,0
5f4bf9b27bfb,jcttl2lq@axl,Karnataka,Canara,clean,individual,0
7f21f7ec4018,43nij7je@icici,Gujarat,HDFC,clean,individual,0
21cba6d37dbb,7nt452ed@axl,Delhi,BOB,clean,individual,0
7214db5300e6,a7n7c5yn@axl,Maharashtra,BOB,clean,individual,0
1d61c15bfe32,71ivbynl@ibl,Maharashtra,Union,clean,individual,0
2fdaf3c46ef7,4vd965f8@okaxis,Kerala,HDFC,clean,individual,0
6ede1245b50d,crj0begt@upi,Haryana,SBI,clean,individual,0
72cc7ea49db3,41lmde64@ybl,Maharashtra,SBI,clean,individual,0
0fff643f3d63,z3qutvcb@icici,Uttar Pradesh,Canara,clean,individual,0
052e5cedc0d2,5sqzlm10@ibl,Uttarakhand,Axis,clean,individual,0
52d5af53cc80,2qhpikk6@apl,Maharashtra,Axis,clean,individual,0
2206cea77582,3h2kspye@paytm,Kerala,Canara,clean,individual,0
6ec349b4a6b1,34u4ksq8@ybl,Tamil Nadu,BOB,clean,individual,0
4312464f59bc,r4dtv8ak@icici,Kerala,Union,clean,individual,0
0f078877acde,9415nwbu@okaxis,Uttarakhand,HDFC,clean,individual,0
5e5c0d934a7c,mdpq62o5@paytm,Karnataka,Axis,clean,individual,0
2c56b93a8a01,s057556o@ybl,Telangana,Union,clean,individual,0
3f899f22493a,zuq82mt5@ybl,Gujarat,Axis,clean,individual,0
5248d730c76f,7lzxnmnr@ybl,Haryana,Canara,clean,individual,0
29f94477526d,smq5uk8i@axl,Telangana,HDFC,clean,individual,0
4930c66d0b46,h15bad6w@axl,Haryana,SBI,clean,individual,0
60d6428eb99d,38p4opmr@icici,West Bengal,ICICI,clean,individual,0
0da07e881d85,17lsgusv@okaxis,Uttar Pradesh,Canara,clean,individual,0
05fb6c79589b,hmf1vt2t@upi,Karnataka,HDFC,clean,individual,0
1bd3a396e11c,y50ykeoc@okaxis,Uttarakhand,BOB,clean,individual,0
126a034ad729,usf60x08@icici,Rajasthan,PNB,clean,individual,0
2b5ba85b476b,k1h8vp87@apl,Delhi,HDFC,clean,individual,0
56a1744f2daa,l95x5nzl@apl,Rajasthan,Axis,clean,individual,0
528f7bac9dc9,cp99jf0i@icici,Rajasthan,Axis,clean,individual,0
4c28e50c6f2f,a0ol53qv@oksbi,Gujarat,Kotak,clean,individual,0
3787f973de24,ub13wf90@icici,Kerala,SBI,clean,individual,0
1c799a8f5502,ifdr0k4c@okaxis,Haryana,Axis,clean,individual,0
308878b53345,k75982q2@icici,Telangana,Axis,clean,individual,0
32f052729196,mp6hsvi7@okaxis,Haryana,Union,clean,individual,0
59d298fd7363,10scubhl@ybl,Haryana,Union,clean,individual,0
5538973eb883,01zhxyzn@oksbi,Uttarakhand,BOB,clean,individual,0
280c01a30cb8,azdbt218@apl,Telangana,Canara,clean,individual,0
1c225885f83d,vyxhvrwa@axl,Gujarat,Axis,clean,individual,0
2576d6d0772e,nfr1licv@oksbi,Haryana,SBI,clean,individual,0
6f3bd1408cb3,5q49wyi5@okaxis,Uttarakhand,Union,clean,individual,0
7d81c589f333,j30dlrmc@ybl,Maharashtra,HDFC,clean,individual,0
0b90bdd8fbc8,hldzwffj@apl,Rajasthan,ICICI,clean,individual,0
167ccecb23dc,nvqur2c0@paytm,Uttarakhand,Canara,clean,individual,0
037ab9abfc8d,ummxsy2x@upi,West Bengal,BOB,clean,individual,0
0ece0a5c3db2,kmru77w2@okaxis,Uttar Pradesh,Kotak,clean,individual,0
41ff7d25a5b9,8xvwulos@axl,Haryana,Axis,clean,individual,0
6690e9256fbb,jol9mmli@ybl,Gujarat,Axis,clean,individual,0
2933028055eb,nswd1f3b@paytm,Kerala,PNB,clean,individual,0
492d3b9952ac,u0zjd6hp@ybl,Rajasthan,ICICI,clean,individual,0
64c77b8f73d8,zu8ts46m@paytm,Rajasthan,ICICI,clean,individual,0
6b2fcc96fd3f,pdy7nm6j@oksbi,Karnataka,Kotak,clean,individual,0
3e3782015cfb,5xl67oi5@apl,Rajasthan,PNB,clean,individual,0
3b5db78f578f,kl8vbqj5@ybl,Telangana,Canara,clean,individual,0
33082e625a6a,kp6eh2en@upi,Maharashtra,HDFC,clean,individual,0
660299755383,aj61u8pc@okaxis,Uttar Pradesh,ICICI,clean,individual,0
664081e5341f,dxtilqwn@ybl,Haryana,SBI,clean,individual,0
357d7ff41f5d,cbtnfa39@axl,Gujarat,SBI,clean,individual,0
13869a7c6c0c,16zdn7tz@axl,Uttarakhand,Kotak,clean,individual,0
7413f0fd1b20,exgfeejo@ybl,Rajasthan,PNB,clean,individual,0
117392febf69,sk9e7je3@oksbi,Gujarat,ICICI,clean,individual,0
316710d3c2ad,o4dfwz98@icici,Bihar,SBI,clean,individual,0
1722cd6a02e4,t83cgdjq@axl,Haryana,PNB,clean,individual,0
0b4c84684add,rriytxfg@okaxis,Gujarat,Union,clean,individual,0
4c188fa01712,n4wjsbjq@upi,Karnataka,Union,clean,individual,0
01266779e7cc,ym0fpm2b@ybl,Tamil Nadu,Axis,clean,individual,0
2e4013cc8bf5,vt6kouop@icici,Uttarakhand,Kotak,clean,individual,0
00f0e1db67a8,gooirl4u@apl,Uttar Pradesh,PNB,clean,individual,0
4a1493625607,jknd9jq0@ybl,Bihar,PNB,clean,individual,0
07c22c1364e0,3tro6py2@paytm,Delhi,BOB,clean,individual,0
3aee18729a8b,63h0pdmv@okaxis,Uttarakhand,HDFC,clean,individual,0
61e3bee50218,bjnk52ud@ibl,Kerala,HDFC,clean,individual,0
5aae4250a77b,q1dfu27q@ybl,West Bengal,SBI,clean,individual,0
222d72c5cf68,l8kuivxw@apl,Delhi,Union,clean,individual,0
7870600db367,arcs0nxe@upi,Telangana,ICICI,clean,individual,0
52b10586e909,2oazzatl@icici,Kerala,SBI,clean,individual,0
7b1568f31bc5,mrjy9sl2@paytm,West Bengal,BOB,clean,individual,0
6f2c986d88e9,7nizal3z@icici,Haryana,Canara,clean,individual,0
5d279ffe0e16,2c186qkj@oksbi,Gujarat,Union,clean,individual,0
230f36d51929,tl92uzla@ybl,Kerala,Axis,clean,individual,0
5afdc118899d,gr2c1f49@ibl,Telangana,ICICI,clean,individual,0
1683327273f2,k9u7e31r@paytm,West Bengal,HDFC,clean,individual,0
04002431c51e,iystht4c@ybl,Rajasthan,HDFC,clean,individual,0
1f4dec5c9c34,i4hghq9j@axl,Bihar,HDFC,clean,individual,0
055ad889167d,17actmkm@icici,Bihar,BOB,clean,individual,0
304ac745b37c,y558umgn@ybl,Delhi,HDFC,clean,individual,0
11227aae396d,l0tek9ax@icici,Rajasthan,HDFC,clean,individual,0
371a2648ecd4,pfpo9mzg@icici,Delhi,SBI,clean,individual,0
13ba226acf23,686tqlbr@okaxis,Gujarat,Union,clean,individual,0
49598548a3a0,jcgel5jh@paytm,Telangana,HDFC,clean,individual,0
5780d6062eb5,qinpl3s8@axl,Uttarakhand,ICICI,clean,individual,0
0312696eb9c5,v4sq3h6b@oksbi,Rajasthan,BOB,clean,individual,0
600fe36d24b2,p4v41j1b@icici,Uttar Pradesh,SBI,clean,individual,0
51729b4842ca,q6zd3k2d@axl,Haryana,BOB,clean,individual,0
41bd6b833cb3,4j8bwti7@oksbi,Kerala,ICICI,clean,individual,0
09317c8f40d5,vihm9oqx@ybl,Delhi,BOB,clean,individual,0
5d130acba24a,rwpb8ayk@ybl,Bihar,PNB,clean,individual,0
1ae6866119fe,enbb7l23@ibl,Telangana,SBI,clean,individual,0
05317034de02,grc79o1n@paytm,Kerala,Canara,clean,individual,0
0867adc937a1,z1hrnbvk@oksbi,Bihar,ICICI,clean,individual,0
384e75608e0f,wj95pgb8@apl,Telangana,BOB,clean,individual,0
13684bfa5dfb,jlyk73wb@upi,Rajasthan,HDFC,clean,individual,0
236069868a0c,lot4l35w@okaxis,Telangana,HDFC,clean,individual,0
4529c6222d50,7h235l21@oksbi,Tamil Nadu,PNB,clean,individual,0
07d14bdf7253,uzkeahrw@ybl,Uttarakhand,BOB,clean,individual,0
00987216a725,wzwtvsh3@ybl,Uttarakhand,Canara,clean,individual,0
12dbd11b83a7,z6mp9jls@axl,Delhi,Axis,clean,individual,0
73da78447203,23mb84dm@okaxis,Telangana,SBI,clean,individual,0
75ff72bee2a2,lub5xq2i@apl,Delhi,SBI,clean,individual,0
2b9ec85f4876,0iub8sdb@okaxis,Telangana,HDFC,clean,individual,0
51a8466539c9,db72ld2v@ibl,Maharashtra,SBI,clean,individual,0
5a59e0859f14,890ig5xi@paytm,West Bengal,PNB,clean,individual,0
79b8a997205b,gopeth5t@apl,Rajasthan,Kotak,clean,individual,0
587b328aa6d3,mpzlclv6@icici,West Bengal,Axis,clean,individual,0
23951e127320,9c4m6hxk@okaxis,West Bengal,BOB,clean,individual,0
664d2d93975b,c1v01h3i@axl,Tamil Nadu,ICICI,clean,individual,0
07fd38abb15a,8pr47ojz@icici,West Bengal,HDFC,clean,individual,0
0f486709c7f2,2hjlsqbv@ibl,West Bengal,Axis,clean,individual,0
0071dffc6035,4edkg5cv@okaxis,Uttarakhand,BOB,clean,individual,0
031e2fdb3336,th4dlycv@icici,Tamil Nadu,Canara,clean,individual,0
1d3d55cd2613,lobi8p2l@okaxis,Haryana,Kotak,clean,individual,0
6b91b35f7dbc,g7v3ltva@oksbi,Bihar,BOB,clean,individual,0
14d6d5182df4,lsa1fbrg@ybl,Karnataka,Axis,clean,individual,0
5e82a1c2f52f,7yq4mnlu@apl,Kerala,Kotak,clean,individual,0
40017fe75b2a,ufy6ocau@axl,Haryana,ICICI,clean,individual,0
099cd1901502,xlgtc01m@icici,Uttar Pradesh,HDFC,clean,individual,0
7b3a3ff765d6,875oz2ot@oksbi,Uttarakhand,ICICI,clean,individual,0
11a1f72266c0,5b8dsu7c@icici,Uttarakhand,PNB,clean,individual,0
74553953bcea,2mwhe1q7@apl,Tamil Nadu,Canara,clean,individual,0
69b090dfc012,ldq9fodf@paytm,Maharashtra,Union,clean,individual,0
5c2ad35dce96,4nyp9euh@oksbi,Karnataka,ICICI,clean,individual,0
1d9505688959,7083xjj3@paytm,Uttarakhand,SBI,clean,individual,0
4b0b784c9763,lj66a7oe@upi,Kerala,Union,clean,individual,0
79e9a76a04d7,l36myd0n@ibl,Maharashtra,Canara,clean,individual,0
465044f29629,l8rc065k@upi,Bihar,Canara,clean,individual,0
580057da6d01,b1d2gbkw@apl,Telangana,SBI,clean,individual,0
6ede942ccbb7,eow98il3@ybl,Uttar Pradesh,HDFC,clean,individual,0
6084b4d8c50b,ugcdwwsr@ybl,Maharashtra,Union,clean,individual,0
5dd06923bd0d,qhs994ab@icici,Gujarat,HDFC,clean,individual,0
41ccf02cccce,2g34dl9r@paytm,Rajasthan,SBI,clean,individual,0
0fb1f82eb2f9,42vbilg7@paytm,Rajasthan,Union,clean,individual,0
6c76d80358f9,tyfsjgp1@ybl,Delhi,Canara,clean,individual,0
4142dd0b603f,6r1bad5v@apl,West Bengal,ICICI,clean,individual,0
712f22bd6108,c9jn9prn@paytm,Tamil Nadu,Union,victim,individual,0
20c95a7cb953,sjcxbkr2@icici,Rajasthan,HDFC,clean,individual,0
02b82c240579,qzh9w1y6@paytm,Rajasthan,BOB,clean,individual,0
6b627fd5ddb4,utyez9yu@icici,Gujarat,PNB,clean,individual,0
27d814385a5d,i3l7zep7@okaxis,West Bengal,Kotak,clean,individual,0
6819c00028a6,gfkg9yvb@upi,Karnataka,Kotak,clean,individual,0
4c37ac38738b,bh345t0w@okaxis,Karnataka,PNB,clean,individual,0
417314d96fa2,5lmv7cji@icici,Delhi,ICICI,clean,individual,0
196b83bb1180,4577bfqz@apl,Rajasthan,Canara,clean,individual,0
790579bdec31,jlzcyino@icici,Bihar,SBI,clean,individual,0
1f9cb9e4b980,4yaw29fn@ibl,Haryana,Kotak,clean,individual,0
5c8c9555c078,tzl0i4oj@ybl,Uttar Pradesh,Canara,clean,individual,0
398041d16ab2,fc39wnes@icici,Uttarakhand,Axis,clean,individual,0
5f118eff4d9c,2gxt1xdh@oksbi,Maharashtra,BOB,clean,individual,0
3b9ca2d9de9d,h3kmvey3@oksbi,Tamil Nadu,Kotak,clean,individual,0
35c2584eb045,3328orox@ybl,Kerala,Union,clean,individual,0
6d08409c9022,1e87nr13@okaxis,Karnataka,SBI,clean,individual,0
2e07cb50b0d2,w24idnqv@upi,Bihar,HDFC,clean,individual,0
7c9e490cefbd,h955kzkp@icici,Gujarat,Axis,clean,individual,0
17f848d90c7d,cehff6ro@paytm,Karnataka,SBI,clean,individual,0
6e7cf8ea62eb,zrjxy6ax@paytm,Bihar,BOB,clean,individual,0
48b9716f60a2,vhxe6ics@okaxis,Uttarakhand,Axis,clean,individual,0
1b8e1f78779e,u6jwi7bu@axl,Rajasthan,PNB,clean,individual,0
651b9f69bffb,3atqodd5@apl,Haryana,ICICI,clean,individual,0
62a2b69efc61,ziaoipbh@okaxis,Uttarakhand,Axis,clean,individual,0
554527c29536,qomrv364@oksbi,Uttar Pradesh,BOB,clean,individual,0
00b94799c573,wztq6i51@icici,Maharashtra,Union,clean,individual,0
1c06158dd993,k7ntrxub@icici,Delhi,HDFC,clean,individual,0
48c39c233e3d,ebzv1dq0@ibl,Rajasthan,HDFC,clean,individual,0
25cc15ba5b32,0vau5gu6@axl,West Bengal,ICICI,clean,individual,0
3cafcd18a4e8,4dmetm5z@paytm,Delhi,HDFC,clean,individual,0
3c879ccea38e,e6do4zvu@upi,Delhi,Union,clean,individual,0
284449228378,tzj8nzh3@upi,Maharashtra,ICICI,clean,individual,0
663a63654fec,ac3rz2sw@paytm,Rajasthan,Kotak,clean,individual,0
051a1adb7bf0,6qcdthl9@oksbi,Delhi,Union,clean,individual,0
2eb76dde255c,uf4iw9id@upi,Maharashtra,PNB,clean,individual,0
0029c3b300f0,bnj78j2o@okaxis,Uttarakhand,Axis,clean,individual,0
73535f73c90f,608hdwxx@ibl,Kerala,BOB,clean,individual,0
35b910c15be5,wzaavfvf@upi,Uttar Pradesh,PNB,clean,individual,0
7c9400f2a418,lwrn21ym@oksbi,Tamil Nadu,HDFC,clean,individual,0
4f38bb6762e9,p17wu7gd@apl,Kerala,Axis,victim,individual,0
2250a5a63f8e,32mvfxwd@ybl,Delhi,HDFC,clean,individual,0
1bb635f32f04,4nd02vyi@axl,Karnataka,SBI,clean,individual,0
6b40f11f19bf,dfssitae@upi,Tamil Nadu,Kotak,clean,individual,0
53b30b438de4,b3lw6moy@oksbi,Uttarakhand,HDFC,clean,individual,0
04f9327e27a3,dz166301@ybl,Gujarat,Union,clean,individual,0
704a24194ec8,jx2xnaxo@icici,Gujarat,Axis,clean,individual,0
1defa7ff5f0c,dwd5cmos@oksbi,Rajasthan,SBI,clean,individual,0
080fe2c7cc37,8w9f0uvh@okaxis,Telangana,Kotak,clean,individual,0
14e7ac2c2e36,mnuyr5nc@oksbi,Gujarat,Axis,clean,individual,0
5742e41b89fc,mskp5618@ibl,Uttar Pradesh,PNB,clean,individual,0
717f237678d7,b31yrcju@oksbi,Gujarat,SBI,clean,individual,0
3ed028e42458,jfp4evc1@icici,Rajasthan,Kotak,clean,individual,0
5d3ae5e06811,ziqz63pk@apl,Haryana,ICICI,clean,individual,0
6b42e22a16b5,bk9juqhi@apl,Karnataka,Union,clean,individual,0
408b9900dc07,m6v7t01n@okaxis,Uttar Pradesh,SBI,clean,individual,0
0f24c5b77f6e,2fvc5cep@ybl,Delhi,ICICI,clean,individual,0
194404d8506c,dtweatve@upi,Maharashtra,BOB,clean,individual,0
38d07e9ff485,qxs08rsj@oksbi,Haryana,ICICI,clean,individual,0
5f3658374e0b,us9ih2vs@ybl,Rajasthan,PNB,clean,individual,0
2ac0aa82ab83,8jwur15h@ibl,Rajasthan,SBI,clean,individual,0
781179c3e9ba,az9jr5jv@apl,Kerala,Kotak,clean,individual,0
24d38a683ba6,54thgeqa@apl,Rajasthan,ICICI,clean,individual,0
21180f30f3c9,gmas4cor@apl,West Bengal,Canara,clean,individual,0
2ceff0385017,dvclj3jo@oksbi,Karnataka,ICICI,clean,individual,0
1a1895596284,o4t4y27i@upi,Rajasthan,SBI,clean,individual,0
12c284779d21,udo42f31@ybl,Gujarat,PNB,clean,individual,0
14e028637430,w5rxzyjv@okaxis,Haryana,BOB,clean,individual,0
5fbcaf3938af,8d69pqtn@paytm,Kerala,BOB,clean,individual,0
69dc2a5b0c67,xm0ivdnu@oksbi,Karnataka,SBI,clean,individual,0
74663551ff55,g1cczveh@apl,Uttarakhand,ICICI,clean,individual,0
6b1aba384bf5,1pz0hn7z@okaxis,Telangana,HDFC,clean,individual,0
46a81119b965,a2z2rvpk@okaxis,Uttar Pradesh,ICICI,clean,individual,0
3429b3c40566,lf5i7vuj@oksbi,Tamil Nadu,Canara,clean,individual,0
7a99d65ace18,o0558f12@upi,Karnataka,PNB,clean,individual,0
7a314afdc0eb,w20sirfd@oksbi,Tamil Nadu,SBI,clean,individual,0
2490a85f24a0,idoyguqg@oksbi,Gujarat,Kotak,clean,individual,0
33d7f8844c56,5o2t3msa@okaxis,Bihar,ICICI,clean,individual,0
32a3649d50c5,qq36kz37@oksbi,West Bengal,Kotak,clean,individual,0
316db31d60e0,b2zni99x@upi,West Bengal,Axis,clean,individual,0
1e860a58ff57,t32o5tuk@ibl,Tamil Nadu,HDFC,clean,individual,0
3cc3a835074f,2t8kl9h5@ibl,Delhi,Union,clean,individual,0
0f0f08e810e1,o6dmyyvy@paytm,Karnataka,Kotak,clean,individual,0
188b008aac7f,4h27cuyn@axl,West Bengal,Kotak,clean,individual,0
030c9d771b18,34izf3jm@ybl,Bihar,Axis,clean,individual,0
3f8cc3bd82c0,o2z81qln@ibl,Uttar Pradesh,Canara,clean,individual,0
20fa59616972,xbfa6e9l@icici,Karnataka,Axis,clean,individual,0
36ba830a79e5,38ceul9f@axl,Delhi,Axis,clean,individual,0
714d48874796,9furub0g@apl,Gujarat,PNB,clean,individual,0
5ab97ecc4a6d,anteex00@axl,Uttar Pradesh,PNB,clean,individual,0
06b5207b61f5,w0w1qkur@apl,Uttar Pradesh,Union,clean,individual,0
6c7f4fca6802,991ny7r7@icici,Karnataka,HDFC,clean,individual,0
593adaf22eae,ta95suy4@ibl,Rajasthan,PNB,clean,individual,0
339e914340a0,er80snh9@paytm,Uttar Pradesh,PNB,clean,individual,0
6ebe13602a81,ebvog58f@icici,Karnataka,Kotak,clean,individual,0
123ba60b7248,103zd83z@ibl,Karnataka,Union,clean,individual,0
733765b7dea8,y5rw0ih6@okaxis,Rajasthan,SBI,clean,individual,0
18563e78e42c,ab9x5vsn@icici,Bihar,PNB,clean,individual,0
6547d62b484b,430im1m1@upi,Tamil Nadu,Union,clean,individual,0
1bbf7f4ea208,nwa2fgyd@upi,Maharashtra,ICICI,clean,individual,0
590b158dcfc3,3k6y8dlm@ybl,Telangana,ICICI,clean,individual,0
24a569672c71,noa7sym1@ibl,West Bengal,BOB,clean,individual,0
7e2d1dbb9502,9rn594k5@ybl,West Bengal,PNB,clean,individual,0
61c8ba2ceab9,9gv3sdxy@oksbi,Kerala,SBI,clean,individual,0
6b9e652ba50c,zg5a9yzs@okaxis,Karnataka,Kotak,clean,individual,0
334be1bbf2eb,jkf446vl@axl,Kerala,SBI,clean,individual,0
7b01108e4d14,z2mo0x05@paytm,Delhi,Kotak,clean,individual,0
6e187bef08bb,935jarra@icici,Uttarakhand,Canara,clean,individual,0
51deccde0d29,ec8oi5uw@apl,Maharashtra,HDFC,clean,individual,0
012dc3a42e1b,6m1f0ti3@paytm,Uttarakhand,ICICI,clean,individual,0
06251bcdee6b,y4qu3uws@oksbi,Delhi,PNB,clean,individual,0
7d33ef0a7dd3,u3sa54fl@upi,Haryana,HDFC,clean,individual,0
4efa393ae3ac,a1p5a8as@oksbi,Haryana,HDFC,clean,individual,0
2c1c04208f10,kz41l4x5@ibl,Uttar Pradesh,PNB,clean,individual,0
24653dd0cc38,4m3qofq9@oksbi,Karnataka,Canara,clean,individual,0
0389c7535976,75hnhf3z@upi,Delhi,HDFC,clean,individual,0
480d58d56a1a,612g3qw6@oksbi,Kerala,Axis,clean,individual,0
59cc23e89cbe,f6q9g6xe@icici,Tamil Nadu,Union,clean,individual,0
189e1ada1364,37upijd8@ibl,Kerala,PNB,clean,individual,0
209c67a67042,irzaq7pg@ibl,Telangana,Axis,clean,individual,0
7c1db469a8fe,zd6fzv05@ibl,Tamil Nadu,Union,clean,individual,0
7041cdfccde6,kuvcrti3@apl,Gujarat,HDFC,clean,individual,0
0f05f1462b4d,l78hhflm@okaxis,Maharashtra,BOB,clean,individual,0
08be56935754,qoyqub5r@ybl,Uttar Pradesh,PNB,clean,individual,0
3cf0edb2d46e,0ol4s9sv@upi,Uttar Pradesh,Union,clean,individual,0
04109b620a31,crcn9hez@ibl,Tamil Nadu,PNB,clean,individual,0
3d93e230bae3,0z5mbhus@oksbi,Maharashtra,Union,clean,individual,0
66dc22b83ed4,s4v7bv17@apl,Karnataka,Canara,clean,individual,0
6403077fac17,swmmvf77@paytm,Bihar,BOB,clean,individual,0
778accdf8d81,lrg1fuo9@okaxis,Uttar Pradesh,ICICI,clean,individual,0
3008ff78ea05,69sdk11g@okaxis,Gujarat,HDFC,clean,individual,0
515f7a4b5689,jlpouy0b@ibl,Gujarat,Union,clean,individual,0
7cf6713fbfd5,6dux5w4o@oksbi,Tamil Nadu,Union,clean,individual,0
0ef9691821fc,heh5r0z9@apl,Delhi,Union,clean,individual,0
6f13694f338a,ql9rnx2z@paytm,Maharashtra,PNB,clean,individual,0
5f0d28a79971,wk4ifvez@ibl,Maharashtra,ICICI,clean,individual,0
6833b53190b9,scxvzc74@oksbi,Uttar Pradesh,PNB,clean,individual,0
4beb9895ed87,fkqitf90@upi,Telangana,Canara,clean,individual,0
0942dedcd0a0,uha3z76j@apl,Bihar,ICICI,clean,individual,0
295be2129ff2,2s6nytyp@icici,Karnataka,Canara,clean,individual,0
4832307fbcb8,5x5a7e0d@ybl,Uttar Pradesh,PNB,clean,individual,0
5a60e0dfd6c9,9red1kk3@upi,Maharashtra,SBI,clean,individual,0
5d62170747c4,o5kvwih5@paytm,Delhi,ICICI,clean,individual,0
7c87ce1821b7,010z65jr@okaxis,Uttarakhand,Union,clean,individual,0
1815c2bde686,b0tzxi3s@icici,West Bengal,HDFC,clean,individual,0
52343e0220c7,q1h0l5qa@upi,West Bengal,HDFC,clean,individual,0
06b80486eb97,j5flay6c@ibl,Delhi,Axis,clean,individual,0
2b9cb79f9cc2,dwi9euxh@okaxis,Uttar Pradesh,Canara,clean,individual,0
19610138e046,akpdkmm5@paytm,Uttarakhand,ICICI,clean,individual,0
04e8f9232137,fkii2fpr@paytm,Gujarat,BOB,clean,individual,0
76730a95090d,rmibhwmp@upi,Kerala,BOB,clean,individual,0
341721c15f4a,usk4ay8t@ybl,Karnataka,Canara,clean,individual,0
38de2b336b2c,zzmjwil7@upi,Maharashtra,ICICI,clean,individual,0
2c42f113a7a0,65yhhqjx@upi,Karnataka,HDFC,clean,individual,0
08de2bfac130,87v3c9ij@okaxis,Delhi,Union,clean,individual,0
67435d634e48,n74ny4jy@ybl,West Bengal,Kotak,clean,individual,0
7981b455b935,hzxp0ts3@okaxis,Uttarakhand,Union,clean,individual,0
5ed93689a957,mnl1ny1t@okaxis,Telangana,Canara,clean,individual,0
5194e92db3db,uwzg9lsz@apl,Delhi,PNB,clean,individual,0
641ffd09073f,74m2tcnh@ybl,Tamil Nadu,Axis,clean,individual,0
1e7916a47396,lpbshg00@okaxis,Haryana,Canara,clean,individual,0
00c0ca495b85,truhl6z9@ybl,Rajasthan,BOB,clean,individual,0
24d66d56f002,wd9dkvbp@oksbi,West Bengal,Canara,clean,individual,0
4ab3cb425635,ltrr8ccm@upi,West Bengal,Canara,clean,individual,0
7d4b1eac846d,4t1zqjhs@ybl,Uttarakhand,PNB,clean,individual,0
06b1f79b4106,xhcv4xj0@paytm,Uttar Pradesh,Kotak,clean,individual,0
5a0005771853,drp7fmdw@apl,Haryana,Axis,clean,individual,0
203f5dae604a,4ya7q30f@apl,Kerala,Axis,clean,individual,0
3d09c1afcc1f,b720ivrz@ibl,Delhi,Kotak,clean,individual,0
27a9596612dc,c4zzn34c@okaxis,Tamil Nadu,Union,clean,individual,0
6f20ff5b9984,qlehr7z4@ybl,Maharashtra,Kotak,clean,individual,0
52a4e993eb64,ayf45aiz@ybl,Haryana,Canara,clean,individual,0
3b062c286946,2a3rbkhd@paytm,Rajasthan,Axis,clean,individual,0
51ed1be259d7,5kzkq0b2@oksbi,Uttarakhand,Axis,clean,individual,0
4e0445c6660e,5kis7u27@ybl,Uttarakhand,PNB,clean,individual,0
23a25c21fc2e,4t5ug2eh@upi,Kerala,ICICI,clean,individual,0
301604f2597e,n4nnegai@oksbi,Uttarakhand,BOB,clean,individual,0
62a2680bc4bc,ectc00zx@axl,Maharashtra,Union,clean,individual,0
605e8763f0fa,8nee1dho@ibl,Uttarakhand,ICICI,clean,individual,0
472a829a563d,owot6d5v@upi,Haryana,Kotak,clean,individual,0
77baed3461a7,ptpcwuvz@ybl,Uttar Pradesh,BOB,clean,individual,0
7f431d1f8bcc,v78g9dn0@paytm,Tamil Nadu,ICICI,clean,individual,0
3fd1180b0d6e,y7cyo8qg@oksbi,Rajasthan,BOB,clean,individual,0
03caefe0c0f1,rxtxcnzr@ibl,Haryana,Kotak,clean,individual,0
2d9ffc62553c,twxjp4e3@axl,Gujarat,SBI,clean,individual,0
78bf20a5c6e3,xv11f1rb@upi,Karnataka,BOB,clean,individual,0
644bc6674eda,y15vk77v@ybl,Bihar,Kotak,clean,individual,0
347a6aed143e,q2fibqcb@ybl,Haryana,Canara,clean,individual,0
65621e2f834d,mtu9o575@ibl,Haryana,BOB,clean,individual,0
15a7512c1dd7,8dvgsdme@apl,Bihar,Kotak,clean,individual,0
407b6bd0352a,vfu4oazk@axl,Uttar Pradesh,Kotak,clean,individual,0
2fba3f970049,qx0q9k9n@apl,Haryana,Axis,clean,individual,0
7c721340f88d,sph742jc@ibl,Uttarakhand,ICICI,clean,individual,0
24ca87cc8370,61fo0ow6@ybl,Kerala,BOB,clean,individual,0
6f81d75b18c3,8gdpl0gw@oksbi,Uttarakhand,SBI,clean,individual,0
7bd3207aedab,fa7buhfr@ybl,Kerala,BOB,clean,individual,0
59d93dcaa649,be8khec3@okaxis,Uttarakhand,Union,clean,individual,0
35f9a986adfd,vjmqanxs@paytm,Haryana,HDFC,clean,individual,0
363f1ebdff8d,zxlqxuht@okaxis,Kerala,Axis,clean,individual,0
24bed7394863,ex6drxq6@ybl,Karnataka,BOB,clean,individual,0
209e8d6b4db2,3vh63sj7@icici,Gujarat,HDFC,clean,individual,0
7db49db9d749,hvg0htpm@paytm,Uttar Pradesh,HDFC,clean,individual,0
4b8d9ac309ad,ztjwzlgm@ibl,Gujarat,Axis,clean,individual,0
5aae9c7ff15d,zvuiruun@icici,Karnataka,Axis,clean,individual,0
628fdb258c96,mqzev7ip@icici,Tamil Nadu,PNB,clean,individual,0
3db9f08991c2,8t5k3acy@paytm,Maharashtra,Canara,clean,individual,0
6ae7d2c4b39b,ank1fub7@oksbi,Uttarakhand,Union,clean,individual,0
78c5e423ac06,g20ppaaq@ybl,Uttar Pradesh,HDFC,clean,individual,0
6126f9b63638,gxxbr0kc@oksbi,Karnataka,Canara,clean,individual,0
02bf7f4d2977,avimoqfr@ybl,Uttar Pradesh,BOB,clean,individual,0
14122b4c1937,8kfcjpb9@oksbi,Uttar Pradesh,PNB,clean,individual,0
56e4c7775534,0e7xdp5h@upi,Telangana,SBI,victim,individual,0
1fbc60e617ab,wigwbyy8@axl,Uttarakhand,HDFC,clean,individual,0
36fa07bbed23,dnal7duv@ybl,Gujarat,ICICI,clean,individual,0
77670299074a,a9qd50vl@paytm,Kerala,ICICI,clean,individual,0
5d8cee68c52f,lzwbyj0d@upi,Rajasthan,Union,clean,individual,0
4fe8bbd45df9,r600s1id@apl,Haryana,Union,clean,individual,0
0bd802f2e4d2,93oz83xj@okaxis,Telangana,Kotak,clean,individual,0
1007f4730c6a,qj9ynscj@oksbi,Haryana,BOB,clean,individual,0
35e6866f47ab,5gn0chwy@oksbi,Uttar Pradesh,PNB,clean,individual,0
573415c55cab,z32kinqy@icici,Karnataka,BOB,clean,individual,0
4721ad76426b,xmyzzk2e@apl,Uttar Pradesh,Axis,clean,individual,0
10275e6b8f92,j7iopvv8@axl,Karnataka,ICICI,clean,individual,0
7d56534980b5,7peii7ch@ibl,Tamil Nadu,Canara,clean,individual,0
547ea4fbb459,8pm2ok1u@axl,Gujarat,HDFC,clean,individual,0
75aa68d84fd3,hmucuxzp@upi,Tamil Nadu,BOB,clean,individual,0
7d633f9d8337,yw9np5y0@oksbi,Bihar,HDFC,clean,individual,0
07ca4fc5f79f,lcq9tk8o@axl,Rajasthan,Canara,clean,individual,0
5a3fcc377e43,gikrfm4x@paytm,Kerala,ICICI,clean,individual,0
0d31e83ca2b0,ffgcuvzs@paytm,Kerala,Axis,clean,individual,0
3dc2e96ed607,ttjpi8y6@paytm,Kerala,HDFC,clean,individual,0
2fb5622f539e,nigh5nls@ybl,Telangana,Canara,clean,individual,0
490aa6abc23e,8tkv5n0g@apl,Rajasthan,ICICI,clean,individual,0
52f7ba6f8e10,at5d69iw@okaxis,Uttarakhand,Kotak,clean,individual,0
3e97c5e7f874,owhy72wj@ybl,Gujarat,BOB,clean,individual,0
0222bdd105eb,a4hsn0jw@ybl,Delhi,BOB,clean,individual,0
1a7701f431ab,8kkttbfn@upi,Uttarakhand,SBI,clean,individual,0
6c100b63ef1d,0ckuascr@apl,Kerala,Axis,clean,individual,0
538e0ed13775,pnlngsgm@icici,Telangana,Union,clean,individual,0
2fc7f94f0003,qm2w19lb@axl,Uttarakhand,PNB,clean,individual,0
53d1ca2b83db,1rxhnuyx@apl,Delhi,Kotak,clean,individual,0
0cc86d6ffe48,lw2oia9d@ibl,Tamil Nadu,BOB,clean,individual,0
5b34bfa8abf0,4nhy9d5a@ybl,Tamil Nadu,Union,clean,individual,0
51ac2dc63d72,dy07thx1@okaxis,Haryana,Union,clean,individual,0
1b895c4f71d5,l425tbg1@okaxis,Rajasthan,ICICI,clean,individual,0
2fbafddc15e3,ht3dxacc@ybl,West Bengal,ICICI,clean,individual,0
23cbe901a715,2ml0htwt@apl,Bihar,BOB,clean,individual,0
0b79f334db41,lt4koq12@okaxis,Uttarakhand,Kotak,clean,individual,0
4d3d7ae8dad1,5pw7vr41@ybl,Tamil Nadu,Canara,clean,individual,0
6a302e3f5ff2,9szonacz@paytm,Karnataka,Kotak,clean,individual,0
57aa881df803,x7ur2d0e@upi,Bihar,PNB,clean,individual,0
62b388d78c42,xxlvftpr@axl,Uttar Pradesh,BOB,clean,individual,0
61b4318e399e,6140bqae@apl,Delhi,Canara,clean,individual,0
542018dd3c36,puqykw0i@paytm,Uttarakhand,HDFC,clean,individual,0
181405e04170,jai4at30@upi,Delhi,Axis,clean,individual,0
0221623f8e11,mfstqpsj@okaxis,Karnataka,SBI,clean,individual,0
3eb0bf08812a,4rtkdnl7@icici,Tamil Nadu,BOB,clean,individual,0
4aeb6256005c,omycelcr@ybl,Maharashtra,Kotak,clean,individual,0
5911b3b354ee,wwxmut4d@okaxis,Karnataka,Canara,clean,individual,0
07a8f85dbf9a,b3kg21us@ibl,Maharashtra,SBI,clean,individual,0
00d45cad2aae,lmrlry2o@ybl,Rajasthan,BOB,clean,individual,0
3b9ff72402c2,kcgth9fg@ybl,West Bengal,Union,clean,individual,0
5300c93dbbd0,wg5r5pa3@paytm,Tamil Nadu,PNB,clean,individual,0
3a37868b106f,gwgulvel@ibl,Rajasthan,SBI,clean,individual,0
09cb3d71d5c3,ri40qvo3@ybl,Uttar Pradesh,Canara,clean,individual,0
1c32adaf4780,4e07rkfs@ybl,Uttarakhand,HDFC,clean,individual,0
5d05917f877c,rz5eyt8b@icici,Haryana,PNB,clean,individual,0
563a5d056390,2ym7n6bb@okaxis,Rajasthan,BOB,clean,individual,0
39d77dcc2aa4,mx3vihz0@ybl,Delhi,BOB,clean,individual,0
7c51dd9fc50d,tr6ceuk4@upi,Karnataka,BOB,clean,individual,0
708aeb43fc12,ib14t66w@ybl,Delhi,BOB,clean,individual,0
18d05034958f,py7zmqzg@ybl,Haryana,SBI,clean,individual,0
099614bf5c13,zhyg6ptn@ybl,Delhi,PNB,clean,individual,0
095e0ac2cd47,m3fk60nm@apl,Tamil Nadu,PNB,clean,individual,0
0aae46321a0b,j0mwh456@okaxis,Haryana,ICICI,clean,individual,0
413b6cdb8dd4,kg1cpx20@paytm,Gujarat,BOB,clean,individual,0
649abcf3c462,pkzm7s16@icici,Uttar Pradesh,PNB,clean,individual,0
03b6e47e353d,8ba1xi1p@axl,Telangana,Union,clean,individual,0
2bff7c083703,6ohs8bf6@axl,Haryana,Kotak,clean,individual,0
3b0dd5e787e5,nbs27ft0@ybl,Gujarat,ICICI,clean,individual,0
29fb8c8d1db2,rw9n1ggw@icici,Karnataka,BOB,victim,individual,0
284877d3b554,uh7enhg2@axl,Haryana,Union,clean,individual,0
5d7476af040a,ttb7y7qn@apl,Karnataka,Canara,clean,individual,0
2bc5b4d402c2,gb0trgpl@okaxis,West Bengal,Union,clean,individual,0
2a029e0821b8,extfl00a@ybl,Kerala,PNB,clean,individual,0
4b839466a2c5,v22bao1i@okaxis,Uttarakhand,ICICI,clean,individual,0
2ab33c2ae9e8,fjsfxo7t@apl,Maharashtra,SBI,clean,individual,0
3ebaa0d5ad0d,8kw9i481@okaxis,West Bengal,Axis,clean,individual,0
72016045456a,0e3cr79l@ybl,Tamil Nadu,Union,clean,individual,0
41067a1581b8,dvyc860e@okaxis,Rajasthan,Axis,clean,individual,0
405174d1ea71,qyzmgvry@upi,Maharashtra,Canara,clean,individual,0
2f643a976b69,mpr54shc@axl,Delhi,SBI,clean,individual,0
07c211680b3d,fgbdrs7t@apl,Karnataka,Axis,clean,individual,0
7a74ee4b7500,a2qom4gs@paytm,West Bengal,SBI,clean,individual,0
3a557ac2752d,7d7oew3h@oksbi,Uttarakhand,SBI,clean,individual,0
0051a23d978d,3ye7uwe4@paytm,Rajasthan,BOB,clean,individual,0
3e8b11028a47,ahrgpk1n@icici,Uttar Pradesh,Axis,clean,individual,0
3832a5dea4bf,eeki6e3f@ibl,Karnataka,Kotak,clean,individual,0
4d2c2cda27b7,ovkdwpl4@ibl,Uttarakhand,Kotak,clean,individual,0
241f2b505c15,oc0dqjd6@okaxis,Haryana,BOB,clean,individual,0
7b8d44e60fc8,0lqzr4wm@oksbi,Telangana,Axis,clean,individual,0
2536e3bedede,y1yzhnht@oksbi,Rajasthan,BOB,clean,individual,0
019d32bd91ef,yu30el3s@icici,Haryana,HDFC,clean,individual,0
028da8e7b401,cosn99y6@apl,Tamil Nadu,Axis,clean,individual,0
4c4eb507cccd,40ew7hth@ibl,Uttar Pradesh,PNB,clean,individual,0
49da8d1958f8,fndw59hz@ibl,Uttar Pradesh,SBI,clean,individual,0
74316126f0bc,jm5rqlrw@apl,Bihar,Canara,clean,individual,0
1b46d90f6542,q1g7n6q5@ybl,Gujarat,BOB,clean,individual,0
43482d11d431,loh9uq8q@ibl,Tamil Nadu,HDFC,clean,individual,0
34f9ef5ace7a,txjig3mx@oksbi,Telangana,Axis,clean,individual,0
138879aa3a88,5fquqxpf@ybl,Maharashtra,PNB,clean,individual,0
4018780d966b,67g36dhs@paytm,Tamil Nadu,Union,clean,individual,0
1574cc076339,8xasp1ea@upi,Kerala,BOB,clean,individual,0
501e403dc688,2s856mwi@ybl,Karnataka,HDFC,clean,individual,0
6ba07de2e6ef,p1ms3p4s@apl,Kerala,BOB,clean,individual,0
0b729a4a7b02,z8wfy28v@apl,Rajasthan,SBI,clean,individual,0
5011ab37264f,v39v7z31@okaxis,Maharashtra,HDFC,clean,individual,0
79bfb85eb8bb,q3yna5hy@okaxis,Bihar,Union,clean,individual,0
0514813fad85,eouowpzl@apl,Delhi,Axis,clean,individual,0
0e91a4e3d091,wdhrue11@paytm,Haryana,HDFC,clean,individual,0
332c1def38cd,1f5ydxs0@axl,Rajasthan,HDFC,clean,individual,0
1bf3fa108fdb,kahu14e1@okaxis,Rajasthan,SBI,victim,individual,0
207bc7114981,wwaz8179@ibl,Bihar,Axis,clean,individual,0
3aae41a13f02,9agwsarp@icici,Rajasthan,BOB,clean,individual,0
267a7cc5867f,fsqca1y5@paytm,Gujarat,SBI,clean,individual,0
38deb73e7a34,n4ya91w2@upi,Uttar Pradesh,BOB,clean,individual,0
1df6e160bb5e,0h0mulp5@axl,Telangana,BOB,clean,individual,0
073ecf80b70d,6g39ab1e@ibl,Karnataka,Kotak,clean,individual,0
11e755a2f687,jjort4te@paytm,West Bengal,SBI,clean,individual,0
0f20554bba4b,u052tlcd@paytm,Karnataka,Axis,clean,individual,0
59d7d8f6d751,bn77ol30@okaxis,West Bengal,Canara,clean,individual,0
1735299f69b6,uulrvlwr@oksbi,Tamil Nadu,BOB,clean,individual,0
7f7d33b30b53,m64tvvav@ibl,Bihar,Kotak,clean,individual,0
4908e3d4e0ca,g59zp808@axl,Delhi,Canara,clean,individual,0
60ef924d50c1,2hcpt6t0@upi,Bihar,Union,clean,individual,0
6eb1f8c43591,uxxf09j5@axl,Delhi,BOB,clean,individual,0
67bda8c9209c,xe6x3yzi@apl,Bihar,SBI,clean,individual,0
30a8056da856,f2fwpz2q@axl,West Bengal,HDFC,clean,individual,0
7ae9ec4f9dc8,mk7mz644@axl,Rajasthan,HDFC,clean,individual,0
68be6577074b,f2czqdv8@okaxis,Bihar,Canara,clean,individual,0
7f3777e7366f,gg5qj612@upi,Delhi,HDFC,clean,individual,0
71b79629edef,ud2x59kf@paytm,Uttar Pradesh,Kotak,clean,individual,0
63049c926ee3,r2tm2m9i@ybl,Rajasthan,Kotak,clean,individual,0
2d91b1a9f9f6,epo5vc2c@paytm,West Bengal,Kotak,clean,individual,0
3842938d9149,qpjwiiae@apl,Uttarakhand,Axis,clean,individual,0
57b2bb056ad6,lz2x56qo@axl,Telangana,BOB,clean,individual,0
77a6cec3ead4,iqtcedc5@apl,Gujarat,Axis,clean,individual,0
02a8358339d9,tz837hey@axl,Kerala,Axis,clean,individual,0
23f7c1100751,jnwzerxj@okaxis,Gujarat,SBI,clean,individual,0
5bd2bd41efdc,emleumqu@axl,Haryana,Axis,clean,individual,0
233f72a2844d,vs7d7dzx@paytm,Haryana,SBI,clean,individual,0
567bb1ce701b,etxmlr68@paytm,Bihar,SBI,clean,individual,0
4983d09438f4,hn3bc4t2@paytm,Telangana,Axis,clean,individual,0
1ee93c21a3ee,0h6fcmtt@oksbi,Tamil Nadu,BOB,clean,individual,0
4e7e8cad3e1d,bkce0t95@upi,Rajasthan,Kotak,clean,individual,0
56a29104efdc,xba3af9p@oksbi,Bihar,BOB,clean,individual,0
16aa305a86d4,unxppdel@apl,West Bengal,Canara,clean,individual,0
3ce930c3bc19,pckr4kr6@ibl,Delhi,BOB,clean,individual,0
6f3e0c2191a3,dg2aeibj@axl,Telangana,Kotak,clean,individual,0
56e52798de7e,knqk4tlo@ybl,Rajasthan,Kotak,clean,individual,0
520c46cf9574,1co8cfjq@ybl,Maharashtra,HDFC,clean,individual,0
2541de9eb8fd,uol9l6s6@oksbi,Tamil Nadu,HDFC,clean,individual,0
2c4b536100a9,i9o1r6p9@axl,Tamil Nadu,Canara,clean,individual,0
49c2e81a46b0,ux7mm97n@ibl,Telangana,BOB,clean,individual,0
00cb534dae9d,y3vy945c@paytm,Bihar,Canara,clean,individual,0
2780570dcb5d,lu4dfnnf@okaxis,Maharashtra,HDFC,clean,individual,0
629acc7c0273,3xvnls8i@ibl,Uttar Pradesh,Kotak,clean,individual,0
40b48e7ea431,pfkz58pk@paytm,Gujarat,Canara,clean,individual,0
1974f1484b07,13dcqru5@axl,Delhi,Union,clean,individual,0
5252ef77b52b,yjtmnopj@ybl,Maharashtra,BOB,clean,individual,0
348edac49ff9,b76p3lbg@icici,Rajasthan,PNB,clean,individual,0
394010a43e98,rfbh9w6w@icici,Uttarakhand,Union,clean,individual,0
54b70793abc8,a17r18s3@icici,Rajasthan,Canara,clean,individual,0
2b00a2f34cde,j13u5ovq@icici,Maharashtra,BOB,clean,individual,0
07861cb50097,gdsqqndp@upi,Maharashtra,ICICI,clean,individual,0
113f7193f501,ourozi4a@oksbi,Telangana,BOB,clean,individual,0
712a70e05840,agqamium@upi,Tamil Nadu,SBI,clean,individual,0
2bb87fc555dc,1y83gzfn@upi,Telangana,HDFC,clean,individual,0
55f07e1e7f34,qn84ncum@paytm,Telangana,HDFC,clean,individual,0
78dc99f91de5,qavx5nmw@upi,Kerala,Union,clean,individual,0
632e4c98ea09,3sxugwm4@upi,Rajasthan,Axis,clean,individual,0
2d18e9865d8b,vb50rgeq@icici,Delhi,BOB,clean,individual,0
73f4be16ad58,fwapadsb@ibl,Tamil Nadu,Union,clean,individual,0
5d41fef39069,s1xqm8fz@ibl,Maharashtra,SBI,clean,individual,0
5e89437db330,pim92jdu@oksbi,Maharashtra,Canara,clean,individual,0
71ece94b5223,5hlxpe0t@oksbi,Bihar,Canara,clean,individual,0
7f07b6d57c3e,yte1gh3x@icici,Haryana,PNB,clean,individual,0
774fe9c47a0a,6oaa4437@ibl,Karnataka,BOB,clean,individual,0
1766c943c429,rgbop5w2@ybl,Delhi,BOB,clean,individual,0
7fe15a38b618,tfrc3sb4@ybl,Telangana,Union,clean,individual,0
7df83ce6e626,mdnmom3r@apl,Bihar,SBI,clean,individual,0
2c398a644f7f,il3phs8p@icici,Maharashtra,PNB,clean,individual,0
1edfbec4cfd9,r3ym2f9f@apl,Delhi,ICICI,clean,individual,0
066914de93c4,07gqhow2@okaxis,Kerala,SBI,clean,individual,0
0429f2cb5274,yy63yen5@paytm,Bihar,Canara,clean,individual,0
21651126397e,qudr3pcj@apl,Uttarakhand,PNB,clean,individual,0
72652c653225,kpd95shi@paytm,Uttarakhand,Axis,clean,individual,0
339a51d97135,ntjsy90k@okaxis,West Bengal,Kotak,clean,individual,0
6610e809ec26,a5qd88po@icici,Bihar,BOB,clean,individual,0
228a63901e6b,4e4dmgp4@oksbi,Rajasthan,Union,clean,individual,0
516ca6930995,vepa9ir9@axl,Telangana,Canara,clean,individual,0
12c693f713f7,nkruqgyb@ibl,Telangana,Union,clean,individual,0
3c4538575814,n6k19aw6@paytm,Uttarakhand,Union,clean,individual,0
194c5b104e40,3vo6e7jv@okaxis,Rajasthan,Canara,clean,individual,0
022597be0366,tjg8fjxv@axl,Uttar Pradesh,HDFC,clean,individual,0
7dbf301a84e7,qlet1d0m@ibl,Rajasthan,Axis,clean,individual,0
7c95264bcbe2,6svk69m1@ibl,Maharashtra,ICICI,clean,individual,0
778e5e5a90e2,tqgh35xj@ibl,Telangana,Axis,clean,individual,0
6aa7d905047b,m8344lfx@oksbi,Maharashtra,HDFC,clean,individual,0
2c8c8042b226,kic900qq@ybl,West Bengal,BOB,clean,individual,0
092738c37a68,brkim1in@axl,Kerala,HDFC,clean,individual,0
1dd07108a7dd,tz8zihsr@apl,Karnataka,HDFC,clean,individual,0
2b02d4ea6e39,jqaous4b@oksbi,Haryana,Axis,clean,individual,0
1a0b3942f15c,hrw0c7jd@icici,West Bengal,Kotak,clean,individual,0
4e021ac08586,t0m4w50p@oksbi,West Bengal,Axis,clean,individual,0
681e801c8b4f,wy9n77ly@ybl,Uttarakhand,SBI,clean,individual,0
25c91212babf,pjddeacn@ybl,Kerala,Kotak,clean,individual,0
5303e795855c,dgu4961a@okaxis,Delhi,PNB,clean,individual,0
181ee5eb31c8,0a2b8ht7@ibl,Bihar,Union,clean,individual,0
3685edff0dcf,p2qju2vy@paytm,Tamil Nadu,HDFC,clean,individual,0
7c12e2dd3dfd,7igi6j48@ybl,Karnataka,BOB,clean,individual,0
471aa35a0e16,qrcerott@ybl,Rajasthan,BOB,clean,individual,0
42f09b4f6052,8cb744gl@okaxis,West Bengal,HDFC,clean,individual,0
54c298f959b5,xc6jsw0k@icici,Haryana,Kotak,clean,individual,0
6135a0eebc89,ydlui6qp@ybl,Kerala,Union,clean,individual,0
7cdcb0924d74,ivb8li9a@okaxis,Maharashtra,Canara,clean,individual,0
53233f021696,yptobyu1@oksbi,Delhi,HDFC,clean,individual,0
5eb65d5396f1,nta7h1qe@icici,Rajasthan,PNB,clean,individual,0
2f9fe45008e0,zb9s9uuy@icici,Tamil Nadu,Union,clean,individual,0
201665a7839b,k5jnu0dx@ybl,West Bengal,ICICI,clean,individual,0
013fe2747da5,ch940csp@upi,Telangana,Kotak,clean,individual,0
61cf9b9c1e61,v5xo709b@apl,Karnataka,Union,clean,individual,0
7c1848b2ed4b,ny28dx2o@paytm,West Bengal,BOB,clean,individual,0
51526d4d2db7,ckdq2dn3@upi,Delhi,BOB,clean,individual,0
5a31ff587b60,aixt5u9c@oksbi,Rajasthan,Kotak,clean,individual,0
082c5caa7edb,rjkazm5a@upi,Tamil Nadu,Kotak,clean,individual,0
7117207f2e2b,3luv50po@paytm,Haryana,BOB,clean,individual,0
5e6de3bf61f2,lfg42hpi@oksbi,Bihar,Union,clean,individual,0
1b470f7f6019,ucgy5076@icici,Bihar,Axis,clean,individual,0
5e14d4fd8bb1,g9d30grd@axl,Delhi,Canara,clean,individual,0
0968195096ca,broncmvd@ibl,Karnataka,Kotak,clean,individual,0
1cfb456a5572,hggfio4v@upi,West Bengal,Kotak,clean,individual,0
48ab10a07467,2zc6og41@ibl,Uttar Pradesh,Axis,clean,individual,0
013d67af8d11,tipf7nuc@apl,Kerala,PNB,clean,individual,0
5ef85640fa37,y0fg6lld@apl,Tamil Nadu,Canara,clean,individual,0
63324355b6ed,9regohrr@oksbi,Rajasthan,ICICI,clean,individual,0
3a20ff6d041c,y8xa9buv@ibl,Kerala,SBI,clean,individual,0
547da7142e90,ut5enils@apl,Kerala,PNB,clean,individual,0
0139802404eb,v4gn06xq@icici,West Bengal,PNB,clean,individual,0
62270b0e02da,zomo8tz4@oksbi,Rajasthan,ICICI,clean,individual,0
767a91330dea,8lxseo45@oksbi,Delhi,Kotak,clean,individual,0
3df83b08d927,nspimgpr@icici,Tamil Nadu,HDFC,clean,individual,0
21b3e3ed73cf,eijuz89n@paytm,Haryana,Axis,clean,individual,0
43903c6be078,nlglouq4@icici,Gujarat,SBI,clean,individual,0
5b275db3ff78,jifa2hqr@upi,Karnataka,ICICI,clean,individual,0
0fba4fd98aaa,c06h3mq7@upi,Gujarat,SBI,clean,individual,0
7204ebb6ec15,xy6884du@upi,Uttarakhand,Axis,clean,individual,0
7230c562a065,0ej9391a@ybl,Uttar Pradesh,Axis,clean,individual,0
6d71d640d650,vpgde5l1@paytm,Telangana,Canara,clean,individual,0
7d78060df1a3,2ms8o1qm@okaxis,Uttarakhand,Union,clean,individual,0
3a9588701e4b,9kv7vuxd@ybl,Kerala,BOB,clean,individual,0
6123f8838715,kxquts2t@oksbi,Delhi,Union,clean,individual,0
4e52e368997b,f8zse4op@ybl,Uttar Pradesh,HDFC,clean,individual,0
08df705f303b,vsfv0sza@ibl,Telangana,Union,clean,individual,0
7e9a8e17b058,yb20tbpa@apl,West Bengal,SBI,clean,individual,0
0affa2ff6d72,0cdln0wo@icici,Telangana,PNB,clean,individual,0
1cf895e946fa,axgvib3c@ibl,Rajasthan,ICICI,clean,individual,0
41d7034404fe,wx34wakw@ybl,Telangana,SBI,clean,individual,0
0e323ba1ae8c,o4xpqvli@ibl,Bihar,Union,clean,individual,0
2281a5f73619,jg8q9i20@ybl,Haryana,Axis,clean,individual,0
587f4ac42bab,tvsx9d18@apl,Delhi,PNB,clean,individual,0
08171d1045eb,mlfx0ou9@okaxis,West Bengal,ICICI,clean,individual,0
4d734096263b,h75aktwu@okaxis,Haryana,Canara,clean,individual,0
1bbccd6c30e1,ah9u353a@apl,Gujarat,Kotak,clean,individual,0
168ac8bd2a1d,fi524ebe@okaxis,West Bengal,Kotak,clean,individual,0
3bc79a79709c,e6u715h1@upi,Tamil Nadu,Axis,clean,individual,0
412a205d4a86,8bld5q7m@axl,Delhi,ICICI,clean,individual,0
34aa5f13d98a,r589y22t@ybl,Tamil Nadu,BOB,clean,individual,0
67e0c3e790e4,2bndgccn@ybl,Tamil Nadu,SBI,clean,individual,0
3d5fcddfee8a,4fbklj3z@paytm,Karnataka,SBI,clean,individual,0
49a5be9a66b4,8x37x9mi@apl,West Bengal,HDFC,clean,individual,0
5691399770f8,h85hfax3@oksbi,Gujarat,Axis,clean,individual,0
1e40973ef9b6,8acafla3@okaxis,Bihar,BOB,clean,individual,0
0274e7018a85,0suprqgx@okaxis,Uttar Pradesh,Union,clean,individual,0
358ed428753e,mpl7a5zr@axl,Uttar Pradesh,Union,clean,individual,0
2996d3acd0cb,8vafwh2k@oksbi,Delhi,Kotak,clean,individual,0
780f82d7769c,rtltj3bv@ibl,Tamil Nadu,SBI,clean,individual,0
50e312795de9,duxs0ayq@axl,Tamil Nadu,Kotak,clean,individual,0
0b710433f7e9,hw0rl301@icici,Delhi,BOB,clean,individual,0
130647bc8757,4iuihho1@icici,Rajasthan,BOB,clean,individual,0
11a1832d7aed,7ow5xa2o@ybl,Tamil Nadu,Kotak,clean,individual,0
6628183b5375,ofgqnp2d@apl,West Bengal,ICICI,clean,individual,0
2e9a80326dea,dvg68i5b@oksbi,Bihar,PNB,clean,individual,0
60c1e1f66925,2pks75av@upi,Uttar Pradesh,Axis,clean,individual,0
21383a4fed9b,audrm8um@ybl,Kerala,Union,clean,individual,0
4ada33bd80ad,qiyjl1t7@oksbi,Kerala,ICICI,clean,individual,0
36cc505bcc6c,7pbtabyi@axl,Uttarakhand,ICICI,clean,individual,0
7e633873899b,twizov66@ybl,Haryana,ICICI,clean,individual,0
776286776cb9,1xf7r6kt@icici,Karnataka,Union,clean,individual,0
4e01f3f5aaf7,29ew3lxf@oksbi,West Bengal,ICICI,clean,individual,0
62bb62f62bb1,nykzzg4l@ibl,Delhi,Axis,clean,individual,0
1916f3ff41f7,dni9xjzp@icici,Haryana,Union,clean,individual,0
7a3a5062be5c,a5cltl7f@okaxis,Bihar,Canara,victim,individual,0
4d17a5038b58,3bg6ezpa@axl,Uttarakhand,Canara,clean,individual,0
33b6132f2648,f0c2kgv0@axl,Haryana,PNB,clean,individual,0
0cd75cb93dca,gw69ow1l@axl,Karnataka,PNB,clean,individual,0
40cdacb56bf1,54f8njsq@ibl,Bihar,ICICI,clean,individual,0
6427270b6486,va9ry3xa@okaxis,Karnataka,Axis,clean,individual,0
0b5708b21602,bjlmmdcm@oksbi,Telangana,Canara,clean,individual,0
0c884bfa742e,8exbbgcz@ybl,Karnataka,Axis,clean,individual,0
65d49a3413e9,nuaopqny@upi,Delhi,PNB,clean,individual,0
6620ff277180,ka9zibon@icici,Telangana,PNB,clean,individual,0
643aa8b34e04,gzoro8a0@ybl,Karnataka,PNB,clean,individual,0
607f23003d9f,vc0prwgk@icici,West Bengal,BOB,clean,individual,0
5dfeef3dbf13,l21mjbdm@okaxis,Rajasthan,Kotak,clean,individual,0
5eec2e1e227d,l2zxdk89@okaxis,Bihar,Kotak,clean,individual,0
12b2cf7d5437,kokvjvbl@ybl,Tamil Nadu,PNB,clean,individual,0
026dd827276c,scznlatw@axl,Maharashtra,BOB,clean,individual,0
275934467255,7kvn7mow@oksbi,West Bengal,Axis,victim,individual,0
4eb00b437b24,7cbmi5wj@upi,Gujarat,Kotak,clean,individual,0
0aa9cd8e78be,cukx25zi@ibl,Haryana,ICICI,clean,individual,0
4878ba3aa59d,8y6llql6@axl,Delhi,HDFC,clean,individual,0
2cc1a37bb142,fdtn8nbz@icici,Rajasthan,Union,clean,individual,0
3bacbbdffd03,k9lh20mm@oksbi,Delhi,Axis,clean,individual,0
590fac33f6ad,uhyfk7bq@okaxis,Karnataka,SBI,clean,individual,0
799581a2b00c,x7mvsmiv@apl,Telangana,SBI,clean,individual,0
61591c6679f3,em2o2khw@okaxis,Uttarakhand,Union,victim,individual,0
43b6ef7f8abf,ocfdeu0p@axl,Kerala,SBI,clean,individual,0
6abdc7aad502,rn555e28@ibl,Tamil Nadu,BOB,clean,individual,0
7b97fbac5224,j7ncubti@icici,Telangana,HDFC,clean,individual,0
76f52805f633,a46edt8g@okaxis,Tamil Nadu,BOB,clean,individual,0
09535c2c19cd,rptu33j9@ybl,Karnataka,HDFC,clean,individual,0
5b98af14f52a,l686dkvw@paytm,Maharashtra,Union,clean,individual,0
6cb4c784342b,1r9v8wi4@ibl,Uttarakhand,HDFC,clean,individual,0
1b6c7cdd1714,bdyg460x@ibl,Delhi,HDFC,clean,individual,0
4d463ffb52b1,zec2wvez@okaxis,Uttar Pradesh,Axis,clean,individual,0
2b7fb0b08f9c,0yhbozut@icici,Maharashtra,Union,clean,individual,0
4850bd02dea8,iywbjcmv@upi,Tamil Nadu,Canara,clean,individual,0
6c1979fd1a84,6u6vs9dx@apl,Uttar Pradesh,SBI,clean,individual,0
6a18b2494fae,m9pf5hjn@apl,Bihar,ICICI,clean,individual,0
0893531e074f,tygipgq5@apl,Kerala,Axis,clean,individual,0
5848400f0083,01y92a18@axl,West Bengal,ICICI,clean,individual,0
1139fb09f13a,hxp6gn86@oksbi,Uttarakhand,Canara,clean,individual,0
3d61ddbc8e79,dzrnzrnx@upi,Rajasthan,HDFC,clean,individual,0
79bf956de52c,dq3vxlx7@upi,Bihar,PNB,clean,individual,0
6658d44f6216,7ld9i8kx@apl,Delhi,HDFC,clean,individual,0
171ea5d8ad5e,8nb7enk6@icici,West Bengal,Union,clean,individual,0
376fdafef9ab,k6aa3x6j@oksbi,Gujarat,HDFC,clean,individual,0
6f6809402c6f,vwh93hfp@apl,Delhi,Canara,clean,individual,0
599daf43376d,k92j37qw@icici,Uttarakhand,ICICI,clean,individual,0
72c6090f2c8a,kgpqtpq5@axl,Uttar Pradesh,HDFC,clean,individual,0
7ebaae95f8de,szcvxwms@axl,Maharashtra,ICICI,clean,individual,0
7699d6ff95c9,0adu6ps2@upi,Delhi,BOB,clean,individual,0
4b9c9e2e3b05,0mb0vz2l@icici,Kerala,ICICI,clean,individual,0
21e29bf220a8,c3rntomk@ybl,Telangana,HDFC,clean,individual,0
5d3fc1d6d5db,dukdys9z@paytm,Uttarakhand,Axis,clean,individual,0
718529d20056,2w76akx3@okaxis,Tamil Nadu,Kotak,clean,individual,0
3ca0fb751c67,volzc4ty@apl,Tamil Nadu,Union,clean,individual,0
50c9f17af0a3,asi6hy5o@ibl,Karnataka,PNB,clean,individual,0
3145a0da89ff,b6hb2l4n@upi,Rajasthan,SBI,clean,individual,0
263b53648837,b750w420@icici,West Bengal,Union,clean,individual,0
6ba4a59a93fd,augrrd8f@okaxis,Kerala,Kotak,clean,individual,0
71bd0ed95cc5,xbvug19k@ibl,Maharashtra,Kotak,clean,individual,0
112db610c8e3,9k020w3g@okaxis,Telangana,PNB,clean,individual,0
1b94b5c6a92e,t0n8z5pw@ybl,West Bengal,ICICI,clean,individual,0
044f3f7af92a,l8cuoyav@okaxis,Kerala,Kotak,clean,individual,0
226ee991ee0f,pe4ljq2c@upi,Telangana,SBI,clean,individual,0
6ac518b1f6f4,w4in8i2c@ibl,Telangana,Kotak,clean,individual,0
26b207b26181,1gx8gs5z@icici,Karnataka,SBI,clean,individual,0
2c78e3709329,xh63swzp@ybl,Rajasthan,Canara,clean,individual,0
1222656aa920,z3cvrrn4@oksbi,West Bengal,SBI,clean,individual,0
505bc90b90f9,rkpnd01v@upi,West Bengal,Kotak,clean,individual,0
58033d13bf89,myxdvrh4@icici,Uttarakhand,Canara,clean,individual,0
7fc3bb7e3ef5,61e3h0vk@ybl,Uttarakhand,ICICI,clean,individual,0
01159bd9567c,r47m76wh@ybl,Bihar,Canara,clean,individual,0
4d4fb86e55dd,b6bi9ou9@upi,Haryana,BOB,clean,individual,0
6ecbe109d92c,ysyosqf9@okaxis,Maharashtra,Canara,clean,individual,0
2a071122d8f8,sb7bfqbe@ibl,Tamil Nadu,Canara,clean,individual,0
62d9d30f8b21,64qbz13g@okaxis,Delhi,Kotak,clean,individual,0
41574aa40f5c,oiy6cvzx@upi,Telangana,SBI,clean,individual,0
2e6d31eae9b6,riqhdwmv@icici,Uttarakhand,Kotak,clean,individual,0
49628d124efc,uvns8xg2@paytm,Bihar,SBI,clean,individual,0
7763bf7b1627,pydmtqs3@apl,Delhi,Axis,clean,individual,0
3b9bac9bf052,ap3d0hgb@axl,Delhi,Canara,clean,individual,0
59f37e99de48,uowtwq69@ibl,Haryana,Union,clean,individual,0
6c0303259a84,sgj7xniu@icici,Gujarat,BOB,clean,individual,0
0ecf946eaef1,95rx2nmw@okaxis,Karnataka,Axis,clean,individual,0
26d7bbbdcef3,9jtmts58@ibl,Karnataka,HDFC,clean,individual,0
1297a44386aa,8ciajl34@apl,Maharashtra,SBI,clean,individual,0
03fa1fd01a4f,js2oywh6@paytm,Uttarakhand,Kotak,clean,individual,0
12cabde27957,e59sjcsw@apl,Bihar,HDFC,clean,individual,0
78aeaa40ceb0,hi423uku@oksbi,Tamil Nadu,BOB,clean,individual,0
6e6745b32fe6,zq6mi38h@oksbi,Telangana,ICICI,clean,individual,0
15fc20d66f83,90i5u148@okaxis,Bihar,Axis,clean,individual,0
6174e0edda5d,1zng2jsf@oksbi,Uttarakhand,Canara,victim,individual,0
647a619f8613,hvpy9ixq@okaxis,Delhi,BOB,clean,individual,0
2e544f0e30fb,8w5efs93@apl,West Bengal,ICICI,clean,individual,0
5468b43f2ac0,zkfhugkk@ybl,Tamil Nadu,Axis,clean,individual,0
48cca5f57f72,f1eto2iy@oksbi,Karnataka,ICICI,clean,individual,0
1a208e20afdd,h6j1m2uu@axl,Delhi,SBI,clean,individual,0
24c444166e0d,wtoljoi8@oksbi,Rajasthan,Union,clean,individual,0
0880c7801ebf,l2lb35e5@okaxis,Karnataka,PNB,clean,individual,0
5b402cc8085c,0dsmzvrx@oksbi,West Bengal,Kotak,clean,individual,0
03b30891b457,9g5xlxkk@upi,Haryana,HDFC,clean,individual,0
56c0452a66a6,kzfek9mk@axl,Rajasthan,SBI,clean,individual,0
3d130e7bb6f1,15ccz27f@oksbi,Uttar Pradesh,PNB,clean,individual,0
2a29c961d548,zptxogiw@axl,Gujarat,Kotak,clean,individual,0
09f86ebfc228,e6wrjhqp@okaxis,Delhi,Axis,clean,individual,0
1450641f457c,ouqz8iyg@oksbi,Uttarakhand,Union,clean,individual,0
65ae8a52f279,xushk92p@icici,Uttarakhand,Axis,clean,individual,0
3f7c0d39533b,mzk026je@ybl,Karnataka,Axis,clean,individual,0
3feee51f6828,pssjqq7l@apl,Tamil Nadu,PNB,clean,individual,0
61a0a02a4870,9ses5bhg@okaxis,Maharashtra,HDFC,clean,individual,0
502448146e7f,a35slqzo@axl,Telangana,Axis,clean,individual,0
0ecf4b227732,0ucx8t9e@apl,Delhi,BOB,clean,individual,0
2899b7894ecf,z725y9g2@icici,Rajasthan,Canara,clean,individual,0
131127ab0a64,8874efun@upi,Kerala,BOB,clean,individual,0
39ea6293c27a,l9wd4km7@apl,Tamil Nadu,Axis,clean,individual,0
589e8bcd90ae,7t62c7jf@oksbi,Uttar Pradesh,BOB,clean,individual,0
7817821211be,8jga4ey1@okaxis,Tamil Nadu,Kotak,clean,individual,0
385c703f112f,8u7slyk9@paytm,Karnataka,BOB,clean,individual,0
68d3ad22aa5d,c1svtyll@ibl,Kerala,Axis,clean,individual,0
22d27dcc7a40,0l5wyanm@axl,Uttarakhand,Union,clean,individual,0
1bf4c9b0fca0,77xo87e3@axl,Haryana,Union,clean,individual,0
5f92dac1b294,04zyiytb@ybl,Maharashtra,SBI,clean,individual,0
45fb035c808d,c3r8abja@icici,Telangana,Kotak,clean,individual,0
0b9d5177a52a,9j7oqfj6@oksbi,West Bengal,SBI,clean,individual,0
7d41247d3237,d74h20cw@oksbi,Maharashtra,ICICI,clean,individual,0
5d51fb26dc4c,y4dgd396@upi,Uttarakhand,Kotak,clean,individual,0
6014cc99d7a6,jyeq6hcl@icici,Tamil Nadu,HDFC,clean,individual,0
3b6cc7cd719f,5i5lh9os@apl,Karnataka,Union,clean,individual,0
55cca0e3344f,oo9vzuv7@paytm,Uttar Pradesh,Kotak,clean,individual,0
6e4d4ce5e8f2,each6h2o@paytm,Gujarat,Axis,clean,individual,0
0ac07eff4e5b,xalreeim@ybl,Telangana,PNB,clean,individual,0
6abfaa28e501,snzg0h9g@ibl,Tamil Nadu,Kotak,clean,individual,0
3bd99e515547,il3mm2hv@axl,Bihar,ICICI,clean,individual,0
535054420d93,8vjznmax@upi,Gujarat,Kotak,clean,individual,0
55ac4cd00b57,ze1z5pko@icici,Kerala,Axis,clean,individual,0
2b6b16193781,6t3heist@ibl,Kerala,SBI,clean,individual,0
5f43be92acd1,liyr2ham@icici,West Bengal,Union,clean,individual,0
54c30849d8d2,wd4di0ri@oksbi,Maharashtra,ICICI,clean,individual,0
269101a9424c,zpam63rx@ibl,Bihar,ICICI,clean,individual,0
4a0ca21e5b94,uynmtuch@ybl,West Bengal,Canara,clean,individual,0
3ff67d238d3e,s5nux9g0@paytm,Tamil Nadu,Kotak,clean,individual,0
296eab8141a8,pfjpdf1s@apl,Uttar Pradesh,PNB,clean,individual,0
513fc51af9d1,63ni7loe@icici,Karnataka,Axis,clean,individual,0
58df65a20e9e,bnwwb3tf@ibl,Tamil Nadu,Axis,clean,individual,0
54f952ffeaeb,oz6h9wqx@icici,Tamil Nadu,Union,clean,individual,0
3c9cd6f0b281,ymc3fw8o@icici,Telangana,Union,clean,individual,0
1386e998ad1c,xe8csk0k@okaxis,West Bengal,Union,clean,individual,0
4a5f132d6ca7,efu2hzxv@ybl,Rajasthan,Kotak,clean,individual,0
74d4965e9701,qqiypnc2@icici,Tamil Nadu,HDFC,clean,individual,0
4ae83a203e86,evdhmu3g@paytm,Tamil Nadu,SBI,clean,individual,0
1cf9f46ec63a,lgmx4unn@okaxis,Maharashtra,Canara,clean,individual,0
50f4d8736d4c,xjw9ao9j@apl,Kerala,ICICI,clean,individual,0
5018e5bcd3ee,r0oacyk2@oksbi,Kerala,BOB,clean,individual,0
17c43661e5f9,jamlj9q3@axl,Uttar Pradesh,HDFC,clean,individual,0
07f266c5f990,oj0brbiq@icici,Gujarat,Canara,clean,individual,0
18b316636d92,4x9jp9r4@ybl,Kerala,Union,clean,individual,0
0d6d42b41adb,16i1604u@icici,Telangana,Axis,clean,individual,0
4b684c356ed2,f7q0pvlw@oksbi,Tamil Nadu,Union,clean,individual,0
77891da769f7,tdqbtgy3@paytm,Maharashtra,Canara,clean,individual,0
29980a714c0a,u5xwjwew@okaxis,Tamil Nadu,Axis,clean,individual,0
13015f952c0e,owpxri5i@apl,West Bengal,SBI,clean,individual,0
154ed51b9015,regj3rj9@okaxis,Maharashtra,SBI,clean,individual,0
03e714dacad7,ard6bab5@paytm,Tamil Nadu,HDFC,clean,individual,0
077495fb23c8,71gttyx1@paytm,West Bengal,Kotak,clean,individual,0
3343e2965ab2,8til09q6@okaxis,Kerala,BOB,clean,individual,0
1163fc953ff5,s789kr0s@ybl,Bihar,HDFC,clean,individual,0
6feb5290a123,t6wdewcd@okaxis,Bihar,PNB,clean,individual,0
5ecb4d6c9918,q5wpilqn@axl,Tamil Nadu,BOB,clean,individual,0
18645977f1d5,b19xabhk@icici,Maharashtra,Kotak,clean,individual,0
02f2a81a0ce0,lbpl7yy5@apl,Delhi,Union,clean,individual,0
586e74115261,plug3db0@okaxis,Uttar Pradesh,Canara,clean,individual,0
145668eaa711,ho9ca4ob@ybl,Rajasthan,HDFC,clean,individual,0
1a020a540bb6,dsauqi86@icici,Telangana,Canara,clean,individual,0
1a7815fe64b0,iora2kzu@upi,Karnataka,PNB,clean,individual,0
532e2b884552,w5efmoow@upi,Maharashtra,BOB,clean,individual,0
29debbe138e6,94ju2bxb@icici,Kerala,SBI,clean,individual,0
09c7fd0be3b3,7k7u1art@axl,Maharashtra,Union,clean,individual,0
4df3eb8997b8,1uk25sc3@okaxis,Delhi,Kotak,clean,individual,0
7da4a2f1a1f7,vbjfgc1u@icici,West Bengal,HDFC,clean,individual,0
3fa960d49698,3z0yry0r@upi,Haryana,Union,clean,individual,0
70736d4f07ad,1zrg2893@okaxis,Delhi,BOB,clean,individual,0
4acbb08a1eb1,evpoxyyi@apl,West Bengal,SBI,clean,individual,0
2c9a7b6a23a3,bh9iryhr@paytm,Maharashtra,Union,clean,individual,0
621ec0589146,303j1q5z@paytm,Tamil Nadu,PNB,clean,individual,0
4003b6998f8f,visvf3h0@ibl,Telangana,BOB,clean,individual,0
6017ac86ae06,roknqlom@ybl,Rajasthan,SBI,clean,individual,0
5327d582b9b8,kys0coeb@icici,Gujarat,PNB,clean,individual,0
0380ee2136ac,nk454k5o@upi,Bihar,Axis,clean,individual,0
28d2f603adf9,np09s3oh@icici,Maharashtra,Kotak,clean,individual,0
40133efd88cb,401wot1q@axl,Haryana,Kotak,clean,individual,0
3a3f77d6939c,0nytxwwc@ybl,Uttarakhand,PNB,clean,individual,0
6e4814fe970b,w1myix81@ibl,Karnataka,SBI,clean,individual,0
33cbce7e303e,pfo03qra@ybl,West Bengal,Union,clean,individual,0
7d9f780e6710,kao3c80a@paytm,West Bengal,Canara,clean,individual,0
1eb8c6e56516,unu802px@icici,Uttar Pradesh,PNB,clean,individual,0
2047cee43244,ugak6a2m@ibl,Kerala,Axis,clean,individual,0
08239e576078,hdjf8v5h@okaxis,Tamil Nadu,HDFC,clean,individual,0
30a4dc9015cf,999jo0nx@paytm,Haryana,BOB,clean,individual,0
54da35ee1883,vrwetkyo@ibl,Kerala,PNB,clean,individual,0
3b77ee0111c9,1oz4972x@ibl,Kerala,BOB,clean,individual,0
6630a77d0387,ld74ofjl@icici,Maharashtra,Axis,clean,individual,0
7ca1ea2f45fb,fn513ong@paytm,Uttar Pradesh,Canara,clean,individual,0
70d824c70d38,tizwnlxg@upi,Gujarat,HDFC,clean,individual,0
2724386f4477,38wpu1sb@icici,Haryana,BOB,clean,individual,0
03d11619dce0,vhz7kkeh@paytm,Delhi,Axis,clean,individual,0
1fc8559ab99c,r9ezub04@apl,Delhi,Kotak,clean,individual,0
0b4b01ef54e2,c8v5jllv@okaxis,Gujarat,SBI,clean,individual,0
797150315b31,soxh8rz4@ibl,Haryana,PNB,clean,individual,0
1d221c0717bf,f54h4057@okaxis,Tamil Nadu,Union,victim,individual,0
15afe18d50a3,0kdsk6e9@ybl,Kerala,Union,clean,individual,0
24d0dc933006,rtfms82z@okaxis,Karnataka,HDFC,clean,individual,0
3f8ecb0a91de,xq593zoc@apl,Uttar Pradesh,SBI,clean,individual,0
7acd1e09e424,2w37d1it@paytm,Tamil Nadu,Kotak,clean,individual,0
0a21da619001,2vtg9tzy@apl,Maharashtra,HDFC,clean,individual,0
1db0ac8dc982,085mbgwm@apl,Maharashtra,SBI,clean,individual,0
320ee8c50899,084anoxn@oksbi,Telangana,HDFC,clean,individual,0
0a818a29c46d,4lkp64kv@axl,Delhi,Canara,clean,individual,0
72f0e84c4e76,u7tp5b6e@ybl,Gujarat,ICICI,clean,individual,0
029f26b1bfdf,vjscyqy1@paytm,Kerala,SBI,clean,individual,0
2de52258fd5e,aebfk1h4@upi,Kerala,Kotak,clean,individual,0
750a3ccf603d,ett1lev3@okaxis,Uttarakhand,BOB,clean,individual,0
75fd015aa47b,gxzy54el@upi,West Bengal,HDFC,clean,individual,0
64c31eda5a66,q1z4wu3x@apl,Rajasthan,Kotak,clean,individual,0
47f7f39a9d6a,ji17uh6r@upi,Kerala,HDFC,clean,individual,0
6780992ebc31,dhtt3kax@oksbi,Haryana,BOB,clean,individual,0
2972302724bb,z8vq057b@paytm,Bihar,BOB,clean,individual,0
5251b1b45c2f,z7qwbelh@upi,Telangana,Kotak,clean,individual,0
4c6cc53ce6f1,knsqrh3u@apl,Gujarat,SBI,clean,individual,0
439d6bbad12b,aqs1cpnz@ibl,Karnataka,HDFC,clean,individual,0
09aca1539fc9,g67va4gn@paytm,West Bengal,BOB,clean,individual,0
2b583710708d,d2zk0l51@ybl,Rajasthan,PNB,clean,individual,0
5940b58fe9f2,h5hnt9wi@paytm,Uttar Pradesh,ICICI,clean,individual,0
248647a3b1b5,xk02te6v@axl,Telangana,SBI,clean,individual,0
62a2e460067c,051xriyc@oksbi,Haryana,BOB,clean,individual,0
359c1b6d66e7,29c36rui@upi,Haryana,Union,clean,individual,0
6febdf14b4f2,t2tf9vrp@ibl,West Bengal,HDFC,clean,individual,0
68b2b8542a9d,we6zdhfc@axl,West Bengal,PNB,clean,individual,0
76e015bc9cc8,xgfqaaq8@ibl,Haryana,ICICI,clean,individual,0
384a92e4da7c,a9runm4f@oksbi,Karnataka,HDFC,clean,individual,0
7c260f269b60,uzns601u@ibl,Uttarakhand,SBI,clean,individual,0
787facb51832,fn6gapt0@okaxis,Gujarat,SBI,clean,individual,0
5e7ce4c42217,sy2reuis@oksbi,Kerala,HDFC,clean,individual,0
6bc9966b6412,tnck13qm@apl,Tamil Nadu,Kotak,clean,individual,0
2184ba3a3724,s8xzcfeb@axl,Uttar Pradesh,PNB,clean,individual,0
0d2fdd0e6de0,znzm884c@axl,Haryana,SBI,clean,individual,0
7488551284ae,kqlujv44@axl,Tamil Nadu,PNB,clean,individual,0
3a79e67466c9,b6d4xkoq@icici,Gujarat,Canara,clean,individual,0
1a0b923236dc,s7mgs1nt@oksbi,West Bengal,HDFC,clean,individual,0
3833abcd43b6,py956nmo@okaxis,Rajasthan,Canara,clean,individual,0
28af62f055ef,xykcn2nh@ibl,West Bengal,ICICI,clean,individual,0
4578f0de5724,jtpavs6u@oksbi,Delhi,Union,clean,individual,0
7dd527a8af2b,clmvrv10@upi,Uttar Pradesh,Canara,clean,individual,0
283ab1b409c6,irqy2az3@ybl,Bihar,ICICI,clean,individual,0
58d1e88655e6,wvpx1yki@ibl,Rajasthan,HDFC,clean,individual,0
31f54c32cf84,iog6kucn@icici,Uttar Pradesh,Axis,clean,individual,0
7a45ddb68fa0,sos78jxp@ybl,West Bengal,Canara,clean,individual,0
57c76fb289be,feso3icx@icici,Bihar,Axis,clean,individual,0
68c2d8fcf31d,91vx71t0@okaxis,Maharashtra,SBI,clean,individual,0
12fb58b89df1,4ihnqn70@ibl,Rajasthan,Union,clean,individual,0
0eb88ecfcd9b,am5yhv9i@okaxis,West Bengal,Axis,clean,individual,0
20a29fa5b975,qjhsb3e0@ybl,Karnataka,ICICI,clean,individual,0
0e130483a0e8,szw9h52z@ybl,Bihar,Union,clean,individual,0
713033405fbd,5q2pn5ly@axl,Bihar,BOB,clean,individual,0
5d4e51157fda,kph2kcub@ybl,Maharashtra,BOB,clean,individual,0
009c6b238097,kpulszf5@axl,Bihar,BOB,clean,individual,0
358fcd1864e2,r956eeto@ybl,West Bengal,SBI,clean,individual,0
5881d11162ec,wumepfe2@paytm,Gujarat,Canara,clean,individual,0
14784e59068f,cd4hvxkc@axl,Delhi,ICICI,clean,individual,0
27690d814a01,l5souz4j@apl,Uttar Pradesh,SBI,clean,individual,0
41be449043ac,esmfqo9e@oksbi,Haryana,Axis,clean,individual,0
579128568da0,p10xku3j@oksbi,Haryana,Kotak,clean,individual,0
418474636df3,2rdbgyjy@okaxis,Tamil Nadu,BOB,clean,individual,0
293697bf6151,m00ndts8@icici,Maharashtra,PNB,clean,individual,0
56253b5b8b7f,83fzyj0q@paytm,Uttar Pradesh,Union,clean,individual,0
2f02c5c74b7d,dh58k27v@apl,Haryana,Canara,clean,individual,0
3a6258b64d0c,fsakmpwn@axl,West Bengal,ICICI,clean,individual,0
14b851f9a439,8i7i71a0@axl,Bihar,HDFC,victim,individual,0
197029210406,gjfz81qy@paytm,Delhi,HDFC,clean,individual,0
0516d6835c24,utfo8in2@apl,Telangana,Canara,clean,individual,0
3e03db5ce41a,4lr2lt2d@axl,Karnataka,SBI,clean,individual,0
52dd7f97c285,rc5n263a@ybl,Gujarat,Union,clean,individual,0
7c594fc693c6,c6nsizqr@oksbi,Tamil Nadu,PNB,clean,individual,0
63ca926e82ee,u0fr5r8j@icici,Maharashtra,Canara,clean,individual,0
25086612df07,fm3iwhw6@ybl,Karnataka,Canara,clean,individual,0
2cc8b1bcaa83,egoj8nc1@oksbi,Haryana,Union,clean,individual,0
141706e50af3,9o324d6z@apl,Kerala,Union,clean,individual,0
022a06dd5d64,13q0nw90@apl,Tamil Nadu,ICICI,clean,individual,0
56247af38775,n5apfpfc@oksbi,Kerala,Union,clean,individual,0
5d6991f49907,hcqy355o@ibl,Kerala,BOB,clean,individual,0
07d3a61517a6,wejn9bfj@upi,Uttar Pradesh,Kotak,clean,individual,0
2d6ca6660fda,660z4tjb@icici,Kerala,SBI,clean,individual,0
5f4b2651c411,kpe7pjp4@apl,Rajasthan,Union,clean,individual,0
7e6eea8f7191,4r3nz8sq@apl,Bihar,PNB,clean,individual,0
427876e2ff53,d2285wmh@upi,Delhi,Axis,clean,individual,0
7df8e4bd7864,lln9ktxc@ibl,West Bengal,BOB,clean,individual,0
2ba8505194dd,vu3myhhw@okaxis,West Bengal,Canara,clean,individual,0
6482ed8ac260,355klx15@upi,Haryana,ICICI,clean,individual,0
0a2c9eff41a3,rfubjgfw@ybl,Gujarat,HDFC,clean,individual,0
782faa274c65,nf272ht5@apl,Maharashtra,Axis,clean,individual,0
5a986fccf437,nz9mew87@oksbi,Karnataka,Canara,clean,individual,0
28d89b196576,cou6musk@icici,Uttar Pradesh,HDFC,clean,individual,0
02f5025dc355,rq38efgy@upi,Gujarat,Axis,clean,individual,0
06bcc6c6f980,94i0z736@upi,Uttarakhand,ICICI,clean,individual,0
027cd036d16c,c8xz7cq8@upi,Delhi,Kotak,clean,individual,0
5fe3c843fb5c,jtcoz97r@apl,Karnataka,SBI,clean,individual,0
685b47e0162b,y6pkfqu7@okaxis,West Bengal,PNB,clean,individual,0
1d343a59b72c,kye9x345@ibl,Karnataka,Axis,clean,individual,0
193a7c1a25a4,rjh92qxh@ibl,Rajasthan,Kotak,clean,individual,0
6dcf7b22f31e,iejg3sft@axl,West Bengal,ICICI,victim,individual,0
16eaedcf0904,n9dqrjyj@apl,Bihar,Canara,clean,individual,0
6a1e36a88f82,sydvrkld@okaxis,Rajasthan,BOB,clean,individual,0
1b4c41cb4984,p2rl3ngn@oksbi,Gujarat,Kotak,clean,individual,0
3809f54cb5b6,2opfabx1@upi,Tamil Nadu,ICICI,clean,individual,0
5493eea26742,zxuwuvf8@apl,Haryana,Canara,clean,individual,0
6e3712299d83,yakgy3a2@upi,Rajasthan,Canara,clean,individual,0
0577dab9e968,xq7tuajr@okaxis,Gujarat,PNB,clean,individual,0
0225b1783e80,dzu7suxk@ybl,Uttar Pradesh,ICICI,clean,individual,0
11ebe225c505,vbi5b34b@upi,Uttar Pradesh,ICICI,clean,individual,0
18d2ee137cb0,6p3p9jpg@paytm,Uttarakhand,Canara,clean,individual,0
222730511c9c,meclgmzy@okaxis,Telangana,HDFC,clean,individual,0
214f1e920bfd,i2qerhxw@oksbi,Haryana,Union,clean,individual,0
56ec700f3036,e49tv7oq@oksbi,Uttarakhand,Union,clean,individual,0
791aa598133a,evlerr2l@ibl,Delhi,Canara,clean,individual,0
3fcf5ef83685,5h3g1byx@ibl,West Bengal,Union,clean,individual,0
1a5ae5babf85,xoqcm9dz@axl,Rajasthan,Union,clean,individual,0
7cb0f967c472,ckezxxwv@paytm,Telangana,Canara,clean,individual,0
0405fdc11752,t9acx27g@oksbi,Tamil Nadu,ICICI,clean,individual,0
3e7119e119e0,leakbgmc@apl,Maharashtra,PNB,clean,individual,0
33b43d40c7e6,394yo062@paytm,Rajasthan,HDFC,clean,individual,0
6585ddab8351,08g00g0l@paytm,Maharashtra,ICICI,clean,individual,0
2d1ed3a55a83,29ud0n6k@oksbi,Telangana,BOB,clean,individual,0
7b945e79671e,mwhwrg47@axl,Bihar,Kotak,clean,individual,0
545ef57f33fb,00xtu60p@paytm,Uttar Pradesh,SBI,clean,individual,0
1f8ce83d51b7,rfhg62u0@upi,Tamil Nadu,HDFC,clean,individual,0
5d9a556b811f,rb7lewms@oksbi,Gujarat,Kotak,clean,individual,0
029197ea92e3,50e2mnh8@upi,Rajasthan,HDFC,clean,individual,0
1ba76dca9b3c,gocxnald@okaxis,Karnataka,SBI,clean,individual,0
17f6d7b94c93,jujizq3k@okaxis,Tamil Nadu,Canara,clean,individual,0
588d5d7ee43d,lfyifz4j@apl,Uttarakhand,SBI,clean,individual,0
340f38dc69da,b65xl8sg@oksbi,West Bengal,PNB,clean,individual,0
3ffb7b87aff0,cka6frmh@oksbi,Telangana,Union,clean,individual,0
0dabdcdd62ac,v4p1ry7a@ybl,Karnataka,Kotak,clean,individual,0
0876529643c1,2tm4n0sk@axl,Delhi,Union,clean,individual,0
68609258f8b1,w4je1qx9@apl,Kerala,Kotak,clean,individual,0
5417b7478344,d37ljczj@axl,West Bengal,SBI,clean,individual,0
7ccd8af8bee3,ntuoqay7@icici,Maharashtra,Union,clean,individual,0
3101674dd5f4,qnsd9yf4@okaxis,Haryana,Canara,clean,individual,0
5fce7fc45071,4qxoilim@ibl,Karnataka,SBI,clean,individual,0
2786d68c0539,2hi1zdk8@paytm,Uttar Pradesh,ICICI,clean,individual,0
66229e614f91,4u4span8@ybl,Haryana,SBI,clean,individual,0
159247ee8a16,088l5gwe@axl,Gujarat,ICICI,clean,individual,0
61662ac4fa08,3m737d5b@upi,Uttar Pradesh,Canara,clean,individual,0
4a1d3159f140,5cd3sr83@paytm,Haryana,PNB,clean,individual,0
1dbb8a608f30,o6ohi8f6@paytm,Karnataka,Canara,clean,individual,0
04117e19e8fa,3b30am0k@okaxis,West Bengal,HDFC,clean,individual,0
3552c5c716cb,s66tl6bv@paytm,Gujarat,Axis,clean,individual,0
5fa9b39a532f,hhahi7o4@oksbi,Bihar,SBI,clean,individual,0
7ef2baf18606,2y8udwwg@upi,Kerala,HDFC,clean,individual,0
6f14d5d16ab8,rs0oc8yw@ybl,Uttarakhand,Kotak,clean,individual,0
0c3dfc483c76,0601m7y0@apl,West Bengal,ICICI,clean,individual,0
6a9b2fb623af,i7jzushj@apl,West Bengal,SBI,clean,individual,0
0c0e1c9cb3ad,nophceuq@upi,Bihar,ICICI,clean,individual,0
6cb530e56d23,5el5pm13@upi,Maharashtra,HDFC,clean,individual,0
234034919ae1,yzkley8c@upi,Gujarat,Axis,clean,individual,0
06c96cae2991,bsjrw51a@ibl,West Bengal,PNB,clean,individual,0
7255fa798ee8,44k1cmtl@oksbi,Bihar,SBI,clean,individual,0
7821991a7ffd,q3i8h713@okaxis,Maharashtra,HDFC,clean,individual,0
798b1f5f9462,atzcfkiq@icici,West Bengal,Kotak,clean,individual,0
6851f94fd996,oyozyzks@ybl,Kerala,Kotak,clean,individual,0
62e2b07a72e7,t0pae2ax@ybl,Delhi,SBI,clean,individual,0
0c147be3c7ee,38045znp@ybl,Telangana,Kotak,clean,individual,0
4fb4fc127998,n99r6s65@ibl,Telangana,ICICI,clean,individual,0
293f4eef77d9,dczf1to8@ibl,Uttarakhand,Axis,clean,individual,0
38880aba354a,hsyxwk7y@axl,Karnataka,Axis,clean,individual,0
05157c5c4b9a,xbhh0l7h@okaxis,West Bengal,HDFC,clean,individual,0
4729ed06b633,cx2dhyd2@upi,West Bengal,ICICI,clean,individual,0
6238c9c6c8e4,v8cmjg09@paytm,Rajasthan,BOB,clean,individual,0
464b68ea3cc4,muck0zrz@paytm,Uttarakhand,Axis,clean,individual,0
2328c59ff145,yflkpj1w@oksbi,Rajasthan,Union,clean,individual,0
67c37326d975,jgwwwhfb@ybl,Gujarat,Axis,clean,individual,0
5ffdd5cb64a5,gk0o8td1@upi,Haryana,Axis,clean,individual,0
0452673b5a68,b9e84c2j@apl,Karnataka,BOB,clean,individual,0
0ada1d107440,bdbc3jsq@apl,Bihar,SBI,clean,individual,0
29d31d6b69c8,mgn3d2pw@upi,Rajasthan,BOB,clean,individual,0
195b6a52a18e,x07l18xk@upi,Delhi,Kotak,clean,individual,0
7a4bb49663aa,d7ztgty3@icici,Kerala,Union,clean,individual,0
628dd5286c55,vvybg2jm@upi,Rajasthan,HDFC,clean,individual,0
549bc34e0ad2,2ufbbg4s@paytm,Gujarat,PNB,clean,individual,0
60b6caa079d8,etyqjwe2@icici,Tamil Nadu,Axis,clean,individual,0
440c9e9a8c50,iuv9io9k@ibl,Uttar Pradesh,PNB,clean,individual,0
263d3b55a286,osx1uhw9@paytm,Maharashtra,SBI,clean,individual,0
36092758faf0,a8c2qeyr@ybl,Gujarat,ICICI,clean,individual,0
6d85d0b86674,sp56ibi2@paytm,Delhi,Axis,clean,individual,0
1859db23b864,7ahn9o35@paytm,West Bengal,Union,clean,individual,0
4ca38e3064ae,p36wj688@upi,Maharashtra,HDFC,clean,individual,0
553e3430f6b4,up5xy2j9@apl,Maharashtra,HDFC,clean,individual,0
1cb50eee385e,tovpxs1e@ybl,Bihar,ICICI,clean,individual,0
797707716d79,2ekhmiza@okaxis,Tamil Nadu,Axis,clean,individual,0
298813ba58ab,o5uisnx0@upi,Kerala,BOB,clean,individual,0
6585987a608c,agxea9ab@axl,Karnataka,BOB,clean,individual,0
40ce66b2f9a4,86e1qqp4@okaxis,Uttarakhand,SBI,clean,individual,0
2e348223a226,15vzr9kv@ybl,Uttarakhand,Kotak,clean,individual,0
27fffdd55545,3g3dz1c5@okaxis,West Bengal,SBI,clean,individual,0
5af6758603bc,c9o4u2j4@paytm,West Bengal,PNB,clean,individual,0
49501577331d,v8mm9c4k@ybl,Gujarat,HDFC,clean,individual,0
7729fd44b1e1,n2vq2o8l@apl,Tamil Nadu,HDFC,clean,individual,0
222da951a062,389ht877@paytm,Kerala,HDFC,clean,individual,0
64eba6b9aee3,y5lm6lco@ibl,West Bengal,Axis,clean,individual,0
353ec408720a,sagx8gnt@upi,Karnataka,Union,clean,individual,0
2c84a0252291,cam99j0z@upi,Uttarakhand,Canara,clean,individual,0
0a755041cd8c,dup2m2dt@axl,Delhi,Kotak,clean,individual,0
3c712309d126,y3zplmgl@icici,Delhi,PNB,clean,individual,0
23a53998882d,kem149d4@apl,Bihar,BOB,clean,individual,0
7742ed61290a,91qjxxo0@axl,Tamil Nadu,Kotak,clean,individual,0
11eea6d1ee08,hmwyiew0@ybl,Uttarakhand,SBI,clean,individual,0
1ae40cb46ea4,q57gqo0v@apl,Telangana,Axis,clean,individual,0
41edee3660fc,mgqgf6sk@axl,Tamil Nadu,ICICI,clean,individual,0
23220ca69e13,8u4gs6b2@ibl,Rajasthan,Union,clean,individual,0
16d8815bfc2a,gkb4kz1y@okaxis,Uttar Pradesh,BOB,clean,individual,0
284a13791efb,qjekgd2b@okaxis,Kerala,Kotak,clean,individual,0
663f104ad3cf,bwn517x0@ybl,Kerala,SBI,clean,individual,0
494f813900c4,e0h428ae@upi,Uttar Pradesh,Union,clean,individual,0
544fa09b28fa,4ak4hu0c@apl,Tamil Nadu,Axis,clean,individual,0
2a816b8b233b,x873so2w@icici,Tamil Nadu,SBI,clean,individual,0
29af1fab65dc,1qt5p9ds@ibl,Tamil Nadu,Canara,clean,individual,0
3f3ea4fa68f0,xiqxg0ac@upi,Tamil Nadu,Canara,clean,individual,0
37db988b0733,nd48chrh@apl,Maharashtra,SBI,clean,individual,0
4cb790ded21f,mg2vghl5@oksbi,Rajasthan,Canara,clean,individual,0
5ffb1db7f644,juesz9q0@icici,Karnataka,Canara,clean,individual,0
6eb8940fff46,nm713y4h@upi,Kerala,SBI,clean,individual,0
1ee7e855c5c5,dsnddgj8@upi,Gujarat,HDFC,clean,individual,0
51c3a5f4db3a,bxf0q9r5@paytm,Gujarat,SBI,clean,individual,0
7160d3a3ae69,gmorklqt@axl,West Bengal,Kotak,clean,individual,0
739445ab66dc,eqkzrez5@icici,Rajasthan,BOB,clean,individual,0
1a9d1e95d7d4,8wm8bktt@ibl,Maharashtra,Kotak,clean,individual,0
03ce159bccc0,rsgx6zo5@paytm,Uttarakhand,Axis,clean,individual,0
3730c1d13fdd,70np1pab@paytm,Uttar Pradesh,ICICI,clean,individual,0
1bb7ae4dbae9,oraegi81@paytm,Bihar,Union,clean,individual,0
6d6465ccdfb4,ta7d9uui@oksbi,Haryana,ICICI,clean,individual,0
6c964e8cad11,jrusy3ug@okaxis,Uttar Pradesh,Kotak,clean,individual,0
3defcc3056f0,fp0mxtgs@upi,Tamil Nadu,BOB,clean,individual,0
708074313061,jgvccjkl@axl,Gujarat,PNB,clean,individual,0
2706c4f8b673,tesd8iko@ybl,Uttarakhand,PNB,clean,individual,0
09623ea528e9,vlh9fo3b@apl,Telangana,SBI,clean,individual,0
7fb715441dba,p63czov8@oksbi,West Bengal,Union,clean,individual,0
23a573f0cd5a,c0mrvc0q@oksbi,Rajasthan,BOB,clean,individual,0
4fb761227125,a0bv7xrt@ibl,Haryana,SBI,clean,individual,0
03c7a6655369,4n61w7sk@oksbi,Kerala,Kotak,clean,individual,0
31a1e886efb8,nyy4w41x@apl,Tamil Nadu,Kotak,clean,individual,0
23bf217d0a25,7nirvoui@icici,Bihar,PNB,clean,individual,0
054a568ad6cc,9cq0vv6k@ybl,West Bengal,ICICI,clean,individual,0
309a7db11ce9,f3olsh0d@oksbi,Rajasthan,Canara,clean,individual,0
50b78f506114,71bb2m0k@ibl,Maharashtra,Kotak,clean,individual,0
35e249eab1f0,c2n7m2v0@ybl,Uttar Pradesh,Axis,clean,individual,0
213dba69bb28,pz57trtz@icici,Gujarat,Kotak,clean,individual,0
380d00a87a71,gcsymh3p@ibl,Uttarakhand,Kotak,clean,individual,0
3f0e38703ab4,d64uja50@ybl,Gujarat,PNB,clean,individual,0
755736312797,i9cg0gon@ibl,Uttar Pradesh,HDFC,clean,individual,0
59126a075e9c,8tv68tg3@oksbi,West Bengal,HDFC,clean,individual,0
258695dc47dc,wty95rmd@upi,West Bengal,ICICI,clean,individual,0
62fff523fbbb,2sbtdy3y@ibl,Rajasthan,SBI,clean,individual,0
1ecfc814d02c,ph2xr8st@icici,Kerala,ICICI,clean,individual,0
301935dc4dfe,4gu48m7w@oksbi,Delhi,HDFC,clean,individual,0
6b59eff416ba,ze5bj8f5@okaxis,Tamil Nadu,BOB,clean,individual,0
3763f3d8f6e4,i94jl3o6@paytm,Kerala,SBI,clean,individual,0
73cc98f1874f,amzkw31r@ibl,Bihar,PNB,clean,individual,0
0a54b3aff63b,he92s43j@upi,Gujarat,SBI,clean,individual,0
49f229950cc4,grlenbon@upi,Tamil Nadu,Kotak,clean,individual,0
3afabe0fab3a,brf56mbc@paytm,Haryana,PNB,clean,individual,0
0dfc55e84887,xxytpj1e@apl,Uttarakhand,Axis,clean,individual,0
262d96b67beb,5ykamj8b@ibl,Delhi,Kotak,clean,individual,0
072ffc004da8,qsx3s3x9@paytm,Karnataka,Kotak,clean,individual,0
6defe55cba8e,jwmj8b97@ybl,Haryana,BOB,clean,individual,0
57eeed9e5c2c,yhtbp277@okaxis,Tamil Nadu,Canara,clean,individual,0
6940fbba64b2,1vuia9or@icici,Bihar,BOB,clean,individual,0
1728b1df73db,v9nevcax@paytm,Delhi,HDFC,clean,individual,0
35cbe33e5e4f,sgrxyg1x@ybl,Gujarat,Kotak,clean,individual,0
34f2793d87be,nr87gr9i@apl,Uttar Pradesh,Canara,clean,individual,0
5f2a5f5cca63,a0goud5i@apl,Delhi,Canara,clean,individual,0
26b545b8a7db,xe7fvgyh@apl,Delhi,PNB,clean,individual,0
79445bf20b0a,ingcuxi7@apl,Rajasthan,BOB,clean,individual,0
656ec74328e4,jotu6csv@ibl,Maharashtra,PNB,clean,individual,0
45c2641613f9,red6g7o6@paytm,Gujarat,BOB,clean,individual,0
1e3fa4e3ed68,2slrqhgx@paytm,Gujarat,ICICI,clean,individual,0
6bc41d51503f,xxt92812@apl,Telangana,ICICI,clean,individual,0
798ebf6c8c30,epk1gwzq@okaxis,Maharashtra,Kotak,clean,individual,0
366ac711f75f,s0zzuhhl@ybl,Maharashtra,BOB,clean,individual,0
182200351520,shtmunya@okaxis,Maharashtra,PNB,clean,individual,0
1a350f8a3091,y5itdsos@apl,Kerala,Canara,clean,individual,0
0b88e3b5da56,qjd3ugjv@ibl,Uttar Pradesh,BOB,clean,individual,0
3744fb1a446f,qilgs5gp@upi,Maharashtra,Union,clean,individual,0
6fae75966e08,n7vhml5x@ybl,Uttar Pradesh,Union,clean,individual,0
69b42b9fd5b7,jb94wm8c@apl,Maharashtra,HDFC,clean,individual,0
3009e9221f86,iqqggn7t@apl,Rajasthan,Union,clean,individual,0
049db36ccec2,uf129fhc@okaxis,West Bengal,HDFC,clean,individual,0
7a24446a307c,4v5n1l31@paytm,Kerala,Canara,clean,individual,0
6a488c80daa0,8fz1g2u5@paytm,Gujarat,HDFC,clean,individual,0
6c38441b85d9,z92w6pq1@okaxis,Gujarat,Kotak,clean,individual,0
29e71ec34b75,8ze4ueio@paytm,Uttar Pradesh,Axis,clean,individual,0
033c506848a4,yiubbr4k@oksbi,Bihar,Union,clean,individual,0
76a70e1f6d42,0vnwgz6o@oksbi,Rajasthan,SBI,clean,individual,0
6fcabea85501,rpf447fi@paytm,Uttar Pradesh,BOB,clean,individual,0
3f3b38c3704e,kmyf9x4h@oksbi,Uttar Pradesh,PNB,clean,individual,0
2a95c403fe3c,zj5igq2u@ibl,Uttar Pradesh,SBI,clean,individual,0
33ed11a308cf,bwoq0gaq@icici,Haryana,Axis,clean,individual,0
12853329e1d3,vbvjzsqa@icici,Bihar,BOB,clean,individual,0
2b0e16bffd3c,uiefrfib@ybl,Uttar Pradesh,SBI,clean,individual,0
6972fb3fd416,x0lmnoyx@upi,Maharashtra,Axis,clean,individual,0
312400feab3b,l0wm4sxw@axl,Telangana,HDFC,clean,individual,0
46de835bb853,631khzfg@upi,Telangana,Union,clean,individual,0
4517a7a7e10f,cyegkq7b@upi,Uttarakhand,Union,clean,individual,0
1966084ded89,4ga3mfcq@okaxis,Telangana,PNB,clean,individual,0
5ba14c747a40,hioc0bai@ibl,Bihar,Canara,clean,individual,0
6e7aaf783c4a,e6eciubn@apl,Gujarat,Kotak,clean,individual,0
446c9bd5e35e,o7qufzi7@oksbi,Telangana,Kotak,clean,individual,0
335e5756d08c,ruvp4akn@oksbi,Haryana,ICICI,clean,individual,0
265a395d3b64,2b8ooaii@axl,Telangana,BOB,clean,individual,0
582bb0611cfe,ztzuiku8@upi,Rajasthan,SBI,clean,individual,0
0e940e8d1775,h09f8kql@okaxis,Telangana,SBI,clean,individual,0
07b39475f90e,iln2lwth@oksbi,Maharashtra,BOB,clean,individual,0
77709d1afe12,3r64u7gx@paytm,West Bengal,Axis,clean,individual,0
58b4368291cb,2cyw0521@apl,West Bengal,SBI,clean,individual,0
45fa8bdac4b2,oi1nh7wy@ibl,Karnataka,SBI,clean,individual,0
5ea5dd944dc5,x6vdky2r@oksbi,West Bengal,HDFC,clean,individual,0
3685a3150208,8y2tvywg@paytm,Delhi,PNB,clean,individual,0
4b6f81577658,xh4pa3f5@upi,Uttarakhand,HDFC,clean,individual,0
248adbf86191,amffa7u6@ybl,Haryana,HDFC,clean,individual,0
5c07a507ec89,8a0e91ps@apl,West Bengal,BOB,clean,individual,0
4e96ab0c9d48,r5b2sq9l@ybl,Tamil Nadu,Union,clean,individual,0
1723af1720d5,4kjuz984@axl,Kerala,HDFC,clean,individual,0
465cf5f15eb2,pjxkauom@ybl,Rajasthan,HDFC,clean,individual,0
4cc22ccaa218,7rfm32fr@ibl,Uttar Pradesh,ICICI,clean,individual,0
4af3491e7fbe,bs4hngtv@oksbi,Haryana,BOB,clean,individual,0
3c0f5fc4a530,vrc05zms@oksbi,Uttarakhand,SBI,clean,individual,0
698eb96983c0,zqlvhdm6@oksbi,Karnataka,BOB,clean,individual,0
0245209b1b41,rfs8y40a@upi,Maharashtra,Union,clean,individual,0
34e77d5e14a4,ydwo37cd@okaxis,Delhi,Kotak,clean,individual,0
3b1d7d6654bf,5xmgvo14@ibl,Uttarakhand,Axis,clean,individual,0
02f3eb8de0c4,as6smefa@paytm,Rajasthan,PNB,clean,individual,0
693ba784b4a0,jci6a8jz@okaxis,Karnataka,ICICI,clean,individual,0
4663826f11a8,lkfgov3f@upi,Uttar Pradesh,PNB,clean,individual,0
75011f619e9c,py61821f@oksbi,Kerala,Kotak,clean,individual,0
3746eebfca59,6h8ett6v@paytm,Delhi,BOB,clean,individual,0
2c697f87740f,lue9m0bw@oksbi,Kerala,Canara,clean,individual,0
1d2aff09ef6f,5e4sgn4x@upi,Bihar,Axis,clean,individual,0
139fc38ca22e,r9ybi0qz@okaxis,Telangana,BOB,clean,individual,0
2a73ae268273,op5szis5@okaxis,West Bengal,Canara,clean,individual,0
6413d97f0442,mo9ggcvz@paytm,West Bengal,Kotak,clean,individual,0
1a800d533332,8m2o09ks@axl,Delhi,HDFC,clean,individual,0
6617893af5b2,4c9sh4ez@icici,West Bengal,Axis,clean,individual,0
28e306f02345,8yrp9f9w@paytm,Kerala,Kotak,clean,individual,0
5406cdc6aff2,hl372bu2@ybl,Kerala,PNB,clean,individual,0
4bbe6e4a4241,nx3etd1f@ybl,Haryana,Union,clean,individual,0
1d7709de8d0e,osy0plme@axl,Uttar Pradesh,PNB,clean,individual,0
0943ce8ede5c,16ae224e@icici,Rajasthan,ICICI,clean,individual,0
00556d82003d,1dowstqb@paytm,Delhi,PNB,clean,individual,0
09fdf2a6d8e4,zdsfwj7q@icici,Telangana,Axis,clean,individual,0
12e8e884de6c,7cwk8ao4@apl,Telangana,SBI,clean,individual,0
5099a000d248,e3znt4pq@apl,Kerala,PNB,clean,individual,0
2ef276ffe92e,1br3bh1s@okaxis,Uttarakhand,ICICI,clean,individual,0
49c0fd59ab50,tult8fc7@axl,Telangana,Union,clean,individual,0
13c9db5a4efd,ea7b1qym@oksbi,Rajasthan,HDFC,clean,individual,0
0650ef103b49,7ykl0uva@oksbi,West Bengal,Canara,clean,individual,0
16222099be58,x6rfyptb@oksbi,Uttarakhand,PNB,clean,individual,0
2cdcd0e2dc44,qzlbjzzs@oksbi,Uttar Pradesh,ICICI,clean,individual,0
07d5e9b21f78,xhkhh0xa@ybl,Delhi,Canara,clean,individual,0
5724262ff634,ixsytb6k@ybl,Tamil Nadu,SBI,clean,individual,0
0774557048b5,w3onlrx6@oksbi,Rajasthan,SBI,clean,individual,0
2b9061432868,zzcobi21@icici,Telangana,Axis,clean,individual,0
7946da970f98,j6l2t09d@upi,Telangana,PNB,clean,individual,0
3dee6c3c37b3,jt79d499@paytm,Haryana,Union,clean,individual,0
2054ae0a537c,cxgqq0ax@apl,Kerala,Kotak,clean,individual,0
20b50275b9f4,cuc6pzop@paytm,West Bengal,Kotak,clean,individual,0
390e5f3216e9,dwe8k4ea@upi,Karnataka,Axis,clean,individual,0
542459b99b2d,6zghnzg6@okaxis,Delhi,ICICI,clean,individual,0
729405b7adce,vfufizrv@okaxis,Bihar,SBI,clean,individual,0
0927e44e6880,rdiv033h@ybl,Kerala,SBI,clean,individual,0
7e5e5228ff19,835txu13@oksbi,Maharashtra,HDFC,clean,individual,0
5f7bc9242872,2wbq25g0@icici,West Bengal,ICICI,clean,individual,0
4323188cd7d0,zcd646zc@axl,Delhi,Axis,clean,individual,0
55e7a5885167,0th5mv7f@ybl,Bihar,Union,clean,individual,0
0fb13c28ec79,8h8gavg5@icici,Telangana,BOB,clean,individual,0
0426ca2a5d0d,0trhc7mc@ibl,Uttarakhand,ICICI,clean,individual,0
140d34d29106,6k8jfsov@upi,Gujarat,Canara,clean,individual,0
15c4f3996c83,hbbn4ocp@icici,Gujarat,Canara,clean,individual,0
67efa810fb8c,ld80wms4@oksbi,Kerala,BOB,clean,individual,0
1e645191bac4,j08mezdx@okaxis,Tamil Nadu,BOB,clean,individual,0
77317c2ca550,5jnrtun4@upi,Uttar Pradesh,Canara,clean,individual,0
6d02dac506ac,xfma7hys@icici,Uttar Pradesh,Union,clean,individual,0
36d559474777,ma6wp9px@axl,Telangana,Axis,clean,individual,0
414e4730182b,iaa9p5mx@paytm,Uttarakhand,Axis,clean,individual,0
1fbb71263d5f,dc3gqd28@apl,West Bengal,Axis,clean,individual,0
22de5026fb1f,wf23x9gx@apl,Kerala,SBI,clean,individual,0
062afa1ad09c,1o45b6re@ibl,West Bengal,PNB,clean,individual,0
15462afda1c2,7v64pbwi@axl,Bihar,SBI,clean,individual,0
35a74475d4cd,ojqsmf7l@paytm,Kerala,Axis,clean,individual,0
1706fe51b9d0,g94kt47m@ibl,Delhi,Union,clean,individual,0
190a2cc9b5ea,g7wcwahv@oksbi,Bihar,SBI,clean,individual,0
1ce83d9970a0,3d862eoh@axl,Maharashtra,Axis,clean,individual,0
69cc54e0927b,4esduabj@okaxis,Rajasthan,Axis,clean,individual,0
4bf6fb5bb34b,jegszj90@axl,Bihar,BOB,clean,individual,0
1131caa2da28,b88lz8fe@axl,Telangana,Union,clean,individual,0
1cf937b0a62a,w4xthbj8@ybl,Telangana,BOB,clean,individual,0
0418f0f7040f,hmizun31@axl,Uttar Pradesh,Kotak,clean,individual,0
2ca8fe89b7fe,efv1rxbe@icici,Haryana,BOB,clean,individual,0
1c0bc369b155,5pgcqpwn@paytm,Uttar Pradesh,ICICI,clean,individual,0
1695e0b15c29,ilccrmjz@oksbi,Delhi,SBI,clean,individual,0
70d5f4d59294,25cju924@upi,Kerala,SBI,clean,individual,0
5b8df622ccb1,x936cu3o@axl,Maharashtra,Union,clean,individual,0
1b99d6551d60,renx2b9w@oksbi,Bihar,SBI,clean,individual,0
281e4000859b,yb4ak5t3@axl,Tamil Nadu,ICICI,clean,individual,0
70adfe6303bd,sjtlfi9b@oksbi,Rajasthan,ICICI,clean,individual,0
31888f84db5e,oulayjt3@icici,Haryana,ICICI,clean,individual,0
27e2f6f9a887,dl1c118m@okaxis,Uttarakhand,SBI,clean,individual,0
083ffec3a613,iwratlz5@upi,Delhi,Kotak,clean,individual,0
7a33fc735593,fep5iyip@upi,Delhi,BOB,clean,individual,0
04ae14f55896,inv7mtat@ybl,Gujarat,ICICI,clean,individual,0
0415bc610de9,0yegz65r@oksbi,Delhi,BOB,clean,individual,0
5daf42c59898,2xoyxsfy@icici,Karnataka,Axis,clean,individual,0
2aeb0e029dca,4v757j16@oksbi,Delhi,HDFC,clean,individual,0
4fcefda4bbd1,67bhpsfr@ibl,West Bengal,PNB,clean,individual,0
0108ac289df2,dw1fqx1p@ibl,Haryana,HDFC,clean,individual,0
42d223f9e484,zt6qoh9q@oksbi,Rajasthan,Axis,clean,individual,0
5761e59a09d4,6atsqhv3@axl,Delhi,PNB,clean,individual,0
41aa9e2a4525,hjtvsuap@upi,Uttar Pradesh,Kotak,clean,individual,0
5411b2a04aac,y8s7gkep@ybl,Delhi,HDFC,clean,individual,0
1365880b2051,xp87jhf2@paytm,Karnataka,BOB,clean,individual,0
7dc6bf5dcb5f,x8refgp7@axl,Bihar,SBI,clean,individual,0
43186acd71dc,am0gv4nf@okaxis,Uttar Pradesh,HDFC,clean,individual,0
36c5915ddb59,6ei9womd@upi,Uttar Pradesh,Canara,clean,individual,0
70e146e69692,zx7o6k5h@paytm,Bihar,Union,clean,individual,0
6df15d854480,ggernkj7@apl,Tamil Nadu,PNB,clean,individual,0
31b08241150e,0h02a0di@ybl,Uttar Pradesh,Kotak,clean,individual,0
2d10b4da21d7,22em82b2@paytm,Uttarakhand,ICICI,clean,individual,0
619626bc5402,edw7nx4a@upi,Bihar,ICICI,clean,individual,0
5efad851bc9c,7sdleuo4@oksbi,Maharashtra,ICICI,clean,individual,0
698be8191718,7bded629@apl,Uttarakhand,Union,clean,individual,0
5bdd1ffe7308,2q5qmt2i@upi,Maharashtra,Axis,clean,individual,0
7f5817fac64c,so1lvq8v@upi,Gujarat,HDFC,clean,individual,0
6f7529e4a049,8yvdnoiy@paytm,Gujarat,PNB,clean,individual,0
406ffd746c48,ni85zh6q@axl,Uttar Pradesh,Union,clean,individual,0
77a140ec0299,we43ozz5@icici,Bihar,BOB,clean,individual,0
4f9842bf5a9c,and8srby@ibl,Uttar Pradesh,Kotak,clean,individual,0
60bc28d463b7,zwcwpagn@okaxis,Karnataka,Canara,clean,individual,0
142c9c8d162c,g6idk2yf@paytm,Karnataka,PNB,clean,individual,0
61fcfba72199,sh1fgblr@icici,Bihar,Axis,clean,individual,0
753f6882e39a,2o1ecj2c@ibl,Maharashtra,ICICI,clean,individual,0
55627b999b5b,lkebn53e@oksbi,Uttar Pradesh,PNB,clean,individual,0
55cffdde3e09,vdy4xwrz@oksbi,Maharashtra,Union,clean,individual,0
22df142d3e4c,kd9gim7j@okaxis,Kerala,Canara,clean,individual,0
51c16ef4e310,e6bgs75j@ybl,Uttar Pradesh,HDFC,clean,individual,0
469a3df2a897,1jamhy1x@icici,Maharashtra,HDFC,clean,individual,0
436fa093442b,1n6hfef0@apl,Bihar,HDFC,clean,individual,0
15a3b8194629,ad5wuwkd@oksbi,Karnataka,Union,clean,individual,0
0bb3b40f0340,ipysx455@apl,Gujarat,PNB,clean,individual,0
1417151f9bbc,k1jfudpf@axl,Uttar Pradesh,Union,clean,individual,0
45e7f8f82cf0,qf73ztqc@upi,Rajasthan,ICICI,clean,individual,0
49b723645d2c,m3xwa82u@apl,Haryana,ICICI,clean,individual,0
58d26c3fbeb2,eei5h91e@paytm,Delhi,HDFC,clean,individual,0
7a43e87f59b4,robi9rik@oksbi,Haryana,Axis,clean,individual,0
654f7c514bf1,74t0y4ze@paytm,Karnataka,Kotak,clean,individual,0
498a6e8d302b,bgs6ynev@upi,Rajasthan,Axis,clean,individual,0
21df2b5ade51,pfcokgrd@axl,Gujarat,Axis,clean,individual,0
64a640c92769,3vn4t545@icici,Haryana,PNB,clean,individual,0
47ef9aa92f3e,hi6wrfga@axl,Rajasthan,Kotak,clean,individual,0
658dbd157766,px3syw1s@ibl,Gujarat,BOB,clean,individual,0
1e2285934c42,jo03i4ps@upi,Kerala,HDFC,clean,individual,0
5962535adfc8,dykjnyaf@oksbi,Karnataka,ICICI,clean,individual,0
1f9b3a98c882,ujb1jgzb@paytm,Karnataka,Union,clean,individual,0
3de6d311b1ed,cl7k4atr@axl,Uttar Pradesh,ICICI,clean,individual,0
0d6ae9455564,f80x18vn@oksbi,Bihar,HDFC,clean,individual,0
38578ed3eb25,e37kkxv0@upi,Delhi,SBI,clean,individual,0
7c7ad5b8a305,vnu0bkds@okaxis,Gujarat,HDFC,clean,individual,0
697bc57e7fd6,u7pixpi9@paytm,Uttarakhand,BOB,clean,individual,0
083265db87d7,h6ty35qg@okaxis,Karnataka,HDFC,clean,individual,0
6c73aaf31667,t7czlr28@axl,Telangana,Union,clean,individual,0
026a24432087,9ku5igow@icici,Maharashtra,ICICI,clean,individual,0
10ad2029601f,jyshbnej@axl,Haryana,PNB,clean,individual,0
07e475c9785b,1c9qid63@okaxis,Tamil Nadu,ICICI,clean,individual,0
78bc9c844cff,110swsde@ibl,Telangana,Union,clean,individual,0
3e895846e7b9,fswf38m4@icici,West Bengal,ICICI,clean,individual,0
25216e09a8ee,sy8kqfd7@upi,Haryana,HDFC,clean,individual,0
5a8375354caf,1p7w71ri@paytm,Gujarat,Canara,clean,individual,0
7abd1f78a52c,gbt8npn7@icici,Uttarakhand,ICICI,clean,merchant,0
177dccd63027,7rel37h7@ybl,Gujarat,BOB,clean,merchant,0
5a7fb59da110,5jfv5hsi@ibl,West Bengal,Axis,clean,merchant,0
2f18bd48098a,th61flwd@icici,Uttarakhand,PNB,clean,merchant,0
17933f65c31e,xlwr7r0y@icici,Tamil Nadu,PNB,clean,merchant,0
0009ce005883,t3olxxpz@icici,Delhi,BOB,clean,merchant,0
2bdbd3dbbf92,ff5pe4wc@okaxis,Kerala,Kotak,clean,merchant,0
310899883b86,0w0xrtun@ybl,Tamil Nadu,HDFC,clean,merchant,0
122d233e8578,e9irds2v@paytm,Uttarakhand,Axis,clean,merchant,0
3761fbfaa1a3,61qr0f7u@ibl,Maharashtra,Axis,clean,merchant,0
56c1585302e7,mygzq09k@paytm,Delhi,Kotak,clean,merchant,0
4598df9df9a3,alw2ejwe@icici,Karnataka,HDFC,clean,merchant,0
41cdb0afd496,zwx3ej5j@ibl,Haryana,BOB,clean,merchant,0
2e04949e978e,u7odvqpx@icici,Delhi,HDFC,clean,merchant,0
25081ed1f74a,pyaleky1@oksbi,Gujarat,PNB,clean,merchant,0
01a397e50b1e,q39jsb82@axl,Rajasthan,Union,clean,merchant,0
1ee9734098c3,f9np4arm@oksbi,Gujarat,SBI,clean,merchant,0
3a75c3bc5cc2,dkzxjw68@okaxis,Uttarakhand,Canara,clean,merchant,0
300dfa33f791,9d5t3ek7@axl,Telangana,ICICI,clean,merchant,0
65e6dd933cd5,vbzr8kgv@paytm,Uttar Pradesh,Kotak,clean,merchant,0
2792ed317365,js4v2n2z@paytm,Gujarat,Kotak,clean,merchant,0
3d6abe0fb07c,ifzp3rnj@oksbi,Delhi,Union,clean,merchant,0
663fc6255097,10renhzu@okaxis,Karnataka,SBI,clean,merchant,0
31309461d993,83thleqv@paytm,West Bengal,BOB,clean,merchant,0
7ddb352517ad,2qydmspb@axl,Tamil Nadu,HDFC,clean,merchant,0
5b5f8e2d7b18,0we2il5y@paytm,Kerala,Axis,clean,merchant,0
6fe6fbb29c2c,28ian2ls@upi,Uttar Pradesh,Axis,clean,merchant,0
054a749180a0,dxzoftk5@icici,West Bengal,SBI,clean,merchant,0
6b096101c447,37ie9o7l@oksbi,Bihar,ICICI,clean,merchant,0
10328f2391fa,px2ytugd@paytm,Karnataka,BOB,clean,merchant,0
5647058f2565,n9rg8kz1@ybl,Telangana,Canara,clean,merchant,0
17029afa54f8,x0ubaiho@icici,Uttar Pradesh,PNB,clean,merchant,0
4428322f2d01,aukygnk5@paytm,Karnataka,Canara,clean,merchant,0
03179ec3971a,xzcmmkpw@oksbi,Uttar Pradesh,BOB,clean,merchant,0
5445ceb486ab,na7gbn1h@okaxis,Rajasthan,ICICI,clean,merchant,0
495e3cbae8ef,hhxv4gr5@okaxis,West Bengal,Kotak,clean,merchant,0
2c34cf5a121f,gfjkejb0@ibl,Maharashtra,Kotak,clean,merchant,0
6faa972d0e90,1w8yilwd@oksbi,Maharashtra,HDFC,clean,merchant,0
5630b219b193,13c6hgdc@paytm,Tamil Nadu,PNB,clean,merchant,0
232b40b9ef11,hqiuwaws@ibl,Maharashtra,PNB,clean,merchant,0
40862d6e8fa5,kcplh59c@oksbi,Maharashtra,Canara,clean,merchant,0
00dfedd51f76,xdky0f03@axl,Kerala,HDFC,clean,merchant,0
4f2e574a1ee8,uckcyis4@axl,Telangana,ICICI,clean,merchant,0
1907d4961b81,ge6id4nh@apl,Rajasthan,Kotak,clean,merchant,0
4d08d225166e,6aft5ddq@apl,Kerala,BOB,clean,merchant,0
6aa1e992e926,6d9g8dyj@icici,Uttarakhand,Union,clean,merchant,0
4c14eff923d0,eds3a10w@ybl,Bihar,Canara,clean,merchant,0
6c8f25fcdb38,mysz2xcs@icici,Uttarakhand,Canara,clean,merchant,0
1fe53af02e6f,pi711ert@oksbi,Karnataka,HDFC,clean,merchant,0
04a6bc1adae7,3sy0lq0e@oksbi,Uttar Pradesh,Kotak,clean,merchant,0
3393b1c70b86,p2zu9pz4@icici,Haryana,SBI,clean,merchant,0
6827f36a3e77,flkx6686@upi,Kerala,Axis,clean,merchant,0
162d57498b44,v4xr6eci@okaxis,Haryana,PNB,clean,merchant,0
06068a153cd6,l3runodb@oksbi,Kerala,Axis,clean,merchant,0
56846438398c,4arnjiku@icici,Rajasthan,ICICI,clean,merchant,0
4b829b49aff5,01fgktmm@oksbi,Telangana,BOB,clean,merchant,0
40433c648c53,rco6sbix@oksbi,Bihar,PNB,clean,merchant,0
24a3a03cea1e,lu41wd7n@oksbi,Rajasthan,BOB,clean,merchant,0
53a30a5b50ac,5213wik1@apl,Tamil Nadu,SBI,clean,merchant,0
0040ba279621,tldh3ejz@upi,Telangana,HDFC,clean,merchant,0
3ebe72259a41,ms3512pc@axl,Delhi,Kotak,clean,merchant,0
0f0788254b7e,sq2ttvp0@apl,Uttarakhand,Canara,clean,merchant,0
3e0d8f793486,dvdfdfp5@axl,Gujarat,PNB,clean,merchant,0
037ac7ae9104,f1xpllnw@upi,Haryana,Canara,clean,merchant,0
0801034ac6b0,obyz36jp@icici,Tamil Nadu,SBI,clean,merchant,0
02d9ad1a63ed,ycv9r680@paytm,Haryana,BOB,clean,merchant,0
45ae8179afc7,d01qidgi@upi,Bihar,Axis,clean,merchant,0
6779988197be,38vrz00w@ibl,Karnataka,BOB,clean,merchant,0
161e1a15940d,ocrb9ryo@upi,Telangana,Union,clean,merchant,0
71f3888c8669,ju2ogj44@oksbi,Maharashtra,Union,clean,merchant,0
2448a638cbe5,saitlqcs@paytm,Haryana,Canara,clean,merchant,0
5e373a06ba76,vk7huc2b@icici,Rajasthan,BOB,clean,merchant,0
1ac41748d662,yifrb8qs@oksbi,Karnataka,HDFC,clean,merchant,0
647df99959c9,jyd545j2@icici,Maharashtra,Canara,clean,merchant,0
6ff4496fe3f9,ej7prw2h@upi,Telangana,SBI,clean,merchant,0
1d59393b6d9c,ghipg0jf@apl,Bihar,ICICI,clean,merchant,0
61ffdfcbb099,smmg0zlb@oksbi,Bihar,BOB,clean,merchant,0
1523b6e9b85f,qxfhgmlp@paytm,Karnataka,Axis,clean,merchant,0
0e3ecce8ee16,8g6k1ono@ybl,Delhi,HDFC,clean,merchant,0
1a55e5d8dd78,fzi4a9zv@ibl,Uttar Pradesh,PNB,clean,merchant,0
75655a1dfc57,ynx33mp6@upi,Karnataka,Axis,clean,merchant,0
18429d7bcc9a,ejtfj405@apl,Tamil Nadu,Canara,clean,merchant,0
2b2d252a682a,9k5rt7rk@icici,Karnataka,Kotak,clean,merchant,0
2d06db5c9dc3,jgysz05m@oksbi,Uttarakhand,HDFC,clean,merchant,0
09da545d67d2,k9zskxwf@paytm,Haryana,Axis,clean,merchant,0
3bb9ad5024ea,k9djpbj1@axl,Kerala,BOB,clean,merchant,0
4d8b2ce079b0,b1s5cp7b@paytm,Uttar Pradesh,Canara,clean,merchant,0
0435fe6d19e9,ri0lrz7u@apl,Kerala,BOB,clean,merchant,0
642fff226101,ls3r9l2w@ybl,Bihar,Union,clean,merchant,0
6e52df742cb9,bwoi79qz@ybl,Uttarakhand,Kotak,clean,merchant,0
3cd7c62915ff,0tmt3oci@apl,Uttar Pradesh,Kotak,clean,merchant,0
4d4428dbdcfd,1peyfuo7@okaxis,Tamil Nadu,ICICI,clean,merchant,0
22debcab71ba,79z1qmca@paytm,Maharashtra,SBI,clean,merchant,0
610a868f54fd,afney348@icici,Telangana,Axis,clean,merchant,0
443d7a26e7d1,ojerf4t3@oksbi,Rajasthan,SBI,clean,merchant,0
783873779a03,1w3g9oo0@upi,Haryana,PNB,clean,merchant,0
6530698b4ce8,3sa1qre8@axl,Telangana,Kotak,clean,merchant,0
2a7c546b78ed,l1g9rtlr@oksbi,Uttarakhand,HDFC,clean,merchant,0
6fc5e3bc3bb7,yj00oygo@axl,Karnataka,Canara,clean,merchant,0
243db63f9ed7,fmnalgru@okaxis,Tamil Nadu,Canara,clean,merchant,0
65f9c7b13902,7dtlqn50@paytm,Delhi,Kotak,clean,merchant,0
7f0f1add974b,m8wrdne7@upi,Rajasthan,PNB,clean,merchant,0
270bfd78b9ff,ab31yhfg@ibl,Kerala,BOB,clean,merchant,0
763b9fc346e5,hxxp5tnj@ybl,Kerala,Union,clean,merchant,0
1ebc38a626b7,we3b6ikq@apl,Kerala,ICICI,clean,merchant,0
428cd0a78d33,17kgz7km@apl,Kerala,ICICI,clean,merchant,0
21abaf5ed7ae,ky8st8t8@paytm,Maharashtra,ICICI,clean,merchant,0
3110bda8b6db,qmoka45c@ybl,Bihar,Axis,clean,merchant,0
0cb464226c91,n7ds04fr@upi,Uttarakhand,Canara,clean,merchant,0
4a063e7cd4ec,66k1qew0@oksbi,Rajasthan,PNB,clean,merchant,0
76f77f2dfd5b,nzxaydoc@icici,Uttarakhand,BOB,clean,merchant,0
604797b09ab3,0j0mcwxz@icici,Telangana,SBI,clean,merchant,0
41d3afcecce0,k84xloeg@ibl,Maharashtra,Union,clean,merchant,0
392695d74d29,ihwxr36r@paytm,Haryana,BOB,clean,merchant,0
4c6147bf0e88,z8641li1@icici,Tamil Nadu,Axis,clean,merchant,0
7f440977c3d1,ct36a75d@upi,Haryana,Kotak,clean,merchant,0
5b9b38bfb0c6,8585s6yh@paytm,Haryana,HDFC,clean,merchant,0
10beaead896c,itfeq6rw@ybl,Haryana,SBI,clean,merchant,0
63222974013b,lqd1ki1e@icici,Rajasthan,Union,clean,merchant,0
6e28e6e8f9fc,b91h0hu7@oksbi,Kerala,PNB,clean,merchant,0
20b8bc5dae8b,puuj39jg@upi,Kerala,HDFC,clean,merchant,0
2015afa94776,rpeg8frb@apl,Karnataka,ICICI,clean,merchant,0
7e5f16a69703,jpk8ci1s@okaxis,Uttarakhand,Kotak,clean,merchant,0
2285b5d7073e,tcglt05s@upi,Maharashtra,Kotak,clean,merchant,0
3b7a30dbeef8,05sqj87o@ibl,Uttar Pradesh,HDFC,clean,merchant,0
020851823723,9izqnvjs@ibl,Telangana,SBI,clean,merchant,0
2ee819414301,vqmjxzml@axl,Gujarat,Kotak,clean,merchant,0
15f36889ef35,je8ab1gz@upi,Haryana,ICICI,clean,merchant,0
6b549e16a897,bjm981e8@paytm,Uttarakhand,Kotak,clean,merchant,0
7a6b2b8cb31f,9vjzrejn@oksbi,Delhi,ICICI,clean,merchant,0
6703d742d6ac,6cd2ffx3@paytm,Kerala,ICICI,clean,merchant,0
13bc86968fb0,bqbflrlx@icici,Rajasthan,Union,clean,merchant,0
4b5427ec715c,b11rjwjq@upi,Kerala,Axis,clean,merchant,0
1b344cd039de,uvcanh3x@icici,Haryana,Canara,clean,merchant,0
2ee65b1368cf,q5curthq@ibl,Kerala,ICICI,clean,merchant,0
0fe161a19985,67xcst3p@oksbi,Uttar Pradesh,PNB,clean,merchant,0
676f16710faa,xngmhu1e@upi,Bihar,Canara,clean,merchant,0
7eabd7893f03,rzqei064@icici,Karnataka,PNB,clean,merchant,0
54cbbeabb1cb,psdcc67k@icici,Bihar,PNB,clean,merchant,0
37d95d77f09e,vuv3dl28@axl,Gujarat,HDFC,clean,merchant,0
457a914dfade,jgu5d0ov@axl,Bihar,SBI,clean,merchant,0
6ec1f9b95e54,owxrwifx@upi,Karnataka,Kotak,clean,merchant,0
7320c9b14bb0,di8rvhyu@axl,Bihar,SBI,clean,merchant,0
5d96a40f57a7,6t6z08fb@okaxis,Telangana,Axis,clean,merchant,0
211785bdc1c7,efnm8ob3@paytm,Bihar,Kotak,clean,merchant,0
2e6975831cc1,fnd05lwg@ibl,Uttarakhand,Kotak,clean,merchant,0
47e2f2d23f72,tk300meh@upi,Kerala,Axis,clean,merchant,0
20762a416f68,3w7n1izf@okaxis,Rajasthan,SBI,clean,merchant,0
5bdf06586cbd,7nqy9yy1@axl,Karnataka,Union,clean,merchant,0
581c298f755e,3wduilju@icici,Haryana,SBI,clean,merchant,0
5a177b626e8d,lre2ll2w@axl,Tamil Nadu,HDFC,clean,merchant,0
1453ecd8dabf,evdworie@ybl,Karnataka,Union,clean,merchant,0
026f28c72ff5,b33mfv57@okaxis,Maharashtra,Canara,clean,merchant,0
450167855198,s8lecdsv@upi,Karnataka,PNB,clean,merchant,0
12e6ad9f6714,zry5we30@axl,Rajasthan,Axis,clean,merchant,0
471001950b29,7ud2mxjh@ibl,Delhi,Kotak,clean,merchant,0
5ab7b1fc52d1,t4tvrhw8@paytm,Gujarat,Canara,clean,merchant,0
166765353282,lli7imh5@paytm,Uttarakhand,Kotak,clean,merchant,0
2072f6f27fa9,7vnrqfqr@oksbi,Tamil Nadu,Union,clean,merchant,0
1b7573a0e862,y2yedjsp@upi,Delhi,PNB,clean,merchant,0
4cc3e63de1cb,dwkgq9y9@axl,Bihar,BOB,clean,merchant,0
053f7243b550,dw34pwym@apl,Maharashtra,HDFC,clean,merchant,0
347cbab31ce5,i1is1d04@icici,Tamil Nadu,BOB,clean,merchant,0
33fe6c3a30ec,v6rc14qb@okaxis,West Bengal,Canara,clean,merchant,0
6b843aa9f26b,mphmllwi@paytm,Gujarat,Union,clean,merchant,0
40c546c34cdf,h3juuak6@apl,Karnataka,Canara,clean,merchant,0
15e5ed0bdc41,ipmygp0u@oksbi,Karnataka,Union,clean,merchant,0
68a772677b65,spv8u7gu@axl,Haryana,Union,clean,merchant,0
32b10cbcd6ad,gx1agfoi@paytm,Karnataka,SBI,clean,merchant,0
418ce9e8f5a7,aho449qc@upi,Maharashtra,HDFC,clean,merchant,0
403e2afdd065,ihtyyav6@paytm,Delhi,SBI,clean,merchant,0
588651f6b7e8,wraxl1n9@okaxis,Haryana,Canara,clean,merchant,0
27c4c547bc8c,kgea1o0m@ibl,Kerala,PNB,clean,merchant,0
78bc31d9ce0a,oari0dkd@paytm,Gujarat,BOB,clean,merchant,0
3dfe97a9ac03,33hkefnz@ibl,Rajasthan,HDFC,clean,merchant,0
503d91aeed34,k46vo247@paytm,Rajasthan,HDFC,clean,merchant,0
3995bf0dca50,uauv7ncs@icici,Haryana,Kotak,clean,merchant,0
4db32d7ba6ad,mm1ozd5f@apl,Haryana,Union,clean,merchant,0
6b94b735704c,ev42j4hw@ibl,Uttarakhand,SBI,clean,merchant,0
121df9c0abe0,en44lakz@okaxis,Bihar,ICICI,clean,merchant,0
10f93addf450,9x0gtchn@axl,Maharashtra,BOB,clean,merchant,0
3c9f0e7367c6,8oh0a110@oksbi,Kerala,SBI,clean,merchant,0
70cc0600e1fc,4u0kikk3@okaxis,Bihar,Union,clean,merchant,0
4fdbe863cf01,em3ench8@okaxis,Telangana,ICICI,clean,merchant,0
6b2b1c10f286,us6qwhdj@ibl,West Bengal,PNB,clean,merchant,0
138b09bfd583,ug66w22q@axl,Uttarakhand,ICICI,clean,merchant,0
1e74f8c6c986,osd7qgor@apl,Haryana,PNB,clean,merchant,0
458033f1b3f9,obbxhrv8@upi,Delhi,Axis,clean,merchant,0
78a7698db6f7,w6znc54y@oksbi,Bihar,Union,clean,merchant,0
4f11662a49ca,kfbj6m89@paytm,Rajasthan,SBI,clean,merchant,0
7ab4729c2ecd,2bqgdja6@icici,Bihar,ICICI,clean,merchant,0
67022b9498b7,4lt5nccb@axl,Haryana,Axis,clean,merchant,0
237276b5beb1,91pukjiq@apl,Maharashtra,HDFC,clean,merchant,0
07376175f783,1ajxnt0d@oksbi,Uttar Pradesh,Axis,clean,merchant,0
0ac5d7c6302e,breonf87@upi,Telangana,Canara,clean,merchant,0
753a043efcd3,kovzmxb3@apl,Delhi,Canara,clean,merchant,0
623513c72eba,42o50259@ibl,Haryana,BOB,clean,merchant,0
67b1dd1184d2,ft84ljgx@icici,Bihar,Kotak,clean,merchant,0
55595ba2b887,s0ag58cf@paytm,Kerala,ICICI,clean,merchant,0
6f9d88af5c70,g0w8njs5@paytm,Uttarakhand,HDFC,clean,merchant,0
463b1572c14a,7s6lyws8@ybl,Kerala,PNB,clean,merchant,0
70ca65c0ed4b,y3ntezay@paytm,Maharashtra,Canara,clean,merchant,0
3f605bf19cf6,k034hfmn@ybl,West Bengal,Axis,clean,merchant,0
1bea11020b6b,ie0eihxh@ibl,Kerala,SBI,clean,merchant,0
08537ab77091,hy8tupfw@icici,Delhi,PNB,clean,merchant,0
2fa8dc0ea1e2,xx203048@paytm,Telangana,Canara,clean,merchant,0
57f73161c11e,wlrzz88e@ibl,Telangana,SBI,clean,merchant,0
3a92bc0bfc14,394a12qy@apl,Kerala,Axis,clean,merchant,0
4c3f34413c2d,jspxe9ct@icici,Haryana,Axis,clean,merchant,0
7e73fdc2b5d1,ah1kv5kh@ybl,West Bengal,SBI,clean,merchant,0
3bfb36284cfb,wl92o4ks@ibl,Rajasthan,Axis,clean,merchant,0
2b2ccb788946,ajjjogom@okaxis,Uttar Pradesh,HDFC,clean,merchant,0
7e56dbef1e6a,r0n6onrb@oksbi,Gujarat,BOB,clean,merchant,0
6082d396005b,hz58pdyu@oksbi,West Bengal,BOB,clean,merchant,0
33748720ec77,r0jyyrbv@axl,Karnataka,Union,clean,merchant,0
1ebc9af728fd,77no3sbn@okaxis,Uttar Pradesh,Canara,clean,merchant,0
70747ea26a24,evyhtq24@paytm,Bihar,Kotak,clean,merchant,0
277c01b51f69,o7c4p6gf@ybl,Delhi,Canara,clean,merchant,0
2234d21545fa,e2ab2p3t@apl,Maharashtra,Union,clean,merchant,0
62b33828420f,po5rvqqd@ybl,Maharashtra,Kotak,clean,merchant,0
5bc6cd5e299b,9jwoqjzj@paytm,Bihar,Union,clean,business,0
0597a602eacc,6tz861c2@okaxis,Uttar Pradesh,SBI,clean,business,0
6db3120c594f,mh9u5ejw@okaxis,Telangana,Kotak,clean,business,0
2f58a28ecc25,9hu9i903@axl,Bihar,Union,clean,business,0
4faa1a659dd3,6j2bdk1o@ybl,Uttarakhand,PNB,clean,business,0
5c1a1371c2c3,nxuo5cbh@oksbi,Haryana,Kotak,clean,business,0
5a1cb8f29848,57oq850g@okaxis,Delhi,ICICI,clean,business,0
68df0c2d83a4,0krcateq@okaxis,Bihar,BOB,clean,business,0
14cfbaad028a,exesb39a@okaxis,Haryana,BOB,clean,business,0
1ad2fa7e523e,r5lguml7@paytm,Uttar Pradesh,Kotak,clean,business,0
2589d5a5884b,ajj38aas@oksbi,Kerala,Axis,clean,business,0
626a843da512,297f6ij8@okaxis,Kerala,ICICI,clean,business,0
3435ad5e1649,vt6hcpbn@axl,Maharashtra,BOB,clean,business,0
0edbba40d2d5,n8msamde@upi,Haryana,HDFC,clean,business,0
4ff570645bab,1h398sb0@okaxis,Delhi,SBI,clean,business,0
1d90be8edadf,9l17tz1j@icici,Tamil Nadu,ICICI,clean,business,0
0ed70dd88a4b,ikd5t9g8@ibl,Uttarakhand,Kotak,clean,business,0
7b4dd6d05e79,wku3pdn8@paytm,Bihar,SBI,clean,business,0
4be08a54a0aa,sw78sm00@oksbi,West Bengal,Kotak,clean,business,0
2ea4b563c49f,aqdljqmi@oksbi,Maharashtra,HDFC,clean,business,0
077285f03d54,wxszbg4i@apl,Uttar Pradesh,Kotak,clean,business,0
0a056bfbb375,e5vhvghz@icici,Delhi,Canara,clean,business,0
66a9d4781946,04lczt6o@icici,Telangana,Kotak,clean,business,0
011c22f5e2ff,o8q0l4rk@icici,Uttarakhand,Axis,clean,business,0
3185d4584b89,vjaq0rop@okaxis,Uttar Pradesh,BOB,clean,business,0
687b1f0d323a,lkxq495w@icici,Uttar Pradesh,Kotak,clean,business,0
434757f62d90,vyuhyuw7@upi,Maharashtra,ICICI,clean,business,0
3141c9f4f47a,431ao3r9@ybl,Karnataka,ICICI,clean,business,0
307839d0368d,alya62yf@ybl,Tamil Nadu,BOB,clean,business,0
00699d874b93,rl9o6r28@oksbi,Uttarakhand,Union,clean,business,0
3db9f65eb31e,0f7z1zsh@ibl,Delhi,Union,clean,business,0
2522a9b806f3,ap8ffael@ybl,Bihar,Union,clean,business,0
6ba54f41454d,5stlffg0@icici,Haryana,BOB,clean,business,0
0377f7a3179b,s796u4t7@oksbi,Uttar Pradesh,Axis,clean,business,0
50aca0977151,14jkn0ve@ibl,Karnataka,Kotak,clean,business,0
0a2171157fb8,zege8396@icici,Maharashtra,HDFC,clean,business,0
455abc5107d1,cu2q6exj@icici,Haryana,Kotak,clean,business,0
49f02cb1ac47,ktxsulew@axl,Maharashtra,BOB,clean,business,0
5442d60a16ba,ac1f3hj3@paytm,Tamil Nadu,SBI,clean,business,0
1d6778d283aa,gadzw4cq@ybl,Kerala,Union,clean,business,0
19040420daf9,vlcyl21s@upi,West Bengal,ICICI,clean,business,0
77812848a8af,fjitjgzu@ybl,Tamil Nadu,Canara,clean,business,0
232bf58ba2e0,uqexac8f@ybl,Gujarat,ICICI,clean,business,0
6dd9995c4da6,x2yaxj0f@apl,Telangana,HDFC,clean,business,0
4855122e2213,mpo5u0hw@ybl,Haryana,Axis,clean,business,0
4357f3f0529d,a8asaf4n@ibl,Tamil Nadu,Union,clean,business,0
34dbd25ae512,eizi2v83@axl,Uttarakhand,SBI,clean,business,0
2c9611caf434,34wyz3y1@axl,Gujarat,BOB,clean,business,0
5a41bbcb8798,4uai9t34@okaxis,West Bengal,BOB,clean,business,0
5bd25b3388f7,w7ujdwkz@axl,Haryana,Canara,clean,business,0
193d3d69ec00,wdr14krh@okaxis,Telangana,SBI,clean,business,0
1e00468db908,8xm7wm4v@ybl,Telangana,BOB,clean,business,0
00687139b43b,2mn08fjh@paytm,West Bengal,Axis,clean,business,0
1fe94bc1b521,kwts9ufq@icici,Uttarakhand,BOB,clean,business,0
29ae307070df,kuf9yof1@icici,Gujarat,Union,clean,business,0
59ca6c015372,h036tm8o@paytm,Kerala,HDFC,clean,business,0
5f925684b932,wp513wmb@axl,Maharashtra,BOB,clean,business,0
4f416f624cbf,8h9o6gnq@upi,Karnataka,BOB,clean,business,0
283616a75214,mwq2xcz3@axl,Uttar Pradesh,PNB,clean,business,0
6e3f38f8e991,g55drdhb@upi,Haryana,Union,clean,business,0
1953aa4c20ca,2cdkkxr1@ibl,Haryana,PNB,clean,business,0
336994ce9da6,tglwjs4q@oksbi,Tamil Nadu,Kotak,clean,business,0
7ee80e9e8eee,efergx22@apl,Kerala,HDFC,clean,business,0
5cad80b7da18,fltt5o3l@ybl,Delhi,Axis,clean,business,0
290582fb12ab,mczqd4p2@apl,West Bengal,Axis,clean,business,0
4f34889cd0eb,c1i6hjya@paytm,Kerala,ICICI,clean,business,0
370abbdaae3e,8lvrsa5a@icici,Rajasthan,Union,clean,business,0
2b05ada84e12,wx28s8lu@oksbi,Maharashtra,PNB,clean,business,0
44d6be547eb9,1um06db8@oksbi,Gujarat,PNB,clean,business,0
1bb2a55610d1,bhmm9885@paytm,Uttar Pradesh,Canara,clean,business,0
02e263835003,u0pceeeh@icici,Uttarakhand,Kotak,clean,supplier,0
38ab2886f1d9,gutrwbr8@icici,Gujarat,Kotak,clean,supplier,0
0eb9d62924f8,diwgghhs@okaxis,Delhi,ICICI,clean,supplier,0
49c57bcfe080,9awt19y9@paytm,Rajasthan,SBI,clean,supplier,0
52b8328e9bbd,yk1j5ad6@oksbi,Rajasthan,Kotak,clean,supplier,0
6f9892fa45bb,mp675vc6@axl,Gujarat,ICICI,clean,supplier,0
56811d5a8003,x5krurlo@axl,Haryana,ICICI,clean,supplier,0
570045fb041c,nqnwi84r@ibl,Delhi,PNB,clean,supplier,0
6213f5b772e5,pr09lvu3@icici,Delhi,Union,clean,supplier,0
753ee3437325,f3ffg4vv@upi,Gujarat,Union,clean,supplier,0
5eaf34f8bf65,hbku3d3x@upi,Tamil Nadu,BOB,clean,supplier,0
0d28b8ea15d5,vovigl4f@ybl,Rajasthan,Axis,clean,supplier,0
0ee1ee0f891b,0mregsrw@upi,Uttar Pradesh,PNB,clean,supplier,0
5599384dab14,la80lmay@upi,Haryana,ICICI,clean,supplier,0
7b96753defea,tlwinchg@apl,Bihar,HDFC,clean,supplier,0
24f2577d0866,lclwtmj9@paytm,West Bengal,BOB,clean,supplier,0
74b6116fce39,8ifudkpz@paytm,Uttarakhand,HDFC,clean,supplier,0
36a9f4ebceaa,errfwfkt@icici,Uttar Pradesh,SBI,clean,supplier,0
2becf9cefdf3,dllwdjum@okaxis,Telangana,SBI,clean,supplier,0
09851ef7fb77,63t5u0ry@ibl,Bihar,BOB,clean,supplier,0
123463c624f6,3n752id2@paytm,West Bengal,SBI,clean,supplier,0
73f781d18222,57bq6hoh@ibl,Karnataka,SBI,clean,supplier,0
0f8b44fe36a2,h2odixcp@paytm,Kerala,Kotak,clean,supplier,0
3868056250a3,0jrsp2ms@axl,Uttar Pradesh,ICICI,clean,supplier,0
37e0f4a7fe09,a3zqnv25@ibl,Tamil Nadu,Union,clean,supplier,0
51bcdee329f5,5x6wp5d8@ibl,Karnataka,SBI,clean,supplier,0
07cc3480e22b,knuk976s@ybl,Maharashtra,Kotak,clean,supplier,0
34e35671f90f,23sjy68g@upi,Maharashtra,Axis,clean,supplier,0
05d9a54b2dd6,843mx90i@oksbi,Kerala,Canara,clean,supplier,0
373757058730,d0licwnp@paytm,Rajasthan,HDFC,clean,supplier,0
308f7ded6372,e2b3b0zi@apl,West Bengal,PNB,clean,supplier,0
4b264f494e19,6vqtpx37@axl,Rajasthan,Axis,clean,supplier,0
1ba18ffccf39,k6piasf3@apl,Delhi,BOB,clean,supplier,0
20a89e3ee2ad,bwc9pysw@apl,Uttarakhand,SBI,clean,supplier,0
0085de09df67,1k0jdrri@paytm,West Bengal,Union,clean,supplier,0
44874fde3e74,bjy5yk4x@apl,Delhi,BOB,clean,supplier,0
26e4dd0c9207,gtdf2qtp@apl,Tamil Nadu,SBI,clean,supplier,0
37ada73cc551,2lmwipf9@upi,Delhi,Canara,clean,supplier,0
709e2999c129,6brjvua3@apl,Kerala,SBI,clean,supplier,0
023bb8b80de8,io5v9jfz@upi,Haryana,ICICI,clean,supplier,0
683ba1bf4da9,a65fn3uw@paytm,Tamil Nadu,Canara,clean,supplier,0
094d4086f305,v72x0sxp@icici,Delhi,Canara,clean,supplier,0
50e7223c3e0b,60kgxzo2@ibl,West Bengal,PNB,clean,supplier,0
5d4467a249fd,70wjgksj@paytm,Uttar Pradesh,Kotak,clean,supplier,0
307135cf8611,dpcqtf98@apl,Uttarakhand,PNB,clean,supplier,0
4554598bbb01,01nnpqqh@apl,West Bengal,BOB,l1_mule,individual,1
550143ca8dc5,q2xsvtqj@okaxis,Bihar,HDFC,l1_mule,individual,1
14e09977fbbd,ekwmnv0g@icici,Uttarakhand,Kotak,l1_mule,individual,1
5d516b31aabc,6gf0t7bm@paytm,West Bengal,ICICI,l1_mule,individual,1
4c5acef17e64,b93hx1l8@upi,Delhi,Canara,l1_mule,individual,1
1681f79864da,lgndknsk@icici,Delhi,Kotak,l1_mule,individual,1
4ec5fc88254f,2prnw6ud@paytm,Delhi,BOB,l1_mule,individual,1
21c8f1f830fe,085lnpmf@axl,Uttarakhand,ICICI,l1_mule,individual,1
776cc2628971,uj4whg0u@oksbi,Bihar,Union,l1_mule,individual,1
47e32a9e61a6,k5yyeway@ybl,Bihar,SBI,l1_mule,individual,1
4d8e6e0e49f5,03n6a2n4@oksbi,Jharkhand,PNB,l1_mule,individual,1
5092a35ae3d5,c9972puv@icici,Rajasthan,Axis,l1_mule,individual,1
6e156d8c8d39,wm8cuixu@apl,Haryana,SBI,l1_mule,individual,1
528d3edbc8fa,3wn68vr5@apl,Haryana,BOB,l1_mule,individual,1
1c30810f0b03,3by000we@icici,West Bengal,Kotak,l1_mule,individual,1
3a331406952b,krb99lhp@upi,Delhi,HDFC,l1_mule,individual,1
61827eac2497,79vrfb1a@upi,Jharkhand,Canara,l1_mule,individual,1
34e5e304541c,mkpd6urn@apl,Delhi,Axis,l1_mule,individual,1
40ac88e8145e,blt4bhdh@icici,Haryana,ICICI,l1_mule,individual,1
453cebb20d17,3i2sgko1@ibl,Jharkhand,SBI,l1_mule,individual,1
185f3baa5202,btr7w9yl@apl,Rajasthan,PNB,l1_mule,individual,1
2628e9d21d4f,co09m6ek@icici,Uttarakhand,PNB,l1_mule,individual,1
78b976a5268f,3ml539c2@ibl,West Bengal,BOB,l1_mule,individual,1
66cc57bfa5ae,vo5u1tie@icici,Bihar,PNB,l1_mule,individual,1
16f9d561e07c,jg018cv6@oksbi,Haryana,Union,l1_mule,individual,1
2bdc7bab4343,ysmsugi2@axl,Rajasthan,ICICI,l1_mule,individual,1
79d7f619fae6,os96lp23@axl,West Bengal,HDFC,l1_mule,individual,1
46d6c29629d6,3enm4szg@oksbi,Bihar,SBI,l1_mule,individual,1
3335bcb65542,z91p846m@icici,Bihar,Axis,l1_mule,individual,1
0d89b174472f,59czkup3@okaxis,Uttarakhand,Canara,l1_mule,individual,1
23db4ea3fc3e,4i3jhzyo@ybl,Haryana,SBI,l1_mule,individual,1
21a92abd080f,219pibqq@axl,West Bengal,Kotak,l1_mule,individual,1
497ce4df1e0f,31d7dzyw@apl,Jharkhand,SBI,l1_mule,individual,1
5744c1e429a7,eqc6gmva@axl,Haryana,BOB,l1_mule,individual,1
3e8aaaed7bb3,jrimqksg@icici,Delhi,Axis,l1_mule,individual,1
646679b8ba11,yw8dnm5v@okaxis,Uttarakhand,HDFC,l1_mule,individual,1
066028fdcbce,nuazkypy@oksbi,Rajasthan,ICICI,l2_mule,individual,1
27272e373556,o5gjzonc@ibl,West Bengal,Kotak,l2_mule,individual,1
79617e11a518,evkes36f@axl,Jharkhand,Axis,l2_mule,individual,1
01b181553b29,4fevgpjk@oksbi,Uttarakhand,HDFC,l2_mule,individual,1
325d16d547e6,rkcidzxy@okaxis,Rajasthan,Axis,l2_mule,individual,1
5552f77e3217,un6psiah@upi,Jharkhand,Union,l2_mule,individual,1
757f5cede817,9ijf296j@axl,Jharkhand,ICICI,l2_mule,individual,1
48993b50e3d7,mgao7a4v@apl,Bihar,ICICI,l2_mule,individual,1
204d10702cd1,t0lqgdpo@oksbi,Haryana,ICICI,l2_mule,individual,1
6f3b5945c08e,vq4rijrb@upi,West Bengal,BOB,l2_mule,individual,1
5bb5f41b1648,7oozc86t@oksbi,Bihar,ICICI,l2_mule,individual,1
4c88d70636c2,4zae4h9a@oksbi,Delhi,PNB,l2_mule,individual,1
6e48e8e35325,xz8wgvak@icici,Jharkhand,Axis,l2_mule,individual,1
5f93f1fa6785,f8u8ispt@axl,West Bengal,SBI,l2_mule,individual,1
760587bfc7a4,p8odig6t@okaxis,Bihar,BOB,l2_mule,individual,1
2665dae9005a,bxwaz0tc@ybl,Bihar,ICICI,l2_mule,individual,1
3057580a2e05,7b6yzu7v@upi,Uttarakhand,HDFC,l2_mule,individual,1
3f45c8a3b388,nzo2f88j@paytm,Delhi,PNB,l2_mule,individual,1
737e8c5d70fa,roaaufqp@upi,Delhi,HDFC,l2_mule,individual,1
034eb750085f,nouqq7ry@icici,Jharkhand,HDFC,l2_mule,individual,1
29c25a798a65,5g7ojnio@ybl,Bihar,Kotak,l2_mule,individual,1
4b5f01a8274f,ax30cns1@icici,Uttarakhand,HDFC,l2_mule,individual,1
4580a853e05e,08t1fy62@ibl,Bihar,BOB,l2_mule,individual,1
43975707d2a9,3pm4bjfv@icici,Jharkhand,PNB,l2_mule,individual,1
1e722c9ba073,jtgxk9o4@paytm,Delhi,BOB,l2_mule,individual,1
1aa374193df7,1hkk3c8q@ybl,West Bengal,BOB,l2_mule,individual,1
35184cc61c10,oep1aahc@ybl,Uttarakhand,SBI,l2_mule,individual,1
6c4e4cd6cad6,9fihjpsu@oksbi,Haryana,Kotak,l2_mule,individual,1
01041217d316,1rerdju6@oksbi,West Bengal,PNB,l2_mule,individual,1
20e902ae06d6,9zsg4sl0@axl,Jharkhand,PNB,l2_mule,individual,1
3efff106248a,7scuweck@axl,Jharkhand,Canara,l2_mule,individual,1
12471891e4a2,lyz2d9z6@icici,Uttarakhand,PNB,l2_mule,individual,1
757e0af36efe,fkqwunpx@axl,West Bengal,Canara,l2_mule,individual,1
5df0acb0c9c3,spcozee0@oksbi,Jharkhand,Union,l2_mule,individual,1
763c72da732b,6bidof4k@oksbi,Bihar,HDFC,l2_mule,individual,1
10b1b9ad2e1b,9zefzj6x@icici,Bihar,SBI,l2_mule,individual,1
2fb463a8b144,wuciqjvm@paytm,Jharkhand,Canara,l2_mule,individual,1
7b8985c100b6,idmk05on@ybl,Rajasthan,Axis,l2_mule,individual,1
51b5b269da0f,4ukxhlsq@oksbi,Uttarakhand,Canara,l2_mule,individual,1
57ad89036911,7fle3gle@apl,Haryana,ICICI,l2_mule,individual,1
2f3797736ab4,whpf1zt0@apl,Uttarakhand,Canara,l2_mule,individual,1
139d8747b915,06a0ctiw@oksbi,Haryana,PNB,l2_mule,individual,1
5c5a24baea00,k7o7avut@okaxis,Rajasthan,Canara,l2_mule,individual,1
413d04c7b19e,0jqhnfh0@axl,Delhi,Axis,l2_mule,individual,1
6ba819b96941,9i11ga0l@upi,Haryana,ICICI,l2_mule,individual,1
2dbdc554ae8f,3h9k5j78@paytm,Delhi,BOB,l2_mule,individual,1
702b0fc701ff,ap4zhg3t@okaxis,West Bengal,Union,l2_mule,individual,1
43cf78748cef,xhpgiugr@okaxis,Delhi,PNB,l2_mule,individual,1
66e8c7afc05b,09m3ruk7@icici,Haryana,SBI,l2_mule,individual,1
26c69d3a0376,bmip1hkv@apl,Uttarakhand,SBI,l2_mule,individual,1
1de75446f5a7,9wyppei0@apl,Delhi,HDFC,l2_mule,individual,1
18cf074e7ee2,ti2yck1s@okaxis,Rajasthan,ICICI,l2_mule,individual,1
43386891a481,rz5tvy4a@upi,Delhi,ICICI,l2_mule,individual,1
2929c54b5b86,u2pja0at@ybl,Uttarakhand,Union,l2_mule,individual,1
0e1386e0471e,ofhsz758@ibl,Rajasthan,Axis,l2_mule,individual,1
25660d32d172,yszvdwuw@icici,Haryana,BOB,l2_mule,individual,1
6efb30ad219c,9zq6d2q8@ybl,Bihar,Kotak,l2_mule,individual,1
3f7f5aa2852d,l9uuwio2@ybl,Jharkhand,PNB,l2_mule,individual,1
577b97e5cb67,unm9trks@ibl,Haryana,BOB,l2_mule,individual,1
3ad0675f58dc,w8mscqpd@ybl,Jharkhand,Union,l2_mule,individual,1
2a2641e3a110,kk690bh7@oksbi,Jharkhand,Union,l2_mule,individual,1
556b0ec9973d,v2enbccp@icici,Uttarakhand,ICICI,l2_mule,individual,1
4e26ca795b80,8pgv12j2@icici,Delhi,Axis,l2_mule,individual,1
5c92534e7ba2,bxh28zv0@apl,Bihar,SBI,l2_mule,individual,1
7918b9003592,1g9tu3o3@apl,Uttarakhand,Canara,l2_mule,individual,1
682034d9401f,y5kxd9hd@axl,Uttarakhand,Canara,l2_mule,individual,1
084f9c8db09c,4199kol4@upi,Rajasthan,Canara,l2_mule,individual,1
18d9d2799369,r2hpqh6r@upi,Rajasthan,Kotak,l2_mule,individual,1
72c7ac574116,h41ahueh@oksbi,Bihar,Kotak,l2_mule,individual,1
5f1af77e445f,2w01uf7x@upi,Uttarakhand,Union,l2_mule,individual,1
55429edaa662,sf58wddm@ibl,Rajasthan,Kotak,l2_mule,individual,1
30b1d988a756,gpnejx9d@ybl,Haryana,PNB,l2_mule,individual,1
35c16e5baefc,r57zw21e@paytm,Rajasthan,ICICI,l2_mule,individual,1
3a0331b07905,uafy1usf@axl,Delhi,HDFC,l2_mule,individual,1
08ae7345f790,evuyvr2b@ibl,Jharkhand,BOB,l2_mule,individual,1
4ef2b4f24382,tlm2w23m@okaxis,Uttarakhand,Union,l2_mule,individual,1
14dc270385e3,ct9em89m@paytm,Uttarakhand,PNB,l2_mule,individual,1
47fe7f9a6569,gx4f8n2f@axl,Delhi,Axis,l2_mule,individual,1
775587ee7a15,oi1vp1ak@apl,Bihar,Kotak,l2_mule,individual,1
667360bd7382,10qmkzw5@upi,West Bengal,Axis,l2_mule,individual,1
6d89b2e4b699,lvcid9kx@icici,Haryana,Canara,l2_mule,individual,1
068707b2d9bb,b2po5imc@axl,Uttarakhand,Canara,l2_mule,individual,1
00bd71b1a21f,738r0fg0@icici,West Bengal,BOB,l2_mule,individual,1
6bd0329e2fae,iza7abq3@icici,West Bengal,HDFC,l2_mule,individual,1
06dcf706f066,q4ixs44t@upi,Rajasthan,Union,l2_mule,individual,1
0d3f807e1483,jfq7htzd@ybl,Delhi,BOB,l2_mule,individual,1
54732015744d,ig1d8e5q@apl,Delhi,Kotak,l2_mule,individual,1
23f92f9a7d88,w1h32bki@apl,West Bengal,Axis,l2_mule,individual,1
2f8ebb3cd2cd,irkoaaqy@oksbi,Haryana,Kotak,l2_mule,individual,1
2ca9edfeb0d4,85i5bkvo@ibl,Jharkhand,PNB,l2_mule,individual,1
42247aa4d9f3,rr600gb6@axl,Rajasthan,ICICI,l2_mule,individual,1
5451cd626bc3,twhsdhiu@oksbi,Haryana,Canara,l2_mule,individual,1
137661577341,z782cgkm@upi,Delhi,HDFC,l2_mule,individual,1
6c28b8516cee,1o1pzldd@oksbi,Bihar,Union,l2_mule,individual,1
5b613436a629,mn0mhz0m@paytm,West Bengal,HDFC,l2_mule,individual,1
36546f9c01aa,p2pmc6gd@apl,Jharkhand,SBI,l2_mule,individual,1
14c9ccf14c5c,9l9n0e3l@paytm,Rajasthan,ICICI,l2_mule,individual,1
7d4a0863f20b,dc0n5722@oksbi,Delhi,SBI,l2_mule,individual,1
65908a5285ab,13yp6r4z@ybl,Bihar,HDFC,l2_mule,individual,1
585ae2bf19e3,c4zwotpj@okaxis,Uttarakhand,Union,l2_mule,individual,1
2646c2bef9c4,cp9l092q@okaxis,West Bengal,ICICI,l2_mule,individual,1
453b430ad50d,91efj14v@okaxis,Delhi,PNB,l2_mule,individual,1
22fd702f5144,7zm6b9e1@paytm,Haryana,BOB,l2_mule,individual,1
3b751307092d,h1whl773@ibl,Haryana,ICICI,l2_mule,individual,1
2e785d2ea91d,32i7npst@oksbi,Rajasthan,Union,l2_mule,individual,1
3383ba634ad9,p9pv6daj@axl,Uttarakhand,BOB,l2_mule,individual,1
1e8b2da3d356,2jj2obi7@oksbi,Bihar,Union,l2_mule,individual,1
12439344ae7a,3zxqok1o@oksbi,West Bengal,SBI,l2_mule,individual,1
19addc7fd940,rrbyh2v6@ybl,Uttarakhand,Canara,l2_mule,individual,1
